,0,1,2,3,4,5,6,7,8,9,10,11,12,13,14,15,16,17,18,19,20,21,22,23,24,25,26,27,28,29,30,31,32,33,34,35,36,37,38,39,40,41,42,43,44,45,46,47,48,49,50,51,52,53,54,55,56,57,58,59,60,61,62,63,64,65,66,67,68,69,70,71,72,73,74,75
gene_name,Npy,Deptor,Gm11549,Adarb2,Sst,Lamp5,Nrgn,Atp1a3,Ptprd,Slc17a7,Pcp4,Sparcl1,Neurod1,Crh,Reln,Ptn,Arpp19,Ctxn1,Fgfr3,Rprml,Pvalb,Adcy2,Sv2b,Nxph1,Id2,Cxcl14,Nfib,Slc6a1,Fezf2,Cnr1,Cacna2d3,Gad1,Kcnip4,Rorb,Arx,Slc32a1,Synpr,Nrn1,Btbd11,Ank1,Penk,Cck,Neurod6,Cryab,Pdgfra,Syt6,Ly6c2,Car4,Gad2,Dlx6,Lhx6,Vip,Itpka,Kcnmb2,Rab3b,Chrna2,Map3k7cl,Calb1,Caln1,Brinp3,Ly86,Igfbp6,Sncg,Kcnip1,Tesc,Dcn,Fa2h,Ndnf,Slc17a8,Dlx1,Chodl,Ankrd55,Rspo1,Th,Car3,Nxph4
215,0,5,31,8,0,0,1,0,0,0,0,11,0,0,0,8,0,1,0,0,0,0,0,0,1,2,2,2,0,0,0,0,0,0,0,0,0,0,0,0,0,1,0,0,0,0,0,0,0,0,0,0,0,0,0,0,1,0,0,0,0,0,0,0,0,0,0,0,0,0,0,0,0,1,0,0
244,0,4,13,8,0,0,0,0,1,0,0,3,0,0,0,0,0,1,1,0,0,0,0,0,1,1,0,2,0,0,0,0,0,0,0,0,0,0,0,0,0,0,1,0,0,0,0,0,0,0,0,0,0,0,0,0,0,0,0,0,0,0,0,0,0,0,0,0,0,0,0,0,0,0,0,0
279,14,1,15,6,0,8,0,7,0,0,0,4,0,0,0,0,1,1,0,1,0,0,0,1,1,0,2,17,0,1,0,4,0,1,0,3,0,0,1,0,0,0,0,1,0,0,0,0,0,1,0,0,0,0,1,0,0,0,2,0,0,0,0,0,0,0,0,3,0,0,0,0,0,0,0,0
280,0,0,14,3,0,0,0,0,0,0,0,1,0,0,0,1,0,0,1,0,0,0,0,0,0,0,0,0,0,0,0,0,0,0,0,0,0,0,0,0,0,0,0,0,0,0,0,0,0,0,0,0,0,0,0,0,0,0,0,0,0,0,0,0,0,1,0,0,0,0,0,0,0,0,0,0
303,0,5,21,18,0,10,21,8,2,2,0,2,3,0,2,1,4,9,0,0,0,0,7,0,2,0,0,1,0,0,0,0,0,0,0,0,0,4,0,1,0,3,0,0,0,0,0,0,0,0,0,0,2,0,0,0,0,0,0,1,0,0,0,0,2,0,0,0,0,0,0,0,0,0,0,0
304,0,2,6,4,0,4,8,3,0,3,0,1,0,0,0,2,0,4,1,2,0,0,1,0,0,0,1,0,0,0,0,0,0,0,0,0,0,0,0,0,0,0,0,0,0,0,0,0,0,0,0,0,0,0,0,0,0,0,0,0,0,0,0,0,1,0,0,0,0,0,0,0,0,0,0,0
333,0,0,0,0,0,6,5,3,0,2,0,1,0,0,0,0,0,0,0,1,0,0,0,0,0,0,0,0,0,0,0,0,0,0,0,0,1,0,1,0,0,0,0,0,0,0,0,0,0,0,0,0,0,0,0,0,0,1,0,0,0,0,0,0,1,0,0,0,0,0,0,0,0,0,0,0
335,0,1,19,5,0,1,0,2,0,0,1,9,0,0,0,8,0,0,1,0,0,0,0,0,1,0,0,4,0,0,0,0,0,1,0,0,0,0,0,0,0,0,0,1,1,0,1,0,0,0,0,0,0,0,0,0,0,0,0,0,0,1,0,0,0,0,0,0,0,0,0,0,0,0,0,0
393,0,3,11,6,0,3,4,1,2,2,0,8,0,0,0,3,0,0,1,1,0,0,1,0,0,0,0,0,0,0,0,0,0,0,0,0,0,0,0,0,0,0,1,0,1,0,0,0,0,0,0,0,2,0,0,0,0,0,1,0,0,0,0,0,0,0,0,0,0,0,0,0,0,0,0,0
394,0,0,15,11,0,0,0,1,0,0,0,7,0,0,0,0,0,0,0,0,0,0,0,0,2,0,1,0,0,0,0,0,1,0,0,0,1,0,0,0,0,0,0,1,0,0,0,0,0,0,0,0,0,0,0,0,0,0,0,0,0,0,0,0,0,0,0,0,0,0,0,0,0,0,0,0
424,0,0,8,2,0,2,3,3,2,1,0,1,0,0,0,1,1,3,0,1,0,1,0,0,1,0,0,0,0,0,0,0,0,0,0,1,1,0,0,0,0,5,0,2,0,0,0,0,0,0,0,0,1,0,0,0,0,0,1,0,0,0,0,0,0,0,0,0,0,0,0,0,0,0,0,0
452,0,13,23,19,0,13,24,20,1,6,0,7,0,0,0,10,2,7,1,1,0,0,9,0,2,0,0,0,0,2,0,1,2,0,0,0,0,10,0,0,0,11,0,0,0,0,0,0,0,0,0,0,3,0,0,0,0,1,0,0,0,1,0,0,0,0,0,0,0,0,0,0,0,0,0,0
453,0,4,13,9,0,2,10,3,2,3,0,6,0,0,0,5,1,0,0,1,0,0,3,2,1,0,0,0,0,0,2,2,0,0,0,0,0,3,0,0,0,2,0,0,0,0,0,0,0,0,0,0,2,0,0,0,0,0,0,1,0,0,0,1,0,0,0,0,0,0,0,0,0,0,0,0
454,0,5,5,2,0,4,14,3,0,1,0,2,1,0,0,0,1,5,0,0,0,0,2,0,0,0,0,0,0,0,0,0,0,0,0,0,0,1,0,0,0,1,0,0,0,0,0,0,1,0,0,0,1,0,0,0,0,0,0,0,0,0,0,0,0,0,0,0,0,0,0,0,0,0,0,0
480,0,1,5,6,0,4,12,2,1,4,0,4,1,0,0,0,1,3,0,0,0,0,3,0,2,0,0,2,2,0,0,0,0,0,0,0,0,3,0,0,0,5,1,0,0,0,0,0,0,0,0,0,2,0,0,0,1,0,0,0,0,0,0,0,1,0,0,0,0,0,0,0,0,0,0,0
481,3,1,4,0,0,0,7,8,0,0,0,2,0,0,2,4,0,1,0,0,0,0,2,0,1,2,0,3,0,0,0,1,0,0,0,1,0,0,0,0,0,3,0,1,1,0,0,0,0,0,0,0,0,0,0,0,1,0,0,0,0,0,2,0,0,0,0,0,0,0,1,0,0,0,0,0
483,0,5,9,1,0,0,2,0,0,0,0,4,0,0,0,7,0,0,0,0,0,0,0,0,0,0,2,1,1,0,0,0,0,1,0,0,0,0,0,0,0,0,0,0,0,0,0,0,0,0,0,0,0,0,0,0,2,0,0,0,0,0,0,0,0,0,0,0,0,0,0,0,0,0,0,0
510,0,7,33,16,0,11,18,16,1,9,0,6,0,0,1,3,0,11,0,1,0,0,10,0,2,0,0,2,0,1,1,0,1,0,0,0,0,4,0,0,1,8,1,0,0,0,0,1,0,0,0,0,6,0,0,0,0,1,5,0,0,1,0,0,0,0,0,0,0,0,0,0,0,0,0,0
511,0,2,19,14,0,2,3,3,2,0,0,0,0,0,0,1,0,4,1,0,0,0,0,0,0,0,0,0,0,0,0,0,1,0,0,0,0,0,0,0,0,1,0,0,1,0,0,0,1,0,0,0,0,0,0,0,0,0,0,0,0,0,0,0,0,0,0,0,0,0,0,0,0,0,0,0
512,0,1,2,6,0,2,4,3,0,2,0,0,0,0,1,3,1,1,0,0,0,0,4,0,0,0,0,0,0,0,1,0,0,0,0,0,0,0,0,0,0,1,0,0,0,0,0,0,1,0,0,0,0,0,0,0,0,0,1,0,0,0,0,0,0,0,0,0,0,0,0,0,0,0,0,0
513,0,4,2,6,0,7,3,1,1,1,0,0,0,0,0,0,1,1,0,1,0,0,1,0,0,0,0,1,0,0,0,0,0,0,0,0,0,0,0,0,0,7,0,0,0,1,0,2,0,0,0,0,1,0,0,0,1,0,0,0,0,0,0,0,0,0,0,0,0,0,0,0,0,0,1,0
514,0,4,14,4,0,0,8,6,2,1,0,2,1,0,0,2,0,2,0,0,0,0,1,0,0,1,0,1,0,0,0,0,1,0,0,0,0,0,0,0,0,2,0,0,0,0,0,0,0,0,0,0,0,0,0,0,0,0,1,0,0,0,0,0,0,0,0,0,0,0,0,0,0,0,0,0
515,0,0,22,5,0,0,3,2,2,0,0,0,0,1,0,6,0,1,0,0,0,0,0,0,0,0,0,0,0,0,0,0,0,0,0,0,0,0,0,0,0,0,1,0,0,0,0,0,0,0,0,0,0,0,0,0,0,0,0,0,0,0,1,0,0,0,0,0,0,0,0,0,0,0,0,0
517,0,8,19,13,0,0,0,0,1,0,0,4,0,0,0,2,1,0,1,1,0,0,0,0,0,0,0,3,0,0,0,1,0,0,0,0,0,0,0,0,0,0,0,0,0,0,0,0,0,0,0,0,0,0,0,0,0,0,0,0,0,0,0,0,0,0,0,2,0,0,0,0,0,0,0,0
550,0,1,18,8,0,2,7,12,0,4,0,4,0,0,1,1,1,2,0,1,0,0,1,0,0,0,0,0,0,0,0,0,0,0,0,0,0,2,0,0,0,1,0,0,0,0,0,0,0,0,0,0,1,0,0,0,0,0,1,0,0,0,0,0,0,0,0,0,0,0,0,0,0,0,0,0
551,0,8,31,12,0,8,21,10,2,4,0,7,1,0,0,10,1,7,0,0,0,1,9,0,0,1,1,0,0,1,1,1,0,0,0,0,0,2,0,0,0,9,1,0,7,0,0,0,0,0,1,0,2,0,0,0,1,0,1,0,0,0,0,0,0,0,0,0,0,0,0,0,0,0,0,0
552,1,4,16,12,0,3,10,3,2,1,0,9,0,0,1,1,1,2,0,0,0,0,2,0,1,0,1,0,0,0,0,0,0,0,0,0,0,1,0,0,0,0,0,1,0,0,0,1,0,0,0,0,2,0,0,0,0,0,0,0,0,0,0,0,0,0,0,0,0,0,0,0,0,0,0,0
553,0,5,21,12,0,5,5,4,2,2,0,2,0,0,0,4,1,2,1,1,0,0,0,0,0,0,0,0,0,0,0,0,2,0,0,1,0,1,0,0,0,1,0,0,0,0,0,0,0,0,0,0,0,0,0,0,0,0,0,0,0,0,0,0,0,0,0,0,0,0,0,0,1,0,0,0
582,0,1,5,8,0,2,3,1,0,1,0,2,0,0,0,0,0,1,0,0,0,0,3,0,0,0,0,0,0,0,0,0,1,0,0,0,0,1,0,0,0,0,1,0,0,0,0,0,0,0,0,0,2,0,0,0,0,0,0,0,0,0,0,0,0,0,0,0,0,0,0,0,0,0,0,0
583,0,6,15,13,0,1,7,9,0,6,1,4,0,0,0,2,1,2,0,3,0,0,2,1,0,0,0,0,0,0,0,0,0,0,0,0,0,4,0,0,0,3,0,0,0,0,0,0,0,0,0,1,2,0,0,0,0,0,0,0,0,0,0,0,0,0,0,0,0,0,0,0,0,0,0,0
605,0,3,2,0,0,7,11,2,1,1,0,0,0,0,0,7,1,3,0,0,0,0,0,0,1,0,0,0,0,1,0,0,0,0,0,0,0,3,0,0,0,0,0,0,0,0,0,0,0,0,0,0,0,0,0,0,0,0,0,0,0,0,0,0,0,0,0,0,0,0,0,0,0,0,0,0
606,0,3,9,12,0,1,2,0,0,1,0,0,0,0,0,1,1,4,0,0,0,1,2,0,1,0,0,0,0,0,0,0,0,0,0,0,0,0,2,0,1,1,1,0,0,0,0,0,0,0,0,0,0,0,0,0,0,0,0,1,0,0,0,0,0,0,0,0,0,0,1,0,0,0,0,0
607,0,6,40,26,0,9,8,18,3,2,0,5,0,0,0,3,4,8,0,2,1,1,4,0,1,0,2,1,0,0,0,2,1,0,0,0,0,4,0,0,0,6,0,0,0,0,0,0,0,0,0,0,4,0,0,0,0,2,2,0,0,1,0,0,1,0,0,0,0,0,0,0,0,0,0,0
608,0,1,10,5,0,4,3,1,0,0,0,0,0,1,0,2,2,4,0,1,0,0,0,0,0,1,0,0,0,0,0,1,0,0,0,0,0,1,0,0,1,0,0,0,0,0,0,0,0,0,0,0,0,0,0,0,0,0,0,0,0,0,0,0,1,0,0,0,0,0,0,0,0,0,0,0
609,0,0,4,0,0,3,4,3,0,1,0,1,0,0,0,1,1,1,0,0,0,0,1,1,1,0,0,1,0,0,0,0,0,0,0,0,0,2,0,0,0,0,0,0,0,0,0,0,0,0,0,0,0,0,0,0,0,0,0,0,0,0,0,0,0,0,0,0,0,0,0,0,0,0,0,0
610,0,2,9,9,0,7,17,6,2,11,0,2,1,0,0,3,0,7,0,0,0,1,6,0,2,1,0,0,0,0,1,0,0,0,0,0,0,2,0,1,0,9,1,0,0,0,0,0,0,0,0,0,1,0,0,0,0,2,1,0,0,0,0,0,0,0,0,0,0,0,0,0,0,0,0,0
611,0,0,7,3,0,1,2,2,0,0,0,0,0,0,0,0,0,1,0,0,0,0,3,0,0,1,0,0,0,0,0,0,0,0,0,0,0,0,1,0,0,0,0,0,0,0,0,0,0,0,0,0,0,0,0,0,0,0,0,0,0,0,0,0,0,0,0,0,0,0,0,0,0,0,0,0
612,0,5,28,10,0,0,1,0,0,0,0,4,0,0,0,2,0,0,0,0,0,0,0,0,1,0,0,1,0,0,0,0,0,0,0,0,0,0,0,0,0,0,0,0,0,0,0,0,0,0,0,0,0,0,0,0,0,0,0,0,0,0,0,1,0,0,0,0,0,0,0,0,0,0,0,0
637,0,0,2,4,0,2,1,1,0,0,0,3,0,0,0,0,0,0,0,0,0,1,1,0,0,0,0,0,0,0,0,0,0,0,0,0,0,0,0,1,0,6,0,0,0,0,0,0,0,0,0,0,1,0,0,0,0,0,0,0,0,0,0,0,0,0,0,0,0,0,0,0,0,1,0,0
638,0,1,1,0,0,2,6,0,1,3,0,0,0,0,0,0,2,2,0,0,0,2,3,0,0,0,0,0,0,0,0,1,1,0,0,0,0,1,0,0,0,0,0,0,0,0,0,0,0,0,0,0,2,0,0,0,0,0,0,0,0,0,0,0,0,0,0,0,0,0,0,0,0,0,0,0
639,0,0,2,0,0,3,10,1,0,1,0,1,0,0,0,0,0,0,0,0,0,0,1,0,0,0,0,0,0,0,0,0,0,0,0,0,0,1,0,0,0,2,0,0,0,0,0,0,0,0,0,0,0,0,0,0,0,0,0,0,0,0,0,0,0,0,0,0,0,0,0,0,0,0,0,0
640,0,2,5,9,0,2,4,10,2,3,0,3,0,0,0,0,0,0,0,0,0,1,2,0,0,0,0,0,0,0,0,0,1,0,0,0,0,2,0,0,0,2,0,0,0,0,0,0,0,0,0,0,0,0,0,0,0,0,1,0,0,0,0,0,0,0,0,0,0,0,0,0,0,0,0,0
641,0,0,6,3,0,0,4,0,1,5,0,2,0,0,0,1,1,0,0,0,0,0,3,0,0,0,0,0,0,0,0,0,0,0,0,0,0,0,0,0,0,1,0,0,0,0,0,0,2,0,0,0,2,0,0,0,0,0,0,0,0,0,0,0,0,0,0,0,0,0,0,0,0,0,0,0
642,0,2,28,13,0,11,20,9,2,6,0,1,0,0,0,2,4,3,0,0,0,2,3,0,1,0,1,2,0,0,1,0,1,0,0,0,2,3,0,2,0,5,2,0,0,0,0,0,0,0,0,2,3,0,0,0,0,1,1,0,0,0,0,0,0,0,0,0,0,0,0,0,0,0,0,0
643,1,2,10,3,0,1,6,3,0,4,0,0,0,0,0,0,0,4,0,0,0,1,6,0,0,0,0,0,0,0,2,0,0,0,0,0,0,1,1,0,0,6,0,0,0,0,0,0,0,0,0,0,0,0,0,0,0,0,0,0,0,1,0,0,0,0,0,0,0,1,0,0,0,0,0,0
644,1,11,21,13,0,4,17,11,0,4,0,3,0,0,0,3,2,11,0,2,0,1,4,0,3,1,1,0,0,0,0,0,0,0,0,0,1,0,0,0,1,3,0,0,0,0,0,0,0,0,0,1,1,0,0,0,0,1,0,0,0,1,0,0,0,0,0,0,0,0,0,0,0,0,0,0
645,0,7,12,8,0,7,2,7,3,1,0,3,0,0,0,0,1,6,0,0,0,0,0,0,1,0,1,0,0,0,0,0,0,0,0,0,0,1,0,0,0,2,0,0,0,0,0,0,0,0,0,0,1,0,0,0,0,1,0,1,0,0,0,0,0,0,0,0,0,0,0,0,0,0,0,0
679,0,4,22,15,0,5,16,4,1,1,0,3,0,0,0,0,1,14,0,0,0,0,3,0,0,1,0,0,0,4,0,0,0,1,0,0,0,4,0,1,0,1,0,0,0,0,0,0,0,0,0,0,1,0,0,0,0,0,0,0,0,0,0,0,0,0,0,0,0,0,0,0,1,0,0,0
680,0,1,3,2,0,3,14,3,0,0,0,0,0,0,0,0,1,0,0,0,0,0,0,0,0,1,0,0,0,0,0,0,0,0,0,0,0,1,0,0,0,2,0,0,0,0,0,1,0,0,0,0,0,0,0,0,0,0,0,0,0,0,0,0,0,0,0,0,0,0,0,0,0,0,0,0
681,0,0,5,3,1,0,3,9,1,4,0,0,0,0,1,0,2,2,0,0,0,0,0,0,0,0,0,0,0,1,0,0,0,0,0,0,0,2,0,0,1,2,0,0,0,0,0,0,0,0,1,0,0,0,0,0,0,0,0,0,0,1,0,0,0,0,0,0,0,0,0,0,0,0,0,0
682,0,1,4,0,0,5,8,2,0,0,0,0,0,0,0,1,2,1,0,0,0,0,0,0,0,0,1,1,0,0,0,1,0,0,0,0,0,1,0,0,1,2,0,0,1,0,0,0,0,0,0,0,2,0,0,0,0,0,1,0,0,0,0,0,0,0,0,0,0,0,0,0,0,0,0,0
683,0,2,23,13,0,2,5,2,0,0,0,3,0,0,0,1,1,1,0,1,0,0,3,0,3,1,0,1,0,0,0,0,0,1,0,0,0,0,0,0,0,1,0,0,3,0,0,0,0,0,0,0,0,0,0,0,0,0,0,0,0,0,0,0,0,0,0,0,0,0,0,0,0,0,0,0
684,0,5,9,4,0,0,5,7,2,2,0,5,0,0,0,0,0,0,0,0,0,0,0,0,0,0,1,1,0,0,0,0,0,0,0,0,0,1,0,0,0,0,0,0,0,0,0,0,0,0,0,0,1,0,0,0,0,0,0,0,0,0,0,0,0,0,0,0,0,0,0,0,0,0,0,0
685,0,5,15,11,0,3,15,5,1,2,0,0,0,0,0,3,1,1,0,0,0,0,1,0,1,0,0,0,0,0,1,1,0,0,0,0,0,1,0,0,0,3,0,0,0,0,0,0,0,0,0,2,1,0,0,0,0,2,1,0,0,0,0,0,0,0,0,0,0,0,0,0,0,0,0,0
686,0,6,17,12,0,0,1,0,1,0,0,1,0,0,0,0,0,1,0,0,0,0,1,0,0,0,1,0,0,1,0,1,1,0,0,1,2,0,0,0,0,1,0,0,0,0,0,0,1,0,0,1,0,0,0,0,0,0,0,0,0,0,0,0,0,0,0,0,0,0,0,0,0,0,0,0
687,1,7,18,10,0,18,12,9,2,5,0,2,0,1,0,2,0,2,0,1,0,1,8,0,0,0,0,0,0,0,3,0,2,0,0,0,0,1,1,0,3,4,0,0,0,0,0,1,0,0,0,1,2,0,0,0,0,1,0,0,0,0,0,0,0,0,0,0,0,0,0,0,0,0,0,0
688,0,2,19,7,0,3,7,1,1,3,0,1,0,0,0,0,1,4,0,0,0,0,3,0,1,1,0,0,0,0,2,0,0,0,0,0,1,0,1,0,0,1,0,0,0,0,0,0,0,0,0,0,3,0,0,1,0,1,0,0,0,0,0,0,0,0,0,0,0,0,0,0,0,0,0,0
689,0,1,20,15,0,0,2,2,0,1,0,5,0,0,0,0,2,0,1,0,0,0,1,0,0,0,1,0,0,0,0,0,2,0,0,0,0,2,0,0,0,1,0,0,0,0,0,0,0,0,0,0,1,0,0,0,0,0,0,0,0,0,0,0,0,0,0,0,0,0,0,0,0,0,0,0
712,1,8,24,20,0,5,9,9,3,0,0,3,0,0,0,4,4,5,0,1,0,0,3,0,0,0,1,1,0,2,0,0,1,0,0,0,0,1,0,0,0,5,1,0,0,0,0,0,1,0,0,0,0,0,0,0,0,0,0,0,0,0,0,0,0,0,0,0,0,0,0,0,0,0,0,0
713,0,1,11,3,0,5,12,0,1,0,0,1,1,0,0,0,0,0,0,0,0,0,0,0,0,0,1,1,0,0,1,0,0,0,0,1,0,1,0,0,0,1,0,0,0,0,0,0,0,0,0,0,3,0,0,0,0,0,0,1,0,1,0,0,0,0,0,0,0,0,0,0,0,0,0,0
714,0,11,22,13,0,5,14,12,5,2,0,7,0,1,0,3,2,1,0,0,0,0,0,0,2,0,0,1,0,3,2,1,0,0,1,0,0,1,1,0,0,4,0,0,0,0,0,0,0,0,0,0,3,0,0,0,0,1,0,0,0,2,0,0,1,0,0,0,0,0,1,0,0,0,0,0
715,0,3,18,5,0,4,10,7,1,1,0,2,0,0,0,2,3,5,0,1,0,0,1,0,2,0,0,1,0,0,0,0,0,0,0,0,0,3,0,0,1,1,0,0,0,0,1,1,0,0,0,0,1,0,0,0,0,0,1,0,0,0,0,0,1,0,0,0,0,0,1,0,0,0,0,0
744,0,1,12,3,0,0,13,2,1,1,0,7,0,0,0,1,4,2,1,0,0,1,3,0,0,0,0,0,0,0,0,4,0,0,0,0,0,1,0,0,0,3,0,0,0,0,0,0,0,0,0,0,0,0,0,0,0,0,0,0,0,0,0,0,0,0,0,0,0,0,0,0,0,0,0,0
745,0,3,11,4,0,2,7,2,0,1,0,1,0,0,0,1,1,0,0,0,0,0,1,0,1,0,0,0,0,0,0,1,0,0,0,0,0,1,1,0,0,3,0,0,0,0,0,0,0,0,0,0,0,0,0,0,0,0,0,0,0,0,0,0,1,0,0,0,0,0,0,0,0,0,0,0
746,0,5,26,10,0,11,11,3,0,6,0,4,0,0,0,5,1,1,1,2,0,0,4,0,1,1,1,0,0,0,1,0,3,0,0,0,0,0,0,0,0,3,0,0,0,0,1,1,0,0,0,0,5,0,0,0,0,0,0,0,0,0,0,0,0,0,0,0,0,0,0,0,0,0,0,0
747,0,1,3,1,0,1,0,3,0,3,0,0,0,0,0,1,0,1,0,1,0,0,4,0,0,0,1,0,0,0,0,0,0,0,0,0,0,1,0,0,0,2,0,1,0,0,0,0,0,0,0,0,4,0,0,0,0,0,0,1,0,0,0,0,0,0,0,0,0,0,0,0,0,0,0,0
748,0,0,0,0,0,2,6,5,0,6,0,3,0,0,0,0,0,3,0,0,0,0,5,0,0,0,1,0,0,0,0,0,0,0,0,0,0,0,0,0,0,0,0,0,0,0,0,0,0,0,0,0,1,0,0,0,0,0,2,0,0,0,0,0,0,0,0,0,0,0,0,0,0,0,0,0
749,0,2,6,1,0,1,5,3,0,2,0,2,0,0,0,0,0,3,0,0,0,0,2,0,0,0,0,0,0,0,0,0,0,0,0,0,0,0,0,0,0,1,0,0,0,0,0,0,0,0,0,0,0,0,0,0,0,0,0,0,0,0,0,0,0,0,0,0,0,0,0,0,0,0,0,0
752,1,5,20,10,0,4,1,0,0,0,0,1,0,0,2,2,0,0,1,1,0,0,0,0,2,0,2,1,0,1,0,2,0,0,0,0,0,0,0,0,0,0,0,2,0,0,0,0,0,0,0,0,0,0,0,0,0,0,0,0,0,0,0,0,0,0,0,0,0,0,0,0,0,0,0,0
753,0,0,2,0,0,1,0,5,0,0,0,0,0,0,2,1,0,0,0,0,0,0,0,0,0,0,0,5,0,1,0,3,0,0,0,0,0,0,1,0,0,0,1,0,1,0,0,0,0,0,0,0,0,0,0,0,0,0,0,0,0,0,0,0,0,0,0,3,0,0,0,0,0,0,0,0
782,0,2,1,0,0,0,7,3,0,0,0,1,0,0,0,1,0,2,0,0,0,0,6,0,0,0,0,0,0,0,2,0,0,0,0,0,0,0,0,0,0,2,0,0,0,0,0,0,0,0,0,0,2,0,0,0,0,0,0,0,0,1,0,0,0,0,0,0,0,0,0,0,0,0,0,0
783,0,5,9,1,0,4,12,3,0,4,0,1,0,0,0,4,0,5,0,0,0,2,2,1,0,0,0,0,0,1,0,0,0,0,2,0,0,1,0,0,0,8,2,0,0,0,0,0,0,0,0,0,1,0,0,0,0,0,0,0,0,0,0,0,1,0,0,0,0,0,0,0,0,0,0,0
784,0,7,42,21,0,10,18,8,1,2,0,6,1,0,0,11,1,1,2,0,0,0,5,0,0,1,1,3,1,0,0,0,0,0,0,0,0,1,0,0,0,2,1,0,0,0,0,0,0,0,0,0,4,0,0,0,0,0,0,0,0,1,0,0,0,0,0,0,0,0,0,0,0,0,0,0
785,0,0,2,3,0,0,5,3,0,1,0,4,0,0,0,2,0,1,0,0,0,0,1,0,0,1,0,2,0,0,0,0,1,0,0,0,1,2,0,0,0,4,0,0,0,0,0,0,0,0,0,0,0,0,0,0,0,1,1,0,0,0,0,0,0,0,0,0,0,0,0,0,0,0,0,0
815,0,6,25,25,0,8,22,6,0,6,0,4,0,0,0,3,2,3,0,0,0,0,7,0,1,0,0,0,0,0,1,0,1,0,0,0,0,2,0,0,1,4,0,0,0,0,0,0,0,0,0,0,1,0,0,0,1,1,0,0,0,1,0,0,0,0,0,0,0,0,0,0,0,0,0,0
816,0,7,30,25,0,10,28,4,3,5,0,8,0,0,2,2,3,6,3,2,0,0,4,0,0,1,4,0,0,0,0,1,1,1,0,0,0,1,1,0,0,6,1,0,0,0,0,0,0,0,0,0,2,0,0,0,0,0,2,0,0,0,0,0,1,0,0,0,0,0,0,0,0,0,0,0
817,0,4,11,4,0,4,14,4,0,0,0,3,0,0,0,3,1,5,1,0,0,1,2,0,1,0,0,1,0,0,0,0,0,0,0,0,2,0,1,0,0,4,0,0,0,0,0,0,1,0,0,0,3,0,0,0,0,1,1,0,0,0,0,0,0,0,0,0,0,0,0,0,0,0,0,0
818,0,4,18,14,0,5,2,4,0,0,0,0,0,0,0,3,1,1,0,0,0,0,2,0,1,1,0,0,0,0,0,0,0,0,0,0,0,2,0,0,0,1,0,0,0,0,0,0,0,0,0,0,0,0,0,0,0,0,0,0,0,0,0,0,0,0,0,0,0,0,0,0,0,0,0,0
820,0,2,15,5,0,6,10,5,0,0,0,4,0,0,0,5,0,6,0,0,0,0,4,0,0,0,0,0,0,1,1,1,1,0,0,0,0,1,1,0,0,1,1,0,0,0,0,0,0,0,0,0,1,0,0,0,0,0,0,2,0,0,0,0,0,0,0,0,0,0,0,0,0,0,0,0
823,0,4,18,13,0,0,0,1,0,0,0,2,0,0,0,5,0,0,0,0,0,0,0,0,0,1,0,2,0,0,0,0,0,0,0,0,0,0,0,0,0,0,0,0,0,0,0,0,0,0,0,1,0,0,0,0,0,0,0,0,0,0,0,0,0,1,0,0,0,0,0,0,0,0,0,0
824,0,3,9,7,0,0,0,0,0,0,0,6,0,0,0,2,0,0,0,0,0,0,0,0,0,0,0,0,0,0,0,0,0,0,0,0,0,0,0,0,0,0,0,0,0,0,0,0,0,0,0,0,0,0,0,0,0,0,0,0,0,0,0,0,0,0,0,0,0,0,0,0,0,0,0,0
849,0,7,30,16,0,6,24,10,1,1,0,9,2,0,0,1,1,2,0,0,0,0,4,0,1,2,0,0,0,0,2,1,0,0,0,0,0,2,0,0,0,3,1,0,0,0,0,0,0,0,0,0,0,0,0,0,0,0,0,0,0,0,0,0,0,0,0,0,0,0,0,0,0,0,0,0
850,0,4,7,12,0,4,5,3,2,0,0,1,0,0,0,0,2,0,0,0,0,0,0,0,2,0,1,0,0,0,0,0,0,0,0,0,0,0,0,0,0,6,0,0,0,0,0,0,0,0,0,0,2,0,0,0,0,0,0,0,0,0,0,0,1,0,0,0,0,0,0,0,0,0,0,0
851,0,0,4,0,0,0,14,1,0,0,0,0,0,0,0,1,1,0,0,0,0,0,0,0,1,0,0,0,0,0,0,0,0,0,0,0,0,0,0,0,0,3,0,0,0,0,0,0,0,0,0,0,1,1,0,0,0,0,0,1,0,0,0,0,0,0,0,0,0,0,0,0,0,0,0,0
852,0,0,0,0,0,0,13,6,0,0,0,3,0,0,0,2,0,0,0,0,0,0,2,0,0,0,0,0,0,0,0,0,0,0,0,0,0,1,0,0,0,1,0,0,0,0,0,0,0,0,0,0,1,0,0,0,0,0,0,0,0,1,0,0,0,0,0,0,0,0,0,0,0,0,0,0
854,0,8,34,18,0,6,23,6,0,7,0,2,1,0,0,4,0,4,0,2,0,1,1,0,1,0,0,0,0,1,0,0,1,0,0,0,0,3,1,0,0,11,0,1,0,0,1,0,0,0,0,0,3,0,0,0,0,1,1,0,0,1,0,0,0,0,0,0,0,0,0,0,0,0,0,0
856,0,0,12,2,0,2,15,6,0,4,0,3,0,0,0,0,5,5,0,0,0,0,1,0,0,0,1,0,0,1,0,0,0,0,0,0,0,2,0,0,0,3,0,0,0,0,0,0,0,0,0,0,1,0,0,0,0,0,1,0,0,0,0,0,0,0,0,0,0,0,0,0,0,0,0,0
857,0,1,4,0,0,3,9,9,0,4,0,2,0,0,0,2,1,0,0,0,0,0,3,0,0,0,0,2,0,0,0,1,0,0,0,0,0,0,0,0,0,4,0,0,0,0,0,0,0,0,0,0,2,0,0,0,0,1,0,0,0,0,0,0,0,0,0,0,0,0,0,0,0,0,0,0
858,0,1,0,2,0,1,2,0,0,1,0,0,0,2,0,0,0,0,0,0,0,1,0,0,0,5,0,0,0,1,0,0,0,0,0,1,1,0,0,0,0,0,0,0,0,0,0,0,0,0,0,10,0,0,0,0,0,0,1,0,0,0,0,0,0,0,0,0,0,1,0,0,0,0,0,0
860,0,1,13,2,0,1,5,5,0,1,0,2,0,0,0,1,0,3,1,1,0,0,2,0,1,0,0,1,0,1,2,0,0,0,0,0,0,0,0,0,0,5,0,0,0,0,0,2,0,0,0,0,2,0,0,1,0,0,0,0,0,0,0,0,0,0,0,0,0,0,0,0,0,0,0,0
861,1,1,11,3,0,0,2,4,0,0,0,1,1,0,2,2,0,1,0,0,1,0,0,0,0,3,0,0,0,1,0,1,0,0,0,0,0,0,0,1,0,0,0,1,0,0,0,0,0,0,0,0,0,0,0,0,0,0,0,0,0,0,0,0,0,0,0,0,0,0,0,0,0,0,0,0
888,0,7,16,9,0,4,6,7,1,1,0,5,0,0,0,0,1,3,0,1,0,0,0,0,0,0,1,1,0,1,0,1,0,0,0,0,0,1,0,0,0,1,0,0,0,0,0,0,0,0,0,0,1,1,0,0,0,2,0,0,0,1,0,0,0,0,0,0,0,0,0,0,0,0,0,0
889,0,0,12,12,0,0,6,4,3,1,0,2,0,0,0,3,1,1,0,0,1,0,2,0,0,0,0,2,0,0,0,0,0,0,0,1,0,1,1,0,0,0,0,0,0,0,0,0,0,0,0,0,0,0,0,0,0,0,0,0,0,0,0,1,0,0,0,0,0,0,0,0,0,0,0,0
890,0,2,12,8,0,2,11,5,1,2,0,1,0,0,0,1,1,1,1,0,1,0,4,0,1,0,1,0,0,0,0,0,1,0,0,0,0,0,0,0,0,5,1,0,0,0,0,0,0,0,0,0,0,0,0,0,1,0,0,0,1,1,0,0,0,0,0,0,0,0,0,0,0,0,0,0
891,0,7,29,13,0,2,9,4,4,2,0,2,0,0,1,3,0,7,0,0,0,1,1,0,4,0,2,0,0,0,3,0,1,0,0,0,0,0,1,0,0,0,1,0,0,0,1,0,0,0,0,0,0,0,0,0,0,1,0,2,0,0,0,0,0,0,0,0,0,0,1,0,0,0,0,0
892,0,3,13,6,0,0,11,5,1,3,0,0,0,0,0,0,0,1,0,1,0,0,2,0,0,0,1,0,0,0,1,0,0,0,0,0,0,2,0,0,0,3,1,0,0,0,0,1,0,0,0,0,0,0,0,0,0,0,1,0,0,0,0,0,0,0,0,0,0,0,0,0,0,0,0,0
893,0,4,23,5,0,3,7,7,1,3,0,1,0,0,0,2,3,9,0,1,0,1,2,0,0,1,0,1,0,0,0,0,0,0,0,0,0,0,0,0,0,0,0,0,0,0,0,0,0,0,0,0,2,0,0,0,0,1,0,0,0,0,0,0,0,0,0,0,0,0,0,0,0,0,0,0
894,0,3,9,5,0,2,4,1,0,1,0,2,0,0,0,0,1,2,0,0,0,2,5,0,0,1,0,1,0,0,0,1,0,0,0,0,0,3,0,0,0,0,1,0,0,0,0,1,0,0,0,0,0,0,0,0,0,0,2,0,0,0,0,0,0,0,0,0,0,0,0,0,0,0,0,0
895,0,6,20,7,0,3,8,3,2,2,0,2,1,0,0,1,1,5,0,0,0,0,1,0,0,0,0,0,0,0,0,1,0,0,0,0,0,2,0,0,0,2,0,0,0,0,0,0,0,0,0,0,0,0,0,0,0,0,0,0,0,0,0,0,0,0,0,0,0,0,0,0,0,0,0,0
896,0,2,5,0,0,0,4,2,0,1,0,0,0,0,0,1,0,1,0,0,0,0,4,0,0,0,0,0,0,0,0,0,0,0,0,0,0,0,0,0,0,0,0,0,0,0,0,0,0,0,0,0,1,0,0,0,0,0,0,0,0,0,0,0,0,0,0,0,0,0,0,0,0,0,0,0
918,0,1,11,3,0,0,3,4,0,0,0,1,0,0,0,1,2,2,0,0,0,0,0,0,3,0,0,0,0,0,0,0,1,0,0,0,0,0,0,0,0,1,0,0,0,0,0,0,0,0,0,0,2,0,0,0,0,0,0,0,0,0,0,0,0,0,0,1,0,0,0,0,0,0,0,0
919,0,1,11,6,0,0,2,0,0,5,0,0,0,0,0,0,0,3,1,0,0,0,1,0,0,0,0,1,0,0,1,0,0,0,0,2,0,2,0,2,0,4,0,1,0,0,0,0,0,0,0,0,0,0,0,0,0,0,0,0,0,0,0,0,0,0,0,0,0,0,0,0,0,0,0,0
920,0,0,3,0,0,7,7,0,1,3,0,4,0,0,0,0,0,1,0,0,0,0,2,0,0,0,0,0,0,0,0,0,0,0,0,0,0,2,0,1,0,0,0,0,0,0,0,0,0,0,0,0,2,0,0,0,0,1,1,1,0,0,0,0,0,0,0,0,0,0,0,0,0,0,0,0
921,0,2,10,7,0,1,4,12,0,0,0,4,0,0,0,3,0,0,0,0,3,0,0,1,2,0,0,7,0,0,0,3,2,0,0,2,0,0,0,0,0,1,1,0,0,0,0,0,0,0,2,0,2,0,0,0,0,0,0,0,0,0,0,1,0,0,0,0,0,0,0,0,0,0,0,0
922,0,14,49,20,0,8,22,12,2,7,0,9,1,1,0,5,2,4,0,2,0,0,7,0,0,0,0,2,0,1,0,0,0,0,0,0,0,4,0,0,0,9,1,0,0,0,1,1,0,0,0,0,8,1,0,0,1,0,1,0,0,0,0,0,0,0,0,0,0,0,0,0,0,0,0,0
923,0,4,28,8,0,3,6,5,2,0,0,3,1,1,0,2,1,0,0,3,0,0,1,0,0,8,0,0,0,0,0,3,0,0,0,0,1,0,2,0,0,0,0,0,0,0,0,0,0,0,0,1,1,0,1,0,0,0,1,1,0,0,0,0,0,0,0,0,0,0,0,0,0,0,0,0
924,0,0,3,1,0,1,3,3,1,4,0,1,0,0,0,4,3,2,0,1,0,1,2,0,0,1,0,1,0,0,0,0,0,0,0,0,1,0,0,0,0,1,0,0,0,0,0,0,0,0,0,0,0,0,0,0,0,0,0,0,0,0,0,0,0,0,0,0,0,0,0,0,0,0,0,0
925,0,4,11,2,0,0,5,1,0,0,0,6,0,0,0,1,1,2,0,0,1,0,0,0,1,0,0,0,0,0,0,0,0,0,0,0,0,0,0,1,0,0,0,0,0,0,0,2,0,0,0,0,0,0,0,0,0,1,0,0,0,0,0,0,0,0,0,0,0,0,0,0,0,0,0,0
926,0,8,59,19,0,8,6,8,2,0,0,3,0,1,2,6,0,3,0,0,0,0,2,0,1,1,3,0,0,1,0,3,0,0,0,0,0,0,0,0,5,2,0,0,2,0,0,0,0,0,0,0,0,0,0,0,0,0,0,0,0,0,0,0,0,0,0,0,0,0,0,0,0,0,0,0
927,0,0,8,2,0,4,1,6,0,0,0,1,0,0,0,0,0,0,0,0,0,0,0,1,0,1,0,1,0,0,0,1,0,0,2,0,0,0,0,0,0,0,0,0,4,0,0,0,0,0,0,0,0,0,0,0,0,0,0,0,0,0,0,0,0,0,0,2,0,0,1,0,0,0,0,0
928,0,2,23,4,0,10,2,6,1,0,0,2,0,0,3,0,0,1,0,1,0,0,0,0,0,1,0,8,0,2,0,2,0,0,0,1,0,0,0,0,0,0,0,0,0,0,0,0,0,0,0,0,0,0,0,0,0,0,0,0,0,0,0,0,0,0,0,4,0,0,0,0,0,0,0,0
950,0,1,7,5,0,3,8,6,4,0,0,1,0,0,0,4,1,2,0,0,0,0,1,0,0,0,1,0,1,1,0,1,0,0,0,0,0,2,0,1,0,0,0,0,0,0,0,0,0,0,0,0,5,0,0,0,0,0,0,0,0,0,0,0,0,0,0,0,0,0,0,0,0,0,0,0
951,0,6,18,6,0,2,12,3,0,1,0,3,0,0,0,5,1,2,0,0,0,0,1,0,0,0,0,0,0,0,0,0,0,0,0,0,0,0,0,0,0,2,1,0,0,0,0,0,0,0,0,0,1,0,0,0,0,0,0,0,0,1,0,0,0,0,1,0,0,0,0,0,0,0,0,0
952,0,6,15,4,0,8,25,10,3,8,0,3,0,0,0,5,3,13,1,1,0,2,5,0,0,0,0,0,0,0,1,1,1,0,0,0,0,1,1,0,1,10,0,0,0,0,1,0,0,0,0,0,0,0,0,0,0,1,0,0,0,1,0,1,0,0,0,0,0,0,0,0,1,0,0,0
954,0,1,5,1,0,0,9,1,0,0,0,2,0,0,0,0,0,0,0,1,0,0,0,0,1,2,0,0,0,0,2,0,0,1,0,0,0,1,0,0,0,0,0,0,0,0,0,0,1,0,0,0,0,0,0,0,0,0,1,0,0,0,0,0,0,0,0,0,0,0,0,0,0,0,0,0
955,0,0,9,4,0,2,11,3,0,1,0,4,0,0,0,0,2,0,0,0,0,1,0,0,0,0,0,0,0,0,0,2,0,1,0,0,0,0,1,0,0,1,0,1,0,0,0,0,0,0,0,0,0,0,0,0,0,1,1,0,0,0,0,0,0,0,0,0,0,0,0,0,0,0,0,0
956,0,4,9,4,0,2,10,2,1,6,0,3,0,0,0,0,0,0,0,0,0,2,1,0,1,0,1,0,0,1,0,0,1,0,0,0,0,0,0,0,0,1,0,0,0,0,0,0,0,0,0,0,0,0,0,0,0,1,0,0,0,0,0,0,0,0,0,0,0,0,0,0,0,0,0,0
957,0,0,14,6,0,0,8,5,1,1,0,1,1,0,0,1,0,5,0,0,0,0,3,0,0,0,1,3,0,0,1,3,0,0,0,1,0,0,0,0,0,1,0,1,0,0,0,0,0,0,0,0,0,0,0,0,0,0,1,0,0,1,0,0,0,0,0,0,0,0,0,0,0,0,0,0
958,0,0,0,1,0,0,4,2,0,1,0,0,0,0,0,1,0,2,0,0,1,2,0,0,0,0,0,0,0,0,0,1,1,0,0,0,0,0,0,0,0,1,0,0,0,0,0,0,1,0,0,1,0,0,0,0,0,2,0,0,0,1,0,0,0,0,0,0,0,0,0,0,0,0,0,0
959,0,7,27,10,0,3,7,4,0,2,0,5,0,0,0,2,1,2,0,0,1,1,7,0,0,0,1,1,0,1,0,0,1,0,0,0,0,0,0,0,0,0,0,0,0,0,0,0,0,0,0,0,2,0,0,0,0,0,0,0,0,2,0,0,0,0,0,0,0,0,0,0,0,0,0,0
960,1,1,15,5,6,0,0,0,6,1,0,3,0,0,0,0,0,1,0,0,0,1,1,1,0,0,0,0,0,0,0,3,0,0,0,2,0,0,0,0,0,0,0,0,0,0,0,0,0,0,0,0,0,0,0,0,0,0,0,0,0,0,0,1,0,0,0,0,0,0,0,0,0,0,0,0
961,3,1,14,6,12,4,2,9,0,0,0,0,0,0,0,1,0,1,1,0,0,0,5,1,0,0,0,1,0,1,1,1,0,0,0,0,1,2,0,0,0,2,0,0,1,0,0,0,1,0,1,0,0,0,0,0,0,0,1,0,0,1,0,0,0,0,0,0,0,0,0,0,0,0,0,0
962,0,1,11,8,0,0,0,0,0,0,0,1,0,0,0,1,0,2,0,0,0,0,0,0,0,0,0,1,0,0,0,0,0,0,0,0,0,0,0,0,0,0,0,0,2,0,0,0,0,0,0,0,0,0,0,0,0,0,0,0,0,0,0,0,0,0,0,0,0,0,0,0,0,0,0,0
984,1,4,13,7,0,6,9,8,0,1,0,2,0,0,0,1,0,0,0,0,0,0,1,0,0,0,2,1,0,0,0,3,2,1,0,0,0,1,2,0,0,2,0,0,0,0,0,1,1,0,0,0,3,0,0,0,0,0,0,0,0,1,0,0,0,0,0,0,0,0,0,0,0,0,0,0
985,1,1,6,6,0,2,11,0,0,3,0,3,0,0,0,0,1,1,0,0,0,1,0,0,0,0,0,0,0,0,0,3,0,1,0,0,0,0,0,0,0,2,0,0,0,0,0,0,0,0,0,0,0,0,0,0,0,0,0,0,0,2,0,0,0,0,0,0,0,0,0,0,0,0,0,0
986,0,0,14,7,0,0,8,2,2,1,0,2,0,0,0,0,0,1,0,1,0,0,1,0,0,0,0,0,0,0,1,0,1,0,0,0,0,0,0,0,0,1,0,0,0,0,0,0,0,0,0,0,0,0,1,0,0,0,0,0,0,0,0,0,0,0,0,0,0,0,0,0,0,0,0,0
987,0,2,13,8,0,5,8,10,1,0,0,4,0,0,1,1,4,4,1,0,0,0,2,0,1,0,0,0,0,0,0,2,2,1,0,0,0,1,0,0,0,3,0,0,0,0,0,0,0,0,0,0,1,0,0,0,0,0,0,0,0,0,0,0,2,0,0,0,0,0,0,0,0,0,0,0
988,36,9,60,34,0,17,33,29,4,8,0,6,0,0,4,8,3,3,0,0,0,0,9,2,3,1,1,12,0,5,1,16,3,0,0,7,0,2,2,0,0,2,1,2,0,0,0,0,1,0,0,0,1,0,0,0,0,0,0,1,0,2,0,2,0,1,0,0,0,0,1,0,0,0,0,0
989,0,0,11,5,0,0,19,4,3,5,0,2,0,0,0,0,3,4,0,1,0,0,6,0,1,1,0,0,0,0,0,1,0,0,0,0,0,5,0,0,0,6,0,2,0,0,0,0,0,0,0,0,1,0,0,0,0,0,2,0,0,0,0,0,0,0,0,0,0,0,0,0,0,0,0,0
990,0,0,12,6,0,5,23,3,1,4,0,3,1,0,0,2,0,1,0,0,0,2,1,0,0,0,2,0,0,0,0,0,0,0,0,0,0,2,1,0,0,2,0,0,0,1,0,0,0,0,0,0,1,0,0,0,0,0,1,0,0,0,0,0,0,0,0,0,0,0,0,0,0,0,0,0
991,0,4,10,8,0,8,8,5,1,3,0,3,0,0,0,4,0,6,0,2,0,0,5,0,0,0,1,0,0,0,0,0,0,0,0,0,1,0,0,0,0,7,1,0,0,0,0,0,0,0,0,0,2,0,0,0,0,0,1,0,0,0,0,0,0,0,0,0,0,0,0,0,0,0,0,0
992,0,4,13,8,0,1,22,7,0,1,0,3,0,0,0,5,2,8,0,1,0,0,2,0,1,0,1,0,0,0,0,1,0,0,0,0,0,0,1,0,0,4,0,0,0,0,1,0,0,0,0,0,0,0,0,0,0,0,0,1,0,0,0,0,0,0,0,0,0,0,0,0,0,0,0,0
993,0,1,0,0,0,2,3,0,0,2,0,4,1,0,0,0,0,3,0,0,0,0,0,0,0,1,0,0,0,0,0,0,1,0,0,0,0,0,0,0,0,1,2,0,0,0,0,2,0,0,0,0,0,0,0,0,0,0,0,0,0,0,0,0,0,0,0,0,0,0,1,0,0,0,0,0
994,0,1,12,10,0,9,23,11,1,3,0,1,0,0,0,2,0,4,0,1,0,1,6,0,1,0,1,0,0,0,3,0,1,0,0,0,0,5,1,0,1,4,0,0,0,0,0,0,0,0,0,0,3,0,0,0,0,1,0,0,0,1,0,0,0,0,0,0,0,0,0,0,0,0,0,0
995,0,5,33,12,0,1,7,5,3,5,0,4,1,0,0,7,0,2,0,0,0,1,3,3,1,0,3,0,0,0,0,2,0,0,0,0,1,0,0,0,0,3,1,0,2,0,0,0,0,0,0,0,2,0,0,0,0,1,0,1,0,0,0,0,0,0,0,0,0,0,0,0,0,0,0,0
996,0,0,13,10,0,1,13,3,0,4,0,5,1,0,0,3,0,4,0,0,0,0,3,0,1,1,2,2,0,0,0,1,1,0,0,0,1,2,0,0,0,3,1,0,0,0,0,0,0,0,0,0,1,0,0,0,0,1,2,0,0,0,0,0,1,0,0,0,0,0,0,0,0,0,0,0
997,0,4,17,6,0,1,13,10,3,4,0,4,0,0,0,1,1,0,0,0,0,1,2,0,1,0,1,0,0,0,1,0,1,0,0,0,0,0,0,0,0,1,0,0,0,0,0,0,0,0,0,0,1,1,1,0,1,0,0,0,0,0,0,1,0,0,0,0,0,0,0,0,0,0,0,0
998,0,0,3,0,0,1,2,2,0,0,0,3,1,0,0,1,2,0,0,1,0,0,0,0,0,4,0,0,0,1,1,2,0,1,0,1,0,0,0,0,0,0,0,0,0,0,0,0,0,0,0,1,0,0,0,0,0,0,0,0,0,0,0,1,0,0,0,0,0,0,0,0,0,0,0,0
999,0,2,5,0,0,5,4,3,0,0,0,0,0,0,0,1,3,0,0,0,0,0,1,0,0,0,0,0,0,0,0,0,0,0,0,0,0,1,0,0,0,2,0,1,0,0,0,0,0,0,0,0,3,0,0,0,1,0,0,0,1,0,0,0,0,0,0,0,0,0,0,0,0,0,0,0
1000,0,1,9,3,0,1,2,2,0,0,0,0,0,0,0,0,1,2,0,1,0,0,0,0,0,0,0,0,0,0,0,1,0,0,0,0,0,0,0,0,0,0,0,0,0,0,0,0,1,0,0,1,0,0,0,0,0,0,0,0,0,0,0,0,0,0,0,0,0,0,0,0,0,0,0,0
1001,0,0,6,1,0,1,6,0,0,1,0,2,1,0,0,0,1,0,0,0,0,1,2,0,0,0,0,0,0,0,0,0,0,0,0,0,0,2,0,0,0,0,0,0,0,0,0,1,0,0,0,0,0,0,0,0,0,1,0,0,0,0,0,0,0,0,0,0,0,0,0,0,0,0,0,0
1002,0,2,19,13,0,2,12,8,3,0,0,6,0,1,1,4,0,1,0,0,0,0,3,0,2,1,1,2,1,0,0,0,0,0,0,0,1,1,0,0,0,1,0,0,0,0,0,0,0,0,0,0,1,0,0,0,0,0,0,0,0,1,0,0,1,0,0,0,0,0,0,0,0,0,0,0
1031,0,3,8,2,0,3,12,3,0,5,0,1,0,0,0,2,0,1,0,2,0,0,2,0,0,0,0,1,0,0,0,0,0,1,0,0,0,1,0,0,0,9,1,0,0,0,0,0,0,0,0,0,1,0,0,0,0,0,0,0,0,0,0,0,0,0,0,0,0,0,0,0,0,0,0,0
1033,0,17,36,22,0,7,31,7,1,4,0,3,0,0,0,4,1,2,0,0,0,1,1,0,4,0,0,0,0,1,2,0,0,0,0,0,0,0,0,0,0,5,0,0,0,0,0,0,1,0,0,0,1,0,0,0,0,0,0,0,0,0,0,0,0,0,0,0,0,0,0,0,0,0,0,0
1034,0,10,17,7,0,6,15,7,1,2,0,0,0,0,0,4,2,4,0,0,0,0,2,0,2,0,1,1,0,0,1,0,0,0,0,0,0,3,1,0,0,5,0,0,0,0,0,0,0,0,0,0,0,0,0,0,0,0,0,0,0,0,0,0,0,0,0,0,0,0,0,0,1,0,0,0
1035,0,7,25,10,0,6,10,7,0,1,0,4,0,0,0,5,1,2,1,1,0,0,4,0,0,0,0,1,0,0,1,0,0,0,0,0,0,2,0,0,0,0,0,0,0,1,0,1,0,0,0,0,5,0,0,0,0,0,0,0,0,1,0,1,0,0,0,0,0,0,0,0,0,0,1,0
1036,0,1,13,0,0,2,25,8,2,0,0,7,0,0,0,6,2,7,1,1,0,0,0,0,0,0,2,1,0,0,0,0,0,0,0,0,0,2,2,0,0,1,1,0,0,0,0,1,0,0,0,0,0,0,0,0,0,1,0,0,0,1,0,0,0,0,0,0,0,0,0,0,0,0,0,0
1037,0,1,3,2,0,0,0,14,1,0,0,1,0,0,1,1,0,0,0,0,1,0,0,0,0,0,0,4,0,0,1,2,1,0,0,8,0,0,0,0,0,0,0,0,0,0,0,0,0,0,0,0,0,0,0,0,0,0,0,0,0,1,1,1,0,0,0,0,0,0,0,0,0,0,0,0
1038,0,3,8,7,0,1,11,1,1,0,0,0,0,0,0,4,0,2,0,0,0,2,8,0,2,0,0,0,0,0,0,0,2,0,0,0,0,0,0,0,0,4,0,0,0,0,0,0,0,0,0,0,0,0,0,0,0,1,0,1,0,0,0,0,0,0,0,0,0,0,0,0,0,0,0,0
1039,0,4,9,5,0,2,21,9,2,0,0,3,2,0,0,1,2,5,0,1,0,0,1,0,0,0,1,0,0,1,0,0,0,0,0,0,0,3,0,0,0,6,0,0,0,0,0,0,1,0,0,0,2,0,0,0,0,0,1,0,1,3,0,0,0,0,0,0,0,0,0,0,0,0,0,0
1040,0,5,32,14,0,2,6,4,1,8,1,5,0,0,0,1,2,3,0,1,0,0,5,0,0,1,0,1,1,0,0,1,3,0,0,0,0,0,0,0,0,0,0,0,0,0,1,0,0,0,0,0,2,0,0,0,0,1,0,0,0,0,0,0,0,0,0,0,0,0,3,0,0,1,0,0
1058,0,5,11,11,0,12,19,3,0,6,0,4,0,0,0,4,1,2,0,0,0,1,0,0,1,0,2,0,0,0,1,1,1,0,0,0,0,0,0,0,0,4,0,0,0,0,0,0,0,0,0,0,2,0,0,0,0,0,1,0,0,0,0,0,0,0,0,0,0,0,1,0,0,0,0,0
1059,0,1,4,5,0,1,7,9,0,0,0,2,0,0,0,1,0,0,0,0,0,0,5,0,0,0,0,0,0,1,0,0,1,0,0,0,0,3,1,1,0,0,0,0,0,0,0,0,0,0,0,0,2,0,0,0,0,0,1,0,0,0,0,0,0,0,0,0,0,0,0,0,0,0,0,0
1060,0,4,16,7,0,2,9,7,3,3,0,2,0,0,1,3,2,1,0,2,0,0,0,0,0,1,0,0,0,0,1,0,0,0,0,0,0,1,0,0,0,6,0,1,0,0,0,0,0,0,0,0,2,0,0,0,1,0,0,0,0,1,0,0,0,0,0,0,0,0,1,0,0,0,0,0
1061,0,3,13,16,0,0,8,6,4,3,0,2,0,0,0,1,1,3,0,0,0,0,1,0,0,0,0,0,0,1,1,0,0,1,0,0,0,1,0,0,0,0,1,0,0,0,0,0,0,0,0,0,1,0,0,0,0,0,0,0,0,0,0,0,0,0,0,0,0,1,0,0,0,0,0,0
1062,0,2,13,5,0,2,3,0,0,0,0,3,0,0,0,1,0,0,0,0,0,0,0,0,0,0,0,1,0,0,2,0,0,0,2,0,1,0,0,0,0,0,1,0,0,0,0,0,0,0,0,0,0,0,0,0,0,0,0,0,0,0,0,0,0,0,0,0,0,0,0,0,0,0,0,0
1063,0,4,16,17,0,3,8,10,1,3,0,0,0,0,0,1,3,3,1,0,0,1,3,0,1,1,1,0,0,0,0,1,1,0,0,0,0,5,0,0,0,1,0,0,0,0,0,0,1,0,0,0,2,0,0,0,0,1,2,0,0,0,0,0,0,0,0,0,0,0,0,0,0,0,0,0
1064,0,0,2,1,0,0,6,4,1,1,0,2,0,0,0,0,1,0,0,0,0,0,0,0,1,0,0,0,0,0,0,0,0,0,0,0,0,2,0,0,0,2,0,0,0,0,0,1,0,0,0,0,1,1,0,0,0,0,0,0,0,0,0,0,0,0,0,0,0,0,0,0,0,0,0,0
1065,0,5,20,6,0,1,15,1,1,1,0,2,0,0,0,3,0,3,1,0,0,1,3,0,3,0,1,0,0,0,0,1,0,0,0,0,0,0,0,0,0,5,1,0,0,0,0,0,1,0,0,0,1,0,0,0,0,0,0,0,0,0,0,0,0,0,0,0,0,0,0,0,0,0,0,0
1066,0,4,14,11,0,0,9,24,3,2,0,2,0,0,0,0,0,3,0,2,2,0,0,0,0,0,0,1,0,0,0,4,0,0,0,0,0,0,0,0,0,2,1,0,0,0,0,0,1,0,0,0,2,0,1,0,0,0,1,0,0,1,0,1,0,0,0,0,0,0,0,0,0,0,0,0
1067,0,1,6,6,0,6,7,3,1,2,0,2,0,0,0,1,3,2,0,0,0,0,3,0,0,0,0,1,0,0,1,1,0,0,0,0,0,1,1,0,0,0,0,0,0,0,0,0,1,0,0,0,0,0,0,0,0,0,0,0,0,0,0,1,0,0,0,0,0,0,0,0,0,0,1,0
1068,0,0,1,1,0,2,15,4,0,1,0,0,0,0,0,2,0,3,0,0,0,0,3,0,0,0,0,0,0,0,0,0,0,0,0,0,0,1,1,0,0,2,0,0,0,0,0,0,0,0,0,0,0,0,0,0,0,0,0,0,0,0,0,0,1,0,0,0,0,0,0,0,0,0,0,0
1069,0,1,7,1,0,2,3,3,0,3,0,2,0,0,0,2,0,1,0,0,0,0,1,0,0,0,0,0,0,0,0,0,0,0,0,1,0,1,0,0,0,2,0,0,0,0,0,0,0,0,0,0,0,0,0,0,0,0,0,0,0,0,0,0,0,0,0,0,0,0,0,0,0,0,0,0
1070,0,12,34,15,7,10,16,16,0,4,0,5,1,0,0,5,1,0,0,3,0,0,5,0,3,0,1,2,0,0,0,1,2,0,0,1,0,1,1,0,1,5,0,0,0,0,0,2,0,0,0,0,1,0,0,0,0,1,1,1,0,1,0,1,0,0,0,0,0,0,0,0,0,0,0,0
1071,9,0,4,4,0,3,2,6,0,0,0,4,0,0,1,0,0,2,0,0,0,1,0,1,0,3,0,2,0,0,0,8,0,0,0,1,0,0,0,0,0,0,0,0,1,0,0,0,0,1,0,0,0,0,0,0,0,1,0,0,0,0,0,0,0,0,0,1,0,0,0,0,0,0,0,0
1073,0,3,15,6,0,0,0,1,0,1,0,6,0,0,0,1,0,0,0,0,0,0,0,0,1,1,0,0,0,0,0,0,0,0,0,0,0,0,0,0,0,0,0,0,0,0,0,0,0,0,0,0,0,0,0,0,0,0,0,0,0,0,0,0,0,0,0,0,0,0,0,0,0,0,0,0
1105,0,0,8,4,0,0,7,9,1,3,0,2,0,0,1,0,0,0,0,0,0,0,1,0,0,0,1,2,0,0,2,1,1,0,0,1,2,1,0,0,4,1,0,0,0,1,0,0,0,0,0,8,0,1,0,0,0,0,0,0,0,0,2,1,0,0,0,0,0,0,0,0,0,0,0,0
1107,0,3,16,4,0,0,0,1,0,1,0,3,0,0,0,1,0,0,1,0,0,0,0,0,1,0,2,1,0,0,0,1,0,0,0,0,0,2,0,0,0,1,0,0,0,0,0,0,0,0,0,0,0,0,0,0,0,0,0,0,0,0,0,0,0,0,0,0,0,0,1,0,0,0,0,0
1108,0,3,14,9,0,2,14,7,5,1,0,1,0,0,0,2,2,2,1,0,0,0,6,0,0,0,0,0,0,0,2,0,0,2,0,0,0,0,0,0,0,5,0,0,1,0,0,0,0,0,0,0,1,0,0,0,0,1,0,1,0,0,0,0,1,0,0,0,0,1,0,0,0,0,0,0
1109,0,4,10,9,0,3,9,2,0,0,0,5,0,0,0,2,2,0,0,0,0,0,2,0,1,3,0,0,0,0,0,0,0,0,0,0,0,0,0,0,0,3,0,0,0,0,0,0,0,0,0,0,4,0,0,0,0,0,0,0,0,0,0,0,0,0,0,0,0,0,1,0,0,0,0,0
1110,0,3,5,6,0,4,3,6,0,1,0,1,0,0,0,1,1,1,0,1,0,0,0,1,0,0,0,0,0,1,0,0,0,0,0,0,0,1,0,0,0,0,0,0,0,0,0,0,0,0,0,0,0,0,0,0,0,0,0,0,0,0,0,0,0,0,0,0,0,0,0,0,0,0,0,0
1111,0,6,31,10,0,1,15,5,1,6,0,5,0,0,0,5,4,6,1,0,0,2,2,0,2,0,0,1,0,0,0,0,1,0,0,1,0,3,0,0,0,5,0,1,0,0,0,0,0,0,0,0,1,0,0,0,0,1,0,2,0,0,0,0,1,0,0,0,0,0,0,0,0,0,0,0
1112,0,3,5,9,0,4,3,4,2,0,0,2,0,0,0,0,1,0,0,0,0,0,0,0,1,0,1,1,0,3,0,0,0,0,0,0,0,0,0,0,0,2,0,0,0,0,0,0,0,0,0,0,0,0,0,0,0,0,0,0,0,0,0,0,0,0,0,0,0,0,0,0,0,0,0,0
1113,0,1,26,12,0,9,35,17,2,7,0,7,0,0,1,5,2,4,0,2,0,2,6,0,3,0,0,0,0,0,0,1,0,0,0,0,0,2,0,0,0,6,0,0,0,0,0,0,0,0,0,0,1,0,0,0,0,0,0,0,0,2,0,0,2,0,0,0,0,0,0,0,0,0,0,0
1114,0,10,26,9,0,7,13,8,2,3,0,0,0,0,0,1,3,4,0,1,0,0,0,0,1,0,0,0,0,1,0,0,0,0,0,0,0,2,0,1,0,2,0,0,0,0,0,0,0,0,0,1,0,0,0,0,0,2,0,0,0,0,0,0,0,0,0,0,0,0,0,0,0,0,0,0
1116,5,0,28,13,0,8,15,23,2,10,0,5,0,0,0,5,4,6,0,0,0,0,3,1,2,0,3,4,0,0,1,2,0,0,1,1,0,5,0,0,0,7,0,0,0,1,0,0,0,0,0,0,3,0,2,0,0,1,0,0,0,0,0,0,0,0,0,0,0,0,0,0,0,0,0,0
1117,0,0,1,1,0,1,4,2,0,1,0,0,0,0,0,2,0,2,0,0,0,0,2,0,0,0,1,0,0,0,0,0,0,0,0,0,0,1,1,0,0,0,1,0,0,0,0,0,0,0,0,0,3,0,0,0,0,0,0,0,0,0,0,0,0,0,0,0,0,0,0,0,0,0,0,0
1118,0,0,11,2,0,3,2,1,0,4,0,2,0,0,0,7,0,1,0,0,0,0,1,0,0,0,2,0,0,1,0,0,0,0,0,0,0,1,0,0,0,3,0,0,1,0,0,0,0,0,0,0,1,0,0,0,0,0,1,1,0,0,0,0,0,0,0,0,0,0,0,0,0,0,0,0
1142,0,12,53,22,0,11,17,2,3,4,0,6,0,0,0,8,1,5,3,0,1,2,3,0,0,0,2,1,0,1,1,1,1,0,0,0,1,2,2,1,0,3,0,0,0,0,0,0,0,0,0,0,0,0,0,0,0,0,2,1,0,0,0,0,0,0,0,0,0,0,0,0,0,0,1,0
1143,0,1,4,2,0,5,5,5,2,0,0,1,0,0,0,3,1,0,0,0,0,0,4,0,0,0,1,0,0,0,0,0,1,0,0,0,1,1,0,0,0,1,0,0,0,0,0,1,0,0,0,0,0,0,0,0,0,1,0,0,0,0,0,0,0,0,0,0,0,0,0,0,0,0,0,0
1144,0,1,8,3,0,3,11,0,0,1,0,1,0,0,0,0,0,0,0,0,0,0,0,0,0,0,0,0,0,0,0,0,0,0,0,0,0,3,0,0,0,3,1,0,0,0,0,0,0,0,0,0,0,0,0,0,0,0,0,0,0,0,0,0,0,0,0,0,0,0,0,0,0,0,0,0
1145,0,5,23,12,0,4,12,3,1,1,0,3,0,0,0,1,2,2,0,0,0,0,6,1,1,1,0,0,0,0,0,0,0,0,0,0,0,1,0,0,0,1,0,0,0,0,0,0,0,0,0,0,1,0,0,0,0,1,0,0,0,0,0,0,0,0,0,0,0,0,0,0,0,0,0,0
1146,0,0,0,0,0,4,10,1,0,3,0,0,0,0,0,1,0,0,0,0,0,0,0,0,0,0,1,1,0,0,0,0,1,0,0,0,0,1,0,0,0,3,0,0,0,0,0,0,0,0,0,0,0,0,0,0,0,0,1,0,0,0,0,0,0,0,0,0,0,0,0,0,0,0,0,0
1147,0,6,22,7,0,6,6,7,1,5,0,9,0,0,0,2,1,7,1,1,0,0,3,0,0,0,1,0,0,0,0,0,0,0,0,0,0,0,0,0,0,3,2,0,0,0,0,0,0,0,0,0,1,0,0,0,0,0,0,0,0,1,0,0,0,0,0,0,0,0,0,0,0,0,0,0
1148,0,0,0,2,0,0,4,7,0,3,0,1,0,0,0,0,0,0,0,0,0,0,0,0,0,0,0,0,0,0,0,1,0,0,0,0,0,2,0,0,0,0,0,0,0,0,0,0,0,0,0,0,0,0,0,0,0,0,0,0,0,0,0,0,0,0,0,0,0,0,0,0,0,0,0,0
1149,0,0,5,6,0,2,4,1,0,2,0,1,0,0,0,1,0,1,0,1,0,0,1,0,0,0,0,0,0,0,1,0,0,0,0,1,0,2,0,0,0,0,0,0,0,0,0,0,0,0,0,0,0,0,0,0,0,0,0,0,0,0,0,0,0,0,0,0,0,0,0,0,0,0,0,0
1150,0,3,27,9,0,2,14,2,0,2,0,3,0,0,0,0,1,0,0,0,0,0,5,0,0,0,0,2,0,0,0,1,0,0,0,0,0,1,0,0,0,1,2,0,0,0,0,0,0,0,0,0,0,0,0,0,0,0,0,0,0,0,0,0,0,0,0,0,0,0,0,0,0,0,0,0
1151,0,1,1,0,0,1,4,1,2,2,0,0,0,1,0,1,1,0,0,1,0,1,4,0,1,1,0,0,0,1,0,0,1,0,0,0,0,1,0,0,1,2,0,0,0,0,0,0,0,0,0,0,1,0,0,0,0,0,0,1,0,0,0,0,0,0,0,0,0,0,0,0,0,0,0,0
1152,0,2,12,4,0,4,6,4,0,4,0,0,2,0,0,4,1,6,0,2,0,0,3,0,2,0,0,0,0,0,0,0,0,0,0,0,0,4,0,0,0,3,2,0,0,0,0,0,0,0,0,0,1,0,0,0,0,0,0,0,0,0,0,0,0,0,0,0,0,0,0,0,0,0,0,0
1153,0,4,8,6,0,0,0,0,1,0,0,4,0,0,0,0,0,0,0,0,0,0,0,0,0,2,0,1,0,0,0,0,0,0,0,0,0,0,0,0,0,1,0,0,0,0,0,0,0,0,0,0,0,0,0,0,0,0,0,0,0,0,0,0,0,0,0,0,0,0,0,0,0,0,0,0
1176,0,2,10,4,0,1,12,6,0,0,0,7,0,0,0,0,0,1,0,0,0,0,3,0,1,0,0,1,0,0,0,0,0,0,0,0,2,1,0,0,0,1,0,5,0,0,0,0,0,0,0,0,0,0,0,0,0,0,0,0,0,0,0,0,0,0,1,0,0,0,1,0,0,0,0,0
1178,0,6,9,9,0,4,12,17,3,8,0,5,0,0,0,5,0,0,0,1,1,0,3,0,2,2,0,4,0,1,2,1,2,0,1,0,0,3,0,0,0,1,0,3,0,0,0,0,0,0,0,0,0,0,0,0,0,0,0,0,0,0,0,1,0,0,0,0,0,0,0,0,0,0,0,0
1179,0,6,24,15,0,8,22,13,3,2,0,11,0,0,0,2,2,4,0,2,0,0,7,0,4,0,0,1,0,0,1,2,3,0,0,2,0,6,1,1,0,10,0,0,0,0,0,1,0,0,0,0,1,0,0,0,0,0,1,0,0,0,0,0,0,0,0,0,0,0,1,0,1,0,0,0
1180,1,5,9,10,0,2,5,1,0,2,0,1,0,0,0,1,0,2,0,1,0,0,1,0,0,0,0,0,0,0,0,0,0,0,0,0,0,0,0,0,0,1,1,0,0,0,0,0,0,0,0,0,0,0,0,0,0,0,0,0,0,0,0,0,0,0,0,0,0,0,0,0,0,0,0,0
1181,0,0,4,5,0,1,11,10,0,1,0,5,0,0,0,0,0,2,0,2,0,1,1,0,1,1,0,0,0,0,0,0,2,0,0,1,0,0,0,1,0,1,1,0,0,0,0,0,0,0,0,0,0,0,0,0,0,0,0,0,0,0,0,0,0,0,0,0,0,0,0,0,0,0,0,0
1182,0,5,10,3,0,1,5,3,0,0,0,1,0,0,0,1,2,1,0,1,0,0,2,0,1,0,0,0,0,0,0,0,0,0,0,0,0,2,0,0,0,3,0,0,0,0,0,0,0,0,0,0,2,0,0,0,0,0,0,0,0,0,0,0,0,0,0,0,0,0,0,0,0,0,0,0
1183,2,4,37,21,0,12,19,9,0,5,0,9,1,0,0,5,7,4,0,3,1,0,6,3,0,0,2,7,0,0,2,3,0,0,0,0,0,5,1,0,0,7,3,0,0,0,0,0,0,0,1,0,2,0,1,0,0,1,0,0,0,1,0,0,0,0,0,0,0,0,0,0,0,0,0,0
1184,0,1,4,0,0,4,5,1,0,1,0,0,0,0,0,0,1,3,0,0,0,0,0,0,0,0,0,0,0,0,0,0,1,0,0,0,0,0,0,0,0,1,0,0,0,0,0,0,0,0,0,0,0,0,0,0,0,0,0,0,0,1,0,0,1,0,0,0,0,0,1,0,0,0,0,0
1186,0,1,8,9,0,5,4,4,2,1,0,0,0,0,0,1,1,3,0,0,0,0,1,0,2,0,0,0,0,0,0,0,0,0,0,0,0,0,0,0,0,3,0,0,0,0,0,0,0,0,0,0,0,0,0,0,0,0,0,0,0,0,0,0,0,0,0,0,0,0,0,0,0,0,0,0
1187,0,1,15,7,1,1,4,0,0,3,1,0,0,0,0,1,0,1,0,0,0,0,0,0,0,0,0,0,0,0,0,0,1,0,0,0,0,0,0,0,0,3,0,0,0,0,0,0,0,0,0,0,0,0,0,0,0,0,0,0,0,0,0,0,0,0,0,0,0,0,0,0,0,0,0,0
1188,0,2,8,6,0,0,25,10,4,4,0,6,0,0,0,4,2,1,0,1,0,0,5,0,2,0,2,0,0,0,0,0,0,1,0,0,0,3,0,0,0,5,0,0,4,0,0,0,0,0,0,0,0,0,0,0,0,0,0,0,0,0,0,0,0,0,0,0,0,0,0,0,0,0,0,0
1189,0,6,28,8,0,2,19,3,1,2,0,1,0,0,0,1,0,9,0,0,0,0,4,0,0,1,0,0,0,0,0,0,0,0,0,0,1,0,0,0,0,3,0,0,0,1,0,1,0,0,0,0,1,0,0,1,0,0,0,0,0,0,0,0,2,0,0,0,0,0,0,0,0,0,0,0
1214,2,1,7,0,0,2,7,7,2,1,0,1,0,0,0,0,0,2,0,2,0,0,3,1,1,0,0,0,0,0,0,0,0,0,0,0,0,0,1,1,0,4,0,0,0,0,0,0,0,0,0,0,0,0,0,0,0,0,0,0,0,0,0,0,0,0,0,0,0,0,0,0,0,0,0,0
1215,0,5,28,16,0,7,21,10,4,9,1,4,0,0,0,1,5,2,0,3,0,1,5,0,0,0,1,0,0,0,0,0,0,1,0,0,0,3,0,1,0,7,0,0,0,0,0,2,0,0,0,0,3,0,0,0,0,3,0,0,0,0,0,0,0,0,0,0,0,0,0,0,0,0,0,0
1216,0,0,6,3,0,0,8,2,0,2,0,2,1,0,0,1,2,0,1,0,0,0,0,0,0,0,0,0,0,0,0,0,0,1,0,0,0,1,0,0,0,2,0,0,0,0,0,0,0,0,0,0,0,0,0,0,0,0,0,0,0,0,0,0,0,0,1,0,0,0,0,0,0,0,0,0
1217,0,7,18,15,0,0,12,8,1,0,0,2,0,0,0,2,1,4,0,1,0,1,0,0,0,1,0,0,0,0,0,0,0,0,0,0,0,2,0,0,0,4,0,0,0,0,0,0,0,0,0,0,0,0,0,0,0,1,1,0,0,0,0,1,0,0,0,0,0,0,0,0,0,0,0,0
1218,0,1,3,2,0,7,6,2,0,0,0,2,0,0,0,0,0,4,1,0,0,0,1,0,0,0,1,0,0,0,0,0,0,0,0,0,0,1,0,0,0,4,0,0,0,0,0,0,0,0,0,0,3,0,0,0,0,0,0,0,0,0,0,0,0,0,0,0,0,0,0,0,0,0,0,0
1219,0,4,11,8,0,6,14,5,1,2,0,3,0,0,0,1,0,1,0,1,0,0,3,0,0,0,2,0,0,0,3,1,1,0,0,0,0,3,0,0,0,4,0,0,0,0,0,1,0,0,0,0,2,0,0,0,0,0,1,0,0,0,0,0,0,0,0,0,0,0,0,0,0,0,1,0
1220,0,4,21,7,0,6,20,6,1,10,0,7,0,0,0,3,5,6,0,1,0,2,4,0,2,1,0,0,0,0,1,0,1,1,0,1,0,5,0,0,0,14,0,0,0,0,0,0,1,0,0,0,1,0,0,0,0,1,0,1,0,0,0,0,0,0,0,0,0,0,1,0,0,0,0,0
1221,0,2,8,5,0,0,6,2,2,1,0,0,0,0,0,0,0,2,0,0,0,1,0,0,1,0,1,0,0,0,0,0,0,0,0,0,0,2,0,0,0,4,0,0,0,0,0,0,0,0,0,0,1,0,0,0,0,0,0,1,0,0,0,0,2,0,0,0,0,0,0,0,0,0,0,0
1223,0,4,6,1,0,2,6,1,0,1,0,1,0,0,0,1,0,0,1,0,0,0,0,0,1,1,0,1,0,0,0,0,0,0,0,0,0,1,0,0,0,3,0,0,1,0,0,0,0,0,0,0,0,0,0,0,0,0,0,0,0,0,0,0,0,0,0,0,0,0,0,0,0,0,0,0
1224,0,6,16,7,0,4,9,0,1,1,0,1,0,0,0,3,0,1,0,0,0,1,0,0,0,1,0,0,0,0,1,0,1,0,0,0,0,1,0,0,0,2,0,0,1,0,0,0,0,0,0,0,0,0,0,0,0,0,0,0,1,0,0,0,0,0,0,0,0,0,0,0,0,0,2,0
1225,0,0,4,0,0,5,17,6,1,3,0,1,0,0,0,1,1,4,0,0,0,0,2,0,0,0,0,0,0,0,1,0,0,0,0,0,0,2,1,0,0,1,0,0,0,0,0,0,0,0,0,0,2,0,0,0,0,0,0,0,0,0,0,0,0,0,0,0,0,0,1,0,0,0,0,0
1227,0,2,16,6,0,4,10,8,0,2,0,0,0,0,1,1,3,3,0,1,0,0,2,0,0,0,0,0,0,0,0,0,1,0,0,0,0,0,3,0,0,4,0,0,1,0,0,0,1,0,0,0,2,0,0,0,0,0,0,0,0,0,0,0,0,0,0,0,0,0,0,0,0,0,0,0
1229,0,1,24,14,0,3,29,8,2,5,1,3,0,0,0,1,1,3,0,0,0,0,5,0,0,0,2,0,0,0,1,0,0,0,0,0,0,2,2,0,2,4,0,0,0,0,0,1,0,0,0,0,3,0,0,0,0,1,0,0,0,0,0,0,0,0,0,0,0,0,0,0,0,0,0,0
1230,0,4,32,18,0,3,17,5,0,3,0,0,0,0,0,3,0,6,0,2,0,1,5,0,0,0,1,0,0,0,1,0,0,0,0,0,0,1,0,0,0,7,1,0,0,0,0,1,0,0,0,0,2,0,0,0,0,0,1,0,0,0,0,0,0,0,0,0,0,0,0,0,0,0,0,0
1231,0,0,4,0,0,1,7,3,0,4,0,7,0,0,0,3,2,2,0,0,0,1,1,0,1,0,1,1,1,1,2,0,0,0,0,0,0,2,0,1,0,8,0,0,0,0,0,0,0,0,0,0,1,0,0,0,0,1,0,0,0,0,0,0,0,0,0,0,0,0,0,0,0,0,0,0
1254,0,1,2,0,0,10,7,5,0,1,0,2,0,0,0,1,0,1,1,1,0,0,0,0,0,1,0,0,0,0,0,0,2,0,0,0,0,0,0,0,0,2,0,0,0,0,0,0,0,0,0,0,3,0,0,0,0,1,0,0,0,0,0,0,0,0,0,0,0,0,0,0,0,0,0,0
1255,0,1,17,8,0,5,23,9,2,4,0,1,0,0,0,3,3,2,0,1,0,0,0,0,0,0,0,2,0,0,1,1,0,0,0,2,0,3,0,0,0,3,0,0,0,0,0,0,0,0,0,0,1,0,0,0,0,0,0,0,0,0,0,1,0,0,0,0,0,0,0,1,0,0,1,0
1256,3,5,25,3,0,3,22,2,0,4,0,2,0,0,0,2,1,3,0,0,0,0,5,0,0,0,1,0,0,0,1,1,0,0,0,0,0,1,1,0,0,3,0,0,0,0,0,0,0,0,0,0,0,0,0,0,0,0,0,0,0,0,0,0,0,0,0,0,0,0,0,0,0,0,0,0
1257,0,9,28,10,0,4,10,3,0,2,0,1,0,0,0,2,2,3,0,1,0,0,3,0,2,1,0,0,0,1,0,0,0,0,0,0,0,2,1,0,0,5,0,0,0,0,0,1,0,0,0,0,0,0,0,0,0,0,0,0,0,0,0,0,0,0,0,0,0,0,1,0,0,0,0,0
1258,0,0,3,3,0,0,12,4,0,0,0,0,0,0,0,0,1,1,0,0,0,0,0,0,0,0,0,0,0,0,0,0,0,0,0,0,0,2,0,0,0,0,0,0,0,0,0,0,0,0,0,0,0,0,0,0,0,0,0,0,0,0,0,0,0,0,0,0,0,0,0,0,0,0,0,0
1259,0,6,32,9,2,1,20,9,0,0,0,2,0,0,0,0,0,2,0,1,0,0,3,0,1,0,0,0,0,1,2,0,0,0,0,0,0,1,0,0,0,2,0,0,0,0,0,0,0,0,0,0,1,0,0,0,0,1,1,0,0,0,0,1,0,0,0,0,0,0,0,0,0,0,0,0
1260,0,1,8,4,0,4,6,1,1,1,0,4,0,0,0,1,0,2,1,0,0,1,5,0,0,0,0,0,0,0,0,0,0,0,0,0,0,1,0,0,0,0,0,0,0,0,0,0,0,0,0,0,0,0,0,0,0,0,0,0,0,1,0,0,0,0,0,0,0,0,0,0,0,0,0,0
1261,0,5,6,2,0,7,6,0,2,0,0,2,0,0,0,0,0,2,0,0,0,0,0,0,1,0,0,1,0,0,0,0,0,0,0,0,0,1,0,0,0,2,0,0,0,0,0,0,0,0,0,0,2,0,0,0,0,1,0,0,0,0,0,0,0,0,0,0,0,0,0,0,0,0,0,0
1262,0,2,23,15,0,2,4,1,1,2,0,5,0,0,0,2,0,0,0,0,0,0,0,0,0,1,0,1,0,0,0,0,0,0,1,0,0,0,0,0,0,0,0,0,0,0,0,0,0,0,0,0,0,0,0,0,0,0,0,1,0,0,0,0,0,0,0,0,0,0,0,0,0,0,0,0
1264,0,4,9,4,0,0,5,6,1,1,0,5,0,0,0,0,0,0,0,2,1,0,1,0,0,2,0,2,0,1,0,3,0,0,0,2,0,1,0,1,0,0,0,0,0,0,0,0,0,0,0,0,0,0,0,0,0,1,0,0,0,0,0,0,0,0,0,0,0,0,0,0,0,0,0,0
1265,0,1,21,14,0,1,3,3,2,1,0,0,0,0,0,1,0,1,1,0,0,1,2,0,1,0,0,0,0,0,0,0,1,0,0,0,0,2,0,0,0,1,0,0,0,0,0,0,0,0,0,0,2,0,0,0,0,0,0,0,0,0,0,0,0,0,0,0,0,0,0,0,0,0,0,0
1266,0,3,25,6,1,4,7,5,0,4,0,7,0,0,0,1,1,0,0,0,1,1,2,0,0,1,0,0,0,0,0,0,0,0,0,0,0,1,0,1,0,6,0,0,0,0,0,0,0,0,0,1,0,0,0,0,0,1,0,0,1,0,0,0,1,0,0,0,0,1,0,0,0,0,0,0
1267,0,1,13,1,0,4,10,7,0,3,0,2,0,0,0,3,2,7,0,1,0,0,0,0,1,0,0,0,0,0,0,0,0,0,0,0,0,1,0,0,0,0,1,0,0,0,0,0,0,0,0,0,3,0,0,0,0,0,0,1,0,0,0,0,0,0,0,0,0,0,0,0,0,0,0,0
1268,0,5,20,12,0,3,16,5,2,3,0,0,0,0,0,1,0,2,0,1,0,1,1,0,0,0,1,0,0,0,1,1,1,0,0,0,0,2,0,0,0,0,0,0,0,0,0,1,0,0,0,0,0,0,0,0,0,0,1,1,0,1,0,0,0,0,0,0,0,0,0,0,0,0,0,0
1269,0,1,27,12,0,2,11,7,1,2,0,5,0,0,0,3,1,3,0,0,0,1,5,0,1,0,0,0,0,0,0,0,1,0,0,0,0,0,0,0,0,1,0,0,0,0,0,0,0,0,0,0,0,0,0,0,0,0,0,1,0,0,0,0,0,0,0,0,0,0,1,0,0,0,0,0
1270,0,4,18,7,0,3,9,2,2,5,0,2,0,0,0,3,2,5,1,0,0,0,0,0,0,1,0,0,0,0,0,0,0,0,0,0,0,0,0,0,0,4,0,0,0,0,0,0,0,0,0,0,0,0,0,0,0,0,0,0,0,0,0,0,2,0,0,0,0,0,0,0,0,0,0,0
1271,0,3,7,5,0,0,0,0,0,1,0,4,0,0,0,1,0,0,0,0,0,0,0,0,0,0,0,0,0,0,0,0,0,0,0,0,0,0,0,0,0,0,0,0,0,0,0,0,1,0,0,0,0,0,0,0,0,0,0,0,0,0,0,0,0,0,0,0,0,0,0,0,0,0,0,0
1292,0,2,17,8,0,2,17,1,1,0,0,5,1,0,0,0,1,1,0,0,0,0,2,0,1,0,1,1,0,0,1,1,0,1,0,0,0,4,0,0,0,0,0,0,0,0,0,0,0,0,0,0,0,0,0,0,0,0,0,1,0,0,0,0,0,0,0,0,0,0,0,0,0,0,0,0
1293,0,1,8,7,0,0,14,1,0,2,0,3,0,0,0,0,0,2,0,0,0,0,1,0,0,0,0,0,0,0,0,1,1,0,0,0,0,0,1,0,0,0,1,0,0,0,0,1,0,0,0,0,0,0,0,0,0,0,1,0,0,0,0,0,0,0,0,0,0,0,0,0,0,0,0,0
1294,0,2,1,3,0,0,5,1,2,0,0,1,0,0,0,1,0,2,0,0,0,0,2,0,0,0,0,0,0,0,0,0,0,0,0,0,0,0,0,0,0,2,0,0,0,0,0,0,0,0,0,0,0,0,0,0,0,0,0,0,0,0,0,0,0,0,0,0,0,0,0,0,0,0,0,0
1295,0,1,12,5,0,4,27,9,0,0,0,2,0,0,1,2,1,1,0,1,0,0,7,0,1,1,0,0,0,0,1,0,0,0,0,0,0,1,0,0,0,4,0,0,0,0,0,0,0,0,0,0,0,0,0,0,0,0,1,0,0,0,0,0,0,0,0,0,0,0,0,0,0,0,0,0
1296,2,2,16,9,0,1,1,7,0,0,0,5,0,0,0,0,1,0,1,0,0,0,0,0,0,0,0,6,0,0,0,2,0,0,0,0,0,0,0,2,0,1,0,0,0,0,0,0,0,1,0,0,0,0,0,0,0,0,2,0,0,0,0,0,0,0,0,0,0,0,0,0,0,0,0,0
1298,0,5,22,13,0,2,5,4,0,1,0,2,0,0,0,2,1,1,0,0,0,0,1,0,0,0,0,0,0,0,0,1,2,0,0,0,0,4,0,0,0,0,0,1,0,0,0,0,0,0,0,0,0,0,0,0,0,0,0,0,0,1,0,0,0,0,0,0,0,0,0,0,0,0,0,0
1299,0,3,26,8,0,4,3,2,0,3,0,4,0,0,0,2,3,2,1,2,0,0,0,0,0,2,1,0,0,0,2,1,0,0,0,0,0,3,0,0,0,0,0,0,0,0,0,0,0,0,0,0,1,0,0,0,0,0,0,0,0,0,0,0,0,0,0,0,0,0,0,0,0,0,0,0
1300,1,1,7,0,0,4,10,1,1,1,0,3,0,0,0,2,2,5,0,1,0,1,0,0,0,0,0,1,0,0,1,0,0,0,0,0,1,1,0,0,1,0,0,0,0,0,0,0,2,0,0,0,1,0,0,0,0,0,0,1,0,0,0,0,0,0,0,0,0,0,0,0,0,0,0,0
1301,0,7,25,8,0,6,26,5,7,5,0,4,0,0,0,1,3,2,0,0,0,0,8,0,0,0,2,1,0,0,2,0,0,0,0,0,0,5,0,0,0,2,0,0,2,0,0,0,0,0,0,0,3,0,0,0,0,2,1,0,0,0,0,1,0,0,0,0,0,0,0,0,0,0,0,0
1302,0,1,1,4,0,1,3,1,0,4,0,0,0,0,0,1,1,0,0,0,0,0,2,0,0,0,0,0,0,0,1,1,0,0,0,0,0,0,0,0,0,1,0,0,0,0,0,0,0,0,0,0,0,0,0,0,0,0,0,2,0,0,0,0,0,0,0,0,0,0,0,0,0,0,0,0
1303,0,1,8,4,0,2,12,3,1,4,0,3,0,0,0,1,2,1,0,1,0,0,1,0,0,0,0,1,0,1,0,0,0,0,0,0,0,2,0,0,0,1,0,0,0,0,0,0,0,0,0,0,0,0,0,0,0,0,1,0,0,0,0,0,0,0,1,0,0,0,0,0,0,0,0,0
1336,0,4,10,6,0,0,0,0,0,0,0,3,0,0,0,0,0,2,0,0,0,0,0,0,0,0,1,0,0,0,0,0,0,1,0,0,0,0,0,0,0,2,0,0,0,0,0,0,0,0,0,0,0,0,0,0,0,0,0,0,0,0,0,0,0,0,0,0,0,1,0,0,0,0,0,0
1337,0,8,17,10,0,5,20,13,0,3,0,5,0,0,0,1,2,0,0,0,0,0,2,0,0,0,0,0,0,0,0,1,1,0,0,0,0,2,0,0,0,3,0,0,0,0,0,0,0,0,0,0,1,0,0,0,0,1,0,0,0,2,0,0,0,0,0,0,0,0,0,0,1,0,0,0
1338,0,2,13,5,0,2,10,20,0,0,0,7,0,0,0,0,1,0,0,0,1,0,1,0,0,0,0,6,0,0,0,2,1,1,0,4,0,0,0,0,0,0,0,0,0,0,0,0,0,0,0,0,0,0,0,0,0,1,0,0,0,0,0,0,0,0,0,0,0,0,0,0,0,0,0,0
1340,0,4,15,19,0,3,5,2,2,0,0,0,0,0,0,0,0,3,0,1,0,2,1,0,0,0,0,1,0,0,0,0,0,0,0,0,0,2,0,1,0,1,0,0,0,0,0,0,0,0,0,0,0,0,0,0,0,0,0,0,0,0,0,0,0,0,0,0,0,0,0,0,0,0,0,0
1341,0,0,5,0,0,3,0,0,0,1,0,0,0,0,0,6,0,0,2,0,0,0,2,0,0,0,0,0,0,2,0,1,0,0,0,0,0,0,0,0,0,2,0,0,0,0,0,0,0,0,0,0,0,0,0,0,0,0,0,0,0,0,0,0,0,0,0,0,0,0,0,0,0,0,0,0
1342,1,3,19,10,0,7,6,2,3,2,0,3,0,0,0,1,2,0,0,0,0,0,0,0,0,0,1,1,0,0,4,0,0,0,0,0,0,2,0,0,0,1,0,0,0,0,0,0,0,0,0,0,0,0,0,0,0,0,0,0,0,0,0,0,1,0,0,0,0,0,0,0,0,0,0,0
1343,0,4,11,7,0,0,3,1,3,0,0,0,0,0,0,0,0,0,0,0,0,0,1,0,0,0,0,0,0,0,0,0,0,0,0,0,0,1,0,0,0,0,0,3,0,0,0,0,0,0,0,0,1,0,0,0,0,0,0,0,0,0,0,0,0,0,1,0,0,0,0,0,0,0,0,0
1344,0,3,4,4,0,1,4,28,0,0,0,11,0,0,1,0,0,0,0,1,2,0,0,1,0,0,0,3,0,0,0,4,0,0,0,0,0,1,0,0,1,3,1,0,0,0,0,0,0,0,0,0,2,3,0,0,0,0,1,0,0,0,0,0,0,0,0,0,0,0,0,0,0,0,0,0
1346,0,7,11,4,0,1,24,17,0,7,0,0,0,0,0,3,0,5,0,0,0,0,2,0,0,0,0,0,0,1,0,0,0,0,0,0,0,1,1,0,0,1,0,0,0,0,0,0,0,0,0,0,1,0,0,0,0,0,1,0,0,0,0,0,0,0,0,0,0,0,1,0,0,0,0,0
1347,0,1,3,8,0,3,10,7,1,4,0,0,1,0,0,1,2,1,0,0,0,0,5,0,1,0,0,1,0,0,1,1,0,0,0,0,0,2,0,0,1,0,0,0,0,0,0,0,0,0,0,0,0,0,0,0,0,0,0,0,0,0,0,0,0,0,0,0,0,0,0,0,0,0,0,0
1348,0,1,4,0,0,0,0,1,0,0,1,1,0,1,0,0,0,0,0,0,0,0,0,0,1,3,0,1,0,1,0,2,0,0,0,0,3,0,0,0,0,0,0,1,0,0,0,0,0,0,0,7,0,0,0,0,0,0,1,0,0,0,0,0,0,0,0,0,0,2,0,0,0,0,0,0
1349,2,2,11,11,0,2,14,5,1,3,0,3,0,1,0,1,1,3,0,1,0,0,0,0,1,3,0,0,0,1,0,3,2,0,0,1,0,0,0,0,0,0,0,0,1,0,0,0,0,0,0,13,3,1,0,0,0,0,2,0,0,0,0,0,0,0,0,0,0,0,1,0,0,0,0,0
1350,0,7,19,13,0,6,14,3,0,2,0,2,0,0,0,1,2,5,0,0,0,0,3,0,0,1,1,0,0,0,0,0,2,0,0,0,0,0,1,0,0,3,0,0,0,0,0,1,0,0,0,1,0,0,0,0,0,0,0,0,0,0,0,0,0,0,0,0,0,0,0,0,0,0,0,0
1351,0,10,30,16,0,9,33,2,3,1,0,0,0,0,1,2,2,3,0,1,0,1,2,1,0,0,0,1,0,2,2,0,2,0,0,0,0,4,2,1,0,5,0,0,0,0,1,0,0,0,0,1,1,0,0,0,0,2,1,0,0,0,0,0,0,0,0,0,0,0,0,0,0,0,0,0
1353,0,1,3,1,0,6,9,6,0,1,0,1,0,0,0,0,0,3,0,0,0,0,1,0,2,0,0,0,1,0,0,0,0,0,0,0,1,1,0,0,0,3,0,0,0,0,0,0,0,0,0,0,1,0,0,0,0,2,1,1,0,0,0,0,0,0,0,0,0,0,0,0,0,0,0,0
1354,0,0,7,2,0,0,3,2,1,0,0,0,0,0,0,0,1,2,0,1,0,0,3,0,0,1,0,0,0,1,0,0,0,0,0,0,0,0,0,0,0,0,0,0,0,0,0,0,0,0,0,0,2,0,0,0,0,0,0,0,0,0,0,0,0,0,0,0,0,0,0,0,0,0,0,0
1355,0,1,9,5,0,0,8,2,0,0,0,9,0,0,0,0,2,3,0,0,0,1,0,0,0,0,0,0,0,0,0,0,0,0,0,0,0,0,0,0,0,0,0,0,0,0,0,0,0,0,0,0,0,0,0,0,0,0,0,0,0,0,0,0,0,0,0,0,0,0,0,0,0,0,0,0
1356,0,3,10,8,0,0,0,8,0,0,0,1,0,1,0,0,0,0,0,0,0,0,0,2,0,2,1,2,0,0,1,2,0,0,0,2,0,0,1,0,0,0,0,0,0,0,0,0,0,0,0,3,1,0,0,0,0,0,1,0,0,0,0,0,0,0,0,0,0,0,0,0,0,0,0,0
1373,0,5,15,9,0,2,9,23,1,2,0,14,0,0,0,1,0,2,0,0,7,0,0,5,0,0,0,5,0,0,0,4,1,2,0,10,0,0,0,0,0,1,0,0,0,0,0,0,0,0,0,0,0,0,0,0,0,0,2,0,0,0,0,2,0,0,1,0,0,0,0,0,0,0,0,0
1374,0,13,33,26,0,6,34,11,6,3,0,4,0,0,0,4,6,2,0,2,0,0,1,0,1,0,0,0,0,0,0,1,0,0,0,0,0,1,0,0,0,5,0,1,0,0,0,1,0,0,0,0,2,0,0,0,0,0,1,0,0,0,0,0,0,0,1,0,0,0,0,0,0,0,0,0
1375,0,0,0,0,0,6,9,5,0,2,0,2,0,0,0,0,0,1,1,0,0,0,3,0,0,0,0,0,0,0,0,0,0,0,0,0,0,0,0,0,0,1,0,0,0,0,0,0,0,0,0,0,1,0,0,0,0,1,0,0,0,0,0,0,0,0,0,0,0,0,0,0,0,0,0,0
1376,0,0,6,2,0,0,2,3,0,0,0,1,0,0,0,0,2,0,0,0,0,0,0,0,0,2,0,0,0,0,2,0,0,0,0,0,0,0,0,0,0,0,0,0,0,0,0,0,1,0,0,0,0,0,0,0,0,0,0,0,0,0,0,0,0,0,0,0,0,0,0,0,0,0,0,0
1379,0,0,1,0,0,1,10,1,0,1,0,1,0,0,0,1,2,1,1,0,0,1,2,0,0,0,0,0,0,0,0,0,0,0,0,0,0,1,0,0,0,2,0,0,0,0,0,0,0,0,0,0,0,0,0,0,0,0,0,0,0,0,0,0,0,0,0,0,0,0,0,0,0,0,0,0
1380,0,7,12,2,0,3,10,6,0,3,0,3,1,0,0,1,1,0,0,1,0,2,6,0,3,0,2,2,0,0,0,1,0,0,0,0,0,1,0,0,0,1,2,0,0,0,0,0,0,0,0,0,2,0,0,0,0,0,0,0,0,0,0,0,0,0,0,0,0,0,0,0,0,0,0,0
1381,0,1,3,0,0,2,5,3,0,1,0,0,0,0,0,2,0,2,2,1,0,1,5,0,0,1,0,0,0,0,0,1,0,0,0,0,0,2,0,1,0,2,0,0,0,0,0,0,0,0,0,0,0,0,0,0,0,0,1,0,0,0,0,0,0,0,0,0,0,0,0,0,0,0,0,0
1382,0,1,3,0,0,1,10,4,2,2,0,1,0,0,0,1,0,1,0,0,0,1,5,1,0,0,2,0,0,0,0,0,0,0,0,0,0,0,0,0,0,3,1,0,0,0,0,0,0,0,0,0,0,0,0,0,0,0,1,1,0,1,0,0,0,0,1,0,0,0,0,0,0,0,0,0
1383,7,5,15,13,22,1,1,5,1,3,0,6,0,0,0,1,2,3,1,1,0,1,1,0,1,0,0,3,0,0,0,1,0,0,0,4,0,1,0,0,0,3,0,0,0,0,1,0,0,0,2,0,3,0,0,0,1,0,0,0,0,1,0,1,0,0,0,0,0,0,0,0,0,0,0,0
1384,0,2,15,11,0,4,14,2,0,1,0,3,0,0,0,4,1,5,0,3,0,0,1,0,0,1,0,0,0,0,0,1,1,0,1,0,0,2,1,0,0,2,0,0,0,0,0,0,0,0,0,0,7,0,0,0,0,0,0,0,0,0,0,0,0,0,0,0,0,0,0,0,0,0,0,0
1385,0,0,0,2,0,1,7,7,0,1,0,2,0,0,0,1,0,0,0,0,0,0,0,0,0,2,0,0,0,1,0,0,0,0,0,0,0,0,1,0,2,0,0,0,0,0,0,0,0,0,0,8,0,0,0,0,0,0,0,0,0,0,0,0,0,0,0,0,0,0,0,0,0,0,0,0
1386,0,5,2,5,0,1,9,5,5,2,0,4,0,0,0,1,1,1,0,0,0,0,4,0,0,0,0,0,0,0,0,0,0,0,0,0,1,3,0,0,0,6,0,0,0,0,0,0,0,0,0,0,0,0,0,0,1,0,1,0,0,0,0,0,0,0,0,0,0,0,0,0,0,0,0,0
1387,0,0,4,1,0,4,7,1,0,3,0,1,0,0,0,0,1,1,0,0,0,0,2,0,0,0,0,0,0,0,0,0,0,0,0,0,0,1,1,0,0,4,0,0,0,0,0,1,0,0,0,0,2,0,0,0,0,0,0,0,0,0,0,0,0,0,0,0,0,0,0,0,0,0,0,0
1388,0,1,5,8,0,0,4,1,1,0,0,0,0,0,0,1,0,2,0,0,0,0,1,0,0,0,0,0,0,0,0,0,1,1,0,0,0,1,0,0,0,0,0,0,0,0,0,0,0,0,0,0,0,0,0,0,0,0,1,0,0,0,0,0,0,0,0,0,0,0,0,0,0,0,0,0
1389,0,0,4,1,0,5,11,1,3,3,0,8,1,0,1,2,3,2,0,0,0,2,1,0,0,1,1,0,0,0,0,0,0,0,0,0,0,4,0,0,0,7,0,0,0,0,0,0,0,0,0,0,0,0,0,0,0,1,0,0,0,0,0,0,0,0,0,0,0,0,0,0,0,0,0,0
1390,0,2,2,0,0,0,4,1,1,4,0,0,0,0,0,0,1,1,0,0,0,0,3,0,0,1,0,0,0,0,0,0,0,0,0,0,0,0,1,0,0,0,0,0,0,0,0,0,0,0,0,0,0,0,0,0,0,1,0,0,0,0,0,0,0,0,0,0,0,0,0,0,0,0,0,0
1391,0,11,33,21,0,9,11,7,1,4,0,8,0,0,0,4,3,2,0,0,0,0,5,2,0,0,4,0,0,0,0,0,1,0,0,0,0,1,0,0,0,6,0,0,1,0,0,2,0,0,0,0,3,0,0,0,0,2,1,0,0,0,0,0,0,0,0,0,0,0,0,0,0,0,0,0
1392,0,0,1,0,0,3,4,3,1,3,0,2,0,0,0,1,1,6,0,0,0,0,8,0,0,1,1,0,0,0,0,0,0,0,0,0,0,2,0,0,0,1,0,0,0,0,0,0,0,0,0,0,0,0,0,0,0,0,1,0,0,0,0,0,0,0,0,0,0,0,0,0,0,0,0,0
1395,0,3,25,7,1,0,2,1,1,1,0,2,1,0,0,1,0,6,0,1,0,1,0,0,0,1,1,0,0,0,1,0,0,0,1,0,0,0,0,0,0,6,3,2,0,0,0,2,0,0,0,0,1,0,0,0,0,0,0,0,0,0,0,0,0,0,0,0,0,0,0,0,0,0,0,0
1412,0,2,0,0,0,2,5,9,1,0,0,0,0,0,0,3,2,3,0,0,0,0,0,0,0,1,1,0,0,0,0,0,0,0,0,0,0,0,0,0,0,1,0,0,0,0,1,0,0,0,0,0,0,0,0,0,0,0,0,0,0,0,0,0,0,0,0,0,0,0,0,0,0,0,0,0
1413,2,8,22,10,0,7,8,3,0,4,0,4,0,0,1,3,1,0,0,1,0,0,0,0,0,1,0,0,0,0,1,0,0,0,0,0,0,1,0,0,0,2,0,0,0,0,0,0,1,0,0,0,0,0,0,0,0,0,0,0,0,0,0,0,0,0,0,0,0,0,0,0,0,0,0,0
1414,1,0,5,2,0,3,6,1,2,1,0,1,0,0,0,0,1,1,0,1,0,0,1,0,2,0,0,1,0,0,0,0,0,0,0,0,0,4,0,0,0,0,0,0,0,0,0,0,0,0,0,0,1,0,0,0,0,1,0,0,0,0,0,0,0,0,0,0,0,0,0,0,0,0,0,0
1415,0,5,19,8,0,5,13,14,0,3,0,4,0,1,0,1,1,0,0,2,0,0,0,0,0,4,1,0,0,2,3,2,1,0,0,1,1,1,1,0,0,3,0,0,0,0,0,0,0,0,0,3,3,1,0,0,0,0,0,0,0,0,0,0,0,0,0,0,0,0,0,0,0,0,0,0
1416,0,2,10,6,0,3,7,4,1,1,0,4,0,0,0,1,2,1,0,1,0,0,0,0,0,0,0,0,0,0,0,0,2,0,0,0,0,3,1,0,0,1,0,0,1,0,0,0,0,0,0,0,0,0,0,0,0,0,0,0,0,0,0,1,0,0,0,0,0,0,0,0,0,0,0,0
1417,0,3,17,8,0,3,19,3,0,7,0,1,1,0,0,0,4,3,1,0,1,0,3,0,0,0,0,0,0,0,0,0,0,0,0,0,0,1,0,0,0,4,1,0,0,0,0,0,0,0,0,0,1,0,0,0,0,0,0,0,0,0,0,0,0,0,0,0,0,0,0,0,0,0,0,0
1418,0,4,4,2,0,3,4,1,0,2,0,4,0,0,0,1,0,0,0,0,0,1,1,0,0,0,0,0,0,0,0,0,0,0,0,0,0,0,0,0,0,0,0,0,0,0,0,0,0,0,0,0,1,0,0,0,0,1,0,0,0,0,0,0,0,0,0,0,0,0,0,0,0,0,0,0
1419,0,2,9,5,0,4,23,7,0,1,0,4,0,0,0,3,3,4,0,0,0,0,6,0,1,0,0,0,0,1,1,1,0,0,0,1,0,0,1,2,0,11,0,0,1,0,0,0,0,0,0,0,2,0,0,0,0,0,0,0,0,2,0,0,0,0,0,0,0,0,0,0,0,0,0,0
1420,0,1,6,7,0,1,6,0,0,3,0,2,1,0,0,1,1,2,0,0,0,0,2,0,0,0,0,0,0,0,0,0,0,0,0,0,0,2,0,0,0,0,0,0,0,0,0,0,0,0,0,0,1,0,0,0,0,0,0,0,0,0,0,0,0,0,0,0,0,0,0,0,0,0,0,0
1421,0,7,23,12,0,10,14,4,0,0,0,2,0,0,1,6,3,4,1,2,0,1,1,0,1,1,1,2,0,1,0,0,1,0,0,0,0,6,1,0,0,1,0,0,0,0,0,0,0,0,0,0,0,0,0,0,0,1,0,1,0,2,0,0,0,0,0,0,0,0,0,0,0,0,0,0
1422,0,1,14,10,0,1,5,1,0,1,0,3,0,0,0,1,1,0,1,2,0,0,2,0,0,2,1,0,0,0,0,0,0,0,0,0,0,1,0,0,0,1,0,0,0,0,0,1,0,0,0,0,1,0,0,0,0,0,0,0,0,1,0,0,0,0,0,0,0,0,0,0,0,0,0,0
1423,0,9,43,14,0,7,18,11,3,6,0,7,0,0,1,5,1,6,1,1,0,1,5,1,0,0,2,1,0,1,0,0,1,0,0,0,0,2,0,0,0,4,0,2,2,0,0,2,0,0,0,0,0,0,0,0,0,0,0,1,0,0,0,0,0,0,0,1,0,0,1,0,0,0,0,0
1424,0,0,1,0,0,1,3,2,2,0,0,8,0,0,0,1,0,1,0,0,0,0,0,0,0,0,0,2,0,0,0,0,0,0,0,0,0,0,1,0,0,0,0,0,0,0,0,0,0,0,0,0,0,0,0,0,0,0,0,0,0,0,0,0,0,0,0,0,0,0,0,0,0,0,0,0
1425,1,3,13,11,0,6,9,10,1,4,0,1,0,0,0,0,1,1,0,2,0,0,3,0,0,0,0,1,0,1,0,0,0,0,0,0,0,3,0,0,0,7,2,1,0,0,0,0,0,0,0,0,1,0,0,0,0,1,0,0,0,0,0,0,0,0,0,0,0,0,0,1,0,0,0,0
1426,0,0,1,2,0,4,7,4,0,2,0,1,0,0,0,1,1,1,0,0,0,1,0,0,0,0,0,1,0,0,0,2,0,0,0,0,0,0,0,0,0,2,0,0,0,0,0,0,0,0,0,0,0,0,0,0,0,0,0,0,0,0,0,0,0,0,0,0,0,0,0,0,0,0,0,0
1427,0,3,17,5,0,8,10,8,1,0,0,3,0,0,0,1,1,2,0,1,0,0,1,0,0,0,0,0,0,0,0,0,1,0,0,0,0,0,1,0,0,2,1,0,0,0,0,1,0,0,0,0,3,0,0,0,0,1,0,0,0,1,0,0,0,0,0,0,0,0,1,0,1,0,0,0
1428,0,3,12,5,0,2,8,1,0,1,0,4,0,0,0,1,1,2,1,0,0,0,2,0,0,1,0,0,0,0,0,0,0,0,0,0,0,1,0,0,0,0,0,0,0,0,0,0,0,0,0,0,1,0,0,0,0,0,1,0,0,0,0,0,0,0,0,0,0,0,1,0,0,0,1,0
1429,0,6,17,12,0,0,0,7,0,0,0,0,0,0,3,1,1,1,0,0,0,1,0,0,1,9,2,3,0,11,0,10,0,0,0,3,0,0,0,0,0,2,0,0,1,0,0,0,0,0,0,0,1,0,0,0,0,0,0,0,0,0,0,0,0,0,0,0,0,0,0,0,0,0,0,0
1450,0,1,12,0,0,3,27,8,2,4,0,0,0,0,0,5,1,3,1,4,0,0,2,0,0,0,0,0,0,0,0,0,1,0,0,0,0,4,0,1,0,1,0,0,0,0,0,0,0,0,0,0,1,0,0,0,0,0,0,0,0,0,0,0,0,0,0,0,0,0,0,0,0,0,0,0
1451,0,2,17,11,0,6,18,4,2,0,0,7,0,0,0,0,1,2,0,0,0,0,1,0,1,0,0,0,0,1,1,0,0,0,0,0,0,1,0,0,0,3,0,0,0,0,0,0,0,0,0,0,1,0,0,0,0,0,0,0,0,1,0,0,0,0,0,0,0,0,0,0,0,0,0,0
1452,4,3,19,16,18,6,24,30,4,0,0,8,0,1,1,4,2,1,0,0,0,1,2,1,1,2,1,2,0,0,2,5,1,0,0,6,1,2,0,0,0,6,0,0,0,0,0,1,0,0,0,3,0,0,2,0,0,0,2,1,0,0,0,2,0,0,0,0,0,0,1,0,0,0,0,0
1453,0,1,15,3,0,5,10,2,2,1,0,2,0,0,0,1,1,0,1,1,0,0,0,0,0,0,3,0,0,1,0,0,0,1,0,0,0,0,0,0,0,0,0,0,0,0,0,0,0,0,0,0,0,0,0,0,0,0,0,0,0,0,0,0,0,0,0,0,0,0,0,0,0,0,0,0
1454,1,0,0,0,0,3,13,4,0,1,0,0,0,0,0,0,1,2,0,1,0,0,1,0,0,0,0,1,0,0,0,0,1,1,0,0,0,0,0,0,0,1,0,0,0,0,0,1,0,0,0,0,0,0,0,0,0,0,0,0,0,0,0,0,1,0,0,0,0,0,0,0,0,0,0,0
1455,0,8,17,15,0,3,25,5,3,1,0,1,1,0,0,2,1,1,0,1,0,0,5,0,0,0,0,1,0,0,0,1,1,2,0,0,0,2,2,1,0,3,0,0,0,0,0,0,0,0,0,4,3,0,0,0,0,0,1,0,0,1,0,0,0,0,0,0,0,0,0,0,0,0,1,0
1456,0,6,20,13,0,4,8,3,3,1,0,2,0,0,0,0,0,2,0,0,0,0,3,0,0,1,0,0,0,0,0,0,0,0,0,0,0,1,1,0,0,2,0,0,0,0,0,0,0,0,0,0,0,0,0,0,0,1,0,1,0,0,0,0,0,0,0,0,0,0,0,0,0,0,1,0
1457,0,2,20,9,0,9,17,11,3,4,0,4,0,0,1,0,1,3,0,2,0,0,1,0,0,0,0,0,0,1,1,0,1,0,0,0,0,3,0,0,0,3,0,0,0,0,0,0,0,0,0,0,1,0,0,0,0,0,1,0,0,0,0,0,0,0,0,0,0,0,0,0,0,0,0,0
1459,0,0,4,1,1,4,16,4,1,10,0,3,0,0,0,3,1,1,0,0,0,1,0,0,0,0,1,0,0,0,1,0,0,1,0,0,0,2,1,0,0,5,0,0,0,0,0,1,0,0,0,0,0,0,0,0,0,0,0,0,0,0,0,0,0,0,0,0,0,0,0,0,0,0,0,0
1460,0,5,13,7,0,6,16,10,0,1,0,4,0,0,0,1,0,4,0,2,0,0,2,0,2,1,1,0,0,0,1,0,0,0,0,0,0,5,1,0,0,2,1,0,0,0,0,0,0,0,0,0,1,0,0,0,0,0,0,0,0,0,0,0,1,0,0,0,0,0,0,0,0,0,0,0
1461,0,2,15,14,0,0,1,0,0,0,0,5,0,0,0,1,1,1,1,0,0,0,0,0,0,0,0,1,0,0,0,0,0,0,0,0,0,0,0,0,0,0,0,0,0,0,0,0,0,0,0,0,0,0,0,0,0,0,0,0,0,0,0,0,0,0,0,0,0,0,0,0,0,0,0,0
1462,0,3,11,5,0,3,12,4,2,0,0,1,0,0,0,1,1,3,1,0,0,1,3,0,1,1,1,0,0,0,0,0,0,0,0,0,1,2,1,0,0,5,1,0,0,0,0,1,0,0,0,0,0,0,0,0,0,2,0,1,0,0,0,0,0,0,0,0,0,0,0,0,0,0,1,0
1463,2,2,17,8,0,0,4,6,0,0,0,1,0,0,0,0,1,1,0,0,0,0,1,0,1,0,0,7,0,0,0,0,1,0,0,3,0,0,0,0,0,0,0,0,0,0,0,0,0,0,0,0,0,0,0,0,0,1,0,0,0,0,0,0,0,0,0,0,0,0,0,0,0,0,0,0
1464,0,8,6,7,0,1,7,5,2,5,0,1,0,0,0,1,0,2,0,0,0,0,2,0,0,0,0,0,0,1,0,0,0,0,0,0,0,1,0,0,2,1,0,0,0,0,0,0,0,0,0,0,0,0,0,0,0,0,0,1,0,0,0,0,0,0,0,0,0,0,0,0,0,0,0,0
1465,0,7,34,13,0,1,6,11,2,2,0,2,1,0,0,1,1,5,1,0,0,0,2,0,0,0,0,3,0,0,0,2,1,0,0,0,0,2,1,0,0,6,0,0,0,0,1,0,0,0,0,0,0,0,0,0,0,0,0,0,0,0,0,0,0,0,2,0,0,0,0,0,0,0,0,0
1466,0,2,16,6,0,0,3,3,0,1,0,1,1,0,0,0,0,1,0,0,0,0,0,0,0,1,0,1,0,0,0,0,0,2,0,0,0,0,0,0,0,0,0,0,0,0,0,0,0,0,0,0,1,0,0,0,0,0,0,0,0,0,0,0,0,0,0,0,0,0,0,0,0,0,0,0
1467,0,0,0,1,0,1,4,5,1,2,0,1,0,0,0,2,0,0,0,0,0,0,0,0,0,0,0,0,0,0,2,0,0,0,0,0,0,0,1,0,0,4,0,0,0,0,0,0,0,0,0,0,0,0,0,0,0,0,0,0,0,0,0,0,2,0,0,0,0,0,0,0,0,0,1,0
1468,0,2,7,3,0,1,0,17,0,2,0,1,0,0,0,1,0,1,0,1,0,0,0,1,0,0,0,7,0,0,0,4,1,0,0,5,0,1,1,0,0,3,0,0,0,0,0,0,0,0,0,0,0,0,0,0,0,0,0,0,0,0,0,1,0,0,0,0,0,0,1,0,0,0,0,0
1492,0,1,1,0,0,0,6,3,0,0,0,0,0,0,0,4,0,1,0,0,0,0,0,0,0,0,0,0,0,0,0,1,0,0,0,0,0,2,0,0,1,0,0,0,0,0,0,0,0,0,0,0,3,0,0,0,0,0,0,0,0,2,0,0,0,0,0,0,0,0,1,0,0,0,0,0
1493,1,3,10,4,0,0,1,0,4,0,1,2,0,1,0,0,0,0,0,0,0,0,0,0,0,0,0,0,0,1,0,0,1,0,0,0,0,1,0,0,0,0,0,0,0,0,0,0,1,0,0,4,0,0,0,0,0,0,1,0,0,0,0,0,0,0,0,0,0,0,0,0,0,0,0,0
1494,0,2,9,1,0,1,13,3,1,2,0,1,0,0,0,1,2,2,0,0,0,1,0,0,0,0,0,0,0,0,0,0,0,0,0,0,0,1,0,0,0,0,0,0,0,0,0,0,0,0,0,0,2,0,0,0,0,0,0,0,0,0,0,0,0,0,0,0,0,0,0,0,1,0,0,0
1496,0,2,17,8,1,6,11,7,1,2,0,8,0,0,0,1,1,2,0,0,0,0,3,0,1,0,0,0,0,0,1,0,0,0,0,0,0,1,0,0,0,0,0,0,0,0,0,0,1,0,0,0,2,0,0,0,0,0,0,0,0,0,0,0,0,0,0,0,0,0,0,0,0,0,0,0
1498,0,2,11,4,0,2,7,2,0,1,0,3,0,0,0,0,1,0,0,0,0,0,0,0,0,0,0,0,0,0,0,0,0,0,0,0,0,1,0,0,0,0,0,0,0,0,0,0,0,0,0,0,0,0,0,0,0,0,0,0,0,0,0,0,0,0,0,0,0,0,0,0,0,0,0,0
1499,0,1,2,4,0,0,8,4,1,2,0,0,0,0,2,0,2,2,0,0,1,0,0,0,0,1,1,0,0,0,0,0,1,0,0,0,0,0,0,0,0,0,0,0,0,0,0,0,0,0,0,0,0,0,0,0,0,0,0,0,0,0,0,0,0,0,0,0,0,0,0,0,0,0,0,0
1500,0,2,22,7,0,5,9,5,1,3,0,4,0,0,0,1,4,6,0,0,0,0,3,0,0,1,1,0,0,0,0,0,0,0,0,0,0,5,0,0,0,8,1,0,0,0,0,1,0,0,0,0,1,0,0,0,0,0,0,0,0,0,0,0,0,0,0,0,0,0,0,0,0,0,0,0
1501,0,5,27,10,0,1,11,4,1,3,0,5,0,0,0,1,0,0,0,0,0,0,3,0,0,0,0,0,0,0,0,0,0,1,0,0,0,1,0,0,0,0,0,2,0,0,0,0,0,0,0,0,1,0,0,0,0,0,0,0,0,0,0,0,1,0,0,0,0,0,0,0,0,0,0,0
1502,0,0,6,2,0,1,2,3,0,0,0,1,0,0,0,1,0,1,0,0,0,0,2,0,0,0,0,0,0,0,0,0,0,0,0,0,0,1,0,0,0,0,0,0,0,0,0,0,0,0,0,0,0,0,0,0,0,0,0,0,0,1,0,0,0,0,0,0,0,0,0,0,0,0,0,0
1503,0,2,15,14,0,1,14,3,0,6,0,4,0,0,0,0,0,7,0,0,0,0,2,0,1,0,0,0,0,0,0,0,0,0,0,0,1,3,0,0,0,0,0,0,0,0,0,0,0,0,0,0,1,1,0,0,0,1,0,0,0,1,0,0,0,0,0,0,0,0,0,0,0,0,0,0
1504,1,0,31,10,0,5,28,15,3,8,0,5,0,0,0,5,4,1,0,1,0,1,11,0,0,1,3,0,0,0,0,2,0,2,0,0,0,7,1,0,0,9,0,0,0,0,0,0,1,0,0,0,2,0,0,0,1,1,0,0,0,1,0,0,2,0,0,0,0,0,1,0,0,0,0,0
1505,0,5,11,13,0,1,10,4,1,1,0,2,0,0,0,0,1,0,0,0,0,1,2,0,3,0,0,2,0,0,0,0,0,0,0,0,0,1,0,0,0,1,0,0,0,0,0,0,0,0,0,0,2,0,0,0,0,0,1,0,0,0,0,0,0,0,0,0,0,0,0,0,0,0,0,0
1506,0,1,12,5,0,0,2,2,0,2,0,0,0,0,0,1,2,2,0,0,1,0,3,0,0,0,1,1,0,0,0,0,0,0,0,0,0,0,0,0,0,1,1,1,0,0,0,1,0,0,0,0,0,0,0,0,1,0,0,0,1,0,1,0,0,0,0,0,0,0,0,0,0,0,0,0
1535,0,8,10,7,1,4,16,7,1,2,0,2,0,0,0,1,0,2,0,1,1,1,0,0,0,0,1,0,0,0,0,1,1,0,0,0,0,3,0,0,0,1,0,0,0,0,0,1,0,0,0,0,1,0,0,0,0,0,1,0,0,1,0,0,0,0,0,0,0,0,0,0,3,0,0,0
1536,0,4,19,3,0,1,21,8,0,4,0,6,0,0,0,0,2,2,0,0,0,0,1,0,1,0,0,3,0,0,1,3,1,0,0,0,0,4,0,0,0,4,2,0,0,0,0,0,0,0,0,0,0,0,0,0,0,0,1,0,0,0,0,0,0,0,0,0,0,0,0,0,0,0,0,0
1537,1,7,50,37,0,11,60,31,7,11,0,1,1,0,0,7,10,6,0,0,0,2,8,0,2,1,2,0,0,0,2,0,1,1,0,1,0,10,1,0,0,8,2,1,0,0,0,1,0,0,0,0,4,0,0,0,0,1,1,1,0,1,0,0,0,0,0,0,0,0,0,0,0,0,0,0
1538,0,0,20,14,0,2,26,8,4,4,0,3,0,0,0,1,3,3,0,1,0,1,6,0,0,0,0,1,0,0,1,1,0,0,0,0,0,4,0,0,0,5,0,2,0,0,1,0,0,0,0,1,2,0,0,0,0,0,0,0,0,0,0,0,0,0,0,0,0,0,0,0,0,0,0,0
1539,1,6,11,2,0,3,14,2,1,5,0,4,0,2,0,2,2,0,1,1,0,0,2,0,0,1,0,4,1,0,1,3,0,1,0,2,1,4,2,0,0,5,0,1,0,0,0,0,1,0,0,2,0,2,0,0,0,0,0,0,0,2,0,0,0,0,0,0,0,1,1,0,0,0,1,0
1540,0,2,0,1,0,0,12,4,0,2,0,1,0,0,0,0,0,0,0,0,0,0,1,0,0,0,0,0,0,0,0,0,1,0,0,0,0,0,0,0,0,1,0,0,0,0,0,0,0,0,0,0,0,0,0,0,0,0,0,0,0,0,0,0,0,0,0,0,0,0,0,0,0,0,0,0
1541,0,5,6,2,0,6,14,1,0,0,0,1,0,0,0,1,0,2,0,1,0,0,1,0,0,0,1,0,0,0,1,0,0,1,0,0,0,2,0,0,0,5,0,0,0,0,0,0,0,0,0,0,0,0,0,0,0,0,0,0,0,0,0,0,0,0,0,0,0,0,0,0,0,0,0,0
1542,0,0,3,2,0,5,14,2,0,3,0,4,0,0,1,0,0,2,0,0,0,1,1,0,0,0,0,1,0,0,0,0,0,0,0,0,0,2,0,0,0,1,0,0,0,0,0,0,0,0,0,0,0,0,0,0,0,0,0,0,0,0,0,0,0,0,0,0,0,0,0,0,0,0,0,0
1543,0,4,20,7,0,0,4,1,2,0,0,6,0,0,0,3,0,0,0,1,0,0,0,0,0,0,0,1,0,0,0,1,0,0,0,0,2,0,0,0,0,0,1,0,0,0,0,0,1,0,0,0,0,0,0,0,0,0,1,0,0,0,0,0,0,0,0,0,0,0,0,0,0,0,0,0
1544,0,2,15,6,0,0,13,4,1,0,0,1,0,0,0,0,1,2,0,1,0,1,0,0,0,0,1,1,0,0,2,1,0,0,0,0,0,0,0,0,0,2,0,0,0,0,0,1,0,0,0,0,1,0,0,0,0,1,0,0,0,0,0,0,0,0,0,0,0,0,0,0,0,0,0,0
1545,0,3,12,8,0,1,16,2,0,1,0,5,0,0,0,0,0,1,0,0,0,0,1,0,0,1,1,0,0,0,0,0,2,0,0,0,0,2,0,0,0,3,0,0,0,0,0,0,0,0,0,0,2,0,0,0,0,0,0,0,0,0,0,0,0,0,0,0,0,0,0,0,0,0,0,0
1546,0,0,2,0,0,3,8,1,3,4,0,2,0,0,0,1,1,1,0,0,0,0,3,0,1,0,1,0,0,0,2,0,0,0,0,0,0,2,0,0,0,2,0,0,0,0,0,0,0,0,0,0,3,0,0,0,0,0,0,0,0,0,0,0,0,0,0,0,0,0,0,0,0,0,0,0
1547,0,1,9,4,0,3,14,1,1,0,0,2,0,0,0,1,1,2,0,3,0,0,3,0,1,0,1,1,0,0,0,1,1,0,0,0,0,1,0,1,0,4,1,0,0,1,0,0,0,0,0,0,0,0,0,0,0,0,0,0,0,0,0,0,1,0,0,0,0,0,0,0,0,0,0,0
1548,0,0,17,1,0,0,0,1,2,0,0,0,0,0,0,2,0,1,0,0,0,0,1,0,0,0,0,0,0,0,0,0,0,0,0,0,0,0,0,0,0,0,0,0,0,0,0,0,0,0,0,0,0,0,0,0,0,0,0,1,0,0,0,0,0,0,0,0,0,0,0,0,0,0,0,0
1549,0,1,0,2,0,0,11,7,0,1,0,0,0,0,0,0,0,1,0,0,0,0,1,0,0,0,0,0,0,0,0,0,0,1,0,0,0,0,0,0,0,4,0,0,0,0,0,0,0,0,0,0,0,0,0,0,0,1,0,0,0,0,0,0,0,0,0,0,0,0,0,0,0,0,0,0
1552,1,2,4,2,0,1,2,16,0,0,0,5,0,0,0,0,0,0,0,0,0,0,0,1,0,0,0,3,0,0,0,6,0,0,0,3,0,0,0,0,0,0,1,0,0,0,0,0,0,0,0,0,0,0,1,0,0,0,0,0,0,0,0,0,0,0,0,0,0,0,0,0,0,0,0,0
1553,0,4,8,3,0,3,3,4,0,1,0,1,0,0,0,0,0,0,0,0,0,0,1,0,0,0,0,0,0,0,0,0,0,0,0,0,0,0,0,0,0,1,0,0,0,0,0,0,0,0,0,0,0,0,0,0,0,0,0,0,0,0,0,0,0,0,0,0,0,0,0,0,0,0,0,0
1554,1,1,5,2,0,4,17,9,0,4,0,3,0,0,0,2,1,1,0,0,0,0,3,0,1,0,1,0,0,0,0,0,0,0,0,0,0,1,0,0,0,7,0,1,0,0,0,0,0,0,0,0,3,0,0,0,0,0,1,0,0,0,0,0,0,0,0,0,0,0,0,0,0,0,0,0
1555,0,0,7,1,0,0,7,4,2,1,0,2,1,0,1,0,2,2,0,0,0,0,1,0,0,0,0,0,0,1,0,0,0,0,0,0,0,1,2,0,0,2,0,0,0,0,0,0,0,0,0,0,0,0,0,0,0,0,0,0,0,0,0,0,0,0,0,0,0,0,0,0,0,0,0,0
1556,0,2,19,3,0,8,9,5,0,10,0,0,0,0,0,2,1,2,0,0,0,1,1,0,1,0,0,1,0,1,1,0,1,2,0,0,0,1,0,0,0,4,0,0,0,0,0,0,0,0,0,0,2,0,0,0,0,0,2,0,0,0,0,0,1,0,0,0,0,0,0,0,0,0,0,0
1557,0,5,15,0,0,4,5,1,2,2,0,2,0,0,0,1,0,1,0,0,0,0,1,0,0,0,1,0,0,0,1,0,0,0,0,0,0,1,0,0,0,0,0,0,0,0,0,1,0,0,0,0,0,0,0,0,0,0,0,0,0,0,0,0,0,0,0,0,0,0,0,0,0,0,1,0
1576,0,1,3,0,0,2,6,9,3,1,1,4,0,0,0,0,1,1,0,3,1,0,2,0,0,0,0,2,0,0,0,0,0,1,1,0,0,0,0,1,0,1,0,0,0,0,0,0,0,0,0,0,0,0,0,0,0,0,1,0,0,0,0,1,0,0,0,0,0,0,0,0,0,0,0,0
1577,0,1,3,0,0,3,13,5,0,0,0,2,0,0,0,1,1,0,0,0,0,1,0,0,0,2,0,0,0,0,0,0,0,0,0,0,0,1,0,0,0,0,1,0,0,0,0,0,0,0,0,0,0,0,0,0,0,0,0,0,0,0,0,0,0,0,0,0,0,0,0,0,0,0,0,0
1578,0,8,14,3,0,3,12,4,1,1,0,2,0,0,0,0,2,0,0,1,0,0,1,0,1,0,0,0,0,0,1,1,0,0,0,0,0,0,1,0,0,5,0,0,0,0,0,0,0,0,0,0,2,0,0,0,0,0,0,0,0,0,0,0,0,0,0,0,0,0,0,0,0,0,0,0
1579,0,0,6,2,0,5,12,4,0,7,0,1,0,0,0,1,0,0,0,2,0,0,0,0,0,0,0,0,0,0,0,0,0,1,0,0,0,1,0,0,0,5,0,0,0,0,0,0,0,0,0,0,0,0,0,0,0,0,0,0,0,0,0,0,0,0,0,0,0,0,0,0,0,0,0,0
1581,0,2,5,1,0,2,10,2,0,1,0,2,0,0,0,0,3,1,0,1,0,0,1,0,0,0,0,0,0,0,0,0,0,1,0,0,0,5,0,0,1,3,0,0,0,0,0,0,0,0,0,0,1,0,0,0,0,1,0,0,0,0,0,0,0,0,0,0,0,0,0,0,0,0,0,0
1583,0,11,30,17,0,8,25,19,2,6,0,9,0,0,0,4,1,1,0,4,0,0,2,0,1,0,1,0,0,0,1,1,1,0,0,0,1,2,1,3,0,3,2,0,0,0,0,0,0,0,0,0,3,0,0,0,0,0,0,0,0,0,0,0,0,0,0,0,0,0,0,0,0,0,0,0
1585,0,8,26,9,7,5,14,16,2,3,0,5,0,0,0,4,1,5,0,3,0,2,3,0,1,0,0,1,0,0,2,1,0,0,0,1,0,2,2,0,0,12,0,0,0,0,0,0,1,0,0,0,1,0,0,0,0,0,0,1,0,2,0,0,0,0,0,0,0,0,0,0,0,0,0,0
1586,0,9,34,15,0,2,19,10,2,5,0,7,1,0,0,4,1,0,0,2,0,0,1,0,2,1,0,1,2,2,1,1,0,0,0,0,0,4,0,0,0,7,1,0,0,0,0,0,0,0,0,0,0,0,0,0,0,1,0,0,0,2,0,0,1,0,0,0,0,0,0,0,0,0,0,0
1587,0,0,12,1,0,1,4,4,0,0,0,3,0,0,0,0,0,0,0,0,0,0,0,0,0,0,0,0,0,0,0,0,0,0,0,0,0,0,0,0,0,0,0,0,0,0,0,0,0,0,0,0,0,0,0,0,0,1,0,0,0,0,0,0,0,0,0,0,0,0,0,0,0,0,0,0
1588,0,1,8,0,0,0,4,2,2,4,0,0,0,0,0,0,1,1,0,1,0,0,2,0,0,0,0,0,0,0,0,0,0,0,0,0,0,0,0,0,0,0,0,0,1,0,0,0,0,0,0,0,1,0,0,0,0,0,0,0,0,0,0,0,0,0,0,0,0,0,0,0,0,0,0,0
1589,0,0,23,9,0,7,11,6,2,3,1,2,0,0,0,0,1,7,0,0,0,1,1,0,0,0,0,0,0,0,0,0,0,0,0,0,0,6,0,0,0,2,0,0,0,0,0,0,0,0,0,0,1,0,0,0,0,0,1,1,0,1,0,0,1,0,0,0,1,0,0,0,0,0,0,0
1590,0,5,11,11,0,2,14,5,0,2,0,1,0,0,0,0,1,1,0,0,0,0,1,0,1,0,0,2,0,2,3,0,0,0,0,0,1,2,1,0,0,3,0,0,0,0,0,0,0,0,0,0,0,0,1,0,0,0,0,0,0,0,0,0,0,0,0,0,0,0,0,0,0,0,0,0
1591,0,5,20,6,0,5,12,5,1,0,1,1,0,0,0,1,1,5,0,0,0,0,2,0,0,0,1,0,0,0,0,0,0,0,0,0,0,6,0,0,0,5,3,0,0,0,0,0,0,0,0,0,2,0,0,0,0,1,0,0,0,0,0,0,0,0,0,0,0,0,0,0,0,0,0,0
1592,0,2,11,3,1,2,0,4,0,1,0,3,0,0,1,0,1,0,0,0,0,0,0,0,0,1,1,2,0,0,0,0,1,0,0,3,1,0,0,0,0,0,0,0,0,0,0,0,0,0,0,0,0,0,0,0,0,0,0,0,0,0,0,1,0,0,0,1,0,0,0,0,0,0,0,0
1593,0,4,12,4,0,2,1,9,1,0,0,1,0,0,4,0,0,1,0,0,0,0,0,0,1,4,0,2,0,0,0,4,0,0,0,3,0,0,0,0,0,0,0,1,0,0,0,0,0,0,0,0,0,0,0,0,0,0,0,0,0,0,0,0,0,0,0,0,0,0,0,0,0,0,0,0
1610,0,4,14,12,0,3,18,6,0,0,0,4,0,0,0,6,2,1,0,1,0,0,0,0,0,1,0,0,0,1,0,1,0,1,0,0,0,1,2,0,0,5,0,0,0,0,0,0,0,0,0,0,1,0,0,0,0,0,0,0,0,0,0,0,0,0,0,0,0,0,0,0,0,0,0,0
1611,1,4,14,8,0,4,11,4,0,1,0,0,0,0,0,1,1,2,0,0,0,1,1,0,0,0,0,0,0,1,0,1,2,1,0,0,0,0,0,0,0,1,0,1,0,0,0,0,0,0,0,0,0,0,0,0,0,0,1,0,0,0,0,0,0,0,0,0,0,0,0,0,0,0,0,0
1614,0,12,26,10,0,11,10,21,3,3,0,5,0,0,0,3,1,0,1,1,0,0,1,0,0,0,1,1,0,0,1,1,1,0,0,1,0,1,0,0,0,3,0,0,0,0,0,0,0,0,0,0,0,0,0,0,0,1,0,0,0,0,0,0,0,0,0,0,0,0,0,0,0,0,0,0
1615,0,1,28,15,0,3,18,2,2,5,0,2,0,0,0,5,1,7,0,1,0,1,3,0,1,1,3,1,0,0,0,0,0,0,0,0,1,0,0,0,0,4,0,0,0,0,0,0,0,0,0,0,1,0,0,0,0,1,0,0,0,0,0,0,0,0,0,0,0,0,0,0,0,0,0,0
1616,4,0,1,1,0,3,2,1,0,1,0,4,0,0,1,1,0,0,0,0,0,0,0,0,0,0,0,4,0,0,0,3,1,0,0,3,0,0,0,0,0,0,0,0,0,0,0,0,0,0,0,0,0,0,0,0,0,0,0,0,0,0,0,0,0,0,0,0,0,0,0,0,0,0,0,0
1617,0,2,14,13,0,2,9,6,1,1,0,0,0,0,0,0,0,2,0,0,0,0,1,0,0,0,1,0,0,0,1,1,1,0,0,0,0,0,0,0,0,4,0,0,0,0,0,0,0,0,0,0,0,0,0,0,0,0,0,0,0,0,0,0,0,0,0,0,0,0,0,0,0,0,0,0
1618,1,5,16,13,0,6,19,9,1,4,0,3,0,0,0,4,4,2,0,1,0,0,5,0,0,1,1,0,0,1,0,0,1,0,0,0,0,1,0,0,0,5,0,0,0,0,0,1,0,0,0,0,0,0,0,0,0,0,1,2,0,0,0,0,0,0,0,0,0,0,0,0,0,0,0,0
1619,0,0,3,2,0,2,5,4,1,3,0,1,0,0,0,0,0,3,0,0,0,0,1,0,0,0,0,0,0,0,0,0,0,0,0,0,0,1,0,0,0,1,0,0,0,0,0,0,0,0,0,0,2,0,0,0,0,0,0,0,0,1,0,0,0,0,0,0,0,0,0,0,0,0,0,0
1620,0,0,2,2,0,1,7,6,2,0,0,1,0,0,0,2,1,1,0,0,0,0,1,0,0,0,0,0,0,0,0,0,0,0,0,0,0,0,1,0,0,3,0,0,0,0,0,0,0,0,0,0,1,0,0,0,0,0,1,1,0,0,0,0,0,0,0,0,0,0,0,0,0,0,0,0
1622,0,3,6,3,0,0,1,1,1,0,0,1,0,0,0,1,0,1,0,0,0,0,0,0,0,1,0,0,0,0,0,0,0,0,0,0,0,0,0,0,1,1,0,1,0,1,0,0,0,0,0,0,0,0,0,0,0,0,0,1,0,1,0,0,0,0,0,0,0,0,0,0,0,0,0,0
1624,0,3,34,24,0,5,11,10,0,3,0,1,0,0,0,4,1,1,0,3,0,1,13,0,1,0,1,0,0,2,0,0,0,0,0,0,0,2,0,0,0,2,0,0,0,0,0,0,1,0,0,0,1,0,0,0,1,2,1,0,0,0,0,0,0,0,0,0,0,0,0,0,0,0,0,0
1625,0,7,26,13,0,7,11,8,0,2,0,2,0,0,0,3,1,3,0,1,0,1,5,0,0,1,0,1,0,1,0,0,2,0,0,1,0,1,0,0,0,3,1,0,0,0,0,0,0,0,0,0,1,0,0,0,0,0,1,0,0,0,0,0,2,0,0,0,0,0,0,0,0,0,0,0
1656,1,13,28,30,0,12,25,12,0,4,0,1,0,0,0,1,6,9,0,1,1,0,7,0,1,1,1,0,0,0,2,2,0,0,0,0,0,3,1,0,0,11,1,0,0,0,0,0,0,0,1,0,4,0,0,0,0,0,3,0,0,0,0,0,0,0,0,0,0,0,0,0,1,0,0,0
1657,1,16,52,41,0,20,50,12,7,5,0,8,0,1,0,7,6,11,0,3,0,0,1,0,1,1,0,0,0,0,2,5,1,0,0,0,0,2,0,0,0,9,3,1,0,0,0,0,0,0,0,0,0,0,0,0,0,0,1,0,0,1,0,0,0,0,0,0,0,0,0,0,0,0,0,0
1658,0,4,23,17,0,2,9,22,5,2,0,1,0,2,1,1,2,0,1,0,0,1,0,0,0,3,1,3,0,6,2,3,0,0,0,8,8,0,1,0,0,4,2,2,0,0,1,0,0,0,0,25,1,1,0,0,0,0,1,0,0,1,0,0,0,0,0,0,0,1,0,0,0,0,0,0
1659,0,0,6,1,0,1,9,3,0,0,0,1,0,0,0,4,0,2,0,1,0,0,3,0,0,0,1,0,0,0,0,0,0,0,0,1,0,2,0,0,0,1,0,0,0,0,0,0,0,0,0,0,1,0,0,0,0,0,0,0,0,0,0,0,1,0,0,0,0,0,0,0,0,0,0,0
1660,0,3,10,3,0,1,8,1,2,1,0,2,1,0,0,1,2,1,0,0,0,0,0,0,0,0,0,0,0,0,0,0,0,0,0,0,0,1,0,0,0,1,0,0,3,0,0,0,0,0,0,0,0,0,0,0,0,0,0,0,0,0,0,0,0,0,0,0,0,0,0,0,0,0,0,0
1661,0,0,5,3,0,1,5,0,1,4,0,0,0,0,1,1,0,3,0,0,0,1,3,0,1,0,0,0,0,0,0,0,0,0,0,0,0,1,0,0,0,1,0,0,0,0,0,0,1,0,0,0,0,0,0,0,0,0,0,0,0,0,0,0,0,0,0,0,0,0,0,0,0,0,0,0
1662,1,4,15,10,0,4,5,3,1,0,0,3,0,1,0,1,0,1,0,1,0,0,9,0,0,0,0,0,0,0,0,0,0,0,0,0,0,3,0,1,0,0,1,0,0,0,0,0,0,0,0,0,0,0,0,0,0,0,0,0,0,0,0,0,0,0,0,0,0,0,0,0,0,0,0,0
1663,0,2,2,1,0,0,3,1,0,2,0,1,0,0,0,2,1,2,0,0,0,1,1,0,0,1,0,0,0,0,1,3,0,0,0,0,0,0,0,0,0,4,1,0,0,0,0,0,0,0,0,0,0,0,0,0,0,0,0,0,0,0,0,0,0,0,0,0,0,0,0,0,0,0,0,0
1664,0,4,4,1,0,1,7,7,0,0,0,1,0,0,0,2,0,0,0,0,0,0,0,0,0,0,0,0,0,1,0,0,0,2,0,0,0,2,0,0,0,2,0,0,0,0,0,0,0,0,0,0,2,0,0,0,0,0,1,1,0,0,0,0,1,0,0,0,0,0,0,0,0,0,0,0
1665,0,2,15,5,0,2,6,7,0,0,0,1,0,0,0,0,0,6,0,1,0,0,2,0,0,1,0,0,0,0,0,0,0,0,0,0,0,3,0,0,0,4,0,0,0,0,0,0,0,0,0,0,2,0,0,0,0,0,0,0,0,0,0,0,0,0,0,0,0,0,0,0,0,0,0,0
1685,0,2,2,0,0,6,15,3,0,4,0,4,0,0,1,3,2,6,0,0,0,2,3,0,0,1,0,1,0,0,2,0,1,0,0,0,0,0,3,0,0,3,1,0,0,0,0,0,0,0,0,0,2,0,0,0,0,0,0,1,0,0,0,0,0,0,0,0,0,0,0,0,0,0,0,0
1686,0,4,15,10,0,12,35,12,0,4,0,5,0,0,0,2,6,3,1,0,0,2,7,0,3,0,1,1,0,1,1,3,2,1,0,0,0,7,0,0,0,8,0,0,0,0,0,0,0,0,0,0,3,0,0,0,0,1,0,1,0,1,0,0,0,0,0,0,0,0,0,0,0,0,0,0
1687,0,1,1,0,0,10,17,3,0,1,0,4,0,0,0,3,0,0,0,0,0,0,1,0,0,0,1,0,0,0,1,0,0,2,0,0,0,1,0,0,0,2,0,0,0,0,0,0,0,0,0,1,0,0,0,0,0,0,0,1,0,1,0,0,0,0,0,0,0,0,0,0,0,0,0,0
1688,0,7,35,18,0,5,20,4,1,5,0,5,2,0,0,6,2,7,0,2,0,1,1,0,0,0,0,2,0,0,1,0,1,0,0,0,0,0,0,1,0,3,0,0,0,0,0,2,1,0,0,0,2,0,0,0,0,0,0,2,0,1,0,0,0,0,0,0,0,0,0,0,0,0,0,0
1689,0,0,4,2,0,1,12,2,0,1,0,1,0,0,0,1,4,0,0,1,0,0,3,0,0,1,0,0,0,0,2,0,1,0,0,0,0,2,0,0,1,1,0,0,0,0,0,0,0,0,0,0,0,0,0,0,0,0,0,0,0,1,0,0,0,0,0,0,0,0,0,0,0,0,0,0
1690,0,0,1,0,0,3,2,0,0,0,0,4,0,0,0,3,0,0,0,1,0,1,0,0,0,0,1,0,0,0,0,0,0,1,0,0,0,2,0,0,0,1,1,0,2,0,0,0,0,0,0,0,1,0,0,0,0,0,0,0,0,0,0,0,0,0,0,0,0,0,0,0,0,0,0,0
1691,0,3,7,8,4,4,7,5,0,1,0,3,0,0,0,0,2,1,0,3,0,0,2,0,1,1,0,1,0,1,1,0,1,0,0,0,1,0,0,0,0,1,2,1,0,0,0,0,0,0,1,0,1,0,0,0,0,0,1,0,0,0,0,0,0,0,0,0,0,0,0,0,0,0,0,0
1692,0,4,23,7,0,7,37,10,2,8,0,8,0,0,0,4,4,1,1,1,0,1,4,0,1,0,1,1,0,3,1,0,1,1,0,0,0,5,0,0,0,4,2,0,1,0,0,1,0,0,0,0,1,0,0,0,0,1,2,0,0,0,0,0,2,0,0,0,0,0,0,0,0,0,0,0
1693,0,0,2,2,0,0,8,1,0,8,0,2,0,0,0,2,2,2,0,0,0,0,0,0,0,0,0,0,0,0,1,0,0,0,0,0,0,1,0,0,0,3,0,0,0,0,0,0,0,0,0,0,1,0,0,0,0,0,1,1,0,0,0,0,1,0,0,0,0,0,0,0,0,0,0,0
1694,0,5,6,4,0,3,3,2,0,0,0,4,0,0,0,2,0,2,1,0,0,0,1,0,0,0,0,0,0,0,0,0,0,1,0,0,0,0,0,0,0,2,1,0,2,0,0,0,0,0,0,0,0,0,0,0,0,0,0,3,0,1,0,0,0,0,0,0,0,0,0,0,0,0,0,0
1696,0,1,3,7,1,0,4,9,1,0,0,2,0,0,0,0,1,2,0,0,4,0,1,0,0,0,0,2,0,0,0,1,0,0,0,1,0,0,1,0,0,5,1,0,0,0,0,1,0,0,0,0,1,0,0,0,1,0,2,1,0,0,0,1,0,0,0,0,0,0,0,0,0,0,0,0
1697,0,12,15,14,0,7,9,11,0,4,0,3,1,0,0,4,1,3,0,1,0,0,3,0,2,0,0,0,0,2,0,2,0,0,1,0,2,2,0,0,0,7,1,0,0,0,0,0,0,0,0,0,2,0,0,0,0,0,0,0,0,2,0,0,0,0,0,0,0,0,0,0,0,0,0,0
1698,0,1,4,4,0,2,3,1,0,0,0,0,0,0,0,0,0,0,0,0,0,1,0,0,0,0,1,0,0,0,1,0,1,0,0,0,0,0,0,0,0,0,0,0,0,0,0,0,1,0,0,0,2,0,0,0,0,2,0,0,0,0,0,0,0,0,0,0,0,0,0,0,0,0,0,0
1699,0,4,15,9,0,7,24,6,2,7,0,3,0,0,0,2,2,3,0,1,0,0,5,0,0,1,1,0,0,1,1,0,0,2,0,0,0,2,2,0,1,8,0,1,0,0,0,1,0,0,0,0,0,0,0,0,0,1,1,0,0,0,0,0,0,0,0,0,0,0,0,0,0,0,0,0
1700,0,5,11,1,0,1,6,4,0,3,0,5,0,0,0,0,0,1,0,0,0,0,1,0,1,0,1,0,0,1,0,0,2,0,0,0,0,2,0,0,0,2,0,0,0,0,0,0,0,0,0,0,0,0,0,0,0,2,0,0,0,1,0,0,0,0,0,0,0,0,0,0,0,0,0,0
1701,0,1,9,8,0,2,0,1,0,0,0,2,0,0,0,0,0,1,0,0,0,0,1,0,0,1,0,0,0,0,0,0,0,0,0,0,0,1,0,0,0,0,0,0,0,0,0,0,0,0,0,0,0,0,0,0,0,0,0,0,0,0,0,0,0,0,0,0,0,0,0,0,0,0,0,0
1702,0,2,8,1,0,0,4,1,0,1,0,1,0,0,0,2,0,2,0,0,0,0,0,0,0,1,0,0,0,1,0,0,0,0,0,0,1,0,0,0,0,0,0,0,0,0,0,0,0,0,0,0,0,0,0,0,0,0,0,0,0,0,0,0,0,0,0,0,0,0,0,0,0,0,0,0
1724,0,0,11,0,0,2,9,0,1,0,0,2,0,0,0,2,1,2,0,1,0,2,1,0,0,0,1,0,0,0,3,0,0,0,0,0,0,1,0,0,0,0,0,0,0,0,0,0,0,0,0,0,0,0,0,0,0,0,0,1,0,0,0,0,0,0,0,0,0,0,0,0,0,0,0,0
1725,0,0,0,0,0,2,5,0,0,1,0,0,0,0,0,5,0,1,0,0,0,0,0,0,0,1,1,0,0,0,0,0,0,0,0,0,0,0,0,0,0,1,0,0,2,0,0,0,1,0,0,0,0,0,0,0,0,0,0,0,0,1,0,0,0,0,0,0,0,0,0,0,0,0,0,0
1727,0,0,2,0,0,1,15,3,0,0,0,1,0,0,0,0,1,0,0,0,0,0,2,0,0,0,0,0,0,0,0,0,0,0,0,0,0,0,0,0,0,0,0,0,0,0,0,0,0,0,0,0,0,0,0,0,0,0,0,0,0,0,0,0,0,0,0,0,0,0,0,0,0,0,0,0
1728,0,5,21,7,0,10,48,12,6,7,0,4,0,1,0,4,4,8,0,1,0,1,8,0,3,0,2,1,0,1,2,0,0,0,0,0,0,5,1,0,0,2,2,0,0,0,0,0,2,0,0,0,2,0,0,0,0,2,1,0,0,1,0,0,0,0,0,0,0,0,0,0,0,0,1,0
1729,0,5,23,22,0,2,13,5,2,2,0,8,0,0,0,0,1,0,0,0,0,0,2,0,0,2,0,0,0,0,0,2,1,0,1,1,2,4,0,0,0,3,0,0,0,0,0,0,0,0,0,8,5,0,0,0,0,0,0,1,0,0,0,0,0,0,0,0,0,0,0,0,0,0,0,0
1731,0,9,12,6,0,3,13,0,1,2,0,6,0,0,0,2,1,3,2,1,0,0,1,0,1,0,0,1,0,1,0,0,1,0,0,0,0,1,0,1,0,4,0,0,0,0,0,0,0,0,0,0,2,0,0,0,0,0,1,0,0,0,0,0,0,0,0,0,0,0,0,0,1,0,0,0
1732,0,9,36,20,0,8,15,8,0,2,0,7,0,0,0,1,4,4,0,0,0,0,2,0,1,0,0,0,0,1,1,0,0,2,0,0,0,1,0,1,1,0,2,0,0,0,0,0,0,0,0,0,2,0,0,0,0,1,0,0,0,0,0,0,0,0,0,0,0,0,0,0,0,0,0,0
1734,0,10,23,18,0,10,42,19,7,4,0,8,0,0,0,6,3,2,0,2,0,0,1,0,0,0,2,0,0,0,1,0,0,1,0,0,0,3,0,1,1,5,0,0,0,1,0,0,0,0,0,0,1,0,0,0,0,3,1,3,0,1,0,0,1,0,0,0,0,0,0,0,0,0,0,0
1735,0,1,5,12,0,3,22,0,0,1,0,1,0,0,1,2,1,3,0,0,0,1,2,0,0,0,0,1,0,0,0,1,0,0,0,0,0,4,0,1,0,2,1,0,0,0,0,0,0,0,1,0,1,0,0,0,0,0,0,0,0,0,0,0,0,0,0,0,0,0,0,0,0,0,0,0
1736,0,0,5,3,0,9,19,4,1,7,0,3,0,1,0,7,5,3,0,2,0,1,2,0,1,0,2,1,0,0,0,1,0,0,0,0,0,1,0,1,0,10,0,0,0,0,0,0,0,0,0,0,2,0,0,0,0,2,1,0,0,0,0,0,0,0,0,0,0,0,0,0,0,0,0,0
1737,0,2,7,4,0,3,16,3,1,1,0,1,0,0,0,2,1,3,0,2,0,0,3,0,0,0,0,0,0,0,0,0,0,0,0,0,0,2,0,2,0,2,0,0,0,0,0,0,0,0,0,0,1,0,0,0,0,0,0,0,0,0,0,0,0,0,0,0,0,0,0,0,0,0,0,0
1738,0,2,16,8,0,0,4,5,0,1,0,5,0,0,0,0,1,0,2,0,0,0,1,0,0,2,1,2,0,0,0,0,0,0,0,0,0,0,0,0,0,1,0,0,0,0,1,0,0,0,0,0,0,0,0,0,0,0,0,0,0,0,0,0,1,0,0,0,0,0,0,0,0,0,0,0
1739,0,0,5,8,0,1,8,1,0,0,0,0,0,0,0,1,0,1,0,1,0,0,1,0,1,0,0,0,0,0,0,0,0,0,0,0,0,1,0,0,0,3,0,0,0,0,0,1,0,0,0,0,0,0,0,0,0,0,0,1,0,0,0,0,0,0,0,0,0,0,0,0,0,0,0,0
1740,0,4,3,8,0,0,14,4,1,1,0,1,0,0,0,1,2,0,0,0,0,0,1,0,0,1,0,0,0,1,0,1,0,0,0,0,0,3,3,1,0,8,0,0,0,0,0,0,1,0,0,0,0,0,0,0,0,0,0,0,0,0,0,0,0,0,0,0,0,0,0,0,0,0,0,0
1742,0,6,8,7,0,0,1,0,0,0,0,1,0,0,0,0,0,0,0,0,0,0,1,0,1,0,0,0,0,0,0,0,1,0,0,0,0,2,0,0,0,0,1,0,0,0,0,0,0,0,0,0,0,0,0,0,0,0,0,0,0,0,0,0,0,0,0,0,0,0,0,0,0,0,0,0
1743,0,2,12,4,0,6,6,5,1,0,0,0,0,0,0,1,2,1,1,0,0,0,1,0,0,1,0,0,0,0,1,0,0,0,0,0,0,1,0,0,0,2,0,0,0,0,0,0,0,0,0,0,1,0,0,0,0,0,0,0,0,0,0,0,0,0,0,0,0,0,0,0,0,0,0,0
1744,0,4,6,4,0,0,13,5,1,3,0,2,0,0,0,6,4,2,0,1,0,0,3,0,0,0,0,0,0,2,0,0,1,0,0,0,0,0,1,0,0,1,0,0,0,0,0,0,0,0,0,0,1,0,0,0,0,3,0,0,0,0,0,0,0,0,0,0,0,0,0,0,0,0,0,0
1770,0,1,12,2,0,1,20,9,4,1,0,0,2,0,0,3,2,4,0,1,0,1,0,0,1,0,0,1,0,0,1,0,0,0,0,0,0,3,1,0,0,2,1,0,0,0,0,0,0,0,0,0,0,0,0,0,0,0,1,0,0,0,0,1,0,0,0,0,0,0,0,0,1,0,0,0
1771,0,2,1,1,0,3,6,6,2,3,0,4,0,0,0,2,1,3,0,0,0,0,1,0,0,0,1,0,0,0,0,0,0,0,0,0,0,0,0,0,0,1,0,0,0,0,0,0,0,0,0,0,0,0,0,0,0,0,1,0,0,0,0,0,0,0,0,0,0,0,0,0,0,0,0,0
1773,0,0,7,4,0,3,7,1,0,0,0,1,0,0,0,3,2,2,2,0,0,0,0,0,0,0,1,1,0,0,0,0,0,0,0,0,0,1,0,0,0,2,0,0,0,0,0,0,0,0,0,0,2,0,0,0,0,2,0,0,0,0,0,0,0,0,0,0,0,0,0,0,0,0,0,0
1774,0,7,15,11,0,1,3,1,3,0,0,7,0,0,0,1,0,1,0,0,0,0,1,0,0,0,0,0,0,0,0,0,0,0,0,0,0,1,0,1,0,0,0,0,1,0,0,0,0,0,0,0,0,0,0,0,0,0,0,1,0,0,0,0,0,0,0,0,0,0,0,0,0,0,0,0
1775,0,3,7,3,0,2,18,5,0,2,0,3,0,0,0,4,1,1,0,2,0,0,2,0,0,1,0,0,0,0,0,0,0,0,0,0,0,1,1,0,0,0,0,1,0,0,0,0,0,0,0,0,2,0,0,0,0,0,1,0,0,0,0,0,0,0,0,0,0,0,0,0,0,0,0,0
1776,0,5,10,12,0,2,5,2,3,0,0,1,0,0,1,9,0,2,0,0,0,0,1,0,0,0,0,0,0,0,0,1,0,0,0,0,0,1,0,2,0,1,1,0,0,0,0,0,0,0,0,5,0,0,0,0,0,0,0,0,0,0,0,0,0,0,0,0,0,0,0,0,1,0,0,0
1777,1,8,24,17,1,15,42,8,6,5,0,2,0,0,0,1,2,5,0,1,0,1,1,0,0,1,0,1,0,0,1,1,0,1,0,0,0,4,0,0,0,2,1,0,0,0,0,1,1,0,0,0,3,0,0,0,0,1,1,1,0,0,0,0,0,0,0,0,0,0,0,0,1,0,0,0
1778,0,1,4,3,2,0,1,9,0,0,0,2,0,0,0,0,0,0,0,0,0,0,0,0,0,0,0,1,0,0,0,0,0,0,0,0,1,0,0,0,0,0,0,0,0,0,0,0,0,0,0,0,0,0,2,0,0,0,0,0,0,0,0,1,0,0,0,0,0,0,0,0,0,0,0,0
1779,0,2,6,4,0,2,1,0,0,2,0,1,0,0,0,0,1,2,3,0,0,0,0,1,0,0,0,0,0,0,0,0,0,0,0,0,0,1,0,1,0,0,0,0,0,0,0,0,0,0,0,0,1,0,1,0,0,0,0,0,0,0,0,0,0,0,0,0,0,0,0,0,0,0,0,0
1780,0,7,13,5,0,8,18,6,0,3,0,8,0,0,0,3,2,3,0,3,0,0,0,0,0,0,0,0,0,0,0,0,2,0,0,0,0,1,0,0,0,2,0,0,0,0,0,1,0,0,0,0,2,0,0,0,0,0,0,0,0,0,0,0,0,0,0,0,0,0,0,0,1,0,0,0
1781,0,0,12,3,0,1,13,11,1,0,0,3,0,0,0,0,1,2,0,0,0,0,0,0,0,0,0,0,0,0,0,0,0,0,0,0,0,0,0,0,0,4,0,0,0,0,0,0,0,0,0,0,1,0,0,0,0,0,0,0,0,0,0,0,0,0,0,0,0,0,0,0,0,0,0,0
1782,0,0,11,9,0,4,9,6,2,1,0,6,0,0,0,0,0,2,0,0,0,1,2,0,0,0,0,0,0,0,3,0,0,3,0,0,0,4,0,0,0,0,1,0,0,0,0,0,0,0,0,0,0,0,0,0,0,0,0,0,0,0,0,0,0,0,0,0,0,0,0,0,0,0,0,0
1784,0,4,23,8,0,4,28,7,2,3,0,9,0,0,0,3,1,4,0,0,0,0,4,0,1,0,1,0,0,0,0,0,0,0,0,0,1,1,1,1,0,1,0,0,0,0,0,0,0,0,0,0,1,0,0,0,0,0,1,0,0,0,0,0,0,0,0,0,0,0,0,0,0,0,0,0
1785,1,2,6,3,0,3,10,1,0,3,0,2,0,0,0,0,0,2,0,0,0,0,2,0,0,0,0,2,0,0,0,7,0,1,0,1,0,2,0,2,1,0,1,0,0,0,0,0,0,0,0,0,1,0,0,0,0,0,0,0,0,0,0,0,0,0,0,0,0,0,0,0,0,0,0,0
1786,0,1,2,0,0,3,11,6,2,5,0,1,0,0,0,0,2,1,0,0,0,0,0,0,0,0,0,0,0,0,0,0,0,0,0,0,0,1,0,0,0,2,0,0,0,0,0,0,0,0,0,0,0,0,0,0,0,0,0,0,0,0,0,0,0,0,0,0,0,0,0,0,0,0,0,0
1787,0,4,6,5,0,5,4,2,0,1,0,4,0,0,0,0,2,1,0,0,0,0,1,0,0,0,0,0,0,0,3,0,0,0,0,0,0,0,0,0,0,2,0,0,0,0,0,0,0,0,0,0,0,0,0,0,0,0,0,0,0,1,0,0,0,0,0,0,0,0,0,0,0,0,0,0
1788,0,0,1,1,0,0,9,5,1,0,0,1,0,0,0,0,1,0,0,0,0,0,1,0,0,0,0,0,0,0,0,0,0,0,0,0,0,1,0,0,0,0,0,0,0,0,0,0,0,0,0,0,0,0,0,0,0,0,0,0,0,0,0,0,0,0,0,0,0,0,0,0,0,0,0,0
1789,0,6,29,16,0,9,19,5,3,4,0,2,1,0,0,3,1,3,0,3,0,1,4,0,0,1,0,0,0,0,0,0,0,0,0,0,0,4,1,0,0,3,0,0,0,0,0,1,1,0,0,0,5,0,0,0,0,1,2,0,0,0,0,0,0,0,0,1,0,0,0,0,0,0,0,0
1792,1,2,20,26,0,8,27,2,3,5,0,5,1,1,0,2,6,9,1,0,0,0,5,0,2,0,0,0,0,0,2,0,1,0,0,0,0,3,2,1,0,3,1,0,0,0,0,0,1,0,0,0,0,0,0,0,0,2,0,0,0,1,0,0,0,0,0,0,0,0,0,0,0,0,0,0
1795,0,1,7,4,0,4,12,6,0,4,0,1,0,0,1,5,1,3,0,1,0,0,9,0,1,0,2,0,0,0,0,0,0,0,0,0,0,1,0,1,0,4,0,0,0,0,0,0,0,0,0,0,0,0,0,0,0,0,1,0,0,0,0,0,0,0,0,0,0,0,0,0,0,0,1,0
1796,0,4,13,5,0,1,1,2,2,0,0,1,2,0,0,2,0,1,1,1,0,0,0,0,0,1,0,0,0,0,0,0,0,0,0,0,0,0,0,0,0,1,0,0,0,0,0,0,0,0,0,0,0,0,0,0,0,0,0,0,0,0,0,0,0,0,0,0,0,0,0,0,0,0,0,0
1798,0,4,15,6,0,0,4,7,0,0,0,4,0,0,3,4,0,3,2,2,0,0,1,0,1,7,0,3,0,7,1,3,0,0,0,2,0,2,0,0,0,3,0,0,0,0,0,0,0,0,0,0,3,0,0,0,0,0,0,0,0,0,0,1,0,0,0,0,0,0,0,0,0,0,0,0
1799,0,6,39,12,0,0,3,14,0,2,0,3,0,0,2,0,1,5,0,3,0,0,0,0,0,3,0,3,0,5,2,2,1,1,0,2,0,1,0,0,0,4,1,1,0,0,0,0,0,0,0,0,0,0,0,0,0,0,0,0,0,0,0,2,0,0,0,0,1,0,0,0,0,0,0,0
1800,0,0,1,3,0,2,2,12,0,2,0,2,0,0,0,0,0,1,0,0,0,0,2,0,1,0,0,2,0,2,0,0,0,0,0,1,0,0,0,0,0,1,0,0,0,0,0,0,0,0,0,0,1,0,0,0,0,0,0,0,0,0,0,0,0,0,0,0,0,0,0,0,0,0,0,0
1822,0,1,1,1,0,3,1,6,0,0,0,2,0,0,0,0,1,1,1,0,0,0,0,0,0,0,0,0,0,0,0,0,0,0,0,0,0,0,0,0,0,3,0,0,0,0,0,0,0,0,0,0,1,0,0,0,0,0,0,1,0,0,0,0,0,0,0,0,0,0,0,0,0,0,0,0
1823,0,0,5,0,0,0,12,0,0,1,0,1,0,0,0,2,0,1,0,0,0,0,0,0,0,0,0,0,0,0,0,0,0,0,0,0,0,0,0,0,0,0,0,0,0,0,0,0,0,0,0,0,0,0,1,0,0,0,0,0,0,0,0,0,0,0,0,0,0,0,0,0,0,0,0,0
1824,0,7,32,23,0,6,39,5,2,0,1,3,2,0,0,4,5,6,0,1,0,1,3,0,0,0,1,0,0,3,2,2,0,1,0,0,0,1,0,0,0,4,1,0,0,0,0,0,0,0,0,0,2,0,1,0,1,0,0,1,0,0,0,0,0,0,0,0,0,0,0,0,2,0,0,0
1825,0,0,13,3,0,0,1,0,0,0,0,1,0,0,1,2,0,0,0,0,0,0,0,0,0,0,0,0,1,0,0,1,1,0,0,0,0,0,0,0,0,0,0,0,0,0,0,0,0,0,0,0,0,0,0,0,0,0,0,0,0,0,0,0,0,0,0,0,0,0,0,0,0,0,0,0
1826,0,0,11,0,0,2,1,1,3,2,0,1,0,0,0,0,0,4,1,0,0,0,0,0,0,0,0,0,0,0,0,0,0,0,0,0,0,1,0,0,0,2,0,1,0,0,0,0,0,0,0,0,0,0,0,0,0,1,0,0,0,0,0,0,0,0,0,0,0,0,0,0,0,0,0,0
1827,1,2,11,4,12,1,4,7,0,1,0,5,0,0,0,1,0,2,0,0,0,1,0,1,0,0,0,1,0,0,0,2,0,0,1,1,1,1,0,0,0,1,0,0,0,0,0,0,0,0,0,0,0,0,0,0,1,0,0,0,0,0,0,0,0,0,0,0,0,0,0,0,2,0,0,0
1828,0,0,1,1,0,0,10,4,2,3,0,0,0,0,0,4,0,0,0,0,0,0,1,0,0,0,0,0,0,0,0,1,0,1,0,0,0,1,1,0,0,2,0,0,0,0,0,0,0,0,0,0,0,0,0,0,0,0,1,0,0,0,0,0,0,0,0,0,0,0,0,0,0,0,0,0
1829,0,1,12,9,0,1,6,2,0,2,0,2,0,0,0,3,1,2,0,1,0,0,0,0,0,1,0,0,0,0,0,0,0,0,0,0,0,0,0,0,0,0,0,0,0,0,0,0,1,0,0,0,0,0,0,0,0,0,0,0,0,0,0,0,0,0,0,0,0,0,0,0,0,0,0,0
1830,0,3,9,10,0,5,5,3,0,1,0,1,0,0,0,0,1,0,0,0,0,0,1,0,0,0,0,1,0,0,0,0,0,0,0,0,0,0,0,0,0,1,0,0,0,0,0,0,0,0,0,0,0,0,0,0,0,0,0,0,0,0,0,0,0,0,0,0,0,0,0,0,0,0,0,0
1831,0,5,16,7,0,0,0,0,0,0,1,0,0,0,0,0,0,0,0,0,0,0,0,0,0,0,0,1,0,0,0,1,0,0,0,0,1,0,0,0,0,2,1,0,1,0,0,0,1,0,0,8,0,0,0,0,0,0,0,0,0,0,0,0,0,0,0,0,0,0,0,0,0,0,0,0
1832,0,5,21,7,1,4,15,4,4,4,0,5,0,0,0,2,0,1,0,0,0,1,3,0,0,0,0,0,0,0,3,1,1,3,0,0,1,2,0,0,0,1,3,2,0,0,0,0,0,0,0,0,0,0,0,0,0,0,1,0,0,0,0,0,0,0,2,0,0,0,0,0,0,0,0,0
1833,0,6,26,19,0,6,16,18,0,1,0,12,0,0,1,1,1,1,0,2,2,0,2,3,1,0,0,8,0,0,0,0,0,0,0,3,0,2,0,2,0,4,0,0,0,0,0,0,0,0,0,0,1,0,2,0,0,0,0,0,0,0,0,0,0,0,0,0,0,0,0,0,0,0,0,0
1834,0,6,13,12,0,2,14,5,0,3,0,2,0,0,0,3,0,2,0,0,0,0,1,0,0,0,0,0,0,0,2,0,0,0,0,0,0,0,2,0,0,6,0,0,0,0,0,0,0,0,0,0,0,0,0,0,0,0,0,1,0,0,0,1,0,0,0,0,0,0,0,0,0,0,0,0
1835,0,1,14,6,0,14,23,15,1,3,0,1,0,0,0,4,3,8,0,0,0,1,2,1,0,0,0,0,0,0,0,1,1,0,0,0,0,3,1,0,1,3,0,0,0,0,0,0,0,0,0,0,3,0,0,0,0,0,0,0,0,0,0,0,0,0,0,1,0,0,0,0,0,0,0,0
1836,0,3,15,12,0,1,11,10,1,3,0,3,0,0,0,0,4,1,0,0,0,1,1,0,0,1,0,1,0,1,2,1,1,0,0,3,2,4,0,0,1,4,0,0,0,0,0,0,0,1,0,14,1,0,0,0,0,0,2,0,1,0,0,1,0,0,0,0,0,1,0,0,0,0,0,0
1837,0,5,16,13,0,7,33,11,1,8,0,2,0,0,1,5,1,4,0,0,0,0,6,0,1,0,1,0,0,0,1,2,0,1,0,0,1,5,0,0,0,3,0,0,0,0,0,1,2,0,0,0,4,0,0,0,0,1,1,0,0,0,0,0,1,0,0,0,0,0,0,0,0,0,0,0
1838,0,8,14,16,0,2,9,1,1,3,0,2,1,0,0,0,1,2,0,3,0,1,1,0,1,0,0,0,0,0,2,0,0,0,0,0,0,1,0,0,0,0,0,0,0,0,0,0,0,0,0,0,1,0,0,0,0,0,0,0,0,0,0,0,0,0,0,0,0,0,0,0,0,0,0,0
1839,0,0,0,1,0,4,4,11,0,2,0,1,0,0,0,1,1,2,0,1,0,0,0,0,0,0,0,0,0,0,0,0,1,0,0,0,0,2,0,1,0,2,1,0,0,0,0,0,0,0,0,0,0,0,0,0,0,0,0,0,0,0,0,0,0,0,0,0,0,0,0,0,0,0,0,0
1840,0,5,21,16,0,2,14,3,2,5,0,0,1,1,0,2,1,3,0,0,0,0,1,0,0,1,0,0,0,0,1,0,0,0,0,0,0,1,0,0,0,0,0,0,0,0,0,0,0,0,0,0,1,0,0,0,0,0,1,0,0,1,0,0,0,0,0,0,0,0,0,0,0,0,0,0
1842,0,16,20,15,0,3,38,7,3,3,0,3,0,0,1,3,2,9,0,1,0,1,4,0,2,0,0,0,0,1,1,3,0,0,0,0,0,1,0,0,0,10,0,0,0,0,0,0,0,0,0,0,4,0,0,0,0,1,1,0,0,0,0,0,0,0,0,0,0,0,0,0,0,0,0,0
1843,0,2,1,5,0,2,12,7,0,1,0,1,0,0,0,0,0,3,0,0,0,0,1,0,0,0,0,0,0,0,0,0,0,0,0,0,0,1,0,0,0,0,2,0,0,0,0,0,0,0,0,0,1,0,0,0,0,0,0,0,0,0,0,0,0,0,0,0,0,0,0,0,0,0,0,0
1844,0,1,7,3,0,5,5,2,0,0,0,1,0,0,0,3,1,1,0,5,0,0,2,0,0,1,0,0,0,0,0,0,1,1,0,0,0,0,0,0,0,0,0,0,0,0,0,0,0,0,0,0,0,0,0,0,1,0,0,0,0,0,0,0,0,0,0,0,0,0,0,0,0,0,0,0
1845,0,3,11,4,0,0,16,5,0,0,0,4,0,0,0,7,0,2,2,2,0,0,3,0,1,0,0,2,0,0,0,0,0,0,0,0,0,1,0,0,0,3,0,0,0,0,0,0,0,0,0,0,1,0,0,0,0,1,0,0,0,1,0,0,0,0,0,0,0,0,0,0,0,0,0,0
1846,0,0,2,0,0,0,4,3,0,2,0,4,0,0,0,1,0,2,1,0,0,0,0,0,0,0,0,0,0,0,1,0,0,0,0,0,0,0,0,0,0,2,0,0,0,0,0,0,0,0,0,0,0,0,0,0,0,1,0,0,0,1,0,0,0,0,0,0,0,0,0,0,0,0,0,0
1847,0,6,23,11,0,5,8,3,0,4,0,3,0,0,1,2,0,5,1,1,0,0,2,0,1,0,0,0,0,0,0,1,0,0,0,0,0,4,0,1,1,1,0,0,0,0,0,1,0,0,0,0,0,0,0,0,0,0,1,0,0,0,0,0,0,0,0,0,0,0,0,0,0,0,0,0
1848,0,0,3,0,0,1,15,9,0,1,0,4,0,0,0,3,1,0,0,0,0,0,1,0,0,0,0,0,0,0,0,0,0,0,0,0,0,0,0,0,0,0,0,0,0,0,0,0,0,1,0,0,0,0,0,0,0,0,0,0,0,0,0,0,0,0,0,0,0,0,0,0,0,0,0,0
1849,0,1,9,8,0,0,11,9,1,5,0,3,0,0,0,0,0,1,0,1,0,2,5,0,2,0,0,1,0,1,1,0,1,0,0,0,0,1,0,0,0,1,1,0,0,0,0,0,0,0,0,0,2,0,0,0,0,0,0,0,0,0,0,0,0,0,0,0,0,0,0,0,0,0,0,0
1850,0,0,6,3,0,0,11,5,0,5,0,3,0,0,0,4,0,0,0,0,0,0,4,0,0,0,1,0,0,0,0,0,0,0,0,0,0,2,0,0,0,1,0,0,0,0,0,0,0,0,0,0,1,0,0,0,0,0,1,0,0,0,0,0,0,0,0,0,0,0,0,0,0,0,0,0
1852,0,1,8,2,0,1,0,4,0,0,0,2,0,0,5,0,0,1,0,0,0,0,0,2,0,0,1,3,0,2,0,10,0,0,0,2,0,0,0,0,0,0,0,0,0,0,0,0,0,0,0,0,0,0,0,0,0,0,0,0,0,0,0,0,0,0,0,1,0,0,0,0,0,0,0,0
1853,0,1,11,6,0,1,0,4,0,0,0,0,0,0,5,0,0,0,0,0,0,0,0,1,0,0,0,4,0,1,0,5,1,0,0,0,0,0,0,0,0,0,0,1,0,0,0,0,0,0,0,0,0,0,0,0,0,0,0,0,0,0,0,0,0,0,0,1,0,0,0,0,0,0,0,0
1875,0,1,7,3,0,3,12,7,3,2,0,1,0,0,0,2,4,0,0,0,1,1,4,0,0,0,0,0,0,0,0,0,0,1,0,0,0,1,0,1,0,1,0,0,0,0,0,0,0,0,0,0,0,0,0,0,0,0,0,0,0,0,0,0,0,0,0,0,0,0,0,0,0,0,0,0
1876,0,2,19,11,1,1,1,4,1,1,1,2,0,0,0,0,1,1,0,0,0,1,1,0,0,0,0,0,0,0,0,0,0,0,0,0,0,0,0,0,0,0,0,0,0,0,0,0,0,0,0,0,0,0,0,0,0,0,0,0,0,0,0,0,0,0,0,0,0,0,0,0,0,0,0,0
1877,0,2,1,0,0,6,12,2,0,1,0,0,2,0,0,2,1,0,0,2,0,0,0,0,0,1,0,0,0,0,0,0,1,0,0,0,0,1,0,0,0,0,1,0,0,0,0,0,0,0,0,0,0,0,0,0,0,1,0,0,0,0,0,0,0,0,0,0,0,0,0,0,0,0,0,0
1878,0,0,4,1,0,2,15,2,0,0,0,3,1,0,0,0,0,0,0,0,0,0,0,0,1,0,0,0,0,0,0,0,0,0,0,2,0,5,0,0,0,2,0,0,0,0,0,0,0,0,0,0,1,0,0,0,0,0,0,0,0,0,0,0,0,0,0,0,0,0,0,0,0,0,0,0
1879,0,3,10,7,0,9,8,9,3,0,0,2,0,1,0,2,1,3,0,0,0,0,4,0,0,0,1,0,0,0,1,1,0,0,0,0,0,2,1,0,0,2,0,0,0,0,0,0,0,0,0,0,0,0,0,0,0,0,0,0,0,0,0,0,0,0,0,0,0,0,0,0,0,0,0,0
1880,0,2,7,7,0,4,34,7,2,4,1,1,0,0,0,4,5,2,0,2,0,0,1,0,0,0,0,0,0,0,2,0,0,1,0,0,0,6,0,0,0,4,0,0,0,0,0,1,0,0,0,0,4,0,0,0,0,0,0,0,0,0,0,0,0,0,0,0,0,0,0,0,0,0,0,0
1881,0,1,4,2,0,7,8,3,2,1,0,0,0,0,0,1,1,4,0,1,0,1,0,0,0,0,0,0,0,0,1,0,0,3,0,0,0,0,0,0,0,1,0,0,0,0,0,0,0,0,0,0,0,0,0,0,0,0,0,0,0,0,0,0,0,0,0,0,0,0,0,0,0,0,0,0
1882,0,0,0,0,0,0,7,2,1,0,0,4,0,0,0,0,0,0,0,0,0,0,1,0,0,0,0,1,0,0,2,0,0,1,0,0,0,0,0,0,0,1,0,0,0,0,0,0,0,0,0,0,1,0,0,0,0,0,0,0,0,0,0,0,0,0,0,0,0,0,0,0,0,0,0,0
1883,0,0,3,1,0,1,5,5,1,1,0,7,0,0,0,0,0,0,0,0,0,0,1,0,0,0,0,1,1,1,0,0,1,0,0,0,0,0,1,0,0,0,0,0,0,0,0,0,0,0,0,0,3,0,0,0,0,0,0,0,0,1,0,0,0,0,0,0,0,0,0,0,0,0,0,0
1884,0,1,5,6,0,0,12,1,1,2,0,0,0,0,0,1,2,1,0,2,1,1,2,0,0,0,0,0,0,0,2,0,0,2,0,0,0,1,1,0,0,1,1,0,0,0,0,0,0,0,0,0,1,0,0,0,0,0,0,0,0,1,0,0,0,0,0,0,0,0,0,0,2,0,0,0
1885,0,5,21,9,0,12,27,8,3,0,0,12,0,0,0,3,1,7,1,1,0,0,1,0,1,0,0,1,0,0,2,0,0,0,0,0,0,2,0,0,0,6,1,0,0,0,0,2,0,0,0,0,1,0,0,0,0,0,0,2,0,1,0,0,1,0,0,0,0,0,0,0,1,0,0,0
1886,0,4,15,12,0,3,3,1,0,1,0,5,0,0,0,1,0,0,2,0,0,1,1,0,0,0,0,0,0,0,2,0,0,2,0,0,0,0,0,0,0,3,0,0,0,0,0,0,0,0,0,0,1,0,0,0,0,0,0,0,0,0,0,0,0,0,0,0,0,0,0,0,0,0,0,0
1887,0,2,5,3,0,2,3,1,1,2,0,2,0,0,0,1,0,0,0,0,0,0,2,1,0,0,0,0,0,0,0,0,1,0,0,0,0,0,0,0,0,1,0,0,0,0,0,0,0,0,0,0,0,0,0,0,0,0,0,0,0,0,0,0,0,0,0,0,0,0,0,0,0,0,0,0
1888,0,0,7,4,0,5,12,1,0,4,0,0,0,0,1,1,0,0,0,0,0,0,0,0,0,0,0,0,0,1,0,0,0,0,0,0,0,3,0,0,0,2,1,0,0,0,0,0,0,0,0,0,0,0,0,0,0,0,0,0,0,0,0,1,0,0,0,0,0,0,0,0,0,0,0,0
1889,0,0,3,2,0,0,4,8,2,0,0,1,0,0,0,1,0,1,0,0,0,0,0,0,0,0,0,2,0,0,0,1,0,0,1,2,1,0,0,0,1,0,0,0,0,0,0,1,0,0,0,3,0,0,0,0,0,0,0,0,0,0,0,1,0,0,0,0,0,0,0,0,0,0,0,0
1890,0,1,8,8,0,2,11,1,0,5,0,2,0,0,0,1,0,2,0,1,0,0,2,0,1,0,0,0,0,0,0,0,0,0,0,0,0,1,0,0,0,1,0,0,0,0,0,0,0,0,0,0,0,0,0,0,0,0,0,1,0,0,0,0,0,0,0,0,0,0,0,0,0,0,0,0
1891,0,0,2,1,0,2,15,4,1,0,0,1,0,0,0,2,2,0,0,2,0,0,0,0,1,0,0,0,0,0,1,0,1,0,0,0,0,1,0,0,1,1,0,0,0,0,0,0,0,0,0,0,0,0,0,0,0,0,0,0,0,0,0,0,0,0,0,0,0,0,0,0,0,0,0,0
1892,0,3,16,10,0,2,2,1,1,1,0,1,0,0,0,0,1,1,0,0,0,0,0,0,0,0,0,0,0,1,0,0,0,0,0,0,0,1,0,0,0,0,0,0,0,0,0,0,0,0,0,0,0,0,0,0,0,0,0,0,0,0,0,0,0,0,0,0,0,0,0,0,0,0,0,0
1893,0,4,4,3,0,10,16,4,1,2,0,4,0,0,0,5,3,2,0,1,0,0,5,0,0,0,0,0,0,0,3,0,3,1,0,0,0,2,1,0,0,3,1,1,0,0,0,0,0,0,0,0,1,0,0,0,0,0,0,0,0,1,0,0,0,0,0,0,0,0,0,0,0,0,0,0
1894,0,3,2,0,0,3,8,4,0,1,0,3,0,0,0,3,2,0,0,0,1,0,8,0,1,0,1,0,0,1,0,0,0,0,0,0,0,4,0,0,0,2,1,0,0,0,0,0,0,0,0,0,1,0,0,0,0,0,0,0,0,1,0,0,0,0,0,0,0,0,0,0,0,0,0,0
1895,0,8,18,21,0,6,23,4,0,2,0,7,1,0,0,0,3,0,0,2,0,0,4,1,2,0,0,1,0,1,2,1,1,0,0,0,0,3,0,0,0,4,0,0,0,0,0,0,0,0,0,0,5,0,0,0,0,1,0,0,0,0,0,0,0,0,0,1,0,0,0,0,0,0,0,0
1896,0,1,4,5,0,0,5,3,1,3,0,2,0,0,0,0,2,1,0,0,0,0,0,0,0,0,0,0,0,0,0,0,0,0,0,0,0,1,0,0,0,5,0,0,0,0,0,0,0,0,0,0,0,0,1,0,0,0,0,0,0,0,0,0,0,0,0,0,0,0,0,0,0,0,0,0
1897,0,6,9,5,0,0,4,1,0,2,0,2,0,0,0,1,0,1,0,0,0,0,0,0,0,0,0,0,0,0,0,0,1,0,0,0,0,1,0,0,0,0,0,0,0,0,0,0,0,0,0,0,0,0,0,0,0,0,0,0,0,0,0,0,0,0,0,0,0,0,0,0,0,0,0,0
1898,0,2,7,2,0,1,6,2,0,7,0,1,0,0,0,0,0,1,0,2,0,0,1,0,1,0,0,0,0,0,0,0,0,1,0,1,0,0,0,0,0,0,0,0,0,0,0,0,0,0,0,0,0,0,0,0,0,0,1,0,0,0,0,0,0,0,0,0,0,0,0,0,0,0,0,0
1899,0,1,1,4,0,0,3,0,1,1,0,4,0,0,0,0,0,0,0,0,0,1,0,0,0,0,0,0,0,0,0,0,0,0,0,1,0,2,0,0,1,1,1,0,0,0,0,0,0,0,0,0,0,0,0,0,0,0,1,0,0,0,0,0,0,0,0,0,0,0,0,0,0,0,0,0
1900,0,2,17,4,0,0,8,2,1,0,0,3,0,0,0,4,3,3,0,0,0,0,1,0,0,1,0,1,0,1,0,0,0,0,0,0,0,0,0,0,0,1,0,0,0,0,0,3,0,0,0,1,1,0,0,0,0,0,0,0,0,1,0,0,0,0,0,0,0,0,0,0,0,0,0,0
1901,1,0,3,1,0,3,4,9,1,3,0,3,0,0,0,0,2,1,0,0,0,0,3,0,0,2,0,0,0,0,0,2,0,0,2,0,1,2,2,0,0,0,0,0,0,1,0,0,0,0,0,1,0,0,0,0,0,0,0,0,0,0,0,2,0,0,0,0,0,0,0,0,0,0,0,0
1902,0,1,10,7,0,5,12,7,2,5,0,9,0,0,0,7,0,2,1,0,0,0,0,0,1,1,1,1,0,1,2,0,1,0,0,0,0,2,2,0,0,9,0,0,0,0,0,0,0,0,0,0,0,0,0,0,0,0,0,0,0,0,0,1,0,0,0,0,0,0,0,0,0,0,0,0
1903,0,2,7,7,0,0,9,1,0,0,0,4,0,0,0,0,0,0,1,0,0,0,0,0,0,1,0,1,0,0,0,0,0,0,0,0,0,0,0,0,0,2,0,0,0,0,0,0,1,0,0,0,2,0,0,0,0,0,1,0,0,0,0,0,0,0,0,0,0,0,0,0,0,0,0,0
1904,0,5,13,10,0,2,17,5,0,4,0,2,0,0,1,1,2,4,0,0,0,1,3,0,1,0,1,0,0,0,0,0,0,0,0,0,0,0,0,1,0,1,0,0,0,0,0,0,0,0,0,0,0,0,0,0,0,0,0,1,0,0,0,0,0,0,0,0,0,0,0,0,0,0,0,1
1905,9,0,0,2,0,2,1,7,0,0,0,0,0,0,0,1,0,0,0,1,0,0,1,1,0,0,0,3,0,0,0,5,0,1,0,0,0,0,0,0,0,1,0,0,0,0,0,0,0,0,0,0,0,0,0,0,0,0,1,0,0,0,0,0,0,0,0,1,0,0,0,0,1,0,0,0
1907,1,0,4,2,0,2,0,2,0,0,0,1,0,0,3,1,0,0,1,0,0,0,0,0,2,1,1,8,0,1,1,1,0,0,1,4,0,0,0,0,0,0,0,0,0,0,0,0,0,0,0,0,0,0,0,0,0,0,1,0,0,0,0,0,0,0,0,0,0,0,0,0,0,0,0,0
1923,0,12,23,10,0,4,16,9,1,2,0,3,0,0,0,4,1,0,0,0,0,0,1,3,0,0,0,1,0,0,0,0,0,1,0,0,0,1,0,0,0,2,2,0,0,0,0,0,0,0,0,0,0,0,0,0,0,1,2,0,0,0,0,0,0,0,0,0,0,0,0,0,1,0,0,0
1924,0,0,4,6,0,2,18,3,0,1,0,3,0,0,0,3,0,2,0,1,0,0,1,1,0,0,0,0,0,0,0,0,0,3,0,0,0,0,0,0,0,0,0,0,0,0,0,0,0,0,0,0,0,0,0,0,0,0,0,1,0,0,0,0,0,0,0,0,0,0,0,0,0,0,0,0
1925,0,16,31,29,0,14,35,6,4,5,0,4,0,0,1,1,4,11,0,1,0,1,5,0,0,0,0,0,0,3,0,1,1,3,0,0,1,2,0,0,0,11,0,0,1,0,0,0,3,0,0,0,1,0,0,0,0,0,0,0,0,0,0,0,0,0,0,0,0,0,0,0,0,0,1,0
1927,1,1,7,0,1,5,28,7,1,2,0,3,1,0,0,3,2,3,0,1,0,0,1,0,1,0,0,0,0,0,2,0,0,0,0,0,0,5,0,0,0,3,3,0,0,0,0,0,0,0,0,0,0,0,0,0,0,2,0,0,0,0,0,0,0,0,0,0,0,0,0,0,0,0,0,0
1928,5,5,18,16,19,1,22,20,3,4,0,2,0,0,1,1,3,1,0,0,0,0,0,3,2,1,0,3,0,1,1,2,0,0,0,4,3,0,0,1,0,1,0,0,0,0,0,0,0,0,1,0,6,0,1,0,0,1,1,0,0,0,0,0,0,0,0,0,0,1,0,0,0,0,1,0
1929,0,3,15,13,0,1,13,0,2,1,0,8,2,0,0,3,0,2,1,2,0,0,1,0,0,0,0,0,0,0,0,1,0,3,0,0,0,3,0,0,0,2,0,0,0,0,0,0,0,0,0,0,0,0,0,0,0,0,1,1,0,0,0,1,0,0,1,0,0,0,0,0,0,0,0,0
1931,1,5,14,4,5,0,5,9,0,1,0,8,0,0,0,1,0,1,0,0,0,0,0,0,0,1,0,2,0,0,1,0,2,0,0,1,1,0,1,0,0,5,0,0,0,0,0,0,0,0,1,0,0,0,0,0,0,1,0,0,0,0,0,0,0,0,0,0,0,0,1,0,0,0,0,0
1932,0,6,10,12,0,5,15,5,5,1,0,0,1,0,0,4,0,2,1,5,0,0,3,0,1,1,0,0,0,0,0,1,0,0,0,1,0,1,1,1,0,3,0,0,0,0,0,1,0,0,0,0,0,0,0,0,0,0,0,0,0,0,0,1,0,0,0,0,0,0,1,0,0,0,0,0
1933,0,4,16,13,2,0,9,3,0,4,0,6,0,0,0,2,2,3,1,0,0,0,0,0,0,0,1,3,0,0,0,0,0,0,0,0,0,1,0,0,0,2,1,0,0,0,0,1,0,0,0,0,2,0,0,0,0,0,1,0,0,0,0,0,0,0,0,0,0,0,0,0,0,0,0,0
1934,1,3,15,11,1,1,17,6,2,3,0,3,0,0,0,1,1,2,0,0,0,0,5,0,1,1,1,0,0,2,0,2,1,0,0,0,0,0,0,0,0,5,0,0,0,0,0,0,0,0,0,0,1,0,0,0,0,0,0,0,0,0,0,1,0,0,0,0,0,0,0,0,0,0,0,0
1936,0,6,18,21,0,8,17,5,2,1,0,2,0,0,0,3,1,4,0,0,0,0,2,0,2,1,1,0,0,0,0,1,0,1,0,0,1,1,2,0,0,0,0,0,0,0,0,0,0,0,0,0,1,0,0,0,0,2,1,0,0,0,0,0,0,0,0,0,0,0,0,0,0,0,0,0
1937,0,3,7,1,0,8,13,5,0,2,0,2,1,0,0,3,1,4,0,1,0,1,3,0,2,0,1,0,0,0,0,0,0,0,0,0,0,1,0,0,0,3,0,0,0,0,0,0,0,0,0,0,2,0,0,0,0,0,0,0,0,0,0,0,0,0,0,0,0,0,0,0,0,0,0,0
1938,0,1,2,1,0,4,2,3,1,3,0,0,0,0,0,0,0,1,0,0,1,0,0,0,1,0,0,0,0,0,1,0,0,0,0,0,0,0,0,0,0,0,0,0,0,0,0,0,1,0,0,0,0,0,0,0,0,0,0,0,0,0,0,0,0,0,0,0,0,0,0,0,0,0,0,0
1939,0,1,3,1,0,1,9,4,0,0,0,1,0,0,0,1,0,3,0,1,0,0,0,0,0,0,0,0,0,0,0,0,1,0,0,0,0,0,0,0,0,0,0,0,0,0,0,0,0,0,0,0,2,0,0,0,0,0,0,0,0,0,0,0,0,0,0,0,0,0,0,0,0,0,0,0
1941,0,0,5,1,0,4,11,4,0,3,0,1,0,0,0,1,1,0,0,1,0,1,0,0,1,0,1,0,0,0,0,0,0,0,0,0,0,3,0,0,0,2,0,0,0,0,0,0,0,0,0,0,0,0,0,0,0,0,0,0,0,0,0,0,0,0,0,0,0,0,0,0,0,0,0,0
1942,0,19,48,40,0,12,14,12,2,4,0,2,0,0,0,4,3,1,0,1,0,0,3,0,0,0,1,0,0,0,0,0,2,0,0,0,0,7,0,0,0,8,1,0,0,0,0,0,0,0,0,0,1,0,0,0,0,0,0,0,0,0,0,0,0,0,0,0,0,0,0,0,0,0,0,0
1943,0,1,6,0,0,1,8,0,1,2,0,4,1,0,0,0,0,0,0,1,0,1,2,0,0,1,0,0,0,0,0,1,1,0,0,0,0,0,0,0,0,3,1,0,0,0,0,0,0,0,0,0,0,0,0,0,0,0,2,0,0,0,0,0,0,0,0,0,0,0,0,0,0,0,0,0
1944,0,7,23,15,0,4,6,4,2,1,0,3,1,0,0,3,2,5,0,0,0,1,2,0,0,0,0,0,0,0,1,0,0,0,0,0,0,0,0,0,0,3,0,0,0,0,0,0,0,0,0,0,1,0,0,0,0,0,0,0,0,1,0,0,0,0,0,0,0,0,0,0,0,0,0,0
1972,0,5,8,5,0,2,28,3,1,4,0,3,0,0,0,1,1,3,0,1,0,0,4,0,0,0,0,0,0,0,2,0,0,3,0,0,0,2,0,0,0,3,0,0,0,0,0,0,0,0,0,0,0,0,0,0,0,1,0,0,0,0,0,0,0,0,1,0,0,0,0,0,0,0,0,0
1973,0,5,11,18,0,0,1,4,1,2,0,1,0,0,0,4,1,2,0,0,2,0,0,0,1,0,0,2,0,1,0,0,1,0,0,0,0,0,0,3,0,1,0,0,10,0,0,0,0,0,0,0,0,0,0,0,0,0,0,2,0,0,0,0,0,0,0,0,0,0,1,0,1,0,0,0
1974,0,12,30,20,0,13,41,4,5,3,0,4,0,0,0,4,3,5,0,1,0,2,2,0,0,0,0,0,0,0,3,1,2,0,0,0,0,2,0,0,0,5,1,0,0,0,0,1,0,0,0,0,1,0,0,0,0,0,0,0,0,1,0,0,0,0,0,0,1,0,0,0,0,0,0,0
1975,0,4,13,7,0,7,29,5,0,4,0,1,0,0,0,0,1,2,0,2,0,1,0,0,0,1,0,3,0,1,2,1,0,0,0,0,0,3,0,0,0,4,1,0,0,0,0,0,0,0,0,0,0,0,0,0,0,0,1,1,0,1,0,0,0,0,0,0,0,0,0,0,1,0,0,0
1976,0,2,5,8,0,5,17,1,1,5,0,5,1,0,0,2,2,1,0,0,0,0,2,0,0,0,0,0,0,0,4,0,1,0,0,1,0,3,0,0,0,3,2,0,0,0,0,0,0,0,0,0,1,0,0,0,0,0,1,0,0,0,0,0,0,0,0,0,0,0,0,0,0,0,0,0
1977,0,5,29,16,0,0,10,10,1,4,0,8,0,0,0,0,0,0,0,0,0,0,1,0,0,1,1,1,0,0,1,1,2,1,0,0,0,0,1,0,0,1,0,0,0,0,0,0,0,0,0,0,0,0,0,0,0,0,0,2,0,0,0,0,0,0,0,0,0,0,0,0,0,0,0,0
1978,0,4,9,7,0,0,9,1,1,1,0,8,0,0,0,2,0,1,0,0,0,1,1,0,0,2,0,2,1,0,4,0,0,1,0,0,0,0,0,0,0,0,1,0,0,0,0,0,1,0,0,0,0,0,0,0,0,0,0,1,0,0,0,0,0,0,0,0,0,0,0,0,1,0,0,0
1979,0,0,5,0,0,1,11,1,0,0,0,0,0,0,0,2,1,0,0,0,0,0,2,0,0,0,0,0,0,0,0,0,0,0,0,0,0,0,0,0,0,0,0,0,0,0,0,0,0,0,0,0,0,0,0,0,0,0,0,0,0,0,0,0,0,0,0,0,0,0,0,0,0,0,0,0
1980,0,8,26,11,0,10,33,7,8,4,1,12,0,0,0,4,4,1,1,0,0,0,2,0,0,0,0,2,0,0,1,1,1,6,0,0,0,1,1,0,0,3,0,0,0,0,0,2,0,0,0,0,2,0,0,0,0,0,0,2,0,2,0,0,0,0,0,0,0,0,0,0,2,0,0,0
1981,0,1,8,5,0,0,2,0,2,1,0,3,0,0,0,0,0,1,0,0,0,0,1,0,0,0,0,0,0,0,0,0,1,0,0,0,0,0,0,0,0,0,1,0,0,0,0,0,0,0,0,0,0,0,0,0,0,0,0,1,0,0,0,0,0,0,0,0,0,0,0,0,0,0,0,0
1982,0,0,6,3,0,3,34,9,0,6,0,1,0,0,0,2,3,3,0,0,0,0,1,0,0,0,0,0,0,0,0,0,0,0,0,0,0,0,0,2,0,0,1,0,0,0,0,0,0,0,0,0,3,0,0,0,0,0,0,1,0,0,0,0,0,0,0,0,0,0,0,0,0,0,0,0
1983,0,0,11,6,0,1,11,2,2,0,0,3,0,0,0,0,0,1,0,0,0,0,0,0,0,0,0,0,0,0,2,0,0,0,0,2,0,2,1,0,0,2,0,0,0,0,0,0,0,0,0,0,0,0,0,0,0,0,1,0,0,0,0,0,0,0,0,0,0,0,0,0,0,0,0,0
1984,0,2,6,3,0,1,13,3,0,0,0,7,1,0,0,0,0,1,0,0,0,0,1,0,0,0,0,0,0,0,0,0,3,0,0,0,0,1,0,1,0,1,0,0,0,0,0,0,0,0,0,0,0,0,0,0,0,0,0,0,0,0,0,0,0,0,0,0,0,0,0,0,0,0,0,0
1985,0,6,17,8,0,4,10,2,1,4,0,4,0,0,0,1,3,2,0,1,0,1,1,0,1,0,0,0,0,0,0,0,1,0,0,0,1,2,0,0,0,2,0,0,0,0,0,0,0,0,0,1,3,0,0,0,0,0,1,0,0,0,0,0,2,0,0,0,0,0,0,0,0,0,1,0
1987,0,2,17,16,0,4,6,0,1,2,0,5,0,0,0,2,0,0,0,1,0,0,1,0,1,0,0,0,0,0,0,0,0,0,0,0,0,0,0,1,0,0,0,0,0,0,0,0,0,0,0,0,1,0,0,0,0,0,0,0,0,0,0,0,0,0,0,0,0,0,0,0,0,0,0,0
1988,1,2,8,1,0,5,16,4,0,5,0,1,0,0,0,2,0,1,0,0,0,1,0,0,1,0,0,0,0,0,1,0,0,0,0,0,0,0,2,1,0,3,0,0,0,0,0,0,0,0,0,0,1,0,0,0,0,1,0,0,0,0,0,0,0,0,0,0,0,0,0,0,0,0,0,0
1989,0,3,16,10,0,7,4,12,2,1,0,5,1,0,0,0,1,5,0,1,0,0,0,0,0,1,0,0,0,0,2,0,0,0,0,0,0,1,0,0,0,1,1,0,0,0,0,2,0,0,0,0,1,0,0,0,0,0,0,0,0,0,0,0,0,0,0,0,0,0,0,0,0,0,0,0
1990,0,10,24,16,0,14,32,10,4,5,0,8,0,0,0,6,3,14,0,0,0,1,1,0,0,1,0,1,0,0,1,2,1,0,0,0,0,5,1,0,0,8,0,0,0,0,0,1,0,0,0,0,1,0,0,0,0,0,0,0,0,1,0,0,0,0,0,0,0,0,1,0,0,0,1,0
1992,0,1,1,2,0,3,15,7,0,2,0,2,0,0,0,1,0,1,0,0,0,0,5,0,0,0,0,0,0,0,1,0,0,0,0,0,0,0,0,0,0,0,1,0,0,0,0,0,0,0,0,0,0,0,0,0,0,0,1,0,0,0,0,0,0,0,0,0,0,0,0,0,0,0,0,0
1993,0,1,6,3,0,5,9,2,0,6,0,1,0,0,0,4,5,3,0,0,0,0,2,0,0,0,0,0,0,0,0,0,0,0,0,0,0,2,1,0,0,4,0,0,0,0,0,1,0,0,0,0,1,0,0,0,0,0,0,0,0,0,0,0,1,0,0,0,0,0,0,0,0,0,0,0
1994,0,4,11,10,0,5,18,3,2,7,0,1,0,0,0,3,7,3,0,2,1,3,1,0,0,0,0,4,0,0,0,0,0,1,0,0,0,1,2,0,0,9,0,0,0,0,0,0,1,0,0,0,2,0,1,0,0,1,0,0,0,0,0,0,0,0,0,0,0,0,0,0,0,0,0,0
1995,2,1,3,1,0,3,6,4,0,0,0,2,0,0,1,0,1,3,0,3,0,0,0,1,0,2,0,0,0,1,1,1,0,0,0,1,3,0,0,0,0,0,0,2,0,0,0,0,0,0,0,11,1,0,0,0,0,0,0,0,0,0,0,0,0,0,0,0,0,1,0,0,0,0,0,0
1996,0,1,25,7,0,2,8,7,0,7,0,1,0,0,0,4,1,4,0,0,0,0,3,1,1,0,0,0,0,0,1,0,0,0,0,0,1,2,0,0,0,0,1,3,0,0,0,0,1,0,0,0,1,0,0,0,0,0,0,0,0,0,0,0,0,0,1,0,0,0,0,0,0,0,0,0
1997,0,3,9,5,0,0,0,3,2,0,0,7,0,0,0,0,1,1,0,0,0,0,0,0,0,0,0,1,0,0,0,2,0,0,0,0,0,0,0,2,0,0,0,0,0,0,0,0,0,0,0,0,0,0,1,0,0,0,0,0,0,0,0,0,0,0,0,0,0,0,0,0,0,0,0,0
1998,0,0,1,0,0,0,3,10,0,1,0,6,0,0,0,1,0,2,0,0,0,0,0,1,0,0,0,5,0,1,1,2,0,0,2,3,0,0,1,0,0,0,0,0,0,0,0,0,0,0,0,0,0,0,1,0,0,0,0,0,0,0,0,1,0,0,0,0,0,0,0,0,0,0,0,0
2000,0,3,19,15,0,2,13,5,0,5,0,0,0,0,0,1,3,7,4,0,0,0,1,0,0,0,1,1,0,1,2,0,1,0,0,0,0,1,0,0,0,6,0,0,0,0,0,0,0,0,0,0,3,0,0,0,0,1,0,0,0,0,0,0,1,0,0,0,0,0,0,0,0,0,0,0
2019,0,0,13,11,0,2,11,1,1,1,0,7,0,0,0,2,0,2,1,0,0,0,2,0,0,0,0,2,0,0,0,1,0,1,0,0,0,0,0,0,0,1,0,2,0,0,0,0,0,0,0,1,0,0,0,0,1,0,0,1,0,0,0,0,0,0,0,0,0,0,0,0,0,0,0,0
2020,0,2,5,1,0,2,20,0,0,4,0,4,0,0,0,2,3,0,0,1,0,0,0,0,0,0,0,0,0,0,1,0,0,0,0,0,0,1,0,1,0,0,0,0,0,0,0,0,0,0,0,0,2,0,0,0,0,0,0,0,0,0,0,0,1,0,0,0,0,0,0,0,0,0,0,0
2021,0,7,13,11,0,1,19,13,2,5,1,5,0,0,0,1,1,7,0,0,0,1,1,0,0,0,0,0,0,1,5,0,0,1,0,0,0,4,1,0,0,7,2,0,0,0,0,0,0,0,0,0,1,0,0,0,0,0,0,0,0,0,0,0,0,0,0,0,0,0,0,0,1,0,0,0
2022,0,0,1,3,0,1,5,2,0,5,0,1,0,0,0,0,2,1,0,0,0,0,3,0,0,0,0,0,0,0,0,0,1,0,0,0,0,1,0,0,0,0,0,0,0,0,0,0,0,0,0,0,1,0,0,0,0,0,0,0,0,1,0,0,0,0,0,0,0,0,0,0,0,0,0,0
2023,0,8,13,8,0,4,22,6,3,2,0,11,1,0,0,0,0,1,0,0,0,0,0,0,3,0,1,0,0,1,0,0,0,3,0,0,0,3,0,0,0,0,0,0,0,0,0,0,0,0,0,0,1,0,0,0,0,1,0,0,0,0,0,0,1,0,0,0,0,0,0,0,0,0,0,0
2024,0,7,26,17,0,1,10,4,0,2,1,6,0,0,0,1,1,1,0,0,0,1,3,0,0,1,0,0,0,0,0,1,0,2,0,0,0,0,0,0,0,1,0,0,0,0,0,0,0,0,0,0,2,0,0,0,0,0,0,0,0,0,0,0,0,0,0,0,0,0,0,0,0,0,0,0
2025,0,5,28,15,0,8,27,9,1,3,0,2,0,0,1,6,1,3,1,4,0,1,2,0,0,2,0,0,1,0,2,2,1,2,0,0,0,0,0,0,0,3,2,1,0,0,0,0,1,0,0,0,1,0,0,0,0,1,0,0,0,0,0,0,0,0,0,0,0,0,0,0,0,0,0,0
2026,0,1,6,6,0,4,10,3,1,0,0,2,0,0,0,2,0,0,2,0,0,0,0,0,0,0,1,0,0,0,0,0,1,0,0,0,0,2,0,0,0,0,0,0,1,0,0,0,0,0,0,0,0,0,0,0,0,0,1,1,0,0,0,0,0,0,0,0,0,0,0,0,0,0,0,0
2027,0,2,14,4,0,4,24,6,3,8,0,3,1,0,0,3,0,1,1,0,0,0,0,0,0,0,0,0,0,0,1,0,0,1,0,0,0,1,1,0,0,0,1,0,0,0,0,1,0,0,0,0,0,0,0,0,0,0,0,0,0,0,0,0,0,0,0,0,0,0,0,0,0,0,0,0
2028,0,2,16,5,0,1,11,5,0,6,0,2,1,0,0,3,1,1,0,0,0,1,0,0,0,0,0,0,0,0,0,1,0,2,0,0,0,6,0,0,0,1,0,2,0,0,0,2,0,0,0,0,1,0,0,0,0,0,1,1,0,0,0,0,0,0,0,0,0,0,0,0,0,0,0,0
2029,1,4,14,8,0,5,18,10,2,1,0,4,0,0,0,6,1,4,0,0,0,1,0,0,0,1,0,0,0,0,2,0,1,0,0,0,0,0,2,0,0,3,0,0,0,0,0,0,0,0,0,0,0,0,0,0,0,0,0,0,0,0,0,0,0,0,0,0,0,0,0,0,2,0,0,0
2030,0,1,7,3,0,3,5,2,0,1,0,3,0,0,0,0,0,0,0,1,0,0,1,0,0,1,0,0,0,0,0,0,0,0,0,0,0,0,0,0,0,0,0,0,0,0,0,0,0,0,1,0,1,0,0,0,0,0,0,1,0,0,0,0,0,0,0,0,0,0,0,0,0,0,0,0
2031,0,1,7,1,0,1,15,2,1,2,0,2,0,0,0,4,0,4,0,0,0,0,0,0,0,2,0,0,0,0,0,0,0,1,0,0,0,0,0,0,0,0,0,0,0,0,0,0,0,0,0,0,2,0,0,0,0,0,0,0,0,0,0,0,0,0,0,0,0,0,0,0,0,0,0,0
2032,9,5,12,7,0,1,5,6,1,0,0,4,0,0,0,1,0,3,0,0,0,1,1,0,0,0,4,6,0,1,0,4,0,0,0,1,0,2,0,0,0,0,1,2,0,0,0,1,0,0,0,0,0,0,0,0,0,0,0,0,0,0,0,0,0,0,0,0,0,0,0,0,0,0,0,0
2033,0,3,10,7,0,4,13,9,1,4,0,2,0,0,0,1,1,3,0,0,0,1,0,0,0,0,0,0,0,0,3,0,0,0,0,0,1,1,0,0,0,2,0,0,0,0,0,0,0,0,0,0,1,0,0,0,0,0,0,0,0,1,0,0,0,0,0,0,0,0,0,0,0,0,0,0
2034,0,2,13,4,0,3,23,14,2,3,0,9,1,0,0,3,1,5,0,1,1,0,4,0,0,1,1,0,0,0,0,0,0,0,0,0,0,3,2,0,0,2,1,0,0,0,0,2,0,0,0,0,1,0,1,0,0,0,0,0,0,0,0,0,1,0,0,1,0,0,0,0,0,0,0,0
2036,0,6,14,4,0,3,10,6,1,4,0,4,0,0,0,2,2,5,0,1,0,0,2,0,0,2,0,0,0,0,0,0,1,0,0,0,0,0,0,0,0,1,0,0,0,0,0,1,0,0,0,0,1,0,0,0,0,0,2,0,0,0,0,0,0,0,0,0,0,0,0,0,0,0,0,0
2037,1,2,3,0,0,0,1,4,0,1,0,1,0,0,0,0,0,0,0,0,0,0,0,2,0,0,0,0,0,0,0,1,0,0,0,9,0,0,0,0,0,0,0,0,1,0,0,0,0,0,1,0,0,0,0,0,0,1,0,0,0,0,0,0,0,0,0,0,0,0,0,0,0,0,0,0
2038,0,2,6,2,0,0,0,0,1,0,0,0,0,0,0,4,1,1,0,0,0,0,0,0,0,0,0,0,0,0,0,2,0,0,0,0,0,0,0,0,0,0,0,0,1,0,0,0,0,0,0,0,0,0,0,0,0,0,0,0,0,0,0,0,0,0,0,0,0,1,0,0,0,0,0,0
2039,0,1,19,11,0,1,13,4,1,2,0,5,0,0,0,5,3,4,0,0,0,0,3,0,0,3,0,0,0,0,0,0,1,0,0,0,0,4,0,0,0,3,0,0,0,0,0,2,0,0,0,0,1,0,0,0,0,1,0,0,0,0,0,0,0,0,0,0,0,0,0,0,0,0,0,0
2040,0,0,6,1,0,6,2,4,0,2,0,2,0,0,0,0,2,0,0,0,0,0,0,0,0,0,0,0,0,0,0,0,0,0,0,0,0,0,0,0,0,0,0,0,0,0,0,0,0,0,0,0,0,0,0,0,0,0,0,0,0,0,0,0,0,0,0,0,0,0,0,0,0,0,0,0
2041,0,0,20,11,2,3,4,6,0,1,0,0,2,0,0,1,0,2,1,0,0,0,0,0,0,1,0,0,0,0,1,1,0,0,0,0,0,4,1,0,0,1,0,0,0,0,0,2,1,0,0,0,0,0,0,0,0,0,0,0,0,0,0,0,1,0,0,0,0,0,0,0,0,0,0,0
2042,0,3,17,9,0,0,0,0,2,0,0,0,0,0,0,3,0,0,0,0,0,0,0,0,0,0,0,0,0,0,0,0,0,0,0,0,0,0,0,0,0,0,0,2,0,0,0,0,0,0,0,0,0,0,0,0,0,0,0,0,0,0,0,0,0,0,0,0,0,0,0,0,0,0,0,0
2060,0,2,14,12,0,2,10,4,0,1,0,2,0,0,0,0,0,1,0,1,0,0,0,0,1,0,0,0,0,0,1,0,1,0,0,0,0,0,0,0,0,3,0,0,0,0,0,0,0,0,0,0,0,0,0,0,0,0,0,0,0,0,0,0,0,0,0,0,0,0,0,0,0,0,0,0
2061,0,3,21,12,0,1,14,1,2,1,0,1,0,0,0,0,3,1,0,0,0,1,0,0,0,0,0,0,0,0,7,0,0,0,0,0,1,0,0,0,0,2,0,0,0,0,0,0,0,0,0,0,1,0,0,0,0,0,0,1,0,0,0,0,0,0,0,0,0,0,0,0,0,0,0,0
2062,0,2,3,7,0,2,8,0,0,2,0,1,0,0,0,0,0,0,0,0,0,0,0,0,0,0,0,0,0,0,1,0,0,2,0,0,0,0,0,0,0,1,1,0,0,0,0,0,0,0,0,0,0,0,0,0,0,0,0,1,0,0,0,0,0,0,0,0,0,0,0,0,0,0,0,0
2063,0,1,15,19,0,5,8,4,3,1,0,4,0,0,0,3,0,0,0,0,0,1,3,0,0,0,1,0,0,0,1,0,0,0,1,0,0,2,0,0,0,1,0,1,0,0,0,0,1,0,0,0,0,0,0,0,0,0,0,0,0,0,0,0,0,0,0,0,0,1,0,0,0,0,0,0
2064,0,0,0,0,0,6,11,2,0,5,0,3,1,0,0,0,2,1,0,0,0,0,0,0,0,0,0,0,0,0,0,0,0,1,0,0,0,1,0,0,0,1,0,1,0,0,0,0,0,0,0,0,0,0,0,0,0,1,0,0,0,0,0,0,0,0,0,0,0,0,0,0,0,0,0,0
2065,0,0,0,3,0,3,13,2,1,2,0,1,0,0,0,1,1,0,0,0,0,0,1,0,1,0,2,0,0,0,0,0,0,0,0,0,0,3,0,0,0,1,0,0,0,0,0,0,0,0,0,0,2,0,0,0,0,0,0,1,0,0,0,0,0,0,0,0,0,0,0,0,0,0,0,0
2066,0,6,7,10,0,1,6,3,1,1,0,2,1,0,0,0,1,1,0,0,0,0,2,0,0,0,0,0,0,0,0,0,0,1,0,0,0,0,0,0,0,3,0,0,0,0,0,0,0,0,0,0,0,0,0,0,0,0,0,0,0,0,0,0,0,0,0,0,0,0,0,0,0,0,0,0
2067,0,0,8,5,0,1,11,6,0,1,0,0,0,0,0,0,5,4,0,0,0,1,0,0,0,0,0,0,0,0,2,1,0,1,0,0,0,3,0,0,0,0,0,0,0,0,0,0,0,0,0,0,1,0,0,0,0,0,0,0,0,0,0,0,0,0,0,0,0,0,0,0,0,0,0,0
2068,0,3,5,5,0,0,3,1,0,1,0,2,0,0,0,0,0,1,0,1,0,1,2,0,0,1,0,1,0,0,0,1,0,1,0,0,0,0,0,1,0,1,0,0,0,0,0,0,0,0,0,0,0,0,0,0,0,0,0,0,0,0,0,0,0,0,0,0,0,0,0,0,0,0,0,0
2069,0,2,0,0,0,2,10,0,0,0,0,1,0,0,0,6,0,0,2,0,0,0,2,0,0,1,0,0,0,0,0,0,0,0,0,1,0,0,0,0,0,1,0,0,0,0,0,0,0,0,0,0,0,0,0,0,0,0,0,1,0,0,0,0,0,0,0,0,0,0,0,0,0,0,0,0
2070,0,0,11,6,0,1,4,2,0,0,0,5,0,0,1,1,1,0,0,0,0,0,1,0,0,1,0,0,0,0,0,0,0,1,0,0,0,0,0,0,0,0,0,0,0,0,1,0,0,0,0,0,0,0,0,0,0,0,1,0,0,0,0,0,0,0,0,0,0,0,0,0,0,0,0,0
2071,0,10,30,20,0,7,24,6,2,1,0,10,0,0,0,3,7,3,0,1,0,0,3,0,1,0,0,0,0,0,0,3,0,2,0,0,0,2,1,0,0,7,1,0,0,0,0,0,1,0,0,0,6,0,0,0,0,0,0,0,0,2,0,1,0,0,0,0,0,0,0,0,0,0,0,0
2072,0,3,22,5,0,9,33,9,0,8,0,8,0,0,0,1,2,4,2,0,0,4,4,0,0,4,1,2,0,0,2,0,0,0,0,0,0,8,0,1,0,2,0,0,0,0,0,2,1,0,0,0,1,0,0,0,0,1,0,2,0,1,0,0,0,0,0,0,0,0,0,0,0,0,0,0
2073,0,1,14,5,0,5,6,3,0,0,0,5,0,0,0,0,1,2,0,0,0,1,0,0,2,0,0,0,0,0,0,0,2,1,0,0,0,2,0,0,0,3,0,0,0,0,0,0,0,0,0,0,1,0,0,0,0,0,2,0,0,1,0,0,0,0,0,0,0,0,0,0,0,0,0,0
2074,0,0,5,1,0,7,8,2,0,1,0,0,0,0,0,3,2,2,0,0,0,0,2,0,1,0,0,0,0,0,0,0,0,0,0,0,0,0,0,0,0,0,0,0,0,0,0,1,0,0,0,0,0,0,0,0,0,0,1,1,0,0,0,0,0,0,0,0,0,0,0,0,0,0,0,0
2075,0,2,10,2,0,5,7,1,0,2,0,3,0,0,0,0,1,1,0,0,0,0,1,0,2,0,0,0,0,0,1,0,0,0,0,0,1,0,0,0,1,1,0,0,0,0,0,0,1,0,0,0,1,0,0,0,0,0,0,0,0,0,0,0,0,0,0,0,0,0,0,0,0,0,0,0
2076,0,0,1,1,0,0,6,4,2,1,0,5,0,0,0,0,1,0,0,1,0,0,1,0,0,0,0,0,0,0,0,0,1,0,0,0,0,1,0,0,0,2,0,0,0,0,0,0,1,0,0,0,1,0,0,0,0,0,0,0,0,0,0,0,0,0,0,0,0,0,0,0,0,0,0,0
2077,0,1,2,0,0,1,7,4,0,1,0,1,0,0,0,3,2,2,0,0,0,1,2,0,1,0,0,1,0,0,1,0,0,0,0,0,0,3,0,0,0,3,0,0,0,0,0,0,0,0,0,0,0,0,0,0,0,0,0,0,0,1,0,0,1,0,0,0,0,0,0,0,0,0,0,0
2078,0,0,3,2,0,4,7,5,1,1,0,3,0,0,0,3,2,3,0,1,0,0,0,0,0,1,0,0,0,0,0,0,0,0,0,0,0,3,0,0,0,1,0,0,0,0,0,0,0,0,0,0,6,0,0,0,0,0,0,0,0,0,0,0,0,0,0,0,0,0,0,0,0,0,0,0
2079,0,3,19,5,0,6,24,7,0,7,0,1,1,0,0,0,1,5,0,0,0,0,3,0,1,0,0,0,0,0,0,1,1,0,0,0,0,4,0,0,0,2,0,0,0,0,0,0,0,0,0,0,1,0,0,0,0,0,0,0,0,1,0,0,0,0,0,0,0,0,0,0,0,0,0,0
2080,0,8,19,23,0,6,33,12,3,6,0,11,0,0,0,7,2,6,0,3,0,1,6,0,0,0,0,0,0,0,1,0,0,0,0,0,0,2,1,0,0,7,5,0,0,1,0,0,0,0,0,0,1,0,0,0,0,1,0,0,0,1,0,0,0,0,0,0,0,0,0,0,1,0,0,0
2081,7,3,12,4,0,1,10,7,0,3,0,0,1,0,2,3,3,5,0,0,0,0,3,0,2,0,1,0,0,0,0,3,1,0,0,2,0,0,0,0,0,1,0,1,0,0,0,1,2,0,0,0,1,0,0,0,0,0,2,0,0,0,0,0,0,0,0,0,0,0,0,0,0,0,0,0
2082,0,2,3,3,0,2,6,2,0,0,0,0,0,0,0,0,1,4,1,1,0,0,0,0,0,0,0,0,0,0,0,0,0,0,0,0,0,2,0,0,0,2,0,0,0,0,0,2,0,0,0,0,1,0,0,0,0,0,0,0,0,0,0,0,0,0,0,0,0,0,0,0,0,0,0,0
2083,0,1,2,0,0,0,15,5,0,3,0,0,1,0,0,1,1,1,0,0,0,0,1,0,1,0,0,1,0,0,2,0,1,0,0,0,0,1,0,0,0,2,1,0,0,0,0,0,0,0,0,0,0,0,0,0,0,1,0,0,0,0,0,0,0,0,0,0,0,0,0,0,0,0,0,0
2084,0,0,1,0,0,0,14,1,0,1,0,1,0,0,0,0,0,1,0,0,0,0,1,0,0,0,0,0,0,0,0,0,0,0,0,0,0,0,0,0,0,1,0,0,0,0,0,0,0,0,0,0,0,0,0,0,0,0,0,0,0,0,0,0,1,0,0,0,0,0,0,0,0,0,0,0
2085,0,3,4,4,0,4,5,2,0,1,0,3,0,0,0,2,1,0,0,1,0,1,0,0,0,0,0,0,0,0,0,0,0,0,0,0,0,0,0,0,0,0,0,0,0,0,0,0,0,0,0,0,1,0,0,0,0,0,0,0,0,0,0,0,0,0,0,0,0,0,0,0,0,0,0,0
2086,0,1,1,1,0,1,8,1,2,1,0,0,0,0,0,0,0,0,0,0,0,0,0,0,0,0,1,0,0,0,0,0,0,0,0,0,0,2,0,0,0,0,0,0,0,0,0,0,1,0,0,0,2,0,0,0,0,0,1,0,0,0,0,0,0,0,0,0,0,0,0,0,0,0,0,0
2109,0,8,21,8,0,11,38,7,4,6,0,7,0,0,0,5,1,3,0,0,0,0,2,0,0,0,0,1,0,0,1,0,0,1,0,0,2,8,0,1,0,3,1,0,0,0,0,0,0,0,0,0,1,0,0,0,0,0,0,1,0,1,0,0,0,0,0,0,0,0,0,0,0,0,0,0
2110,0,12,51,26,0,23,47,18,4,4,0,9,0,1,0,5,2,4,0,0,0,1,1,0,0,2,1,3,1,0,0,0,1,0,0,0,0,6,1,0,0,5,1,0,0,0,0,0,0,0,0,0,0,0,0,0,0,0,0,1,0,0,0,0,0,0,0,0,0,0,0,0,1,0,0,0
2111,0,13,25,8,0,5,8,5,2,1,0,6,0,0,0,5,1,0,1,0,0,0,1,0,0,1,0,1,0,1,0,0,0,0,0,0,0,0,0,0,0,3,0,0,0,0,0,0,0,0,0,0,0,0,0,0,0,0,0,0,0,1,0,0,0,0,0,0,0,0,0,0,0,0,0,0
2112,0,3,8,2,0,2,2,4,3,0,0,0,1,0,0,0,0,3,0,1,0,0,0,0,0,0,0,0,0,0,0,0,0,2,0,0,0,0,0,0,0,0,0,0,0,0,0,0,0,0,0,0,0,0,0,0,0,0,0,1,0,0,0,0,0,0,0,0,0,0,0,0,0,0,0,0
2113,0,0,1,1,0,0,9,1,1,0,0,1,0,0,0,1,1,0,0,0,0,0,2,0,1,0,0,0,0,0,0,0,0,2,0,0,0,1,0,0,0,0,0,0,0,0,0,0,0,0,0,0,0,0,0,0,0,0,0,1,0,0,0,0,0,0,0,0,0,0,0,0,1,0,0,0
2114,0,1,0,2,0,0,7,1,0,0,0,2,0,0,0,2,0,1,0,0,0,1,0,0,0,0,0,0,0,0,0,0,0,1,0,0,0,0,0,0,0,3,0,0,0,0,0,0,0,0,0,0,0,0,0,0,0,0,0,0,0,0,0,0,0,0,0,0,0,0,0,0,0,0,0,0
2117,0,2,4,0,0,4,13,0,0,1,0,1,0,0,0,1,1,1,0,0,0,0,0,0,1,0,0,0,0,0,0,1,0,0,0,2,0,3,1,0,0,1,3,0,0,0,0,0,0,0,0,0,0,0,0,0,0,0,2,0,0,0,0,0,1,0,0,0,0,0,0,0,0,0,0,0
2118,0,0,6,3,0,2,8,3,0,2,0,3,0,0,0,0,2,1,0,0,0,0,2,0,0,0,0,0,0,0,1,1,0,0,0,0,0,0,0,0,0,2,1,0,0,0,0,0,0,0,0,0,2,0,0,0,0,0,0,0,0,0,0,0,0,0,0,0,0,0,0,0,0,0,0,0
2119,0,4,4,7,0,8,4,6,0,0,0,0,0,0,0,1,0,0,0,0,0,0,0,0,0,0,0,0,0,0,0,2,0,1,0,0,0,0,0,0,0,1,1,0,0,0,0,0,0,0,0,0,1,0,0,0,0,0,1,0,0,0,0,0,0,0,0,0,0,0,1,0,0,0,0,0
2120,0,2,8,6,0,1,16,7,2,2,0,4,0,0,0,0,0,4,0,1,0,0,1,0,0,0,0,0,0,0,0,0,0,0,0,0,0,2,0,0,0,4,0,1,0,0,0,0,0,0,0,0,0,0,0,0,0,0,0,0,0,0,0,0,0,0,0,0,0,0,0,0,0,0,0,0
2121,0,1,7,2,0,3,6,0,0,0,0,0,0,0,0,0,0,3,0,0,0,0,0,0,0,0,0,0,0,0,0,0,0,0,0,0,0,0,0,0,0,5,0,0,0,0,0,0,0,0,0,0,3,0,0,0,0,2,0,0,0,0,0,0,0,0,0,0,0,0,0,0,0,0,0,0
2122,0,2,17,8,0,5,28,4,2,4,0,7,2,0,0,3,0,2,1,0,0,1,2,0,0,0,0,2,0,0,0,0,1,1,0,0,0,2,0,0,0,2,0,0,0,0,0,0,0,0,0,0,0,0,0,0,0,0,0,0,0,0,0,0,0,0,0,0,0,0,0,0,0,0,0,0
2123,1,0,6,5,3,0,4,6,0,1,0,3,0,0,0,1,0,0,1,0,0,0,0,0,0,1,0,1,0,0,1,1,0,0,0,5,1,0,0,1,0,0,0,1,0,0,0,0,0,0,1,0,0,0,0,0,0,0,0,0,0,0,0,1,0,0,0,0,0,0,0,0,0,0,0,0
2125,0,5,11,0,0,2,6,5,0,2,0,5,0,0,0,3,1,1,0,0,0,1,2,0,0,2,0,1,0,0,0,0,0,1,1,0,0,2,0,0,0,5,0,0,0,0,0,0,0,0,0,1,2,0,0,0,0,0,0,0,0,1,0,0,0,0,0,0,0,0,0,0,1,0,0,0
2127,1,1,9,8,0,3,35,8,3,2,0,1,0,0,0,3,0,5,0,1,0,2,0,0,0,0,0,0,0,0,0,0,0,1,0,0,0,3,0,0,0,5,1,0,0,0,0,0,0,1,0,0,0,0,0,0,0,1,0,0,0,0,0,0,0,0,0,0,0,0,0,0,0,0,0,0
2128,0,2,19,6,0,10,12,2,0,1,0,2,0,0,0,3,0,1,1,1,0,0,2,0,2,0,0,0,0,0,1,0,1,0,0,0,0,4,0,0,0,1,0,0,1,0,0,0,0,0,0,0,1,0,0,0,0,0,1,0,0,0,0,0,0,0,0,0,0,0,0,0,0,0,0,0
2129,0,8,20,11,0,11,27,6,1,5,0,1,1,0,0,1,0,8,2,1,0,2,4,0,1,2,0,0,0,0,1,0,3,0,0,0,0,1,0,0,0,5,0,1,0,0,0,0,1,0,0,0,0,0,0,0,0,0,0,1,0,0,0,0,0,0,0,0,0,0,0,0,0,0,0,0
2130,0,1,2,0,0,8,14,4,0,2,0,2,0,0,0,1,1,0,0,0,0,0,0,0,0,0,0,0,0,0,0,0,0,0,0,0,1,3,1,0,0,1,0,0,0,0,0,0,0,0,0,0,3,0,0,0,0,0,0,0,0,0,0,0,0,0,0,0,0,0,1,0,0,0,0,0
2131,1,0,15,3,0,6,23,2,2,2,0,3,0,0,0,1,3,3,0,1,0,1,0,0,1,0,1,0,0,0,0,1,0,0,0,0,0,2,0,0,0,1,0,0,0,0,0,0,0,0,0,0,1,0,0,0,0,0,0,0,0,0,0,0,0,0,0,1,0,0,0,0,0,0,0,0
2132,5,0,9,4,0,5,10,6,1,5,0,3,0,0,0,0,1,4,0,1,0,0,1,0,0,0,0,3,0,2,0,3,0,0,0,0,0,3,0,0,0,0,0,0,0,0,0,0,0,0,0,0,0,0,0,0,0,0,0,0,0,1,0,0,1,0,0,0,0,0,0,0,0,0,0,0
2133,1,3,52,31,0,12,31,14,2,1,0,12,1,0,0,6,5,5,0,1,1,1,6,0,2,0,0,0,0,0,0,0,2,0,0,1,0,2,0,0,0,3,1,0,0,0,0,1,0,0,0,1,0,0,0,0,0,1,0,1,0,0,0,0,0,0,0,0,0,0,0,0,0,0,0,0
2134,0,2,24,9,0,1,2,1,0,1,0,3,0,0,0,1,0,2,0,0,0,0,2,0,1,1,1,0,0,0,0,1,0,1,0,0,0,0,0,0,0,2,0,1,0,0,0,0,0,0,0,0,0,0,0,0,0,0,0,0,0,0,0,0,0,0,0,0,0,0,0,0,0,0,0,0
2135,0,3,8,4,0,1,14,5,0,4,0,4,0,0,1,4,3,1,0,0,0,0,2,0,0,0,1,1,0,2,0,0,0,0,0,0,0,1,1,0,0,4,0,0,0,0,0,0,0,0,0,0,0,0,0,0,0,0,0,0,0,0,0,0,0,0,0,0,0,0,0,0,0,0,0,0
2137,1,7,13,19,0,1,7,3,0,3,0,3,0,0,0,0,0,0,1,0,0,0,2,0,0,0,1,1,1,0,0,0,1,0,3,0,0,0,1,0,0,0,0,0,0,0,0,3,0,0,0,0,1,0,0,0,0,0,1,0,0,0,0,0,0,0,0,0,0,0,0,0,0,0,0,0
2138,0,1,22,9,0,2,1,1,0,0,0,1,0,0,0,0,0,2,2,0,0,0,2,0,0,1,0,0,0,0,0,1,1,0,0,0,0,0,0,0,0,0,0,0,0,0,0,0,0,0,0,0,1,0,0,0,0,0,0,0,0,0,0,0,0,1,0,0,0,0,0,0,0,0,0,0
2164,0,1,3,3,0,4,15,1,0,2,0,5,1,0,0,1,4,1,0,0,0,2,0,0,0,0,0,0,0,0,0,1,0,0,0,0,0,1,0,0,0,2,0,0,0,0,0,0,0,0,0,0,0,0,0,0,0,0,0,0,0,0,0,0,0,0,0,0,0,0,0,0,0,0,0,0
2165,0,1,5,1,0,1,12,0,1,2,0,2,1,0,0,0,0,1,0,0,0,0,0,0,0,1,0,0,0,0,0,0,0,2,0,1,0,0,1,0,0,0,0,0,0,0,0,0,0,0,0,0,0,0,0,0,0,0,0,0,0,0,0,0,0,0,0,0,0,0,0,0,0,0,0,0
2166,0,4,7,4,0,4,6,2,0,1,0,3,0,0,0,1,0,5,1,0,0,0,0,0,0,0,0,0,0,0,0,0,0,0,0,0,0,0,0,0,0,0,0,0,0,0,0,0,0,0,0,0,0,0,0,0,0,0,1,1,0,0,0,0,0,0,0,0,0,0,0,0,4,0,0,0
2167,0,0,8,5,0,1,9,7,1,3,0,2,0,0,0,0,2,2,0,0,0,0,0,0,0,1,0,0,0,0,1,0,0,0,0,0,0,5,0,0,0,3,0,0,0,0,0,0,1,0,0,0,0,0,0,0,0,0,0,1,0,0,0,0,0,0,0,0,0,0,0,0,0,0,0,0
2168,0,1,10,2,0,7,17,4,2,0,1,12,0,0,0,5,2,4,2,0,0,1,0,0,0,0,0,0,0,0,0,0,1,1,0,0,0,1,0,0,0,5,2,0,0,0,0,0,0,0,0,0,1,0,0,0,0,0,0,0,0,0,0,0,0,0,0,0,0,0,0,0,0,0,0,0
2170,0,4,16,9,0,5,16,9,0,4,0,5,0,0,0,0,5,3,0,0,0,0,2,0,1,1,0,0,0,0,2,0,0,1,0,0,0,1,0,0,0,4,0,0,0,0,0,0,0,0,0,0,1,0,0,0,0,0,0,2,0,0,0,0,1,0,0,0,0,0,0,0,0,0,0,0
2171,2,5,36,15,0,6,18,10,1,2,0,18,0,0,0,3,2,1,0,0,0,0,1,0,1,0,1,0,0,0,2,0,0,1,1,0,0,4,1,1,0,1,1,0,0,0,0,0,0,0,0,0,1,0,0,0,0,0,0,1,0,1,0,0,0,0,0,0,0,0,1,0,1,0,0,0
2172,0,2,6,3,0,0,6,1,0,5,0,0,0,0,0,0,0,0,0,0,0,0,1,0,0,0,0,1,0,0,0,0,0,0,0,0,0,0,0,0,0,2,0,0,0,0,0,0,0,0,0,0,0,0,0,0,0,0,0,0,0,0,0,0,0,0,0,0,0,0,0,0,0,0,0,0
2173,0,0,6,2,0,1,14,4,0,2,0,1,1,0,0,1,2,4,0,0,0,0,3,0,1,0,0,0,3,0,2,1,0,0,0,0,0,6,2,0,0,1,0,0,0,0,0,0,1,0,0,0,1,0,0,0,0,0,0,2,0,0,0,0,0,0,0,0,0,0,0,0,0,0,0,0
2174,0,3,12,7,0,7,15,1,2,5,1,5,0,0,0,6,0,1,0,0,0,1,1,1,1,2,1,0,0,0,0,0,0,0,0,0,0,0,0,0,0,5,0,1,1,0,0,0,0,0,0,0,0,0,0,0,0,0,0,0,0,0,0,0,0,0,0,0,0,0,0,0,0,0,0,0
2175,0,1,3,1,0,1,21,3,0,6,0,0,0,0,0,2,0,5,0,0,0,0,0,0,0,0,1,0,0,1,1,0,0,0,0,0,0,5,0,0,0,1,0,0,0,0,0,0,0,0,0,0,0,0,0,0,0,0,0,0,0,0,0,0,0,0,0,0,0,0,0,0,0,0,0,0
2176,3,0,5,2,10,4,5,13,0,0,0,3,0,0,0,0,0,2,0,1,0,0,0,0,0,0,0,3,0,0,2,0,0,0,0,4,1,0,0,0,0,1,0,1,0,0,0,0,0,0,0,0,0,0,1,0,0,0,0,0,0,0,0,1,0,0,0,0,0,0,0,0,0,0,0,0
2178,0,5,29,6,0,0,9,3,0,3,0,4,0,0,0,2,0,1,2,1,0,0,0,0,1,0,0,0,0,0,0,1,0,0,0,0,0,0,0,0,0,1,0,1,0,0,0,1,0,0,0,0,0,0,0,0,0,0,0,0,0,1,0,0,2,0,0,0,0,0,0,0,0,0,0,0
2179,0,6,14,5,0,1,7,6,1,3,0,6,0,0,0,3,1,0,0,1,4,0,1,2,0,1,2,1,0,0,0,0,1,0,0,0,0,0,0,0,0,4,0,0,1,0,0,0,0,0,0,0,0,0,0,0,0,0,2,0,0,0,0,0,0,0,0,0,0,0,0,0,0,0,0,0
2180,1,7,33,9,0,11,19,12,1,7,0,7,2,0,0,3,3,9,1,2,0,3,1,0,0,1,0,0,0,0,1,1,1,2,0,0,1,4,1,0,0,7,2,0,0,0,0,2,0,0,0,0,3,0,0,0,0,0,0,1,0,1,0,0,0,0,0,0,0,1,0,0,0,0,0,0
2181,0,1,1,0,0,1,2,2,0,3,0,0,0,0,0,0,1,0,0,0,0,0,5,0,0,0,0,0,0,0,0,0,0,0,0,0,0,2,0,0,0,1,0,0,0,0,0,0,0,0,0,0,2,0,0,0,0,0,0,0,0,0,0,0,0,0,0,0,0,0,0,0,0,0,0,0
2182,1,8,23,17,0,12,5,4,0,0,1,3,0,0,2,0,0,2,2,0,0,0,4,0,0,0,0,0,0,3,1,0,1,0,0,0,0,0,0,0,0,5,0,0,0,0,0,1,0,0,0,0,0,0,0,0,0,0,0,0,1,0,0,0,0,0,0,0,0,0,0,0,0,0,0,0
2183,0,19,45,24,2,10,32,13,0,8,0,6,0,0,0,6,3,5,0,2,0,1,2,0,0,0,1,2,0,1,0,2,0,0,0,0,2,4,1,0,0,9,0,0,0,0,0,2,0,0,0,0,4,0,0,0,0,1,1,0,0,1,0,0,0,0,0,0,0,0,0,0,0,0,0,0
2185,0,0,3,3,1,4,1,2,0,0,0,0,0,0,0,0,0,4,0,1,0,0,0,1,0,0,0,0,0,2,0,1,0,0,0,0,0,1,0,0,0,3,0,0,0,0,0,0,0,0,0,0,0,0,0,0,0,0,0,0,0,0,0,0,0,0,0,0,0,0,0,0,0,0,0,0
2186,0,1,11,1,2,5,14,7,0,5,0,5,0,0,0,7,4,4,1,0,0,0,2,0,0,0,0,0,0,0,1,0,0,0,0,0,0,2,1,0,0,2,0,0,0,0,0,0,0,0,0,0,2,0,0,0,0,0,1,0,0,0,0,0,0,0,0,0,0,0,0,0,0,0,0,0
2187,0,3,6,3,0,1,6,5,0,2,0,0,0,0,0,0,1,1,0,0,0,0,3,0,0,2,0,0,0,0,0,0,0,0,0,0,0,3,0,0,0,2,0,0,0,0,0,0,1,0,0,0,1,0,0,0,0,0,1,0,0,0,0,0,0,0,0,0,0,0,0,0,0,0,0,0
2188,0,2,18,5,0,2,13,4,1,3,0,2,0,0,0,4,2,1,1,0,0,2,2,0,0,1,5,0,0,0,0,0,0,0,0,0,0,1,0,0,0,3,0,0,0,0,0,1,0,0,0,1,1,0,0,0,0,0,0,0,0,0,0,0,0,0,0,0,0,0,0,0,0,0,0,0
2189,0,5,9,4,0,0,8,4,0,2,0,3,0,0,0,3,0,4,0,0,0,0,1,0,0,0,0,0,0,0,0,0,1,0,0,0,0,1,0,0,0,2,0,0,0,0,0,0,0,0,0,0,0,0,0,0,0,0,1,0,0,0,0,0,0,0,0,0,0,0,0,0,0,0,0,0
2209,0,10,28,10,0,0,15,4,8,1,0,8,0,0,0,6,0,2,0,1,0,0,0,0,1,1,0,1,0,0,0,0,1,1,0,0,2,1,0,1,0,0,1,1,0,1,0,0,0,1,0,0,0,0,0,0,0,0,0,0,0,0,0,0,0,0,3,0,0,0,0,0,0,0,0,0
2210,0,7,19,10,0,0,6,4,0,0,0,10,0,0,0,1,0,0,3,1,1,0,1,0,0,1,0,3,0,0,0,0,0,1,0,4,0,1,1,3,0,1,0,0,0,0,0,0,0,0,0,0,0,0,0,0,0,0,1,0,0,0,0,0,0,0,0,0,0,0,0,0,0,0,0,0
2211,0,0,8,2,0,0,6,3,0,0,0,5,0,0,0,1,0,2,0,0,3,0,0,0,0,0,0,1,0,0,1,8,0,0,2,1,0,2,1,1,0,1,0,1,0,0,0,0,0,0,0,0,0,0,0,0,0,0,0,2,0,0,0,0,0,0,0,0,0,0,0,0,0,0,0,0
2212,0,2,13,10,0,2,12,4,0,1,0,3,0,0,0,2,0,2,0,0,0,0,2,0,0,0,0,0,0,0,0,0,0,3,0,0,0,1,0,0,0,1,0,0,0,0,0,0,0,0,0,0,0,0,0,0,0,0,0,0,0,0,0,0,0,0,0,0,0,0,0,0,0,0,0,0
2213,0,1,17,8,0,5,27,4,4,3,0,3,0,0,0,0,3,1,0,0,1,3,4,0,0,0,0,1,0,0,0,0,1,3,0,0,0,5,1,0,0,2,1,0,0,0,0,0,0,0,0,0,0,0,0,0,0,0,0,1,0,0,0,0,0,0,0,0,0,0,1,0,0,0,0,0
2214,0,4,16,7,0,0,48,5,1,5,1,5,0,0,0,1,1,5,0,0,0,1,0,0,1,1,0,0,0,0,2,0,0,2,0,0,0,4,0,0,0,5,1,0,0,0,0,0,0,0,0,0,3,0,0,0,0,0,0,1,0,0,0,0,0,0,0,0,0,0,0,0,1,0,0,0
2215,0,4,6,2,0,2,0,2,0,2,0,0,0,0,0,1,0,1,0,0,0,1,0,0,0,0,0,0,0,0,0,0,1,1,0,0,0,1,0,0,0,3,0,0,0,0,0,0,0,0,0,0,0,0,0,0,0,0,0,0,0,0,0,0,0,0,0,0,0,0,0,0,0,0,0,0
2216,0,4,6,5,0,0,12,4,0,2,0,4,0,0,0,2,0,0,0,0,0,0,2,0,0,0,0,2,0,0,0,0,0,0,0,0,0,1,0,0,0,1,0,0,0,0,0,0,0,0,0,0,5,0,0,0,0,0,1,0,0,0,0,0,0,0,0,0,0,0,0,0,0,0,0,0
2217,0,3,16,8,0,3,16,4,0,2,0,2,0,0,0,1,2,0,0,0,0,0,0,0,1,0,0,0,0,0,2,0,1,0,0,0,0,0,0,0,0,0,0,0,0,0,0,0,0,0,0,0,0,0,0,0,0,0,0,0,0,0,0,0,0,0,0,0,0,0,0,0,0,0,0,0
2219,0,2,6,2,8,0,2,9,3,1,1,8,0,0,1,2,1,1,0,0,0,0,0,0,0,0,0,2,0,1,0,0,0,0,0,1,1,0,0,0,1,6,0,0,0,0,0,0,0,0,0,0,0,0,0,0,0,2,1,0,0,0,0,2,0,0,0,0,0,0,0,0,0,0,0,0
2220,0,1,3,2,0,0,4,0,0,1,0,4,0,0,0,0,1,0,0,0,0,0,4,0,0,1,0,0,0,0,0,0,0,0,0,0,0,0,0,0,0,0,1,0,0,0,0,0,0,0,0,0,0,0,0,0,0,0,0,0,0,0,0,0,0,0,0,0,0,0,1,0,0,0,0,0
2221,0,1,9,2,0,2,17,3,1,1,0,0,0,0,0,4,1,2,0,0,0,1,1,0,1,0,0,0,0,0,1,0,0,0,0,0,0,1,0,0,0,1,0,0,0,0,0,0,0,0,0,0,0,0,0,0,0,0,1,0,0,0,0,0,0,0,0,0,0,0,0,0,1,0,0,0
2222,1,0,0,0,0,1,10,1,0,3,0,1,0,0,0,4,1,0,0,0,0,1,2,0,0,0,1,0,0,0,0,0,0,0,0,0,0,0,0,0,0,2,0,0,0,0,0,0,0,0,0,1,0,0,0,0,0,1,1,0,0,0,0,0,0,0,0,0,0,0,0,0,0,0,0,0
2223,1,5,12,7,0,2,11,22,1,1,0,10,0,0,1,0,2,0,0,0,1,0,0,0,0,0,1,2,0,1,0,0,0,0,1,5,0,1,0,0,0,2,0,1,0,0,0,0,1,0,0,0,3,0,0,0,0,1,0,0,0,0,0,1,0,0,0,0,0,0,0,0,0,0,0,0
2224,0,3,13,6,0,1,1,1,1,1,0,1,0,0,0,0,0,1,0,0,0,0,0,0,0,0,0,0,0,1,0,0,1,0,0,0,0,1,0,0,0,0,0,0,0,0,0,0,0,0,0,0,0,0,0,0,0,0,0,0,0,0,0,0,0,0,0,0,0,0,0,0,0,0,0,0
2225,0,6,20,18,0,7,42,15,2,6,0,7,0,0,0,5,2,4,0,0,0,0,6,0,1,1,0,0,0,1,1,1,2,1,0,0,0,7,0,0,0,7,3,0,1,0,0,1,0,0,0,0,2,0,1,0,0,1,1,0,0,0,0,1,0,0,0,0,0,0,0,0,0,0,0,0
2226,0,2,18,14,0,5,18,5,1,2,0,4,0,0,0,0,2,4,0,0,0,2,1,0,4,0,1,0,0,0,1,0,0,0,0,0,0,1,0,0,0,0,0,0,0,0,0,0,0,0,0,0,1,0,0,0,0,0,0,0,0,0,0,0,0,0,0,0,0,0,0,0,0,0,0,0
2227,0,1,9,3,0,0,3,2,0,1,0,0,0,0,0,0,0,0,1,0,0,0,0,0,0,0,0,0,0,1,0,0,0,0,0,0,0,1,0,0,0,0,0,0,1,0,0,0,0,0,0,0,3,0,0,0,0,0,0,0,0,0,0,0,0,0,0,0,0,0,0,0,0,0,0,0
2228,0,2,8,1,0,0,4,1,1,0,0,2,0,0,0,1,0,0,0,0,0,0,1,0,0,0,0,0,0,0,3,0,0,0,0,0,0,0,0,0,0,0,1,0,0,0,0,0,0,0,0,0,0,0,0,0,0,0,0,0,0,0,0,0,0,0,0,0,0,0,0,0,0,0,0,0
2229,0,1,8,2,0,2,17,4,3,1,0,0,0,0,1,3,1,0,0,0,0,0,0,0,0,0,0,0,0,0,0,0,0,0,0,0,0,1,0,0,0,1,0,2,0,0,0,0,0,0,0,0,0,0,0,0,0,0,0,0,0,2,0,0,0,0,0,0,0,0,0,0,0,0,0,0
2230,0,4,7,5,0,3,4,1,1,0,0,1,0,0,0,0,0,1,0,0,0,0,0,0,0,0,0,0,0,0,0,0,0,0,0,0,0,0,0,0,0,0,0,2,0,0,0,0,0,0,0,0,0,0,0,0,0,0,0,0,0,0,0,0,0,0,6,0,0,0,0,0,0,0,0,0
2231,13,12,29,28,0,10,23,16,4,11,0,3,1,0,0,3,3,5,0,0,0,0,2,0,1,2,0,9,0,1,2,12,0,0,0,0,0,5,0,2,1,10,0,3,0,0,0,4,0,0,0,0,0,0,0,0,0,1,1,0,0,0,0,0,1,0,0,0,0,0,0,0,0,0,1,0
2232,0,6,5,6,0,2,17,13,1,1,0,4,0,0,0,2,0,5,0,0,0,0,2,0,0,0,0,0,0,0,2,0,0,1,0,0,0,0,0,0,0,4,0,0,0,0,0,0,0,0,0,0,2,0,0,0,0,0,0,0,0,0,0,0,0,0,0,0,0,0,0,0,0,0,0,0
2233,0,4,8,6,0,1,1,8,3,3,0,8,0,0,1,1,1,1,0,0,0,0,2,0,0,1,1,1,0,1,1,1,1,0,0,0,0,2,1,0,2,3,0,0,0,0,0,0,1,2,1,4,3,0,0,0,0,0,0,0,0,0,0,0,0,0,0,0,0,0,0,0,0,0,0,0
2234,0,3,13,9,0,5,13,4,0,6,0,1,1,0,0,0,3,2,0,2,0,0,0,0,0,0,0,0,0,1,0,1,1,0,0,0,0,3,0,0,0,0,0,1,0,0,0,0,0,0,0,0,1,0,0,0,0,0,0,0,0,0,0,0,0,0,0,0,0,0,0,0,0,0,0,0
2235,4,4,14,12,0,6,11,15,5,1,0,2,0,0,1,3,1,1,0,2,0,0,0,0,0,0,0,5,0,1,2,2,0,0,0,0,0,2,0,0,0,3,1,0,0,0,1,2,0,0,0,0,0,0,0,0,0,1,1,0,1,0,0,1,0,0,0,1,0,0,0,0,0,0,0,0
2236,4,3,11,6,17,3,3,12,0,1,0,5,0,0,0,3,1,1,1,2,0,0,2,0,2,0,0,0,0,0,2,1,0,0,0,0,0,1,0,0,0,2,1,1,0,0,0,1,0,0,0,0,0,0,0,0,0,0,2,0,0,0,0,0,0,0,0,0,0,0,0,0,0,0,0,0
2239,0,2,28,12,0,1,8,2,1,0,0,1,1,0,0,2,2,0,0,0,0,0,0,0,0,0,0,0,1,0,0,0,0,0,0,0,0,1,0,0,0,1,0,0,0,0,0,1,0,0,0,0,2,0,0,0,0,0,0,0,0,0,0,0,0,0,0,0,0,0,0,0,0,0,0,0
2260,1,1,23,16,0,3,29,6,2,9,0,6,0,0,0,7,2,2,2,2,0,0,2,0,0,0,0,0,0,0,0,1,0,1,0,0,2,4,0,0,0,8,0,0,0,0,0,1,0,0,0,0,1,0,0,0,0,0,0,1,0,0,0,0,0,0,0,0,0,0,0,0,0,0,0,0
2261,0,6,8,3,0,0,3,3,1,1,0,1,0,0,0,2,2,1,0,0,0,0,0,0,0,0,0,0,0,0,0,0,1,0,0,0,0,1,0,0,0,2,0,0,0,0,0,0,0,0,0,0,2,0,0,0,0,0,0,0,0,0,0,0,0,0,1,0,0,0,0,0,1,0,0,0
2262,0,3,8,4,0,0,1,3,1,0,0,0,0,0,0,0,0,1,0,0,0,0,0,0,0,0,0,0,0,0,0,0,0,1,0,0,0,2,1,0,0,1,0,0,0,0,0,1,0,0,0,0,0,0,0,0,0,0,0,0,0,0,0,0,0,0,0,0,0,0,0,0,0,0,0,0
2263,0,1,9,7,0,1,5,17,0,2,0,0,0,0,0,2,0,1,0,1,0,0,0,1,0,2,0,2,0,0,1,2,1,0,0,1,0,1,0,0,0,2,0,1,0,0,0,0,0,0,0,0,0,0,0,0,0,0,0,0,0,0,0,0,0,0,0,0,0,0,0,0,0,0,0,0
2264,0,1,18,7,0,2,26,4,1,3,0,11,0,0,1,2,2,3,0,1,0,1,1,0,1,0,1,0,0,0,0,0,0,0,0,0,0,2,0,0,0,2,0,0,0,0,0,0,0,0,0,0,1,0,0,0,0,0,0,0,0,0,0,0,0,0,0,0,0,0,0,0,0,0,0,0
2265,0,6,30,16,0,3,18,6,1,0,0,13,0,0,0,3,1,2,0,0,0,0,2,0,1,0,0,0,0,1,0,1,1,1,0,0,1,4,0,0,0,4,4,0,0,0,0,0,0,0,0,0,2,1,0,0,0,0,0,1,0,0,0,0,1,0,0,0,0,0,0,0,0,0,0,0
2266,0,5,14,11,0,8,18,6,2,4,0,3,0,0,0,1,0,5,0,0,0,0,2,0,0,1,0,0,0,0,0,1,0,1,0,0,0,2,0,0,1,4,0,0,1,0,0,0,0,0,0,0,2,0,0,0,0,0,0,1,0,0,0,0,0,0,0,1,0,0,0,0,0,0,1,0
2267,0,2,22,6,0,0,20,9,0,4,1,6,0,0,0,1,1,1,0,0,0,1,2,0,0,0,0,0,0,0,1,0,0,0,0,0,0,0,0,0,0,1,0,0,0,0,0,0,0,0,0,0,0,0,0,0,0,0,0,1,0,0,0,0,0,0,0,0,0,0,0,0,0,0,0,0
2268,2,0,12,2,10,0,6,10,1,1,0,2,0,0,2,0,0,2,0,0,0,0,3,0,0,0,0,1,0,0,0,0,0,0,0,0,1,2,0,0,0,1,1,0,0,0,0,0,0,0,0,0,1,0,0,0,0,0,0,0,0,0,0,0,0,0,0,0,0,0,0,0,0,0,0,0
2269,1,3,16,11,0,9,23,4,2,3,0,8,0,0,0,2,3,0,1,1,1,0,2,0,0,0,2,0,0,0,0,0,1,1,0,0,0,1,0,1,1,2,1,0,0,0,0,2,0,0,0,0,1,0,0,0,0,0,0,1,0,0,0,0,0,0,0,0,0,0,0,0,0,0,0,0
2270,0,17,65,37,1,11,61,17,2,5,0,21,4,0,0,12,2,3,3,1,0,3,4,0,2,0,1,1,0,1,3,1,1,3,0,0,0,8,0,0,0,9,0,0,0,1,0,0,0,0,0,0,5,0,0,0,0,0,1,0,0,0,0,0,0,0,0,0,0,0,0,0,0,0,0,0
2271,0,0,18,10,0,3,13,4,2,2,0,8,0,1,0,3,3,1,0,0,1,0,0,0,0,0,0,0,0,0,0,0,0,1,0,0,0,0,0,0,0,3,0,0,0,0,0,0,0,0,0,0,0,0,0,0,0,0,0,0,0,0,0,0,0,0,0,0,0,0,0,0,0,0,0,0
2273,1,2,13,12,0,12,17,9,0,8,0,1,0,0,0,0,1,3,0,0,0,0,3,0,0,0,0,1,0,0,3,1,1,0,0,0,0,1,2,0,0,1,0,0,0,0,0,0,0,0,0,0,2,0,0,0,0,2,0,0,0,1,0,0,0,0,0,0,0,0,0,0,0,0,0,0
2274,0,0,4,0,0,1,16,0,0,1,0,1,0,0,0,3,0,1,0,0,0,0,0,0,2,0,0,0,0,0,0,0,0,0,0,0,1,0,0,0,0,0,1,0,2,0,0,0,0,0,0,0,0,0,0,0,0,0,0,0,0,1,0,0,0,0,0,0,0,0,0,0,1,0,0,0
2275,1,1,1,1,0,1,2,16,2,0,0,12,0,0,0,1,0,3,0,0,4,0,0,3,0,0,0,6,0,0,1,8,0,0,1,5,0,1,1,1,0,1,0,0,0,0,0,0,0,1,0,0,0,0,2,0,0,1,0,0,0,0,0,1,0,0,0,0,0,0,0,0,0,0,0,0
2276,0,2,6,5,0,5,23,3,1,5,0,3,0,0,0,3,2,4,0,0,0,1,3,0,0,1,3,1,0,2,1,1,0,0,0,0,0,1,1,2,0,7,0,0,0,0,0,1,1,0,0,0,1,0,0,0,0,0,0,0,0,1,0,0,0,0,0,0,0,0,0,0,0,0,0,0
2277,0,3,14,5,0,2,13,4,0,4,0,2,0,0,0,1,3,2,0,0,0,0,3,0,0,1,0,1,0,0,0,0,0,2,0,0,0,0,0,1,0,0,0,0,0,0,0,2,0,0,0,0,0,0,0,0,0,0,0,0,0,0,0,0,0,0,0,0,0,0,0,0,0,0,0,0
2278,0,1,24,10,0,3,19,0,0,1,0,5,0,0,0,2,1,4,0,1,0,1,2,0,0,1,1,1,0,0,1,0,0,0,0,0,0,3,0,0,1,1,0,0,0,0,0,0,0,0,0,0,0,0,0,0,0,1,0,1,0,0,0,0,0,0,0,0,0,0,0,0,0,0,1,0
2279,0,0,6,6,0,0,2,4,1,1,0,2,0,0,0,0,0,0,0,0,1,0,1,0,1,0,0,0,0,0,0,0,0,1,0,0,0,1,0,0,0,0,0,0,0,0,0,0,0,0,0,0,2,0,0,0,0,0,0,0,0,0,0,0,0,0,0,0,0,0,0,0,0,0,0,0
2280,0,0,4,2,0,0,1,8,0,1,0,2,0,0,0,1,0,1,0,1,1,1,0,0,0,0,0,3,0,0,0,2,0,0,0,2,0,0,0,0,0,0,0,1,0,0,0,0,0,2,1,0,0,1,0,0,0,0,0,0,0,0,0,0,0,0,0,0,0,0,0,0,0,0,0,0
2281,0,4,2,0,0,1,2,3,0,8,0,0,0,0,0,0,0,4,0,1,0,1,1,0,0,0,0,0,0,0,0,0,1,0,0,0,0,0,0,0,0,2,0,0,0,0,0,0,0,0,0,0,0,0,0,0,0,0,1,0,0,0,0,0,0,0,0,0,0,0,0,0,0,0,0,0
2282,0,1,24,5,0,11,4,10,0,1,1,1,0,1,0,0,3,2,0,0,0,0,2,0,2,0,0,0,0,2,0,0,0,0,0,0,0,2,0,0,0,0,0,0,0,0,0,0,0,0,0,0,1,0,0,0,0,0,0,0,0,1,0,0,0,0,0,0,0,0,0,0,0,0,0,0
2303,0,6,15,7,1,0,9,4,1,0,0,8,0,1,0,1,2,0,1,0,0,0,2,0,1,0,0,1,0,0,0,0,1,1,0,0,0,3,0,0,0,1,0,5,0,0,0,0,0,0,0,0,1,0,0,0,0,0,0,1,0,0,0,0,0,0,0,0,0,0,0,0,0,0,0,0
2305,0,2,17,5,0,7,8,4,1,1,0,6,0,0,0,2,0,1,0,1,0,0,0,0,1,0,0,1,0,0,0,0,0,1,0,1,0,1,0,0,0,1,0,0,0,0,0,0,0,0,0,0,1,0,0,0,0,1,0,1,0,0,0,0,0,0,0,0,0,0,0,0,1,0,0,0
2307,0,5,22,7,0,5,36,3,0,3,0,2,1,0,0,6,1,5,1,0,0,0,1,0,3,1,0,1,0,0,0,1,1,0,0,0,0,2,0,0,0,2,1,0,0,0,0,0,0,0,0,0,2,0,0,0,0,2,0,0,0,1,0,0,0,0,0,0,0,0,0,0,2,0,0,0
2308,0,3,8,10,0,9,7,4,1,0,0,0,0,0,0,2,0,2,0,1,0,0,0,0,1,0,0,0,0,0,0,1,0,0,0,0,0,3,1,0,0,2,0,0,0,0,0,0,0,0,0,0,0,0,0,0,0,0,0,0,0,0,0,0,0,0,0,0,0,0,0,0,0,0,0,0
2309,0,4,9,6,0,0,1,0,1,0,0,2,0,0,0,0,0,0,0,0,0,0,0,0,0,0,0,0,0,0,0,0,0,0,0,0,0,1,0,0,0,0,1,0,0,0,0,0,0,0,0,0,1,0,0,0,0,0,1,0,0,0,0,0,0,0,0,0,0,0,0,0,0,0,0,0
2310,0,5,2,5,0,0,12,6,2,0,0,2,0,0,0,2,0,1,0,0,0,0,0,0,0,0,0,0,0,0,0,0,0,0,0,0,0,0,0,0,0,2,0,0,0,0,0,0,0,0,0,0,0,0,0,0,1,0,1,0,0,0,0,0,0,0,0,0,0,0,0,0,0,0,0,0
2311,0,0,7,1,0,0,9,1,1,0,0,0,0,0,0,0,0,1,0,0,0,1,0,0,0,0,0,0,0,0,4,0,0,0,0,0,0,0,0,0,0,1,0,0,0,0,0,0,1,0,0,0,1,0,0,0,0,0,0,0,0,1,0,0,0,0,0,0,0,0,0,0,0,0,0,0
2312,0,4,3,0,0,0,14,3,0,0,0,0,0,0,0,2,0,3,0,0,0,1,0,0,0,0,0,0,0,0,1,1,0,0,0,0,0,0,0,0,0,0,0,0,0,0,0,0,0,0,0,0,0,0,0,0,0,0,0,0,0,0,0,0,0,0,0,0,0,0,0,0,0,0,0,0
2313,0,4,18,3,0,4,34,4,0,4,0,2,0,0,0,2,4,3,0,0,0,0,2,0,1,0,0,0,0,0,3,0,0,0,0,1,0,3,1,0,1,1,3,0,0,0,0,0,0,0,0,0,0,0,0,0,0,0,1,0,0,0,0,0,2,0,0,0,0,0,0,0,0,0,0,0
2314,0,3,27,11,0,9,27,8,2,4,0,2,0,0,0,1,3,1,0,1,0,0,0,0,4,0,1,1,1,0,2,1,0,0,0,0,0,0,1,0,0,9,0,0,0,0,0,0,0,0,0,0,0,0,0,0,0,0,1,3,0,0,0,0,0,0,0,0,0,0,0,0,0,0,0,0
2315,0,2,19,7,0,6,21,3,5,6,0,3,0,0,0,0,0,7,0,1,0,0,2,0,0,0,0,0,0,0,0,0,1,0,0,0,0,5,0,0,0,2,0,0,0,0,0,1,0,0,0,0,3,0,0,0,0,1,0,0,0,0,0,0,0,0,0,0,0,0,0,0,0,0,0,0
2317,0,0,4,1,0,2,10,0,0,0,0,2,0,0,0,0,0,1,0,0,0,1,1,0,0,0,0,2,0,0,0,0,0,0,0,0,0,1,0,0,0,1,0,0,0,0,0,0,0,0,0,0,0,0,0,0,0,0,0,0,0,1,0,0,0,0,0,0,0,0,0,0,0,0,0,0
2318,0,6,37,22,0,9,37,4,1,3,0,3,1,0,0,4,1,1,0,0,0,1,10,1,1,3,1,2,1,0,3,1,4,0,0,0,0,8,0,1,0,6,1,1,1,0,0,0,0,0,0,0,3,0,0,0,0,3,2,0,0,0,0,0,0,0,0,0,0,0,0,0,1,0,0,0
2319,0,8,23,16,0,14,29,8,4,4,0,13,1,0,1,4,5,4,0,0,0,0,5,0,0,0,1,0,0,0,0,0,0,0,1,0,0,5,1,1,0,6,0,0,0,0,0,2,0,0,0,0,1,0,0,0,0,0,0,0,0,1,0,0,0,0,0,0,0,0,0,0,1,0,0,0
2320,0,0,0,0,0,0,12,5,0,1,0,0,0,0,0,0,0,1,0,2,0,0,0,0,1,0,0,0,0,0,0,0,1,2,0,0,0,0,0,0,0,0,0,0,0,0,0,0,0,0,0,0,0,0,0,0,0,0,0,0,0,0,0,0,0,0,0,0,0,0,0,0,1,0,0,0
2321,0,4,9,4,0,1,2,32,1,1,0,7,1,0,0,0,3,0,0,0,3,0,0,1,0,0,0,3,0,0,0,9,0,0,0,3,0,0,0,0,0,1,1,0,0,0,0,0,0,1,1,0,0,2,0,0,0,0,1,0,0,0,0,1,0,0,0,0,0,0,0,0,0,0,0,0
2322,0,4,1,8,1,4,12,5,1,0,0,2,0,0,0,1,1,1,0,0,0,0,2,0,0,1,1,0,0,0,0,1,1,0,0,0,0,2,2,0,0,7,2,0,0,0,0,0,0,0,0,0,1,0,1,0,0,0,0,0,0,1,0,0,0,0,0,0,0,0,0,0,0,0,0,0
2323,0,1,12,4,0,4,5,1,0,0,0,1,0,0,0,1,0,0,1,0,0,0,0,0,1,0,0,0,0,0,0,0,1,0,0,0,0,1,0,0,0,3,0,0,0,0,0,0,0,0,0,0,1,0,0,0,0,0,0,0,0,0,0,0,0,0,0,0,0,0,0,0,0,0,0,0
2324,0,5,16,10,0,9,4,4,2,2,0,1,0,0,0,0,5,1,0,1,0,1,2,0,0,0,1,0,0,1,0,0,1,0,0,0,0,1,0,0,0,1,0,0,0,0,0,0,0,0,0,0,0,1,0,0,0,0,0,1,0,0,0,0,0,0,0,0,0,0,0,0,0,0,0,0
2325,0,10,21,15,0,6,14,2,0,3,0,2,2,0,0,3,0,1,0,2,0,0,2,0,0,0,0,0,0,1,0,1,0,0,0,0,1,0,0,0,0,2,0,0,0,0,0,0,0,0,0,0,0,0,0,0,0,1,1,1,0,0,0,0,0,0,0,0,0,0,0,0,0,0,0,0
2327,0,17,35,28,0,6,15,17,1,11,2,6,0,1,0,2,4,2,0,0,0,0,3,0,1,7,0,1,0,4,0,7,3,0,1,3,2,2,0,0,1,11,1,0,0,0,0,1,0,0,0,9,0,0,0,0,0,0,1,2,0,2,0,1,0,0,0,0,0,0,0,0,0,0,0,0
2328,1,0,2,1,0,2,5,4,0,1,0,3,0,0,0,0,0,1,0,0,0,0,1,0,1,0,0,0,0,0,0,0,0,0,0,0,0,0,0,0,0,1,0,0,0,0,0,0,0,0,0,0,0,0,0,0,0,0,0,0,0,0,0,0,0,0,0,0,0,0,1,0,0,0,0,0
2329,0,1,7,2,0,6,11,4,1,0,0,4,0,0,0,0,1,2,1,0,0,0,0,0,1,0,1,0,0,2,0,0,0,2,0,0,0,0,1,0,0,1,0,0,0,0,0,0,0,0,0,0,0,0,0,0,0,0,0,2,0,0,0,0,1,0,0,0,0,0,0,0,0,0,0,0
2330,0,1,8,8,0,0,7,2,0,2,0,0,0,0,0,0,0,2,0,0,0,0,3,0,0,0,0,1,0,0,0,0,0,0,0,0,0,0,0,0,0,4,0,0,0,0,0,0,0,0,0,0,0,0,0,0,0,0,0,0,0,0,0,0,0,0,0,0,0,0,0,0,0,0,0,0
2331,0,4,7,4,0,0,14,3,0,0,0,3,1,0,0,2,0,1,1,0,0,0,0,0,0,0,0,0,0,0,0,0,0,0,0,0,0,0,0,0,0,2,0,0,0,0,0,1,0,0,0,0,0,0,0,0,0,1,0,0,0,1,0,0,0,0,0,0,0,0,0,0,0,0,0,0
2332,0,11,50,34,0,9,39,15,1,18,0,10,0,0,1,1,7,3,0,0,0,0,9,0,0,0,2,1,0,1,4,0,0,0,0,0,0,4,0,0,1,5,0,0,0,0,0,2,0,0,0,0,5,0,0,0,0,0,0,0,0,1,0,0,0,0,0,0,0,0,0,0,1,0,0,0
2333,0,0,1,0,0,2,6,2,0,1,0,4,0,0,0,4,1,1,1,1,0,0,0,0,0,0,0,0,0,0,0,2,1,0,0,0,0,1,0,0,0,1,0,0,0,0,0,0,0,0,0,0,0,0,0,0,0,0,0,0,0,0,0,0,0,0,0,0,0,0,0,0,0,0,0,0
2334,0,1,2,4,0,3,3,0,0,0,0,2,0,0,0,0,3,0,0,0,0,0,3,0,0,0,0,0,0,0,0,1,0,0,0,0,0,0,0,0,0,0,0,0,0,0,0,0,0,0,0,0,3,0,0,0,0,0,1,0,0,0,0,0,0,0,0,0,0,0,0,0,0,0,0,0
2335,0,2,17,8,1,4,7,4,1,2,0,1,0,0,0,1,0,2,0,0,1,0,2,0,0,0,0,1,0,0,0,0,0,0,0,0,0,0,1,0,0,3,0,0,0,0,0,0,0,0,0,0,4,0,0,0,0,0,0,0,0,1,0,0,0,0,0,0,0,0,0,0,0,0,0,0
2336,0,6,11,7,0,2,10,17,0,4,0,3,0,0,0,0,1,2,0,0,0,0,1,0,1,0,1,3,0,0,1,5,0,0,1,1,1,3,0,1,2,1,0,0,0,0,0,0,0,1,0,0,0,0,0,0,0,0,1,0,0,0,0,1,2,0,0,0,0,0,0,0,0,0,0,0
2337,0,6,22,2,0,8,17,7,0,3,0,3,0,0,0,8,5,3,1,0,0,0,4,0,0,1,0,1,0,0,1,0,0,0,0,0,0,1,0,0,0,4,0,0,0,0,0,0,1,0,0,0,2,0,0,0,0,0,0,0,0,0,0,0,1,0,0,0,0,0,0,0,0,0,0,0
2338,0,1,7,2,0,0,4,2,0,0,0,0,0,0,0,2,0,3,0,0,0,0,1,0,0,0,1,0,0,1,0,1,0,0,0,0,0,1,0,0,0,1,0,0,0,0,0,0,0,0,0,0,0,0,0,0,0,0,0,0,0,1,0,0,0,0,0,0,0,0,0,0,0,0,0,0
2351,0,1,5,1,0,1,12,3,0,0,1,3,0,0,0,1,0,1,2,0,0,0,0,0,0,0,0,1,0,0,0,0,1,1,0,0,0,0,0,0,0,0,0,0,0,0,0,0,0,0,0,0,1,0,0,0,0,1,1,0,0,0,0,1,0,0,0,0,0,0,0,0,0,0,0,0
2352,0,0,1,0,0,3,14,2,2,1,0,1,0,0,0,1,0,1,0,0,0,0,1,0,0,0,1,0,0,0,2,0,0,0,0,0,0,2,0,0,0,2,0,0,0,0,0,0,0,0,0,0,0,0,0,0,0,0,0,0,0,0,0,0,0,0,0,0,0,0,0,0,0,0,0,0
2353,0,2,12,5,0,0,7,4,3,0,0,0,0,0,0,4,0,1,0,0,0,0,1,0,0,0,0,0,0,0,0,0,0,0,0,0,0,0,0,1,0,3,0,0,0,0,0,0,0,0,0,0,1,0,0,0,0,0,0,0,0,0,0,0,0,0,0,0,0,0,0,0,0,0,0,0
2354,0,3,13,6,0,0,1,1,0,0,0,3,0,0,0,0,0,2,0,1,0,0,1,0,0,0,0,0,0,0,0,0,0,0,0,0,0,2,0,0,0,0,1,0,0,0,0,0,1,0,0,0,0,0,0,0,0,0,0,0,0,0,0,0,0,0,0,0,0,0,0,0,0,0,0,0
2355,0,2,2,4,0,6,12,1,1,6,0,2,0,0,0,0,0,1,0,0,0,0,2,0,0,0,0,0,0,0,0,0,0,0,0,0,0,1,0,0,0,1,0,0,0,0,0,0,0,0,0,0,0,0,0,0,0,0,0,0,0,0,0,0,0,0,0,0,0,0,0,0,0,0,0,0
2356,0,1,12,9,0,8,15,8,4,8,0,1,0,0,0,5,1,2,0,1,0,3,0,0,0,1,0,1,0,0,1,0,1,1,0,0,0,4,1,0,0,1,0,0,0,0,0,0,0,0,0,0,0,0,0,0,0,0,0,0,0,0,0,0,0,0,0,0,0,0,0,0,1,0,0,0
2357,0,4,4,2,0,1,10,8,0,9,2,2,0,0,0,0,2,0,0,0,0,0,0,0,0,0,0,0,0,0,1,0,0,2,0,0,0,1,0,0,0,0,0,0,0,0,0,0,0,0,0,0,1,0,0,0,0,0,0,0,0,0,0,0,0,0,0,0,0,0,0,0,0,0,0,0
2358,0,0,4,2,0,1,6,0,0,3,0,0,0,0,0,0,0,0,0,1,0,0,2,0,0,0,1,0,0,0,0,0,0,2,0,0,0,0,2,0,0,2,1,0,0,0,0,0,0,0,0,0,2,0,0,0,0,0,0,0,0,0,0,0,0,0,0,0,0,0,0,0,0,0,0,0
2360,0,1,0,0,0,3,5,1,0,3,0,0,0,0,0,1,0,0,0,0,0,0,1,0,0,0,1,0,0,0,0,0,0,1,0,0,0,2,0,0,0,1,0,1,0,0,0,0,0,0,0,0,0,0,0,0,0,0,0,0,0,0,0,0,1,0,0,0,0,0,0,0,0,0,0,0
2361,0,7,7,7,0,2,16,4,1,0,0,3,0,0,0,1,0,0,0,0,0,1,0,1,0,0,0,0,0,3,0,1,0,0,0,0,0,1,0,0,0,2,0,0,0,0,0,0,0,0,0,1,2,0,0,0,0,0,0,0,1,1,0,0,0,0,0,0,0,0,0,0,0,0,0,0
2362,0,6,41,22,0,7,28,14,0,2,0,4,0,0,0,5,3,4,0,1,0,0,4,0,0,0,0,0,0,0,1,0,0,0,0,0,0,2,0,0,1,7,3,0,0,0,0,0,0,0,0,1,0,0,0,0,0,1,0,0,0,2,0,0,0,0,1,0,0,0,0,0,0,0,0,0
2363,0,2,32,10,0,5,13,9,1,1,0,6,0,0,0,0,1,1,0,1,0,1,2,0,0,0,1,0,0,0,1,0,0,0,0,0,0,5,0,0,0,0,0,0,0,0,0,0,0,0,0,0,1,0,0,0,1,1,0,0,0,0,0,0,0,0,0,0,0,0,0,0,0,0,1,0
2364,0,15,18,10,0,13,12,9,4,4,0,9,1,0,0,1,4,4,0,0,0,1,2,0,2,0,0,0,0,1,1,0,0,1,1,0,0,3,0,0,1,2,1,0,0,0,1,0,0,0,0,0,2,0,0,0,0,0,0,1,0,0,0,0,0,0,0,0,0,0,0,0,1,0,0,0
2365,0,0,2,0,0,0,5,3,0,2,0,3,0,0,0,0,0,2,0,1,0,0,1,0,0,0,0,0,0,0,1,0,2,0,1,0,0,0,0,0,0,2,0,0,0,0,0,0,0,0,0,0,0,0,0,0,0,0,0,0,0,0,0,0,0,0,0,0,0,0,0,0,0,0,0,0
2367,1,1,13,3,0,1,14,13,0,0,0,3,1,0,0,1,3,0,0,0,1,0,1,2,0,0,0,2,0,0,2,4,0,0,0,0,0,2,2,0,0,8,0,0,0,0,0,0,0,0,0,0,1,0,1,0,0,0,0,1,0,0,0,0,0,0,0,0,0,0,0,0,0,0,0,0
2368,0,9,23,12,0,3,18,4,1,4,0,4,0,0,0,1,2,2,0,0,0,0,5,0,0,0,0,0,0,1,1,1,0,0,1,0,0,6,0,0,0,4,0,1,0,0,0,2,0,0,0,0,0,0,0,0,0,1,0,0,0,0,0,0,1,0,0,0,0,0,0,0,0,0,1,0
2369,1,8,15,12,0,0,7,23,4,3,0,4,1,0,0,1,0,1,0,1,1,0,4,0,1,1,0,1,0,0,0,5,0,1,2,6,0,1,1,0,0,3,0,1,0,0,0,0,0,0,0,0,1,0,0,0,0,0,0,0,0,1,0,2,0,0,0,0,0,0,0,0,0,0,0,0
2370,0,3,28,16,0,7,34,8,1,4,0,10,0,0,2,8,3,2,1,0,0,0,4,0,0,1,0,3,0,2,3,0,2,3,0,0,0,1,1,0,0,4,0,1,0,0,0,0,0,0,0,0,0,0,0,0,0,1,0,1,0,0,0,0,0,0,0,0,0,0,1,0,0,1,0,0
2371,0,6,9,6,0,8,23,7,1,4,0,9,0,0,0,7,0,2,0,2,0,0,3,0,0,0,0,1,0,0,0,0,0,0,0,0,0,5,0,0,0,7,2,0,0,0,0,0,0,0,0,0,2,0,0,0,0,0,0,0,0,0,0,0,1,0,0,0,0,0,1,0,0,0,0,0
2373,0,1,14,8,0,0,4,1,3,3,0,1,1,0,0,1,0,3,0,0,0,0,0,0,1,1,1,0,0,2,1,0,0,1,0,1,0,0,0,0,0,3,0,1,0,0,0,0,0,0,0,0,0,0,0,0,0,0,0,0,0,0,0,0,0,0,0,0,0,0,0,0,0,0,0,0
2374,0,4,5,5,0,4,6,5,1,0,0,5,0,0,0,1,0,2,0,0,0,0,0,0,1,0,1,0,0,0,1,0,1,0,0,0,0,0,0,0,0,7,0,0,0,0,0,0,0,0,0,0,0,0,0,0,0,0,0,0,0,0,0,0,0,0,0,0,0,0,0,0,0,0,0,0
2375,0,6,27,12,0,3,8,5,1,2,0,1,2,1,0,0,2,5,0,0,0,1,1,0,2,0,0,0,0,0,0,0,1,1,0,0,0,1,0,0,0,1,1,0,0,0,0,0,0,0,0,0,3,0,0,0,0,0,1,0,0,0,0,0,1,0,0,0,0,0,0,0,0,0,0,0
2376,0,0,6,1,0,0,10,3,0,1,0,0,0,0,0,0,0,2,0,0,0,0,2,0,2,0,1,0,0,0,1,0,0,0,0,0,0,1,0,0,0,2,0,0,0,0,0,0,0,0,0,0,0,0,0,0,0,1,0,0,0,0,0,0,0,0,0,0,0,0,0,0,0,0,0,0
2377,0,2,4,3,0,0,6,3,0,1,0,1,0,0,0,0,0,2,0,0,0,0,0,0,0,0,0,0,0,0,0,0,0,0,0,0,0,0,0,1,0,0,0,0,0,0,0,2,1,0,0,0,1,0,0,0,0,0,0,0,0,0,0,0,0,0,0,0,0,0,0,0,0,0,0,0
2378,1,1,16,7,0,8,28,14,2,6,0,4,0,0,0,3,2,3,0,0,0,0,4,0,0,1,0,0,0,0,1,1,0,0,0,0,0,2,0,0,0,12,0,0,0,0,0,0,0,0,0,0,1,0,0,0,0,1,0,0,0,1,0,0,1,0,0,0,0,0,0,0,0,0,0,0
2379,0,0,1,0,0,1,1,12,0,0,0,2,0,0,0,1,0,1,0,0,1,0,1,0,0,0,0,8,0,0,0,3,0,0,0,6,0,0,0,1,0,0,0,0,0,0,0,1,0,0,0,0,0,0,0,0,0,0,0,0,0,0,0,1,0,0,0,0,0,0,0,0,0,0,0,0
2380,0,11,29,17,0,12,14,6,2,9,0,1,0,0,0,2,1,3,0,1,0,0,7,0,0,1,0,0,0,0,0,0,0,0,0,0,2,5,0,1,2,2,2,1,0,0,0,0,0,0,0,0,2,0,0,0,0,1,3,0,0,1,0,0,2,0,0,0,0,0,1,0,1,0,0,0
2381,1,1,9,10,0,3,0,8,0,1,0,0,0,0,2,0,1,0,0,0,0,0,1,1,0,2,0,3,0,2,0,8,0,0,0,1,0,0,0,0,0,0,0,0,0,0,0,0,0,0,0,0,0,0,0,0,0,0,0,0,0,0,0,2,0,0,0,0,0,0,0,0,0,0,0,0
2382,4,1,8,4,0,3,1,1,0,0,0,0,0,0,0,0,0,1,0,0,0,1,0,1,2,1,0,2,0,0,0,1,0,0,0,2,0,0,0,0,0,0,0,0,0,0,0,0,0,0,0,0,0,0,0,0,0,0,0,0,0,0,0,0,0,0,0,0,0,0,0,0,0,0,0,0
2400,0,8,29,11,0,0,18,4,5,2,0,3,0,0,0,3,1,1,0,1,0,0,1,0,0,0,0,1,0,0,2,1,0,1,0,0,0,1,0,0,0,2,0,0,0,0,0,1,0,0,0,0,0,0,0,0,0,0,2,1,0,0,0,0,0,0,0,0,0,0,0,0,2,0,0,0
2401,0,4,12,9,0,1,5,6,2,0,0,3,0,0,0,0,0,2,0,0,0,1,0,0,0,0,0,0,0,0,2,0,0,0,0,0,0,2,0,0,0,0,0,0,0,0,0,0,0,0,0,0,2,0,0,0,0,1,0,0,0,0,0,0,0,0,0,0,0,0,0,0,0,0,0,0
2402,0,3,19,6,0,3,16,3,0,4,0,3,1,0,0,3,1,0,0,1,0,0,0,0,0,0,0,1,0,0,2,0,2,1,0,0,0,6,0,0,0,0,0,0,0,0,0,0,0,0,0,0,0,0,0,0,0,0,0,0,0,1,0,0,0,0,0,0,0,0,0,0,1,0,0,0
2403,0,0,2,0,0,1,6,0,0,0,0,5,0,0,0,0,0,1,0,0,0,1,2,0,1,0,0,0,0,0,0,0,0,0,0,0,0,0,0,0,0,1,0,0,0,0,0,0,0,0,0,0,0,0,0,0,0,0,0,0,0,1,0,0,0,0,0,0,0,0,0,0,0,0,0,0
2404,0,5,25,9,0,0,13,4,1,0,0,0,0,0,0,3,1,1,0,0,0,0,0,0,0,0,0,0,0,0,0,1,0,1,0,0,0,0,0,0,0,0,0,0,0,0,0,0,0,0,0,0,1,0,0,0,0,0,0,1,0,0,0,0,0,0,0,0,0,0,0,0,1,0,0,0
2406,0,8,7,6,0,0,9,4,1,1,0,4,0,0,1,3,0,5,0,0,0,0,0,0,0,0,0,0,0,0,0,0,0,2,0,0,0,3,0,0,0,0,1,0,0,0,0,0,0,0,0,0,0,0,0,0,0,0,0,0,0,1,0,0,0,0,0,0,0,0,0,0,0,0,0,0
2407,0,3,7,8,0,0,3,1,0,0,0,3,1,0,0,0,0,0,0,0,0,1,0,0,0,0,0,0,0,0,2,0,0,1,0,0,0,1,0,0,0,0,0,0,0,0,0,0,0,0,0,0,0,0,0,0,0,0,0,0,0,0,0,0,0,0,0,0,0,0,0,0,0,0,0,0
2408,0,4,15,10,0,4,10,4,0,3,0,4,0,0,0,2,1,3,1,0,0,0,0,0,0,1,0,0,0,0,0,0,0,0,0,0,0,0,0,1,0,3,0,0,0,0,0,0,0,0,0,0,0,0,0,0,0,0,0,2,0,0,0,0,0,0,0,0,0,0,1,0,0,0,0,0
2409,0,4,12,8,0,1,14,3,6,1,0,5,0,0,0,2,2,3,0,0,0,1,2,0,1,0,0,0,0,0,3,0,1,0,0,0,0,4,0,0,0,0,0,0,0,0,0,0,0,0,0,0,1,0,0,0,0,0,0,0,0,0,0,0,0,0,0,0,0,0,0,0,2,0,0,0
2411,0,1,2,9,0,5,5,1,1,0,0,0,0,0,0,0,0,0,0,0,0,0,0,0,0,0,0,0,0,0,0,0,0,0,0,0,0,1,2,0,0,1,0,0,0,0,0,0,0,0,0,0,0,0,0,0,0,0,0,0,0,0,0,0,0,0,0,0,0,0,0,0,1,0,0,0
2412,0,0,2,4,0,4,10,9,0,1,0,5,0,0,0,5,2,2,0,1,0,0,1,0,0,0,0,1,0,0,3,0,0,0,0,0,1,4,0,0,0,5,1,0,0,0,0,0,0,0,0,0,0,0,0,0,0,0,0,0,0,1,0,0,0,0,0,0,0,0,0,0,0,0,0,0
2413,1,3,13,6,0,3,6,5,1,4,0,6,0,0,0,2,3,1,0,1,0,0,2,0,1,1,1,1,0,1,1,1,0,1,0,0,0,2,0,0,0,2,2,0,0,0,0,0,0,0,0,0,4,0,0,0,0,0,1,0,0,0,0,0,0,0,0,0,0,0,0,0,1,0,0,0
2414,0,2,12,5,0,2,15,2,1,2,0,6,2,0,0,3,0,5,0,1,0,0,4,0,0,1,0,0,1,0,1,2,1,2,0,0,0,1,0,0,0,3,0,0,0,0,0,0,0,0,0,0,0,0,0,0,0,1,0,0,0,0,0,0,0,0,0,0,0,0,0,0,1,0,0,0
2415,0,0,7,0,0,2,14,1,2,4,0,2,0,0,0,3,0,1,0,0,0,0,0,0,0,0,0,0,0,0,2,0,0,1,0,1,0,1,0,0,0,3,0,0,0,0,0,0,0,0,0,0,0,0,0,0,0,0,0,0,0,1,0,0,0,0,0,0,0,0,0,0,0,0,0,0
2416,0,8,15,6,0,1,19,4,4,0,0,3,2,0,0,3,0,1,0,2,0,0,1,0,1,0,0,0,0,0,2,0,1,1,0,0,0,1,0,0,0,2,0,1,0,0,0,0,1,0,0,0,2,0,0,0,0,0,0,3,0,0,0,0,0,0,2,0,0,0,1,0,0,0,0,0
2417,0,4,20,10,0,4,13,2,2,0,0,5,0,0,0,1,1,5,0,0,0,0,3,0,1,0,0,0,0,0,0,0,0,1,0,0,0,1,0,0,0,3,0,0,0,0,0,0,0,0,0,0,2,0,0,0,0,0,0,0,0,0,0,0,0,0,0,0,0,0,0,0,0,0,0,0
2418,0,5,17,13,0,0,8,25,1,3,0,18,0,0,1,0,1,0,0,0,1,0,0,1,0,0,1,6,0,0,0,8,1,0,0,6,0,1,3,1,0,2,0,0,0,0,0,0,0,0,0,1,0,0,2,0,0,0,0,0,0,0,0,2,0,0,0,0,0,0,0,0,0,0,0,0
2419,0,1,5,10,0,7,12,3,2,7,1,2,0,0,0,4,1,2,0,0,0,0,2,0,0,0,0,1,0,0,0,0,0,0,0,1,0,3,0,0,0,4,0,0,0,0,0,0,0,1,0,0,1,0,0,0,1,0,0,1,0,0,0,0,0,0,0,0,0,0,0,0,0,0,0,0
2420,0,0,1,1,0,2,8,5,2,1,0,0,0,0,0,1,0,2,0,1,0,0,1,0,0,0,0,0,0,1,0,0,0,0,0,0,0,1,0,0,0,0,0,0,0,0,0,0,0,0,0,0,0,0,0,0,0,0,0,0,0,0,0,0,0,0,0,0,0,0,0,0,0,0,0,0
2421,0,0,10,4,0,0,0,0,4,1,0,2,0,0,0,1,1,0,0,0,0,0,0,0,0,0,0,0,0,0,0,0,0,0,0,0,0,0,0,0,0,0,0,5,0,0,0,0,0,0,0,0,0,0,0,0,0,0,0,0,0,0,0,0,0,0,3,0,0,0,0,0,0,0,0,0
2422,1,2,4,3,0,10,17,9,0,2,0,6,2,0,0,2,1,6,0,3,0,0,0,0,0,1,0,0,0,0,0,0,1,0,0,0,0,0,0,0,0,7,1,0,0,0,0,0,0,0,0,0,1,0,0,0,0,0,1,0,0,0,0,0,0,0,0,0,0,0,0,0,2,0,0,0
2423,0,4,10,3,0,6,3,3,0,0,0,3,0,0,0,5,1,1,0,1,0,1,1,0,0,0,0,0,0,0,2,0,1,0,0,0,0,1,1,0,0,0,0,0,0,0,0,0,0,0,0,0,0,0,0,0,0,0,0,0,0,0,0,0,0,0,0,0,0,0,0,0,0,0,0,0
2424,0,4,25,6,0,3,14,5,0,12,0,5,0,0,1,4,3,4,1,0,0,2,8,0,1,0,0,1,0,0,3,0,0,0,0,0,0,2,0,0,1,5,0,1,0,0,0,1,0,0,0,0,1,0,0,0,1,3,0,1,0,2,0,0,1,0,0,0,0,0,0,0,0,0,0,0
2425,0,1,3,1,0,2,6,5,1,5,0,0,2,0,0,1,2,4,0,0,0,0,1,0,0,0,0,0,0,0,0,0,0,0,0,0,0,0,0,0,0,2,0,0,0,0,0,0,0,0,0,0,1,1,0,0,0,2,0,0,0,0,0,0,0,0,0,0,0,0,0,0,0,0,0,0
2426,0,3,7,0,0,3,3,2,0,3,0,0,0,0,0,0,0,2,0,0,0,0,0,0,0,0,0,0,0,0,0,0,0,0,0,1,1,1,0,0,0,1,0,0,0,0,0,0,0,0,0,0,0,0,0,0,0,0,0,0,0,0,0,0,0,0,0,0,0,0,0,0,0,0,0,0
2427,0,4,18,8,0,18,12,7,1,5,0,2,0,0,0,6,2,7,0,1,0,0,2,0,2,0,1,0,0,1,2,0,0,1,0,0,0,2,0,0,0,6,0,0,0,0,0,0,0,0,0,0,2,0,0,0,0,0,0,0,0,1,0,0,0,0,0,0,0,0,0,0,0,0,0,0
2428,0,2,18,4,0,9,11,6,0,2,0,2,0,0,0,5,0,3,0,0,0,2,3,0,0,1,0,0,0,0,0,1,0,0,0,0,0,2,0,0,1,7,1,0,0,0,0,0,0,0,0,0,2,0,0,0,0,1,0,0,0,0,0,0,0,0,0,0,0,0,0,0,0,0,0,0
2429,0,4,12,4,0,0,7,23,0,1,0,2,0,0,3,0,1,1,0,0,0,0,0,0,2,2,0,7,0,19,1,2,1,0,0,3,0,0,0,0,0,1,0,0,0,1,0,0,0,0,0,0,0,0,1,0,0,3,0,0,0,0,0,0,0,0,0,0,0,0,0,0,0,0,0,0
2450,0,0,8,0,0,0,9,3,0,3,0,5,0,0,0,5,0,2,0,0,0,0,1,0,0,0,0,0,0,0,1,0,0,1,0,0,0,4,0,0,0,3,0,0,0,0,0,0,0,0,0,0,0,0,0,0,0,1,0,0,0,0,0,0,0,0,0,0,0,0,0,0,1,0,0,0
2451,1,0,3,1,0,0,12,0,0,2,0,3,0,0,0,1,0,2,0,0,0,2,1,0,0,0,0,1,0,0,0,0,0,0,0,0,0,1,0,0,0,1,0,1,0,0,0,0,0,0,0,0,3,0,0,0,0,0,1,0,0,0,0,0,0,0,0,0,0,0,0,0,0,0,0,0
2452,0,8,15,10,0,2,7,1,0,0,0,0,0,0,0,2,0,1,0,0,0,1,1,0,0,1,0,0,1,0,4,0,0,2,0,0,0,0,0,0,0,1,0,0,0,0,0,0,0,0,0,0,0,0,0,0,0,1,0,3,0,0,0,0,0,0,0,0,0,0,0,0,0,0,0,0
2453,0,2,13,2,0,0,3,0,0,0,0,1,0,0,0,0,0,1,1,0,0,0,0,0,0,0,0,4,0,0,0,1,0,0,0,0,0,0,0,0,0,0,0,0,0,0,0,0,0,0,0,0,0,0,0,0,0,0,0,0,0,0,0,0,0,0,0,0,0,0,0,0,1,0,0,0
2454,0,1,7,11,0,1,3,1,1,0,0,1,0,0,0,0,0,0,0,0,0,0,0,0,0,0,0,0,0,0,1,0,0,2,0,0,0,0,0,0,0,0,1,0,0,0,0,0,0,0,0,0,0,0,0,0,0,0,0,0,0,0,0,0,0,0,0,0,0,0,0,0,0,0,0,0
2455,0,1,13,10,0,3,4,1,0,0,0,0,0,0,0,0,2,1,1,0,0,0,0,0,0,0,0,0,0,0,1,0,1,0,0,0,0,0,0,1,0,1,0,1,0,0,0,0,0,0,0,0,2,0,0,0,0,0,0,0,0,0,0,0,0,0,0,0,0,0,0,0,0,0,0,0
2456,0,8,30,15,0,7,26,14,3,3,0,3,1,0,0,8,2,5,0,0,0,0,5,0,1,0,0,0,0,0,8,0,0,9,0,0,0,6,1,0,0,0,0,0,1,0,0,0,0,0,0,0,0,0,0,0,0,0,0,1,0,0,0,0,0,0,0,0,0,0,0,0,0,0,0,0
2457,1,4,30,17,0,10,28,5,6,10,0,11,0,0,0,4,0,4,1,1,0,0,0,0,1,1,0,2,0,0,3,0,0,0,0,0,0,2,0,0,0,5,2,0,0,0,0,0,1,0,0,0,0,0,0,0,0,0,0,2,0,0,0,0,0,0,0,0,0,0,0,0,0,0,0,0
2458,2,6,16,22,0,4,20,8,2,6,0,4,0,0,0,7,4,0,0,0,0,1,3,0,0,0,0,0,0,0,0,1,0,1,0,0,0,3,0,0,0,6,0,0,0,0,0,0,1,0,0,0,1,0,0,0,0,1,0,3,0,1,0,0,0,0,0,0,0,0,0,0,0,0,0,0
2459,0,12,33,6,0,9,25,16,0,1,0,7,0,0,0,2,5,5,0,0,0,0,0,0,0,1,0,0,0,0,2,0,1,0,0,0,0,0,0,0,0,3,2,0,0,0,0,1,0,0,0,0,1,0,0,0,0,0,0,1,0,0,0,0,2,0,0,0,0,0,0,0,0,0,0,0
2460,0,4,21,8,0,0,10,4,1,1,0,10,1,0,0,1,1,1,0,0,0,1,2,0,0,0,1,0,0,0,0,0,1,0,0,0,0,0,0,0,0,3,3,0,0,0,0,0,0,0,0,0,0,0,0,0,0,0,0,0,0,0,0,0,0,0,0,0,0,0,0,0,0,0,0,0
2461,0,2,12,5,0,2,2,0,0,0,0,6,0,0,0,0,2,1,4,0,0,0,1,0,0,0,0,1,0,0,0,0,0,0,0,0,0,1,0,0,0,1,0,0,0,0,0,0,0,0,0,0,0,0,0,0,0,0,0,1,0,0,0,0,0,0,0,0,0,0,1,0,0,0,0,0
2463,0,1,9,7,0,1,9,9,1,0,0,7,0,0,1,0,1,0,0,0,0,0,0,0,0,0,2,2,0,0,0,5,0,0,0,3,0,0,0,0,7,1,0,0,0,0,0,0,0,0,0,14,1,0,0,0,0,1,1,0,0,0,0,0,0,0,0,0,0,0,1,0,0,0,0,0
2464,1,6,12,5,0,3,30,5,1,1,0,9,0,0,0,1,0,2,0,1,0,0,2,0,1,0,0,1,0,0,1,0,1,0,0,0,0,1,0,0,0,4,0,1,1,1,0,0,0,0,0,0,1,0,0,0,0,1,0,0,0,0,0,0,0,0,0,0,0,0,0,0,1,0,0,0
2465,0,1,8,4,0,2,10,2,0,0,0,3,0,0,0,0,0,2,0,0,0,0,0,0,0,0,0,0,0,0,0,0,0,0,0,0,0,0,1,0,0,0,1,0,0,0,0,0,0,0,0,0,1,0,0,0,0,2,0,1,0,0,0,0,0,0,0,0,0,1,0,0,0,0,0,0
2466,5,0,5,0,0,0,9,20,0,0,0,10,0,0,0,0,1,3,2,0,2,0,1,0,0,0,0,4,0,0,0,2,0,0,1,3,0,1,0,0,0,0,0,0,0,0,0,0,0,0,0,0,0,0,0,0,0,1,0,0,0,0,0,3,0,0,0,0,0,0,0,0,0,0,0,0
2467,0,2,5,10,0,0,3,1,0,0,0,3,0,0,0,2,0,0,0,1,0,0,0,0,0,0,0,0,0,0,0,0,0,0,0,0,0,0,0,0,0,0,0,0,1,0,0,0,0,0,0,0,0,0,0,0,0,0,0,0,0,0,0,0,0,0,0,0,0,0,0,0,0,0,0,0
2468,0,5,16,5,0,2,15,6,2,4,0,3,0,0,0,2,2,4,0,1,0,0,0,0,2,0,0,0,0,0,0,0,0,0,0,0,0,6,1,0,0,1,1,0,0,0,0,0,0,0,0,0,0,0,0,0,0,0,0,0,0,0,0,0,0,0,0,0,0,0,1,0,0,0,0,0
2469,0,0,11,14,0,1,5,1,0,1,0,0,0,0,0,0,0,1,0,0,0,0,0,0,0,1,0,0,0,0,0,0,0,0,0,0,0,0,1,0,0,0,1,0,0,0,0,0,0,0,0,0,1,0,0,0,0,0,0,0,0,0,0,0,0,0,0,0,0,0,0,0,0,0,0,0
2470,0,1,0,3,0,1,15,2,1,1,0,2,0,0,0,1,1,1,0,1,0,0,0,0,0,2,0,0,0,0,0,0,1,1,0,0,0,4,3,0,0,1,1,0,0,0,0,0,0,0,0,0,0,0,0,0,0,0,0,0,0,0,0,0,0,0,0,0,0,0,0,0,0,0,0,0
2471,4,1,22,3,15,6,15,14,1,1,0,8,0,0,2,1,1,5,1,0,0,0,0,2,1,0,0,1,0,0,0,2,1,1,1,4,3,2,1,0,0,3,0,0,0,0,0,0,0,0,0,0,0,0,0,0,0,1,0,0,0,0,0,0,1,0,0,0,0,0,0,0,0,0,0,0
2472,0,5,16,7,0,3,23,2,0,5,0,7,0,0,1,5,2,2,0,0,1,0,3,0,0,1,0,0,0,1,0,0,0,0,0,0,0,5,0,2,0,7,0,0,0,0,0,1,0,0,0,0,4,0,0,0,0,1,0,1,0,0,0,0,0,0,0,0,0,0,0,0,0,0,0,0
2473,0,0,4,3,0,3,11,2,0,2,0,3,0,0,0,1,0,2,1,0,0,0,0,0,0,1,0,0,0,0,0,0,0,1,0,0,0,6,0,0,0,0,0,1,0,0,1,0,0,0,0,0,1,0,0,0,0,0,0,0,0,0,0,0,0,0,0,0,0,0,0,0,0,0,0,0
2474,0,1,0,0,0,2,15,1,0,0,0,0,0,0,0,1,2,0,0,0,0,0,0,0,2,0,0,0,0,0,0,0,0,0,0,0,0,0,0,0,0,2,0,0,0,0,0,0,0,0,0,0,0,0,0,0,0,0,1,0,0,0,0,0,0,0,0,0,0,0,0,0,0,0,0,0
2475,0,0,18,3,0,0,1,4,0,0,0,4,0,0,0,1,0,1,0,0,0,0,1,0,0,0,1,0,0,0,0,1,0,0,0,0,0,0,0,0,0,0,0,0,0,0,0,0,0,0,0,0,1,0,0,0,0,0,0,0,0,1,0,0,0,0,0,0,0,0,0,0,0,0,0,0
2476,0,3,16,9,0,4,11,9,1,4,0,1,3,0,0,2,0,7,0,0,0,0,0,0,0,0,1,0,0,0,0,0,2,0,0,0,0,1,0,0,1,2,1,0,0,0,0,0,0,0,0,0,2,0,0,0,0,1,0,0,0,0,0,0,1,0,0,0,0,0,1,0,0,0,0,0
2477,0,0,0,2,0,0,4,0,1,1,0,1,1,0,0,1,0,2,0,0,0,0,3,0,0,0,0,0,0,0,0,0,0,0,0,0,0,0,0,0,0,3,0,0,0,0,0,0,0,0,0,0,0,0,0,0,0,0,1,1,0,0,0,0,0,0,0,0,0,0,0,0,0,0,0,0
2478,0,0,0,4,0,0,5,2,0,4,0,0,0,0,0,0,1,2,0,0,0,0,0,0,1,0,0,0,0,0,0,0,1,0,0,0,0,2,1,0,0,0,0,1,0,0,0,0,0,0,0,0,3,0,0,0,0,0,0,0,0,0,0,0,0,0,0,0,0,0,0,0,0,0,0,0
2479,0,0,2,1,0,2,3,3,0,4,0,1,0,0,0,0,0,3,1,0,0,0,3,0,0,0,0,0,0,0,0,0,0,0,0,0,0,0,0,0,0,0,0,0,0,0,0,0,0,0,0,0,1,0,0,0,0,0,0,0,0,0,0,0,0,0,0,0,0,0,0,0,0,0,0,0
2480,0,0,7,2,0,0,5,6,0,1,0,3,0,0,0,0,1,1,0,0,0,0,2,0,0,1,0,0,0,0,0,0,1,0,0,0,0,1,0,0,0,0,0,0,0,0,0,0,0,0,0,0,0,0,0,0,0,1,0,0,0,0,0,0,0,0,0,0,0,0,0,0,0,0,0,0
2504,1,3,31,20,0,0,9,4,1,0,0,0,1,0,0,4,2,4,0,0,1,0,6,0,2,0,0,0,0,0,6,1,1,0,0,0,0,3,1,0,0,2,3,1,0,0,0,1,0,0,0,0,0,0,0,0,0,0,0,0,0,0,0,0,0,0,0,0,0,0,0,0,0,0,0,0
2505,0,2,12,3,0,1,19,10,2,4,1,1,2,0,0,2,1,2,1,0,0,1,0,0,1,1,0,2,0,0,0,1,0,0,0,0,0,4,0,0,0,1,0,0,0,0,0,2,0,0,0,0,1,0,0,0,0,0,0,2,0,1,0,0,0,0,0,0,0,0,0,0,0,0,0,0
2506,1,1,0,0,0,0,6,2,0,1,0,3,1,0,0,0,0,0,1,0,0,0,0,0,0,0,0,0,0,0,0,1,0,1,0,0,0,3,0,0,0,1,1,0,0,0,0,0,1,0,0,0,0,0,0,0,0,0,0,0,0,0,0,0,0,0,0,0,0,0,0,0,0,0,0,0
2507,0,2,8,14,0,0,9,6,1,2,0,4,0,0,1,1,1,3,0,0,0,2,1,0,0,0,0,0,0,2,0,1,0,0,0,0,0,2,0,0,0,2,1,0,0,0,0,0,0,0,0,0,0,0,0,0,0,0,0,0,0,0,0,0,1,0,0,0,0,0,0,0,0,0,0,0
2508,0,1,6,3,0,2,8,4,1,1,0,1,0,0,0,1,1,1,0,0,0,0,0,0,0,0,0,0,0,0,0,0,0,1,0,0,0,0,0,0,0,1,0,0,0,0,0,0,0,0,0,0,0,0,0,0,0,0,0,0,0,0,0,0,0,0,0,0,0,0,0,0,0,0,0,0
2509,0,4,19,5,0,3,6,5,0,0,0,6,1,0,0,2,0,0,0,0,0,0,1,0,0,0,1,0,0,0,1,0,0,0,0,0,0,2,0,0,0,2,0,2,0,0,0,0,0,0,0,0,0,0,0,0,0,0,0,0,0,0,0,0,0,0,0,0,0,0,0,0,0,0,0,0
2510,0,2,20,9,0,0,31,8,0,5,0,2,0,0,0,0,2,2,1,0,0,0,3,0,0,1,0,0,0,0,0,1,0,0,0,0,1,6,1,0,0,4,1,2,0,0,0,0,0,0,0,0,1,0,0,0,0,0,0,0,0,0,0,0,0,0,0,0,0,0,0,0,1,0,0,0
2511,0,3,17,11,0,9,18,9,0,5,0,4,3,0,0,2,0,3,0,0,0,2,0,0,1,0,0,0,0,0,3,0,0,1,0,0,0,6,0,0,0,2,0,0,0,0,0,2,0,0,0,0,0,0,0,0,0,0,0,0,0,0,0,0,0,0,0,0,0,0,1,0,1,0,0,0
2512,0,2,19,7,0,9,14,3,3,2,0,2,1,0,0,4,1,0,0,3,0,0,0,0,0,0,0,0,0,0,1,0,0,1,0,0,0,0,0,0,0,5,1,1,0,0,0,0,0,0,0,0,0,0,0,0,0,0,0,0,0,0,0,0,0,0,1,0,0,0,0,0,0,0,0,0
2513,0,3,19,6,0,2,27,3,6,3,0,4,1,0,0,2,2,3,1,0,0,2,1,0,2,0,0,0,0,0,1,1,2,0,0,0,0,1,0,0,0,1,0,0,0,0,0,0,0,0,0,0,6,0,0,0,0,0,0,0,0,1,0,0,0,0,0,0,0,0,0,0,0,0,0,0
2514,0,4,20,8,0,5,23,11,2,1,0,7,0,0,0,7,3,2,0,2,0,0,1,0,0,1,2,2,0,0,3,0,0,1,0,0,0,2,1,2,0,0,0,0,0,0,0,1,0,0,0,0,1,0,0,0,0,1,1,0,0,1,0,0,0,0,0,0,0,0,0,0,0,0,0,0
2515,1,9,47,33,0,12,41,17,7,9,0,9,1,0,0,6,4,3,0,0,0,1,3,0,0,0,0,1,0,0,5,0,1,3,0,0,0,9,0,4,0,7,2,0,0,0,0,2,1,0,0,0,0,0,0,0,0,0,2,2,0,0,0,0,0,0,0,0,0,0,0,0,0,0,0,0
2516,0,0,8,1,0,2,23,3,0,3,0,4,0,0,1,2,2,2,0,0,0,3,3,0,1,0,0,1,0,0,1,1,1,1,0,0,0,1,0,0,0,3,0,0,0,0,0,0,0,0,0,0,3,0,0,0,0,0,0,0,0,0,0,0,0,0,0,0,0,0,0,0,0,0,1,0
2517,0,11,23,21,0,9,22,3,2,4,0,8,1,0,0,2,2,2,0,0,0,0,8,0,0,0,0,4,0,0,3,1,1,2,0,0,0,1,1,0,0,4,1,0,0,0,0,0,0,0,0,0,1,0,0,0,0,0,0,1,0,0,0,0,0,0,1,0,0,0,1,0,0,0,0,0
2518,0,2,3,3,0,5,10,0,2,2,0,3,0,0,0,0,1,0,0,0,0,0,1,0,2,1,0,0,0,0,1,0,0,0,0,0,0,1,0,0,0,0,1,0,0,0,0,0,0,0,0,0,0,0,0,0,0,0,0,0,0,0,0,0,0,0,0,0,0,0,0,0,0,0,0,0
2520,0,2,6,2,0,3,3,1,2,0,0,1,0,0,0,0,1,0,1,0,0,0,0,0,0,1,0,0,0,1,0,0,0,0,0,0,0,0,0,0,0,0,0,0,0,0,0,0,0,0,0,0,0,0,0,0,0,0,0,0,0,0,0,0,0,0,0,0,0,0,0,0,1,0,0,0
2521,0,6,21,10,0,5,8,3,0,1,0,3,0,0,0,2,1,1,0,0,0,0,1,0,0,0,0,0,0,0,1,0,1,0,0,0,1,3,0,0,0,7,2,0,0,0,0,0,0,0,0,0,0,0,0,0,0,0,0,2,0,0,0,0,0,0,0,0,0,0,0,0,1,0,0,0
2522,0,0,6,1,0,3,18,10,2,2,0,8,0,0,0,6,3,5,0,1,0,0,3,0,1,0,0,0,0,0,0,3,0,0,0,0,0,1,1,0,0,5,0,0,0,1,0,1,0,0,0,0,1,0,0,0,0,0,1,1,0,0,0,0,0,0,0,0,0,0,0,0,0,0,0,0
2523,2,4,14,10,1,8,7,1,2,1,0,2,0,0,0,3,1,1,0,0,0,0,0,0,1,0,0,1,0,0,0,1,0,0,0,0,0,1,0,0,0,0,0,0,0,0,0,0,0,0,0,0,0,0,0,0,0,1,0,0,0,1,0,0,0,0,0,0,0,0,0,0,0,0,0,0
2524,1,0,3,4,0,1,3,2,0,2,0,1,0,0,0,0,0,0,0,0,0,0,1,0,0,0,0,0,0,2,0,0,0,0,0,0,0,0,0,0,0,2,0,0,0,0,0,0,0,0,0,0,0,0,0,0,0,0,0,0,0,0,0,0,0,0,0,0,0,0,0,0,0,0,0,0
2525,0,3,28,15,0,6,5,3,0,0,0,8,0,0,0,0,1,3,0,0,0,0,2,0,0,0,0,0,0,0,1,0,0,1,0,0,0,0,0,0,0,0,0,0,0,0,0,0,0,0,0,0,0,0,0,0,0,0,0,0,0,0,0,0,1,0,0,0,0,0,0,0,0,0,0,0
2526,0,0,10,8,0,8,12,5,1,1,0,3,0,0,0,0,0,3,0,0,0,0,0,0,1,0,0,0,0,0,0,0,2,0,0,0,1,2,0,0,0,2,0,0,0,0,0,0,0,0,0,0,0,0,0,0,0,1,1,0,0,1,0,0,0,0,0,0,0,0,0,0,0,0,0,0
2527,0,15,33,17,0,3,26,9,2,8,0,6,0,0,0,3,2,6,1,0,0,1,5,0,1,1,1,1,1,1,0,0,3,0,0,0,0,2,1,0,0,2,0,0,4,0,0,0,0,0,0,0,4,0,0,0,0,2,2,2,0,1,0,0,0,0,2,0,0,0,0,0,0,0,0,0
2529,0,0,9,2,0,0,1,0,0,1,0,2,0,0,0,3,0,0,0,0,0,1,2,0,0,2,0,5,0,0,0,0,0,0,0,0,0,0,0,0,0,2,0,0,0,0,0,0,0,0,0,0,0,0,0,0,0,0,0,0,0,0,0,0,0,0,0,0,0,0,0,0,0,0,0,0
2530,0,0,7,4,0,0,3,0,0,2,0,4,0,0,0,0,0,0,0,0,0,0,2,0,0,1,1,2,0,0,0,1,0,0,0,0,0,0,0,0,0,1,0,0,0,0,0,0,0,0,0,0,0,0,0,0,0,0,0,0,1,0,0,0,0,0,0,0,0,0,0,0,0,0,0,0
2531,0,10,23,16,0,9,19,10,2,6,0,7,1,0,0,4,3,5,0,0,0,1,3,0,3,0,0,0,0,0,0,1,0,0,0,0,4,3,0,0,0,4,1,0,0,0,0,1,0,0,0,0,3,0,0,0,0,2,2,0,0,0,0,0,0,0,0,0,0,0,0,0,0,0,0,0
2532,0,1,16,6,1,2,8,7,0,2,0,0,0,0,0,1,0,3,0,2,1,0,0,0,0,0,1,0,0,1,0,0,0,0,0,0,0,0,0,0,0,5,0,2,0,0,0,0,0,0,0,0,0,0,1,0,0,0,0,0,0,0,0,0,0,0,0,0,0,0,0,0,0,0,0,0
2557,0,0,1,0,0,0,7,0,1,2,0,4,0,0,0,2,1,2,0,0,0,0,0,0,0,0,0,0,0,0,0,0,1,3,0,0,1,2,0,0,0,0,0,0,0,0,0,0,0,0,0,0,2,0,0,0,0,0,0,0,0,1,0,0,0,0,0,0,0,0,0,0,1,0,0,0
2558,0,1,5,1,0,0,4,6,2,1,0,0,0,0,0,0,1,2,0,0,0,0,1,0,0,0,0,0,0,0,0,0,0,0,0,0,0,2,0,0,0,2,0,0,0,0,0,0,0,0,0,0,0,0,0,0,0,0,2,0,0,0,0,0,0,0,0,0,0,0,0,0,0,0,0,0
2559,0,8,38,22,0,0,12,4,3,2,0,2,0,0,0,1,1,0,0,0,0,3,0,0,0,0,1,0,0,0,0,0,0,4,0,0,0,0,0,0,0,2,2,1,1,0,0,1,0,0,0,0,3,0,0,0,0,0,0,0,0,1,0,0,0,0,1,0,0,0,0,0,0,0,0,0
2560,0,0,7,3,0,0,21,3,5,2,0,1,0,0,0,1,1,0,0,0,0,0,0,0,0,0,0,3,0,0,3,0,0,2,0,0,0,2,0,0,0,3,2,0,0,0,0,0,0,0,0,0,0,0,0,0,0,1,0,0,0,0,0,0,0,0,0,0,0,0,0,0,1,0,0,0
2561,0,3,15,8,0,5,18,7,2,3,0,4,0,0,0,2,1,0,0,1,0,0,0,0,0,2,0,0,0,0,0,0,1,1,0,0,0,3,1,0,0,0,0,1,0,0,0,0,0,0,0,0,0,0,0,0,0,0,0,2,0,1,0,0,0,0,0,0,0,0,0,0,0,0,0,0
2562,0,4,14,7,0,2,14,3,0,3,0,1,0,0,0,5,0,2,0,0,0,2,0,0,0,1,1,0,0,0,0,0,0,1,0,0,0,1,0,0,0,0,1,0,0,0,0,0,0,0,0,0,0,0,0,0,0,0,0,0,0,0,0,0,0,0,0,0,0,0,0,0,0,0,0,0
2563,1,0,9,6,0,0,3,0,0,2,0,2,0,0,0,1,1,2,0,0,0,1,2,0,0,0,1,0,0,0,0,1,0,1,0,0,0,0,0,0,0,1,0,0,0,0,0,0,0,0,0,0,2,0,0,0,0,0,0,0,0,0,0,0,0,0,1,0,0,0,0,0,0,0,0,0
2564,1,3,9,2,0,0,21,4,1,0,0,0,0,0,0,2,0,0,1,0,0,0,1,0,0,0,0,0,0,0,0,0,2,1,0,0,0,0,2,1,0,0,0,0,0,0,0,0,0,0,0,0,0,0,0,0,0,0,0,0,0,0,0,0,0,0,0,0,0,0,0,0,0,0,0,0
2565,0,0,0,1,0,0,4,4,2,2,0,2,0,0,0,0,1,0,0,0,0,0,1,0,0,0,0,1,0,0,0,1,0,1,0,0,0,0,0,0,0,1,2,0,0,0,0,0,0,0,0,0,0,0,1,0,0,1,0,0,0,0,0,0,0,0,0,0,0,0,0,0,0,0,0,0
2566,0,3,22,7,0,2,12,5,3,0,0,6,1,0,0,1,4,0,2,0,0,1,2,0,0,0,1,0,2,3,0,2,0,1,0,0,0,6,0,0,0,0,1,1,0,0,0,0,0,0,0,0,1,0,0,0,0,0,0,0,0,0,0,0,0,0,0,0,0,0,0,0,0,0,0,0
2567,0,4,9,3,0,2,8,7,0,0,0,3,1,0,0,1,1,1,0,2,3,0,0,0,0,0,1,3,0,0,0,2,0,0,0,1,0,1,0,0,0,2,0,0,0,0,0,0,0,0,0,0,0,0,0,0,0,0,0,0,0,0,0,0,0,0,0,0,0,0,0,0,1,0,0,0
2568,0,1,1,1,0,3,10,0,2,0,0,5,0,0,0,1,0,0,0,0,0,0,2,0,0,0,0,0,0,0,0,0,0,0,0,0,0,0,0,0,0,2,0,0,0,0,0,0,0,0,0,0,1,0,0,0,0,0,0,0,0,2,0,0,0,0,0,0,0,0,0,0,0,0,0,0
2569,0,4,26,18,0,0,8,7,2,2,0,7,0,0,0,2,0,2,0,0,0,0,2,0,0,0,0,0,0,0,2,0,0,1,1,0,2,1,0,0,0,0,0,0,0,0,1,0,0,0,0,0,0,0,0,0,0,0,0,0,0,0,0,0,0,0,0,0,0,0,0,0,0,0,0,0
2570,0,0,1,0,0,1,16,1,0,2,0,3,0,0,0,0,1,0,0,0,0,0,1,0,0,0,0,0,0,0,3,0,1,0,0,0,0,2,1,0,0,0,0,0,0,0,0,0,0,0,0,0,0,0,0,0,0,0,0,0,0,0,0,0,0,0,0,0,0,0,0,0,0,0,0,0
2571,0,5,15,17,0,6,3,1,2,0,0,4,0,0,0,3,1,0,0,0,0,1,1,0,0,0,0,0,0,0,0,1,0,0,0,0,0,2,0,0,0,0,0,0,0,0,0,1,0,0,0,0,1,0,0,0,0,0,0,0,0,0,0,0,0,0,0,0,0,0,1,0,0,0,0,0
2574,0,0,5,3,0,9,19,4,2,2,0,4,0,0,0,2,2,3,0,1,0,0,1,0,0,0,0,0,0,0,0,0,1,0,0,0,0,1,0,0,0,1,1,0,0,0,0,0,0,0,0,0,0,0,0,0,0,1,1,1,0,0,0,0,0,0,0,0,0,0,0,0,0,0,0,0
2576,15,0,4,5,0,2,3,9,3,0,0,3,0,0,0,1,0,0,1,0,1,0,1,1,1,8,1,7,0,1,0,10,0,0,0,8,1,3,0,0,0,6,1,2,0,0,0,0,0,0,0,0,1,0,0,0,0,0,0,0,0,0,0,0,0,0,0,0,0,0,0,0,0,0,0,0
2577,0,4,19,11,0,6,27,4,5,4,0,6,0,0,0,0,1,4,0,0,0,0,5,0,1,0,0,1,0,0,1,0,0,0,0,0,0,3,0,0,0,3,3,0,0,0,0,0,0,0,0,0,5,0,0,0,0,0,0,0,0,0,0,0,0,0,0,0,0,0,1,0,0,0,0,0
2578,0,4,15,6,0,5,17,4,2,2,0,1,0,0,0,2,2,1,0,1,0,0,1,0,0,0,1,1,0,0,0,3,0,2,0,0,0,0,1,0,0,2,0,0,0,0,0,0,0,0,0,0,1,0,0,0,0,1,0,1,0,0,0,0,0,0,0,0,0,0,0,0,1,0,0,0
2579,0,2,5,2,0,2,19,4,2,4,0,0,0,0,0,2,0,4,0,3,0,1,2,0,0,0,1,0,0,0,2,0,0,0,0,0,0,3,0,1,0,1,0,0,0,1,0,0,0,0,0,0,3,0,0,0,0,0,0,0,0,0,0,0,0,0,0,0,1,0,0,0,0,0,0,0
2580,0,2,5,5,0,3,5,5,3,1,0,0,0,0,1,2,0,0,1,0,1,0,1,0,0,0,0,0,1,0,0,0,0,0,0,0,0,0,0,0,0,1,0,0,0,0,0,0,0,0,0,0,0,0,0,0,0,0,1,0,0,0,0,0,0,0,1,0,0,0,1,0,1,0,0,0
2582,0,1,11,4,10,0,8,3,0,5,0,2,0,0,0,2,0,0,1,0,0,0,0,1,0,1,0,2,1,0,1,2,0,1,0,0,1,1,1,0,0,1,0,0,0,1,0,0,0,0,0,0,1,0,0,0,0,0,0,0,0,0,0,2,0,0,0,0,0,0,0,0,0,0,0,0
2583,0,6,13,7,0,6,9,9,1,2,0,1,0,0,0,4,0,3,1,2,0,0,1,0,0,2,0,0,0,1,0,0,0,1,0,0,0,2,0,0,0,6,1,0,0,0,0,0,0,0,0,0,0,0,0,0,0,0,2,0,0,0,0,0,2,0,0,0,0,0,0,0,0,0,0,0
2584,0,0,2,0,0,1,12,2,0,2,0,3,0,0,0,3,0,0,0,0,0,0,1,0,0,0,0,0,0,0,0,0,0,0,0,0,0,0,0,0,0,6,0,0,0,0,0,0,0,0,0,0,0,0,0,0,0,0,0,0,0,0,0,0,0,0,0,0,0,0,0,0,0,0,0,0
2585,0,1,5,1,0,2,3,5,1,1,0,2,0,0,0,0,1,3,0,0,0,0,0,0,0,0,0,1,0,1,0,1,1,0,0,0,0,1,0,0,1,2,0,0,0,0,0,0,0,0,0,0,1,0,0,0,0,0,0,0,0,2,0,0,0,0,0,0,0,0,0,0,0,0,0,0
2586,0,10,27,15,0,8,11,2,0,5,0,0,1,0,0,4,0,4,0,1,1,0,3,0,0,1,0,2,0,1,1,0,1,0,0,0,0,1,0,0,0,0,0,1,0,0,0,0,0,0,0,0,0,0,0,0,0,0,0,0,0,0,0,0,2,0,2,0,0,0,0,0,0,0,0,0
2587,0,4,16,4,0,4,16,13,3,5,0,8,1,0,0,4,3,5,0,2,0,0,3,1,0,0,0,0,0,0,0,1,0,0,0,0,0,1,0,0,0,5,0,0,1,0,0,0,0,0,0,0,4,0,0,0,0,0,0,0,0,1,0,0,0,0,0,0,0,0,0,0,0,0,0,0
2588,0,0,11,5,0,0,3,2,1,1,0,3,0,0,0,1,0,0,0,0,0,0,1,0,0,0,0,0,0,1,0,0,0,0,0,0,0,0,0,0,0,0,1,0,0,0,0,0,0,0,0,0,0,0,0,0,0,0,0,0,0,0,0,0,0,0,0,0,0,0,0,0,0,0,0,0
2589,0,6,18,13,0,3,14,17,2,7,0,7,0,0,0,2,0,3,0,1,0,0,4,0,0,0,1,1,0,0,0,1,0,0,0,0,0,2,1,0,0,6,0,0,0,0,0,1,0,0,0,0,1,0,0,0,0,0,0,0,0,1,0,0,1,0,0,0,0,0,0,0,0,0,0,0
2590,0,5,37,14,0,5,16,11,0,2,0,3,1,0,0,8,3,7,2,0,1,1,4,0,1,1,1,1,0,0,0,0,1,0,0,0,0,3,0,0,0,10,0,0,0,0,0,0,0,0,0,0,2,0,0,0,0,3,1,1,0,1,0,0,0,0,0,0,0,0,1,0,0,0,0,0
2609,0,3,21,14,0,0,3,5,3,2,0,1,0,0,0,0,0,4,0,0,0,0,0,0,0,0,0,0,0,0,1,1,0,0,0,0,0,1,0,0,0,1,1,0,0,0,0,0,0,0,0,0,0,0,0,0,0,0,0,0,0,0,0,0,0,0,0,0,0,0,0,0,0,0,0,0
2610,0,3,12,8,0,1,9,3,0,1,0,3,1,0,0,1,1,0,0,0,0,0,1,0,0,0,0,0,0,0,2,0,0,2,0,0,0,5,1,0,0,5,1,1,2,0,0,0,0,0,0,0,1,0,0,0,0,0,0,1,0,0,0,0,0,0,0,0,0,0,0,0,0,0,0,0
2611,1,1,17,8,0,2,10,8,0,3,0,3,0,0,0,1,6,0,0,1,1,0,3,0,1,0,0,2,0,0,1,0,1,1,0,0,0,1,0,0,0,1,1,2,0,0,0,0,0,0,0,0,0,0,0,0,0,0,0,0,0,0,0,0,0,0,0,0,0,0,0,0,1,0,0,0
2612,0,0,16,13,0,1,17,7,2,0,1,2,0,0,0,1,1,7,0,0,0,3,6,0,0,0,0,0,0,0,1,1,0,5,0,0,0,2,0,0,0,2,0,0,0,0,0,1,0,0,0,0,0,0,0,0,0,1,0,1,0,0,0,0,0,0,0,0,0,0,0,0,2,0,0,0
2613,1,6,12,7,0,0,11,3,3,0,0,2,0,0,0,0,1,5,0,0,0,3,1,0,0,1,0,0,0,0,1,0,0,1,0,0,0,4,0,0,0,1,2,0,0,0,0,0,0,0,0,0,2,0,0,0,0,0,0,1,0,0,0,0,0,0,0,0,0,0,0,0,0,0,0,0
2614,0,0,7,4,0,2,9,1,3,0,0,1,0,0,0,0,1,4,0,0,0,0,1,0,0,0,0,0,0,0,0,0,0,0,0,0,0,4,0,0,0,0,0,0,0,0,0,0,0,0,0,0,0,0,0,0,0,0,0,2,1,0,0,0,0,0,0,0,0,0,0,0,1,0,0,0
2615,1,3,7,2,0,0,1,3,0,0,0,0,0,0,0,1,0,1,1,0,0,0,1,0,0,0,0,1,0,0,0,0,0,0,0,0,0,1,0,0,0,0,0,0,0,0,0,0,0,0,0,0,2,0,0,0,0,0,0,0,0,0,0,0,0,0,0,0,0,0,0,0,0,0,0,0
2616,0,2,11,5,0,0,10,4,0,0,0,1,0,0,0,0,0,0,1,0,0,0,0,0,0,0,0,0,0,0,0,0,0,0,0,0,0,0,0,0,0,0,0,1,0,0,0,0,0,0,0,0,0,0,0,0,0,0,0,1,0,0,0,0,0,0,1,0,0,0,0,0,0,0,0,0
2617,0,3,5,2,0,2,10,3,0,4,0,2,0,0,0,1,4,2,0,0,0,0,2,0,0,0,0,0,0,0,2,0,2,2,0,1,0,2,0,0,0,0,0,0,0,0,0,1,0,0,0,0,1,0,0,0,0,0,0,0,0,0,0,0,0,0,0,0,0,0,0,0,0,0,0,0
2618,0,0,9,11,0,1,15,2,2,1,0,2,1,0,0,0,0,3,0,0,0,1,1,0,0,0,0,0,0,0,0,0,0,1,0,0,0,2,0,0,0,4,1,2,0,0,0,0,0,0,0,0,0,0,0,0,0,0,0,0,0,0,1,0,0,0,0,0,0,0,0,0,1,0,0,0
2619,0,0,1,1,0,0,9,6,3,3,0,5,0,0,0,5,0,0,0,0,0,0,0,0,0,0,0,3,0,0,0,0,1,0,0,0,0,5,0,0,0,1,1,0,1,0,0,0,0,0,0,0,0,0,0,0,0,0,0,0,0,0,0,0,0,0,0,0,1,0,0,0,0,0,0,0
2620,0,2,12,6,0,0,3,0,0,0,0,1,0,0,0,1,0,1,2,0,0,0,0,0,0,2,0,3,0,1,0,0,0,1,0,0,0,0,0,0,0,0,0,0,0,0,0,0,0,0,0,0,0,0,0,0,0,0,0,0,0,0,0,0,0,0,0,0,0,0,0,0,0,0,0,0
2621,0,1,6,1,0,4,15,9,0,1,0,5,0,0,0,4,0,7,1,0,1,1,0,0,0,1,1,1,0,0,0,1,0,0,0,0,0,1,1,0,0,5,1,0,0,0,0,0,0,0,0,0,4,0,0,0,0,0,0,0,0,0,0,0,0,0,0,0,0,0,0,0,0,0,0,0
2623,0,1,11,10,0,1,10,3,1,2,0,3,0,0,0,2,1,3,0,0,0,0,1,0,0,0,0,0,0,0,0,0,0,0,0,0,0,1,0,0,0,1,0,0,0,0,0,0,0,0,0,0,0,0,0,0,0,1,0,0,0,1,0,0,0,0,0,0,0,0,0,0,0,0,0,0
2625,2,6,4,0,0,0,10,9,0,1,0,4,0,0,0,1,0,1,2,0,0,0,1,0,0,5,0,0,0,2,1,6,0,1,0,0,1,2,0,1,0,1,0,0,1,0,0,0,0,0,0,8,0,0,0,0,0,0,1,1,0,0,0,1,0,0,0,0,0,0,0,0,0,0,0,0
2626,12,5,16,3,0,0,6,8,1,0,0,5,0,0,0,0,0,0,0,0,0,1,0,1,0,5,1,4,0,0,0,5,1,0,0,0,0,0,0,0,0,2,0,0,0,0,0,0,0,0,0,0,1,0,0,0,0,0,0,0,0,0,0,1,0,0,0,0,0,1,0,0,0,0,0,0
2627,0,2,5,15,0,4,7,5,1,5,0,2,0,0,0,1,1,2,0,0,0,0,1,0,1,0,1,0,0,1,1,3,3,0,0,0,0,2,0,0,0,3,1,0,0,0,0,0,0,0,0,0,0,0,0,0,0,0,0,0,0,0,0,0,0,0,0,0,0,0,0,0,0,0,0,0
2628,1,1,13,6,0,3,6,0,0,3,0,0,0,0,0,2,1,3,0,0,0,0,0,0,1,0,1,0,0,0,0,0,3,0,0,0,0,2,0,0,0,2,0,0,0,0,0,0,0,0,0,0,1,0,0,0,0,0,0,0,0,1,0,0,0,0,0,0,0,0,0,0,0,0,0,0
2629,2,5,33,17,0,14,43,4,3,6,0,12,0,0,0,4,4,8,0,3,0,2,1,1,0,2,0,0,0,0,4,2,2,2,0,0,0,5,1,0,0,5,1,0,0,0,0,1,0,0,0,0,2,0,0,0,0,0,0,0,0,1,0,0,0,0,1,0,0,0,0,0,0,0,0,0
2630,0,0,7,1,0,1,8,3,0,1,0,1,0,0,0,0,1,2,0,0,0,0,0,0,0,0,0,0,0,0,1,0,0,0,0,0,0,0,0,0,0,2,1,0,0,0,0,0,0,0,0,0,0,0,1,0,0,1,0,0,0,0,0,0,0,0,0,0,0,0,0,0,0,0,0,0
2632,0,3,9,5,0,1,3,4,0,3,0,3,1,0,0,0,1,0,0,0,0,0,1,0,1,0,0,6,0,0,0,4,0,0,1,1,0,0,0,1,0,3,1,0,0,0,0,0,0,0,1,0,0,0,0,0,0,0,0,0,0,0,0,0,1,0,0,0,0,0,0,0,0,0,0,0
2633,0,2,3,0,0,1,5,1,0,0,0,3,0,0,0,0,1,1,1,0,0,0,0,0,0,0,0,0,0,1,0,0,0,0,0,0,0,2,1,0,0,0,0,0,0,0,0,0,0,0,0,0,1,0,0,0,0,0,0,0,0,0,0,0,1,0,0,0,0,0,0,0,0,0,0,0
2634,0,0,8,1,0,0,7,3,0,2,0,2,0,0,0,0,1,1,0,0,0,1,2,0,0,0,1,0,0,0,0,0,0,0,0,0,0,0,0,0,0,1,0,0,0,0,0,0,0,0,0,0,5,0,0,0,0,2,0,0,0,1,0,0,1,0,0,0,0,0,1,0,0,0,0,0
2635,0,5,35,14,0,8,17,5,1,0,0,11,1,0,0,3,2,11,0,1,0,0,2,0,3,1,0,0,1,0,0,0,0,2,0,0,0,4,0,0,0,2,0,0,0,0,0,0,0,0,0,0,2,0,0,0,0,0,0,0,0,0,0,0,0,0,0,0,0,0,0,0,0,0,0,0
2637,0,1,21,9,0,8,10,7,1,7,0,1,0,0,0,4,3,2,0,0,0,0,4,0,1,0,0,0,0,1,0,0,0,0,0,0,0,0,0,0,0,4,0,0,0,0,0,0,0,0,0,0,0,0,0,0,0,0,0,0,0,0,0,0,0,0,0,1,0,0,0,0,0,0,0,0
2638,0,4,15,8,0,1,3,2,0,0,0,0,0,0,0,3,3,0,0,0,0,0,1,0,0,0,0,1,0,0,0,0,0,0,0,0,0,2,0,0,0,0,0,0,0,0,0,0,0,0,0,0,0,0,0,0,0,0,0,0,0,0,0,0,0,0,0,0,0,0,0,0,0,0,0,0
2639,0,1,0,4,0,0,13,3,0,1,0,2,0,0,0,0,1,3,0,0,0,0,0,1,0,0,0,0,0,0,0,1,0,0,0,0,0,1,0,0,0,1,0,0,0,0,0,0,0,0,0,0,2,0,0,0,0,0,0,0,0,0,0,0,0,0,0,0,0,0,0,0,0,0,0,0
2640,0,7,9,8,0,5,6,3,0,1,0,2,0,0,0,2,2,0,0,0,0,0,5,0,1,0,0,0,0,0,1,0,0,0,0,0,0,0,0,0,3,2,1,0,0,0,0,1,0,0,0,0,0,0,0,0,0,0,0,0,0,1,0,0,0,0,0,0,0,0,0,0,0,0,0,0
2641,0,0,6,2,0,3,2,11,1,4,0,4,0,0,0,1,0,2,0,0,0,0,3,0,0,1,0,1,0,0,1,0,1,0,0,0,0,0,0,1,0,1,0,1,0,0,0,0,0,0,0,0,0,0,0,0,0,0,0,0,0,0,0,0,0,0,0,0,0,0,0,0,0,0,0,0
2642,0,0,15,4,0,0,0,0,1,0,0,3,0,0,0,4,0,0,0,0,0,0,0,0,0,0,0,0,0,0,0,0,1,0,0,0,0,0,0,0,0,0,0,0,0,0,0,0,0,0,0,0,0,0,0,0,0,0,0,0,0,0,0,0,0,0,0,0,0,0,0,0,0,0,0,0
2659,0,2,6,3,0,3,0,0,4,1,0,2,0,0,0,1,0,0,0,0,0,0,0,0,0,0,0,0,0,0,0,0,0,0,0,0,0,0,0,0,0,0,0,3,0,0,0,0,0,0,0,0,0,0,0,0,0,0,0,0,0,0,0,0,0,0,0,0,0,0,0,0,0,0,0,0
2661,0,3,4,2,1,0,3,7,0,0,0,2,0,0,1,0,1,0,0,0,0,1,2,0,0,0,0,0,0,0,1,0,0,0,0,0,0,0,0,0,0,0,0,0,0,0,0,0,0,0,0,0,0,0,0,0,0,0,0,0,0,0,0,0,0,0,0,0,0,0,0,0,0,0,0,0
2662,1,0,5,1,0,3,6,8,2,1,0,5,0,0,0,0,0,1,2,0,0,0,0,0,0,1,2,0,0,0,0,0,0,1,0,0,0,0,1,0,0,2,1,1,0,0,0,0,0,0,0,0,0,0,0,0,0,0,0,1,0,0,0,0,0,0,0,0,0,0,0,0,1,0,0,0
2663,0,2,19,5,0,4,10,3,1,0,0,6,0,0,0,3,2,0,1,0,0,1,0,0,1,0,0,0,0,0,0,0,1,1,0,0,0,1,1,0,0,1,0,0,0,0,1,0,0,0,0,0,3,0,0,0,0,0,0,0,0,0,0,0,0,0,0,0,0,0,0,0,0,0,0,0
2664,0,3,10,5,0,0,10,6,2,0,0,6,0,0,0,7,2,1,0,0,0,2,1,0,2,0,0,1,0,0,2,1,0,2,0,0,0,8,0,0,0,1,0,0,0,0,0,0,0,0,0,0,1,0,0,0,0,0,0,0,0,0,0,0,0,0,0,0,0,0,0,0,0,0,0,0
2665,0,0,18,11,0,0,8,7,1,0,0,5,0,0,0,0,3,1,0,0,0,1,0,0,1,0,0,4,0,0,0,1,0,0,0,1,0,0,0,0,0,0,0,0,0,0,0,0,1,0,0,0,0,0,0,0,0,0,0,0,0,0,0,1,0,0,0,0,0,0,0,0,0,0,0,0
2666,0,1,22,6,0,4,10,2,3,1,0,1,1,0,0,5,1,0,0,0,0,1,0,0,1,0,0,0,0,0,1,0,1,0,0,0,0,4,0,0,0,0,1,0,0,0,0,0,0,0,0,0,0,0,0,0,0,0,0,0,0,0,0,0,0,0,0,1,0,0,0,0,0,0,0,0
2667,0,3,12,9,0,3,27,5,3,3,0,3,0,0,0,0,0,1,0,0,0,0,0,0,0,0,0,0,0,2,0,0,0,1,0,0,0,4,0,0,0,2,2,0,0,0,0,1,0,0,0,0,1,0,0,0,0,1,0,1,0,0,0,0,0,0,0,0,0,0,0,0,1,0,0,0
2668,0,1,3,0,0,5,16,3,2,1,0,0,0,0,0,1,0,1,0,0,0,0,1,0,0,0,0,0,0,0,0,0,0,1,0,0,0,2,1,0,0,1,0,0,0,0,0,0,0,0,0,0,0,0,0,0,0,0,1,0,0,0,0,0,0,0,0,0,0,0,1,0,0,0,0,0
2669,0,2,14,4,0,1,11,0,0,2,0,1,0,0,0,1,3,0,0,0,0,0,1,0,1,0,0,0,0,0,0,1,0,0,0,0,0,2,0,0,0,3,0,0,0,0,0,0,0,0,0,0,3,0,0,0,0,0,0,0,0,0,0,0,0,0,0,0,0,0,0,0,0,0,0,0
2670,0,4,27,9,0,8,35,10,3,5,0,9,2,0,0,4,0,3,0,1,0,2,4,0,0,0,0,0,0,0,2,1,0,0,1,0,0,4,0,0,0,3,0,0,0,0,0,0,0,0,0,0,1,0,0,0,0,2,2,1,0,0,0,0,2,0,0,0,0,0,0,0,0,0,0,0
2671,0,0,2,0,0,0,0,6,2,2,0,2,0,0,0,4,0,2,0,0,0,0,1,0,0,0,0,0,0,0,0,0,0,0,0,0,0,1,0,0,0,1,0,0,0,0,0,0,0,0,0,0,0,0,0,0,0,0,0,0,0,0,0,0,0,0,0,0,0,0,0,0,1,0,0,0
2672,0,10,15,13,0,9,39,6,5,3,0,6,0,0,0,4,2,6,1,0,0,0,1,0,0,0,0,1,1,0,1,1,1,0,0,0,1,7,2,0,0,1,1,0,1,0,0,0,0,0,0,0,3,0,0,0,0,1,1,0,0,0,0,0,0,0,0,0,0,0,0,0,0,0,0,0
2673,1,5,8,6,0,7,28,9,0,5,0,3,0,1,0,3,1,2,0,2,0,2,9,0,2,0,2,0,0,0,0,3,2,0,0,0,0,1,1,0,0,6,1,1,0,0,0,0,0,0,0,0,0,0,0,0,0,1,0,0,0,0,0,0,0,0,0,0,0,0,0,0,0,0,0,0
2674,0,1,7,2,0,9,14,4,0,0,0,3,0,0,0,2,0,3,0,3,1,0,0,0,0,0,0,0,0,0,0,1,0,0,0,0,0,1,0,0,0,3,0,0,0,0,0,0,0,0,0,0,0,0,0,0,0,0,0,0,0,0,0,0,1,0,0,0,0,0,0,0,0,0,1,0
2675,2,0,14,3,0,4,6,1,0,2,0,0,0,0,0,1,0,0,0,0,0,1,3,0,0,0,0,0,0,0,0,0,0,0,0,0,0,3,0,0,0,1,0,0,0,0,0,0,1,0,0,0,2,0,0,0,0,0,0,0,0,0,0,0,0,0,0,0,0,0,0,0,0,0,0,0
2676,0,1,11,2,0,0,19,6,1,1,0,1,0,0,0,0,1,2,0,0,1,0,4,0,0,0,0,0,0,0,0,0,0,0,0,0,0,2,0,0,0,3,0,0,0,0,0,0,0,0,0,0,1,0,0,0,0,0,0,0,0,0,0,0,1,0,0,0,0,1,0,0,0,0,0,0
2677,0,2,5,5,0,1,10,5,1,1,0,1,0,0,0,1,1,1,0,0,1,0,0,0,1,0,0,1,0,0,0,1,0,0,0,0,0,0,1,3,0,1,0,0,0,0,0,0,0,0,0,0,1,0,0,0,0,0,0,0,0,0,0,0,0,0,0,0,0,1,0,0,0,0,0,0
2678,0,2,19,1,0,0,0,9,2,0,0,7,0,0,0,1,2,0,0,0,1,1,1,0,0,0,0,3,0,0,0,3,0,0,0,1,0,1,0,1,0,0,0,0,0,0,0,0,0,0,0,0,0,0,1,0,0,0,0,0,0,1,0,0,0,0,0,0,0,0,0,0,0,0,0,0
2679,0,1,14,5,0,2,10,2,2,2,0,1,0,0,0,1,1,1,0,0,0,0,3,0,2,0,1,0,0,0,1,1,0,0,0,0,0,1,0,1,0,1,0,0,0,0,0,0,0,0,0,0,3,0,0,0,0,0,0,0,0,1,0,0,0,0,0,0,0,0,0,0,0,0,0,0
2680,0,0,3,4,0,2,5,0,1,0,0,0,0,0,0,0,1,0,0,0,0,0,1,0,1,0,0,0,0,0,1,0,0,0,0,0,0,1,0,0,0,3,0,0,0,0,0,1,0,0,0,0,1,0,0,0,0,0,0,0,0,0,0,0,0,0,0,0,0,0,0,0,0,0,0,0
2681,0,1,9,5,0,4,14,6,0,2,0,4,0,0,0,4,0,3,0,0,1,0,3,0,0,0,0,0,0,0,0,0,0,0,0,0,0,0,0,0,0,1,0,0,0,0,0,0,0,0,0,0,4,0,0,0,0,0,0,0,0,0,0,0,0,0,0,0,0,0,0,0,0,0,0,0
2684,0,4,12,8,0,0,4,1,0,1,0,4,0,0,0,0,1,1,0,0,0,2,2,0,0,0,0,1,0,0,0,0,0,0,0,0,0,0,0,0,0,1,0,0,0,0,0,0,1,0,0,0,0,0,0,0,0,0,0,1,1,0,0,0,0,0,0,0,0,0,0,0,0,0,0,0
2685,0,0,3,4,0,0,3,0,1,1,0,2,0,0,0,0,0,0,0,1,0,0,0,0,1,2,0,0,0,3,0,1,1,0,0,0,0,2,0,0,0,0,0,0,0,0,0,0,0,0,0,5,0,0,0,0,0,0,0,0,0,0,0,0,0,0,0,0,0,0,0,0,0,0,0,0
2701,0,3,23,8,0,2,9,7,1,3,0,1,1,0,0,3,0,7,0,0,1,2,2,0,1,0,0,1,0,0,1,1,1,1,0,1,1,5,0,0,0,2,1,0,0,0,0,2,0,0,0,0,1,0,0,0,0,0,0,0,0,0,0,0,0,0,0,0,0,0,0,0,1,0,0,0
2704,0,1,12,3,0,1,6,4,0,3,1,5,0,0,0,2,0,1,0,0,0,0,1,0,1,1,0,1,0,0,0,0,0,3,0,0,0,2,0,1,0,2,0,0,0,0,0,0,0,0,0,0,0,0,0,0,0,0,0,0,0,0,0,0,0,0,0,1,0,0,0,0,0,0,0,0
2705,0,5,24,10,0,4,17,5,1,3,0,1,0,0,0,1,3,2,0,0,0,1,1,0,0,2,1,0,0,0,4,2,1,5,0,0,0,1,1,0,0,0,0,0,0,0,0,0,0,0,0,0,0,0,0,0,0,0,0,0,0,0,0,0,0,0,0,0,0,0,0,0,1,0,0,0
2706,0,5,16,7,0,0,18,2,2,4,0,3,0,0,0,2,2,0,0,0,0,1,1,0,0,0,0,1,0,0,0,0,0,0,0,0,2,0,0,0,0,0,0,0,0,0,0,0,0,0,0,0,0,0,0,0,0,0,0,0,0,1,0,0,0,0,0,0,0,1,0,0,0,0,0,0
2707,0,4,19,9,0,1,27,5,1,3,0,0,0,0,1,3,2,4,2,0,0,2,2,0,0,0,0,1,0,0,1,1,2,0,0,0,0,6,0,0,0,2,0,1,0,0,0,0,0,0,0,0,2,0,0,0,0,0,0,0,0,1,0,0,0,0,0,0,0,0,0,0,1,0,0,0
2708,0,1,16,6,0,0,5,5,0,2,0,2,0,0,0,1,2,1,0,0,0,0,0,0,0,0,0,0,0,0,0,0,0,0,0,0,1,1,1,0,0,0,0,0,0,0,0,0,0,0,0,0,0,0,0,0,0,0,0,1,0,0,0,0,0,0,0,0,0,0,0,0,0,0,0,0
2709,0,0,6,5,0,1,4,1,0,0,0,3,0,0,0,0,0,1,0,0,0,0,0,0,0,1,0,0,0,0,0,1,1,0,0,0,0,3,0,0,0,0,0,0,0,0,0,0,0,0,0,0,0,0,0,0,0,0,0,0,0,1,0,0,0,0,0,0,0,0,0,0,0,0,0,0
2710,0,1,10,1,3,6,27,9,1,7,0,4,0,0,0,1,0,1,0,0,2,0,2,0,2,1,0,3,0,1,1,0,1,1,0,0,0,2,0,0,0,1,0,0,0,0,0,0,0,0,1,0,0,0,0,0,0,1,0,0,0,1,0,0,0,0,0,0,0,0,0,0,1,0,0,0
2711,1,3,29,23,0,0,20,3,0,1,0,1,0,0,0,0,0,5,0,1,0,0,0,0,0,1,1,3,0,0,0,0,0,5,0,0,0,1,1,0,0,2,0,0,0,0,0,0,0,0,0,0,2,0,0,0,0,0,1,0,0,0,0,0,0,0,0,0,0,0,0,0,0,0,0,0
2712,0,4,12,3,0,0,2,2,0,2,0,1,0,0,0,2,1,1,0,0,0,0,0,0,0,0,2,0,0,0,0,0,0,0,0,0,0,0,0,0,0,0,2,0,0,0,0,0,0,0,0,0,0,0,0,0,0,0,0,0,0,0,0,0,0,0,0,0,0,0,0,0,0,0,0,0
2714,0,1,2,2,0,1,7,2,2,3,0,2,0,0,0,5,0,0,0,1,1,1,0,0,0,0,0,0,0,0,0,0,0,1,0,0,0,2,0,0,0,1,1,1,0,0,0,0,0,0,0,0,0,0,0,0,0,0,1,0,1,0,0,0,0,0,0,0,0,0,0,0,0,0,0,0
2715,0,5,0,6,0,4,2,0,1,1,0,1,0,0,0,1,0,0,0,0,0,0,0,0,0,0,0,0,0,0,0,0,0,0,0,0,0,0,0,0,0,0,0,0,0,0,0,0,0,0,0,0,1,0,0,0,0,0,0,0,0,0,0,0,0,0,0,0,0,0,0,0,0,0,0,0
2716,0,1,0,1,0,3,3,2,1,3,0,0,0,0,0,7,0,0,0,0,0,0,0,0,0,0,0,0,0,0,1,1,1,0,0,0,0,1,0,0,0,0,1,0,0,0,0,0,0,0,0,0,1,0,0,0,0,0,0,0,0,0,0,0,0,0,0,0,0,0,0,0,2,0,0,0
2717,0,0,0,0,0,5,10,3,2,1,0,4,0,0,0,0,3,1,0,0,0,1,2,0,0,0,0,0,0,0,2,1,0,0,0,0,1,2,0,0,0,1,0,0,0,0,0,0,0,0,0,0,2,0,0,0,0,0,0,0,0,2,0,0,0,0,0,0,0,0,0,0,0,0,0,0
2718,0,0,9,3,0,1,6,0,0,2,0,2,0,0,0,0,1,1,0,0,0,0,0,0,0,0,0,0,0,0,0,0,0,0,0,0,0,0,0,0,0,0,0,0,0,0,0,0,0,0,0,0,0,0,0,0,0,0,0,0,0,0,0,0,0,0,0,0,0,0,0,0,0,0,0,0
2719,0,3,9,3,0,2,14,6,0,2,0,4,0,0,0,2,0,3,1,1,2,1,1,0,0,0,0,0,0,0,0,0,0,0,0,0,0,2,0,0,0,1,1,0,0,0,0,0,1,0,0,0,3,0,0,0,0,1,0,1,0,0,0,0,1,0,0,0,0,0,0,0,0,0,0,0
2720,0,3,9,5,0,3,5,4,1,2,0,2,0,0,0,3,3,3,0,0,0,1,1,0,0,0,0,1,0,0,0,0,1,1,0,0,0,0,0,0,0,0,0,0,0,0,1,0,0,0,0,0,0,0,0,0,0,1,0,0,0,0,0,0,0,0,0,0,0,0,0,0,1,0,0,0
2721,0,1,19,9,0,9,23,5,2,1,0,8,0,0,0,7,1,2,1,0,0,0,1,0,0,2,0,0,0,0,2,0,0,0,0,0,0,4,0,0,0,1,0,0,0,0,0,0,0,0,0,0,2,0,0,0,0,0,0,1,0,1,1,0,2,0,0,0,0,0,0,0,1,0,0,0
2722,4,3,12,3,0,2,4,11,3,3,0,1,0,0,0,0,2,2,0,1,0,0,0,0,0,1,0,0,0,1,0,4,0,0,0,1,3,0,0,1,0,1,1,0,1,0,0,0,0,1,0,5,4,0,0,0,0,0,2,0,0,0,0,0,0,0,0,0,0,0,0,0,0,0,0,0
2723,0,2,4,5,0,6,26,5,0,0,0,4,0,0,0,2,0,1,0,0,0,1,1,0,0,0,0,0,0,2,0,0,0,0,0,0,0,0,0,0,0,2,0,0,0,0,0,1,0,0,0,0,0,0,0,0,0,0,0,0,0,0,0,0,1,0,0,0,0,0,0,0,0,0,0,0
2724,4,3,10,13,0,2,3,2,1,0,0,2,0,0,0,0,0,0,0,0,1,0,2,0,0,0,0,0,0,0,1,0,1,1,0,0,0,1,0,0,0,1,0,1,0,0,0,0,0,0,0,0,0,0,0,0,0,0,1,0,0,0,0,0,0,0,0,0,0,0,0,0,0,0,0,0
2725,0,0,10,0,0,3,12,7,0,0,0,2,2,0,0,1,1,3,0,0,0,0,0,0,0,0,0,0,0,0,0,0,0,0,0,0,0,1,0,0,0,0,0,0,0,0,0,0,0,0,0,0,0,0,0,0,0,1,0,0,0,0,0,0,0,0,0,0,0,0,0,0,0,0,0,0
2726,2,1,4,4,0,0,6,8,0,0,0,6,0,0,0,0,0,3,0,0,2,0,0,2,0,0,0,5,0,0,0,1,0,0,0,2,0,0,0,0,0,0,0,0,0,0,0,0,0,0,0,0,0,1,0,0,0,0,0,0,0,0,0,1,0,0,0,0,0,0,0,0,0,0,0,0
2727,0,1,4,0,0,1,4,3,0,1,0,4,0,0,0,2,0,2,0,0,0,0,0,0,0,0,0,0,0,1,0,0,0,0,0,0,0,0,0,0,0,1,0,0,0,0,0,0,0,0,0,0,0,0,0,0,0,1,0,0,0,0,0,0,0,0,0,0,0,0,0,0,0,0,0,0
2728,0,4,6,6,0,4,13,4,1,8,0,3,0,0,1,7,3,0,0,0,0,2,6,0,1,0,2,0,0,0,0,0,1,0,1,0,0,10,0,0,0,7,0,0,0,0,0,1,1,0,0,0,1,0,0,0,1,0,1,0,0,1,0,0,0,0,0,0,0,0,0,0,0,0,0,0
2729,0,2,2,2,0,6,6,8,2,0,0,3,0,0,0,3,0,0,1,1,0,0,3,0,0,0,0,0,0,0,0,0,0,0,0,0,0,0,0,0,0,2,0,1,0,0,0,0,0,0,0,0,1,0,0,0,0,0,0,0,0,0,0,1,0,0,0,0,0,0,0,0,0,0,0,0
2730,0,0,9,2,0,5,11,7,0,0,0,4,0,0,0,2,2,4,0,1,0,0,1,0,0,2,0,0,0,1,0,0,0,0,0,0,0,1,0,0,0,1,1,0,0,0,0,0,0,0,0,2,1,0,0,0,0,0,1,0,0,0,0,0,0,0,0,0,0,0,0,0,0,0,0,0
2731,0,3,9,5,0,1,3,1,0,0,0,0,0,1,0,0,0,0,0,0,0,0,1,0,0,2,0,0,0,0,0,1,0,0,0,0,0,1,0,0,0,0,0,0,0,0,0,0,0,0,0,7,0,0,0,0,0,0,0,0,0,0,0,0,0,0,0,0,0,0,0,0,0,0,0,0
2732,0,2,5,2,0,1,4,4,1,5,0,2,0,0,0,3,2,6,0,1,0,0,3,0,1,3,0,0,0,0,0,2,0,0,1,1,0,1,0,0,0,3,0,0,0,0,0,0,0,0,0,2,2,0,0,0,0,2,0,0,0,0,0,0,0,0,0,0,0,0,0,0,0,0,0,0
2733,0,3,5,1,0,2,0,0,0,2,0,1,0,0,0,2,1,1,0,0,0,0,0,0,0,2,0,1,0,0,0,0,0,0,0,0,0,0,0,0,0,0,0,0,0,0,0,0,0,0,0,0,2,0,0,0,0,0,0,0,0,0,0,0,0,0,0,0,0,0,0,0,0,0,0,0
2734,0,0,3,1,0,2,22,7,0,4,0,3,0,0,0,2,0,4,1,0,0,1,2,0,0,1,0,0,0,0,0,0,0,0,0,0,0,2,0,0,0,0,0,0,0,0,0,0,0,0,0,0,3,0,0,0,0,0,0,0,0,0,0,0,0,0,0,0,0,0,0,0,0,0,0,0
2751,0,1,11,7,0,2,4,4,0,0,0,2,0,0,0,1,1,0,0,1,0,0,0,0,0,0,0,0,0,0,1,0,1,0,0,0,0,1,2,0,0,2,0,1,0,0,0,0,0,0,0,0,1,0,0,0,0,0,0,0,0,0,0,0,0,0,0,0,0,0,0,0,1,0,0,0
2753,0,2,19,13,0,1,19,6,2,3,0,0,1,0,0,1,0,3,0,0,0,2,3,0,0,0,0,0,0,0,0,1,0,2,0,0,0,2,0,0,0,3,3,0,0,0,0,0,0,0,0,0,2,0,0,0,0,0,0,2,0,1,0,0,0,0,0,0,0,1,0,0,0,0,0,0
2754,0,4,12,8,0,0,5,3,1,4,0,4,0,0,0,1,0,3,1,0,0,1,1,0,0,0,0,1,0,0,0,0,0,0,0,0,0,2,0,0,0,1,1,2,0,0,0,0,0,0,0,0,1,0,0,0,0,0,0,0,0,1,0,0,0,0,1,0,0,0,0,0,0,0,0,0
2756,0,9,59,31,0,17,40,22,4,1,0,12,0,0,0,3,2,6,1,1,0,1,6,0,0,1,1,0,0,0,2,3,1,2,0,1,0,14,0,1,0,6,1,3,0,0,0,0,1,0,1,0,4,0,1,0,0,1,0,1,0,0,0,0,2,0,0,0,0,0,0,0,0,0,0,0
2757,0,0,1,2,1,0,7,1,1,0,0,1,0,0,0,0,1,1,0,0,0,0,0,0,0,0,0,0,0,0,0,0,0,0,0,0,0,2,0,0,0,2,1,0,0,0,0,0,0,0,0,0,0,0,0,0,0,0,0,0,0,0,0,0,0,0,0,0,0,0,0,0,0,0,0,0
2758,0,0,0,0,0,1,0,7,1,0,0,6,0,0,0,0,1,0,0,0,2,0,0,1,0,0,0,3,0,0,0,1,0,1,0,3,0,0,0,0,0,0,0,0,0,0,0,0,0,0,0,0,0,0,1,0,0,0,2,0,0,0,0,0,0,0,0,0,0,0,0,0,0,0,0,0
2759,0,4,23,11,0,4,15,10,0,7,0,1,0,0,0,3,1,3,0,0,1,0,2,0,0,0,0,1,0,0,4,1,0,1,0,0,0,2,0,0,0,3,2,0,0,0,0,0,0,0,0,0,0,0,0,0,0,0,1,0,0,0,0,0,0,0,0,0,0,0,0,0,1,0,0,0
2760,0,6,31,10,0,2,20,7,1,2,0,8,0,0,0,4,1,5,0,1,0,0,3,0,0,2,0,0,0,0,0,1,1,1,0,0,0,0,0,0,0,4,0,0,0,0,0,1,0,0,0,0,0,0,0,0,0,0,1,0,0,0,0,0,0,0,0,0,0,0,0,0,0,0,0,0
2761,1,9,49,30,0,10,23,11,3,4,0,15,0,0,0,5,1,4,0,0,0,2,2,0,0,0,1,1,0,0,4,0,1,2,0,0,1,6,0,0,0,2,1,0,0,0,0,1,1,0,0,0,6,0,0,0,1,0,0,0,0,2,0,0,0,0,0,0,0,0,0,0,0,0,0,0
2762,0,3,10,3,0,6,17,4,3,1,0,4,2,0,0,2,2,1,0,0,0,0,0,0,0,0,0,1,0,0,0,0,0,2,0,0,0,1,0,1,0,2,0,0,0,0,0,0,0,0,0,0,1,0,0,0,0,1,0,0,0,1,0,0,0,0,0,0,0,0,0,0,0,0,0,0
2763,0,3,24,4,0,4,14,0,2,3,0,5,0,0,0,0,3,1,0,1,0,3,1,0,0,0,1,0,1,0,0,0,0,0,0,0,0,0,0,0,0,4,0,0,0,0,0,0,1,0,0,0,1,0,0,0,0,0,1,0,0,0,0,1,0,0,0,0,1,0,0,0,0,0,0,0
2764,0,0,6,3,0,2,4,14,1,0,0,9,0,0,0,0,0,0,0,2,1,0,0,3,0,2,2,4,0,0,1,7,0,0,0,2,0,0,0,0,0,1,0,0,0,0,0,0,0,0,1,1,1,0,1,0,0,0,0,0,0,0,0,1,0,0,0,0,0,0,0,0,1,0,0,0
2766,0,7,21,10,0,7,3,1,0,2,0,0,0,0,0,1,1,1,0,1,0,0,2,0,0,0,0,0,0,0,0,0,0,0,0,0,0,1,0,1,0,0,0,0,0,0,0,0,0,0,0,0,1,0,0,0,0,0,0,2,0,0,0,0,0,0,0,0,0,0,0,0,0,0,0,0
2767,0,0,4,4,0,2,11,9,0,3,0,1,0,0,0,3,1,0,0,0,0,0,0,0,0,0,0,0,0,0,0,0,2,0,0,0,0,4,0,0,0,4,0,0,0,0,0,0,0,0,0,0,0,0,0,0,0,0,0,0,0,0,0,0,0,0,0,0,0,0,0,0,0,0,0,0
2768,0,1,4,3,0,4,6,3,0,0,0,3,0,0,0,0,0,1,0,0,0,0,1,0,1,0,0,0,0,0,0,0,0,0,0,0,0,0,1,0,0,1,1,0,0,0,0,0,0,0,0,0,0,0,0,0,0,0,0,0,0,0,0,0,0,0,0,0,0,0,0,0,0,0,0,0
2769,22,6,16,15,0,4,1,6,0,5,0,4,0,0,0,2,1,2,0,0,0,0,0,0,1,0,1,3,0,1,0,9,1,0,0,7,0,0,1,0,0,0,1,0,0,0,0,0,1,0,0,0,0,0,0,0,0,0,2,0,0,0,0,1,0,0,0,0,0,0,0,0,0,0,0,0
2770,0,0,1,0,0,3,5,0,0,0,0,2,0,0,0,0,1,3,4,1,0,0,0,0,0,1,0,0,0,0,0,1,0,0,0,0,0,1,0,0,0,0,0,0,0,0,0,0,0,0,0,0,0,0,0,0,0,0,0,0,0,0,0,0,0,0,0,0,0,0,0,0,0,0,0,0
2771,0,2,2,4,0,0,3,34,0,2,0,20,0,0,0,2,1,1,0,0,1,0,0,1,0,1,2,6,0,0,0,4,2,1,0,10,0,1,0,3,1,0,0,0,0,0,0,0,0,0,1,0,0,0,0,0,0,0,1,0,0,0,0,3,0,0,0,0,0,0,0,0,0,0,0,0
2772,1,0,3,1,0,7,9,6,0,3,0,2,0,0,0,0,4,3,0,0,1,1,0,0,0,0,0,0,0,1,0,1,0,0,0,0,0,1,0,0,0,3,2,0,0,0,0,0,0,0,0,0,1,0,0,0,0,0,0,0,0,0,0,0,0,0,0,0,0,0,0,0,0,0,0,0
2773,1,4,20,13,0,7,10,7,1,6,0,1,0,0,0,1,3,2,1,1,0,1,4,0,0,1,0,0,1,1,0,1,0,0,0,0,0,0,0,0,0,2,0,0,0,0,0,0,0,0,0,0,2,0,0,0,0,0,0,0,0,1,0,0,0,0,0,0,0,0,0,0,0,0,0,0
2775,0,2,3,0,0,4,3,4,1,1,0,1,0,0,0,3,0,3,0,0,0,0,1,0,2,0,0,0,0,0,0,1,0,0,0,0,0,2,0,0,0,3,0,0,0,0,0,1,0,0,0,0,1,0,0,0,0,0,1,0,0,1,0,0,0,0,0,0,0,0,0,0,0,0,0,0
2776,0,0,17,5,0,0,23,2,2,5,0,3,1,0,0,2,2,4,0,1,0,3,2,0,3,0,0,0,0,0,1,1,0,0,0,0,0,0,0,0,0,3,1,1,0,0,0,0,0,0,0,0,2,0,0,0,0,0,0,1,0,1,0,0,0,0,0,0,0,0,0,0,0,0,0,0
2777,0,2,12,4,0,1,12,3,0,5,0,4,0,0,0,4,0,3,0,0,0,1,2,0,0,1,0,0,0,0,2,0,0,0,0,0,0,3,0,0,0,0,1,0,0,1,1,0,0,0,0,0,1,0,0,0,0,0,1,0,0,0,0,0,0,0,0,0,0,0,0,0,0,0,0,0
2778,0,2,6,2,0,0,6,1,0,1,0,4,0,0,0,0,0,5,0,1,0,0,4,0,0,0,0,0,0,1,0,0,0,0,0,0,0,1,0,0,0,2,0,0,0,0,0,0,0,0,0,0,0,0,0,0,0,0,0,0,0,0,0,0,0,0,0,0,0,0,0,0,0,0,0,0
2779,0,3,33,9,0,5,11,4,1,4,0,2,0,0,1,4,3,6,0,0,0,2,2,0,0,1,0,0,0,0,4,0,0,0,0,0,0,6,0,0,0,7,0,0,0,0,0,1,0,0,0,0,1,0,0,0,0,0,0,0,1,0,0,0,1,0,0,0,0,0,0,0,0,0,0,0
2780,1,2,6,2,0,2,1,7,0,1,1,3,0,0,1,1,0,2,0,0,0,0,0,1,0,0,1,3,0,0,0,7,0,0,0,2,0,0,0,0,0,1,1,0,0,0,0,1,0,0,0,0,1,0,0,0,0,0,0,0,0,0,0,1,0,0,0,1,0,0,0,0,0,0,0,0
2800,0,2,9,3,0,0,1,4,0,0,1,0,0,0,0,2,1,0,0,0,0,0,1,0,0,0,0,1,0,1,0,0,0,1,0,0,0,1,0,0,0,0,0,0,0,0,0,0,0,0,0,0,1,0,0,0,0,0,0,0,0,0,0,0,0,0,0,0,0,0,0,0,0,0,0,0
2801,0,5,23,17,0,4,20,7,2,2,0,2,0,0,0,4,2,3,0,1,0,0,2,0,1,0,0,0,0,3,2,1,0,2,0,0,0,1,0,1,0,3,0,0,0,0,0,0,0,0,0,1,3,0,0,0,0,0,0,0,0,0,0,0,0,0,0,0,0,0,0,0,0,0,0,0
2802,1,3,11,7,0,1,20,1,1,3,1,1,0,0,0,2,1,2,0,1,0,0,3,0,0,0,1,0,0,0,2,3,1,1,0,0,1,6,1,1,0,4,2,0,0,0,0,0,0,0,0,0,2,0,0,0,0,0,1,1,0,0,0,0,0,0,0,0,0,0,0,0,0,0,0,0
2803,0,0,3,3,0,0,3,3,4,4,0,4,0,0,0,0,0,0,0,0,0,0,0,0,0,0,1,0,0,0,0,0,0,0,0,0,0,0,0,0,0,0,0,0,0,0,0,0,0,0,0,0,0,0,0,0,0,0,0,0,0,1,0,0,0,0,0,0,0,0,0,0,0,0,0,0
2804,0,9,19,16,0,0,18,11,0,0,0,3,2,0,0,2,1,2,0,0,0,2,3,0,0,0,0,1,0,2,0,2,2,3,0,0,0,2,0,1,0,7,5,0,0,0,0,0,0,0,0,0,1,0,0,0,0,0,0,0,0,0,0,0,0,0,0,0,0,0,0,0,0,0,0,0
2805,0,1,21,9,2,2,24,6,2,6,0,3,1,0,0,5,0,0,0,0,1,1,1,0,0,0,0,0,0,0,1,1,1,5,0,0,0,5,0,1,0,1,0,0,0,0,0,1,0,0,0,0,0,0,0,0,0,0,0,0,0,0,0,0,0,0,1,0,0,0,0,0,0,0,0,0
2806,0,0,3,5,0,0,13,1,0,0,0,0,0,0,0,0,0,3,0,0,0,0,0,0,0,0,0,0,0,0,1,0,0,0,0,0,0,0,1,1,0,0,1,0,0,0,0,0,0,0,0,0,0,0,0,0,0,0,1,0,0,0,0,0,0,0,0,0,0,0,0,0,0,0,0,0
2807,0,0,3,2,0,0,11,1,0,1,0,1,0,0,0,1,1,0,0,0,0,1,0,0,0,1,1,0,0,0,1,0,0,0,0,0,0,3,0,1,0,0,0,0,0,0,0,0,0,0,0,0,0,0,0,0,0,0,0,0,0,0,0,0,0,0,0,0,0,0,0,0,0,0,0,0
2808,0,7,25,9,0,0,16,9,1,2,0,6,0,0,0,0,2,3,0,0,0,1,1,0,0,1,1,0,0,0,0,1,0,1,0,0,0,3,0,0,0,9,2,0,0,0,0,1,1,0,0,0,2,0,0,0,0,0,0,0,0,0,0,0,0,0,0,0,0,0,1,0,3,0,0,0
2809,0,6,12,7,0,3,17,9,3,5,0,2,0,0,0,3,1,2,0,0,0,3,2,0,2,0,0,0,0,0,1,0,0,1,0,0,0,2,0,0,0,1,0,0,0,0,0,0,1,0,0,0,2,0,0,0,0,0,0,0,0,0,0,0,0,0,0,0,0,0,0,0,1,0,0,0
2810,0,2,14,7,0,3,5,3,1,1,0,3,0,0,0,1,0,0,0,0,0,0,1,0,0,1,0,0,0,0,0,0,1,1,0,0,0,4,1,0,0,0,1,0,0,0,0,0,0,0,0,0,1,0,0,0,0,0,0,0,0,0,0,0,0,0,0,0,0,0,0,0,0,0,0,0
2811,0,3,24,17,0,6,29,13,3,8,0,5,0,0,0,4,0,6,0,0,0,2,2,0,0,0,1,1,0,0,4,1,0,5,0,0,0,9,1,0,0,4,1,0,0,0,0,0,1,0,0,0,2,0,0,0,0,0,2,1,0,0,0,0,0,0,0,0,0,0,0,0,0,0,0,0
2812,0,2,14,7,0,0,5,0,2,0,0,4,0,0,1,0,0,1,2,0,0,0,0,0,0,0,0,0,0,0,0,0,0,1,0,0,0,1,0,0,0,0,1,0,0,0,0,1,0,0,0,0,0,0,0,0,0,0,0,0,0,0,0,0,0,0,0,0,0,0,0,0,0,0,0,0
2813,0,2,5,8,0,1,14,4,0,0,0,4,0,0,0,3,1,2,1,0,0,0,1,0,0,0,0,0,1,1,2,0,0,1,0,0,0,5,0,0,0,6,0,0,0,0,0,0,0,0,0,0,0,0,0,0,0,0,0,0,0,0,0,0,0,0,0,0,0,0,0,0,0,0,0,1
2816,0,5,16,7,0,0,7,0,3,0,0,4,1,0,0,0,0,2,0,0,0,0,0,0,1,0,0,0,0,0,2,0,3,7,0,0,0,1,0,0,0,0,0,0,0,0,0,0,0,0,0,0,2,0,0,0,0,0,0,1,0,0,0,0,0,0,0,0,0,0,0,0,0,0,0,1
2817,0,9,28,31,0,8,25,7,3,3,0,9,2,0,0,6,1,2,0,0,0,1,5,0,1,0,1,0,0,0,6,0,1,2,0,0,0,5,3,0,0,6,1,1,0,0,0,1,0,0,0,1,2,0,0,0,0,3,0,0,0,0,0,0,0,0,0,0,0,0,0,0,0,0,0,0
2818,1,2,5,5,0,2,14,2,0,2,0,3,0,0,1,0,1,0,0,0,0,0,1,0,0,0,0,0,0,0,0,0,0,0,0,0,0,7,0,0,0,3,1,0,0,0,0,0,0,0,0,0,0,0,0,0,0,0,0,0,0,1,0,0,0,0,0,0,0,0,0,0,0,0,0,0
2819,0,1,3,0,0,1,14,3,1,0,0,0,1,0,0,4,2,1,0,0,0,1,0,0,0,0,0,0,0,0,0,0,1,0,0,1,0,3,0,0,0,3,0,0,0,0,0,0,0,0,0,0,1,0,0,0,0,0,0,0,0,0,0,0,0,0,0,0,0,0,0,0,0,0,0,0
2820,0,1,9,7,0,0,3,0,0,0,0,1,0,0,0,0,0,1,2,0,0,1,0,0,0,0,0,0,0,0,1,1,0,0,0,0,0,2,0,0,0,0,1,0,0,0,0,0,1,0,0,0,0,0,0,0,0,0,0,1,0,0,0,0,0,0,0,0,0,0,0,0,0,0,0,0
2821,0,5,11,9,0,4,9,4,1,2,0,1,0,0,0,2,0,1,0,0,0,0,0,0,1,0,0,0,0,0,1,0,0,1,0,1,0,2,0,0,0,4,1,0,0,0,0,0,0,0,0,0,1,0,0,0,0,0,0,0,0,0,0,1,0,0,0,0,0,0,0,0,0,0,0,0
2822,0,1,1,2,0,1,13,4,0,6,0,1,0,0,0,3,0,1,0,0,0,0,3,0,1,0,0,0,0,0,0,0,0,0,0,0,0,3,0,0,1,2,0,0,0,0,0,0,0,0,0,0,0,0,0,0,0,0,0,0,0,0,0,0,0,0,0,0,0,0,0,0,0,0,0,0
2823,0,7,17,4,0,3,7,25,0,1,0,6,0,0,0,0,0,0,0,0,1,0,0,2,0,0,0,2,0,0,0,0,0,0,0,2,0,3,1,0,0,0,0,0,0,0,0,0,0,0,0,0,2,1,0,0,0,0,0,0,0,0,0,0,0,0,0,0,0,0,0,0,0,0,0,0
2824,0,1,17,6,0,1,8,0,3,1,0,1,0,0,1,1,0,4,0,0,0,0,0,0,0,0,0,0,0,0,0,0,0,0,0,0,0,1,0,0,0,3,1,0,0,0,0,0,0,0,0,0,0,0,0,0,0,0,1,0,0,0,0,1,0,0,0,0,0,0,0,0,0,0,0,0
2825,0,1,19,6,0,4,8,3,0,0,0,2,0,0,0,1,1,1,0,1,0,0,4,0,0,0,0,0,0,0,1,1,0,0,0,0,0,0,0,0,0,3,0,0,0,0,0,0,1,0,0,0,1,0,0,0,0,0,0,0,0,1,0,0,0,0,0,0,0,0,0,0,0,0,0,0
2827,0,19,39,24,0,11,22,13,3,4,0,0,0,0,0,5,4,3,0,0,0,1,3,0,0,0,0,0,0,0,0,0,0,0,0,0,1,2,1,0,1,6,0,0,0,0,0,0,1,0,0,0,1,0,0,0,0,2,0,0,0,0,0,0,0,0,0,0,0,0,0,0,0,0,0,0
2828,0,5,16,2,0,2,18,9,1,12,0,2,1,1,1,6,2,3,0,0,0,0,8,0,4,0,0,0,0,0,1,0,0,0,0,0,0,2,0,0,0,6,1,0,0,0,0,0,0,0,0,0,0,0,0,0,0,0,1,0,0,0,0,0,0,0,0,0,0,0,1,0,1,0,0,0
2830,0,0,3,0,0,0,3,3,1,3,0,0,0,0,0,1,0,4,0,1,0,0,3,0,0,0,0,0,0,0,0,1,0,0,0,0,0,0,0,1,0,0,0,0,0,0,0,0,0,0,0,0,1,0,0,0,0,0,0,0,0,0,0,0,0,0,0,0,0,0,0,0,0,0,0,0
2847,0,1,18,7,0,1,13,4,0,1,0,1,0,0,0,2,1,1,0,0,0,1,1,0,1,0,0,0,0,0,2,0,0,1,0,0,0,1,0,0,0,4,0,0,0,0,0,3,0,0,0,0,0,0,0,0,0,0,0,0,0,0,0,0,0,0,0,0,0,0,0,0,0,0,0,0
2848,0,3,20,7,0,0,5,3,1,0,0,4,0,0,0,0,1,3,0,0,0,1,1,0,0,1,0,0,0,0,1,0,0,3,0,0,0,5,0,0,0,0,0,0,0,0,0,0,0,0,0,0,1,0,0,0,0,0,0,1,0,0,0,0,0,0,0,0,0,0,1,0,0,0,0,0
2849,1,3,16,7,0,0,15,5,2,1,0,2,0,0,0,2,0,3,0,1,0,2,2,0,0,0,0,0,0,0,1,2,0,1,0,0,0,0,0,0,0,2,0,0,0,0,0,0,1,0,0,0,2,0,0,0,0,0,1,1,0,0,0,0,0,0,0,0,0,0,1,0,2,0,0,0
2850,0,4,27,14,0,0,19,2,2,9,1,1,0,0,0,5,0,2,0,1,0,1,6,0,0,0,0,0,1,1,0,0,0,3,0,0,0,4,0,1,0,2,1,0,0,0,1,1,0,0,0,0,1,0,0,0,0,0,0,1,0,0,0,0,0,0,0,0,0,0,0,0,0,0,0,0
2851,0,2,5,0,0,4,3,0,3,1,0,1,0,0,0,0,0,0,0,0,0,0,0,0,0,0,0,0,0,0,2,0,0,0,0,0,0,2,0,0,0,0,0,0,0,0,0,0,0,0,0,0,0,0,0,0,0,0,0,0,0,0,0,0,0,0,0,0,0,0,1,0,0,0,0,0
2852,0,2,5,2,0,1,12,4,1,3,0,1,0,0,0,2,0,0,1,0,0,2,2,0,0,0,0,0,1,0,0,2,0,2,0,1,0,4,0,0,0,0,0,0,0,0,0,0,0,0,0,0,0,0,2,0,0,0,0,0,0,0,0,0,0,0,0,0,0,0,0,0,0,0,0,0
2853,1,3,14,1,0,0,4,0,1,0,0,2,0,0,0,1,1,0,0,0,0,0,2,0,1,0,0,1,0,0,1,0,0,2,0,0,0,2,0,0,0,1,0,1,0,0,0,0,0,0,0,0,0,0,0,0,0,0,0,0,0,0,0,0,0,0,1,0,0,0,0,0,1,0,0,0
2854,0,2,11,3,0,2,12,3,0,0,0,2,0,0,0,0,0,0,0,0,0,0,0,0,0,0,0,0,0,0,0,1,0,0,0,0,0,4,0,0,0,0,0,0,0,0,0,0,0,0,0,0,0,0,0,0,0,0,1,0,0,0,0,0,0,0,0,0,0,0,0,0,0,0,0,0
2855,1,1,5,0,0,1,11,0,0,4,0,6,0,0,0,3,2,1,0,0,1,0,1,0,1,0,0,0,0,0,1,0,0,1,0,0,0,2,0,0,0,1,1,0,0,0,0,1,0,0,0,0,1,0,0,0,0,0,0,1,0,1,0,0,0,0,0,0,0,0,0,0,0,0,0,0
2856,0,2,6,1,0,0,0,16,0,1,0,7,0,0,0,0,2,0,0,0,4,0,0,0,0,0,0,6,0,0,0,6,0,0,0,4,0,1,0,0,0,1,0,0,0,0,0,0,0,0,0,0,1,1,0,0,0,0,0,0,0,0,0,0,0,0,0,0,0,0,1,0,0,0,0,0
2857,0,5,18,5,0,2,13,7,1,2,0,7,1,0,0,0,1,0,0,0,0,1,0,0,0,0,1,0,0,0,0,0,0,0,0,0,0,1,0,0,0,3,1,0,0,0,0,0,0,0,0,0,0,0,0,0,0,0,1,0,0,0,0,0,0,1,0,0,0,0,0,0,0,0,0,0
2858,0,0,4,1,0,0,12,6,3,2,0,4,0,0,0,2,1,0,0,0,0,0,0,0,0,0,0,2,0,0,0,0,0,0,0,0,0,1,1,1,0,1,1,2,0,0,0,1,0,0,0,0,1,0,0,0,0,0,0,0,0,0,0,0,0,0,0,0,0,0,0,0,0,0,0,0
2859,0,4,17,16,0,3,2,2,9,0,0,1,0,0,0,1,0,0,0,0,0,0,0,0,0,0,0,0,0,0,1,0,0,0,0,0,0,1,0,0,0,0,0,2,1,0,0,0,0,0,0,0,0,0,0,0,0,0,0,1,0,0,0,1,0,0,1,0,0,0,0,0,0,0,0,0
2860,0,1,23,12,0,1,27,2,3,2,0,4,0,0,0,0,0,0,2,0,1,0,1,0,0,0,0,0,0,0,1,0,0,1,0,0,0,6,0,0,0,4,0,0,0,0,0,0,0,0,0,0,1,0,0,0,0,0,0,0,0,0,0,1,0,0,0,0,0,0,0,0,0,0,0,0
2861,1,4,7,6,0,3,2,0,3,3,0,1,0,0,0,0,1,3,0,0,0,0,0,0,0,0,0,1,0,0,0,2,0,0,0,0,0,1,0,0,0,0,0,0,0,0,0,0,0,0,0,0,1,0,0,0,0,0,0,0,0,0,0,0,0,0,0,0,0,0,0,0,0,0,0,0
2862,0,1,12,5,0,4,14,30,0,2,0,16,0,0,0,1,1,2,0,0,5,0,1,1,0,0,0,12,0,1,0,5,1,0,0,5,0,1,4,0,0,2,1,0,0,0,0,0,0,0,0,0,0,0,0,0,0,0,1,0,0,0,1,0,0,0,0,0,0,1,1,0,0,0,0,0
2864,0,5,12,6,0,9,17,4,0,0,0,1,0,0,0,1,5,1,1,0,0,0,1,0,1,0,1,0,0,0,0,0,1,1,0,0,0,1,0,1,1,1,0,0,0,0,0,0,0,0,0,0,1,0,0,0,0,0,0,0,0,0,0,0,0,0,0,0,0,0,2,0,0,0,0,0
2865,0,0,7,1,0,0,3,1,2,1,0,5,0,0,0,0,0,1,0,0,0,0,0,0,0,1,0,0,0,0,0,0,0,0,0,0,0,0,0,0,0,0,0,0,0,0,0,0,0,0,0,0,0,0,0,0,0,0,1,0,0,0,0,0,0,0,0,0,0,0,0,0,0,0,0,0
2866,0,3,14,13,0,4,18,10,0,1,0,9,0,1,0,1,0,3,0,0,0,0,2,0,0,0,0,5,0,0,0,2,0,0,0,6,0,2,0,1,0,10,0,0,0,0,0,0,1,0,0,0,1,1,0,0,0,1,0,0,0,1,0,1,0,0,0,0,0,0,0,0,0,0,0,0
2867,0,0,1,0,0,4,11,10,0,4,0,5,0,0,0,1,0,2,0,0,0,0,1,0,0,0,0,0,0,0,1,0,1,0,0,0,0,2,0,0,0,1,0,0,0,0,0,0,0,0,0,0,0,0,0,0,0,0,0,0,0,0,0,0,0,0,0,0,0,0,0,0,0,0,0,0
2868,8,0,34,12,0,12,34,10,2,2,0,3,0,0,0,0,1,4,0,0,0,0,1,0,0,1,0,4,0,0,0,8,1,1,0,1,0,3,1,0,0,0,0,1,0,0,0,0,0,0,0,0,0,0,0,0,0,0,3,0,0,1,0,0,0,0,0,0,0,0,0,0,0,0,0,0
2869,0,1,1,3,0,2,6,4,0,3,0,0,0,0,0,2,0,4,0,1,1,0,3,0,2,0,0,0,0,0,0,1,0,0,0,0,0,2,0,0,0,1,1,0,0,0,0,0,0,0,0,0,4,0,1,0,0,1,0,0,0,0,0,0,0,0,0,0,0,0,0,0,0,0,0,0
2870,1,3,7,4,0,0,0,25,0,2,0,12,0,0,0,1,0,0,0,0,4,0,0,2,0,0,0,8,0,0,0,3,1,1,1,1,0,0,0,2,0,1,0,0,0,0,0,1,0,0,0,0,0,2,2,0,1,0,0,0,0,0,0,1,0,0,0,0,0,0,0,0,0,0,0,0
2871,0,0,3,1,0,2,6,7,0,1,0,0,0,0,0,2,0,0,0,0,0,0,0,0,0,0,1,0,0,0,0,0,0,0,0,0,0,1,0,0,0,2,0,0,0,0,0,0,0,0,0,0,1,0,0,0,0,0,0,0,0,0,0,0,0,0,0,0,0,1,0,0,0,0,0,0
2872,0,6,16,12,0,3,5,3,2,1,0,5,0,0,0,0,0,0,1,0,0,0,1,0,0,0,0,0,0,0,0,0,1,0,0,0,0,1,0,0,0,1,0,0,0,0,0,0,0,0,0,0,1,0,0,0,0,0,0,0,0,0,0,0,0,0,0,0,0,0,0,0,0,0,0,0
2873,0,1,0,0,0,1,10,0,0,2,0,1,0,0,0,4,0,0,0,0,0,1,1,0,0,0,1,0,0,0,0,0,0,0,0,0,0,0,0,0,0,3,1,0,1,0,0,0,0,0,0,0,0,0,0,0,0,0,0,0,0,0,0,0,0,0,0,0,0,0,0,0,0,0,0,0
2874,0,4,26,17,0,4,16,5,1,0,0,6,1,0,0,0,0,3,1,0,0,0,0,0,0,0,0,0,0,1,5,0,1,0,0,0,0,0,0,0,1,3,0,1,0,0,0,0,0,0,0,0,0,0,0,0,0,0,0,0,0,1,0,0,0,0,0,0,0,0,0,0,0,0,0,0
2875,0,1,7,1,0,0,6,1,0,1,0,0,0,0,0,0,3,0,0,0,0,0,1,0,1,0,0,0,0,0,0,0,0,0,0,0,0,0,0,0,0,0,0,0,0,0,0,0,0,0,0,0,0,0,0,0,0,0,1,1,0,0,0,0,0,0,0,0,0,0,0,0,0,0,0,0
2876,0,1,8,6,0,0,12,4,3,1,0,1,0,0,1,2,0,1,0,0,0,0,5,0,0,0,0,0,0,0,1,1,0,0,0,0,1,0,0,0,0,7,0,0,0,0,0,0,0,0,0,0,1,0,0,0,0,0,0,0,0,1,0,0,2,0,0,0,0,0,0,0,0,0,0,0
2877,0,9,8,2,0,1,2,1,0,0,0,0,0,0,0,1,0,0,0,0,0,0,0,0,0,0,0,0,0,0,0,0,0,0,0,0,0,0,0,0,0,0,0,0,0,0,0,0,0,0,0,0,0,0,0,0,0,0,0,0,0,0,0,0,0,0,0,0,0,0,0,0,0,0,0,0
2878,0,6,32,18,0,11,13,11,4,7,0,5,0,0,1,4,5,5,0,2,0,4,5,0,1,0,0,0,0,0,2,0,2,1,1,0,0,3,0,1,0,6,0,0,0,0,0,0,0,0,0,0,6,0,0,0,0,0,1,0,0,0,0,0,0,0,0,0,0,0,1,0,1,0,0,0
2879,0,4,21,17,0,2,8,4,1,1,0,4,0,0,0,1,0,1,1,0,0,0,3,0,1,0,0,0,0,0,0,1,1,0,0,0,0,4,0,0,0,1,0,0,0,0,0,0,0,0,0,0,0,0,2,0,0,0,2,0,0,0,0,0,0,0,0,0,0,0,0,0,0,0,0,0
2880,0,1,2,3,0,2,5,2,0,2,0,1,0,0,0,0,1,2,0,0,0,0,1,0,0,0,0,0,0,0,0,0,0,0,0,0,0,0,0,0,0,1,0,0,0,0,0,0,0,0,0,0,0,0,0,0,0,0,0,0,0,0,0,0,0,0,0,0,0,0,0,0,0,0,0,0
2898,0,1,7,2,0,0,7,3,0,1,0,7,0,0,0,0,0,1,0,0,0,1,0,0,1,0,0,0,0,0,0,0,0,0,0,0,0,0,0,0,0,1,0,0,0,0,0,0,0,0,0,0,0,0,0,0,0,0,0,0,0,0,0,0,0,0,0,0,0,0,0,0,0,0,0,0
2899,0,10,21,8,0,1,4,3,3,1,0,0,0,0,0,3,2,0,0,0,0,2,2,0,0,0,0,0,0,0,1,0,0,0,0,0,0,0,0,0,0,1,0,0,0,0,0,0,0,0,0,3,1,0,0,0,0,0,1,0,0,0,0,0,0,0,0,0,0,0,0,0,0,0,0,0
2900,0,1,15,6,0,0,19,8,3,5,0,4,0,0,0,1,0,1,1,0,0,3,1,0,0,0,0,0,0,1,1,0,0,2,0,0,0,2,0,0,0,0,1,0,0,0,0,1,0,0,0,0,1,0,0,0,0,1,1,0,0,0,0,0,0,0,0,0,0,0,0,0,0,0,0,0
2901,0,2,7,1,0,0,1,0,0,1,0,3,0,0,0,0,0,1,0,1,0,0,0,0,0,0,0,0,0,0,0,0,0,0,0,0,0,1,0,0,0,0,0,4,0,0,0,0,0,0,0,0,1,0,0,0,0,0,0,0,0,0,0,0,0,0,2,0,0,0,0,0,0,0,0,0
2902,1,4,6,3,0,0,1,8,2,0,0,0,0,1,0,0,0,1,0,1,0,0,0,0,0,3,0,0,0,7,0,8,0,0,0,1,4,1,0,0,2,0,0,0,0,0,0,1,0,0,0,13,0,0,0,0,0,0,0,0,0,0,0,1,0,0,0,0,0,1,0,0,0,0,0,0
2903,0,4,23,16,0,2,4,9,2,0,0,6,0,0,0,2,0,1,1,0,0,1,2,0,0,0,0,0,0,0,0,0,0,0,0,0,0,0,0,0,0,0,0,2,0,0,0,0,0,0,0,0,1,0,0,0,0,0,0,1,0,0,0,0,0,0,0,0,0,0,0,0,0,0,0,0
2904,1,7,13,9,0,0,2,2,2,2,0,2,0,0,0,1,0,0,0,0,0,0,2,0,0,0,0,0,0,0,1,1,2,1,0,0,0,2,0,0,0,0,1,0,0,0,0,0,0,0,0,0,0,0,0,0,0,0,0,0,0,0,0,0,0,0,0,0,0,0,0,0,0,0,0,0
2905,0,3,7,4,0,1,8,2,1,1,0,3,1,0,0,1,0,0,1,0,0,0,0,0,0,1,0,0,0,0,0,0,0,0,0,0,0,1,0,0,0,0,0,1,0,0,0,0,0,0,0,0,0,0,0,0,0,0,0,0,0,0,0,0,0,0,0,0,0,0,0,0,0,0,0,0
2906,0,5,23,8,0,2,7,5,2,0,0,4,1,0,1,8,0,2,0,1,0,1,2,0,0,4,1,0,0,0,3,0,1,0,0,0,0,0,1,0,0,3,0,0,0,0,0,0,0,0,0,0,0,0,0,0,0,0,1,0,0,0,0,0,0,0,1,0,0,0,0,0,0,0,0,0
2907,0,3,8,5,0,3,12,2,0,0,0,1,0,0,0,3,0,0,0,1,0,1,0,0,0,0,0,0,0,0,0,1,3,1,0,0,0,1,0,0,0,0,0,0,0,0,0,0,0,0,0,0,3,0,0,0,0,0,0,2,0,0,0,0,0,0,0,0,0,0,1,0,0,0,0,0
2908,0,3,10,6,0,2,8,4,0,0,0,3,0,1,0,4,1,1,1,0,0,0,1,0,1,1,0,0,0,0,0,0,0,1,0,0,0,1,0,1,0,2,1,0,0,0,0,0,0,0,0,0,2,0,0,0,0,0,0,0,0,1,0,0,0,0,0,0,0,0,0,0,0,0,0,0
2909,0,1,9,5,0,0,6,2,0,1,0,1,1,0,0,2,0,6,0,0,0,1,0,0,1,0,0,0,0,0,0,0,0,0,0,0,0,2,0,0,0,3,0,0,0,0,0,0,0,0,0,0,2,0,0,0,0,0,0,2,0,0,0,0,0,0,0,0,0,0,0,0,0,0,0,0
2910,0,3,24,18,0,3,21,8,4,5,0,1,0,0,0,7,5,1,0,2,1,0,0,0,1,1,1,1,0,0,4,0,0,2,0,0,0,5,1,0,0,0,1,0,0,0,0,2,0,0,0,0,1,0,0,0,0,0,0,0,0,0,0,0,0,0,0,0,0,0,0,0,0,0,0,0
2912,0,0,0,1,0,2,10,2,0,1,0,3,0,0,0,1,0,1,0,0,0,1,2,0,0,0,0,1,0,0,0,0,0,1,0,0,0,0,0,0,0,2,0,0,0,0,0,0,0,0,0,0,0,0,0,0,0,2,0,0,0,0,0,0,0,0,0,0,0,0,0,0,0,0,0,0
2913,0,0,26,10,0,6,23,8,1,7,0,2,0,0,0,3,4,2,1,0,0,1,0,0,0,0,2,2,0,0,2,0,2,2,0,1,0,5,0,0,0,3,0,0,0,0,0,0,0,0,0,0,3,0,0,0,0,0,0,2,0,0,0,0,0,0,0,0,0,0,0,0,0,0,0,0
2914,0,2,11,11,0,3,13,5,1,3,0,3,1,0,0,3,1,0,0,0,0,0,3,0,0,1,0,0,0,1,0,0,1,0,0,0,0,0,0,0,0,0,0,0,0,0,1,0,0,0,0,0,0,0,0,0,0,0,0,0,0,0,0,0,0,0,0,0,0,0,0,0,1,0,0,0
2915,0,0,3,9,0,2,8,2,0,0,0,0,0,0,0,1,0,0,0,0,0,0,0,0,0,0,0,0,0,0,0,2,0,1,0,0,0,3,0,0,0,2,0,0,0,0,0,0,1,0,0,0,0,0,0,0,0,0,0,2,0,0,0,0,1,0,0,0,0,0,0,0,0,0,0,0
2916,0,0,4,3,0,0,8,0,3,0,0,0,0,0,0,1,2,0,0,0,0,0,1,0,1,0,1,0,0,0,1,2,0,2,0,0,0,2,0,1,0,1,1,0,0,0,0,0,0,0,0,0,1,0,0,0,0,0,0,0,0,0,0,0,0,0,0,0,0,0,0,0,0,0,0,0
2917,0,3,24,11,0,0,6,2,3,0,0,5,0,0,0,0,1,3,0,0,1,0,1,0,0,0,0,0,0,0,0,0,0,0,0,1,0,0,0,0,0,0,0,0,1,0,0,0,0,0,1,0,0,1,0,0,0,0,0,0,0,0,0,0,0,0,0,0,0,0,0,0,0,0,0,0
2918,0,4,16,6,0,5,35,6,4,6,0,9,1,0,0,6,4,3,0,1,0,0,3,0,2,1,0,0,1,0,2,0,0,3,0,0,0,2,0,0,0,5,0,0,0,0,0,0,0,0,0,0,2,0,0,0,0,0,1,1,0,0,0,0,0,0,0,0,0,0,0,0,0,0,0,0
2919,0,6,5,4,0,3,7,5,1,0,0,4,0,0,0,2,0,3,0,0,0,0,2,0,0,0,0,0,0,1,0,1,0,0,0,0,2,1,0,0,0,4,2,0,0,0,0,0,0,0,0,0,0,0,0,0,0,0,0,0,0,0,0,0,0,0,0,0,0,0,0,0,0,0,0,0
2920,0,0,8,5,0,1,0,2,0,1,0,5,1,0,0,0,0,0,0,0,0,1,1,0,0,0,0,0,0,0,0,0,0,2,0,0,0,0,0,0,0,0,2,1,0,0,0,0,0,0,0,0,2,0,0,0,0,0,0,0,0,0,0,0,0,0,0,0,0,0,0,0,0,0,0,0
2921,0,7,41,19,0,3,24,18,0,6,0,2,0,0,0,1,3,4,0,1,0,1,6,0,0,0,0,2,0,2,2,5,1,0,0,4,2,0,1,0,7,2,0,0,0,0,1,0,0,0,0,19,0,0,0,0,0,1,1,0,0,0,0,0,1,0,0,0,0,1,0,1,0,0,0,0
2922,0,5,22,9,0,13,36,11,3,4,0,2,0,0,0,2,3,8,1,1,0,0,4,0,0,0,0,0,0,0,0,0,0,0,0,0,0,4,0,0,1,10,2,0,0,0,0,0,0,0,0,0,2,0,0,0,0,0,0,1,0,0,0,0,1,0,0,0,0,0,0,0,0,0,0,0
2923,0,6,18,9,0,9,13,3,0,2,0,0,0,0,0,1,4,1,2,0,0,2,0,0,0,0,0,0,0,0,0,0,1,2,0,0,0,1,0,0,0,7,1,1,0,0,0,0,0,0,0,0,3,0,0,0,0,0,0,0,0,0,0,0,0,0,0,0,0,0,0,0,0,0,0,0
2924,1,4,28,26,0,4,7,5,0,3,0,10,0,0,0,5,0,3,0,0,0,0,1,0,1,0,1,0,0,0,0,1,0,0,0,0,1,0,0,1,0,2,1,0,0,0,0,0,0,0,0,0,2,0,0,0,0,0,2,0,0,0,0,0,0,0,0,0,0,0,0,0,0,0,1,0
2925,1,4,16,7,0,0,13,10,0,7,0,1,0,0,0,4,3,0,0,1,0,0,1,0,1,0,0,0,0,1,0,1,0,0,0,0,0,8,0,0,0,6,1,0,0,0,0,1,0,0,0,0,3,0,0,0,0,1,2,0,0,0,0,0,0,0,0,0,0,0,0,0,0,0,0,0
2927,0,2,6,6,0,7,8,4,1,1,0,0,0,0,0,1,0,3,0,0,0,0,0,0,0,0,0,0,0,1,0,0,0,0,0,0,0,1,1,0,0,1,0,0,0,0,0,0,0,0,0,0,0,0,0,0,0,0,0,0,0,0,0,0,0,0,0,0,0,0,0,0,0,0,0,0
2928,0,0,1,0,0,2,10,3,0,6,0,1,0,0,0,0,1,2,0,0,0,0,1,0,0,0,0,0,0,0,0,0,0,0,0,0,0,1,0,0,0,3,0,0,0,0,0,2,0,0,0,0,1,0,0,0,0,0,0,0,0,0,0,0,0,0,0,0,0,0,0,0,0,0,0,0
2929,0,0,5,0,0,0,8,3,0,1,0,1,0,0,0,1,0,6,0,0,0,0,0,0,1,0,0,2,0,0,0,1,1,0,0,0,0,0,0,0,0,0,0,0,0,0,0,0,0,0,0,0,0,0,0,0,0,0,0,0,0,0,0,0,0,0,0,0,0,0,0,0,0,0,0,0
2931,0,0,17,8,0,2,6,3,1,1,0,1,0,0,0,0,0,0,0,0,0,0,3,0,0,0,0,0,0,0,0,0,0,0,0,0,0,1,0,0,0,0,0,0,0,0,0,0,0,0,0,0,0,0,0,0,0,0,1,0,0,0,0,0,0,0,0,0,0,0,0,0,0,0,0,0
2948,0,5,22,16,0,3,5,2,0,2,0,0,2,0,0,1,0,2,0,0,0,1,0,0,0,0,0,1,0,1,0,0,0,0,0,0,0,0,0,0,0,1,1,0,0,0,0,0,0,0,1,0,0,0,0,0,0,0,1,2,0,1,0,2,0,0,0,0,0,0,0,0,0,0,0,0
2949,1,5,23,7,14,0,0,20,1,0,0,4,0,0,1,1,0,0,0,0,0,0,2,0,0,0,0,1,0,0,5,2,0,0,0,2,0,0,0,0,0,0,0,0,0,0,1,0,0,0,0,0,0,0,2,0,0,0,2,0,0,0,0,1,0,0,0,0,0,0,0,0,0,0,0,0
2950,0,0,2,6,0,0,1,6,1,0,0,0,0,0,0,2,1,0,0,0,0,0,1,0,0,0,0,1,0,0,0,1,0,0,0,0,0,1,0,0,0,0,0,0,0,0,0,0,0,0,0,0,1,0,0,0,0,0,0,0,0,0,0,0,0,0,0,0,0,0,0,0,0,0,0,0
2951,0,3,9,2,0,2,3,5,1,2,0,1,0,0,0,2,0,1,0,0,0,0,2,0,0,0,0,0,0,1,0,0,0,1,0,0,0,1,0,0,1,2,0,0,0,0,0,0,1,0,0,6,0,0,0,0,0,0,0,0,0,0,0,0,0,0,0,0,0,0,0,0,0,0,0,0
2952,0,10,39,20,0,0,11,68,3,0,0,32,0,0,0,0,0,2,0,3,10,1,1,1,0,0,0,19,0,0,0,24,1,1,1,13,0,0,2,10,0,2,1,0,0,0,0,0,0,1,2,0,0,2,0,0,0,0,1,0,1,0,0,2,0,0,0,0,0,1,1,0,0,0,0,0
2953,0,2,15,2,1,0,5,2,0,0,0,1,0,0,0,1,0,0,0,0,0,0,1,0,0,0,0,1,0,0,1,0,0,0,0,0,0,0,0,0,0,1,0,0,0,0,0,1,0,0,0,0,0,0,0,0,0,0,0,0,0,0,0,0,0,0,0,0,0,0,1,0,0,0,0,0
2954,0,0,3,1,0,0,3,4,1,2,0,0,0,0,0,1,1,0,0,0,0,0,0,0,0,0,0,0,0,0,0,0,0,0,0,0,0,0,0,0,0,2,0,2,0,0,0,0,0,0,0,0,0,0,0,0,0,0,0,0,0,0,0,0,0,0,0,0,0,0,0,0,0,0,0,0
2955,0,2,2,7,0,0,2,1,2,0,0,0,0,0,0,0,0,2,0,0,0,0,0,0,0,0,0,0,0,0,0,0,1,0,0,0,0,2,0,0,0,1,0,0,0,0,0,0,0,0,0,0,0,0,0,0,0,0,1,0,0,0,0,0,0,0,1,0,0,0,0,0,0,0,0,0
2956,0,5,19,14,0,1,9,4,5,4,0,1,0,0,0,5,2,1,0,0,0,0,2,0,0,0,0,0,0,0,4,0,0,2,0,0,0,5,0,0,0,2,1,0,0,0,0,1,0,0,0,0,0,0,0,0,0,0,0,1,0,1,0,0,0,0,0,0,0,0,1,0,0,0,0,0
2957,0,0,6,0,0,0,14,0,0,0,0,2,0,0,0,3,1,0,0,0,0,1,0,0,1,0,0,0,0,0,0,1,0,1,0,0,0,0,0,0,0,0,0,0,0,0,0,1,0,0,0,0,0,0,0,0,0,0,0,0,0,0,0,0,0,0,0,0,1,0,0,0,0,0,0,0
2958,0,0,0,2,0,0,8,1,1,0,0,0,0,0,0,3,0,2,0,0,0,3,0,0,0,0,0,0,0,0,2,0,1,1,0,0,0,3,0,0,0,1,0,0,0,0,0,0,0,0,0,0,2,0,0,0,0,0,0,0,0,0,0,0,0,0,0,0,0,0,0,0,1,0,0,0
2959,0,2,21,13,0,1,12,25,0,1,0,16,0,0,0,1,1,0,3,0,8,0,2,1,0,3,0,5,0,0,0,11,0,0,0,5,0,0,0,1,0,0,0,0,0,0,0,0,0,0,0,0,0,0,0,0,0,0,0,0,0,0,0,1,0,0,0,0,0,0,1,0,0,0,0,0
2960,0,0,7,2,0,0,1,2,0,1,0,1,0,0,0,2,2,0,0,0,0,1,1,0,0,0,0,0,0,0,0,1,0,0,0,0,0,0,0,0,0,3,0,0,0,0,0,0,0,0,0,0,0,0,0,0,0,0,0,1,0,0,0,0,0,0,0,0,0,0,0,0,0,0,0,0
2961,0,0,7,1,0,2,10,1,4,3,0,2,0,0,0,4,1,2,0,1,0,1,1,0,0,0,0,0,0,0,0,0,1,4,0,0,0,1,0,0,0,1,0,0,0,0,0,0,0,0,0,0,2,0,0,0,0,0,0,0,0,0,0,0,0,0,0,0,0,0,0,0,0,0,0,0
2962,1,2,14,9,0,1,38,4,5,2,0,8,1,0,0,3,1,6,0,0,0,1,1,0,2,0,0,0,0,0,0,0,0,0,0,0,0,2,3,0,0,5,1,1,0,0,0,0,0,0,0,0,5,0,0,0,0,0,1,0,0,0,0,0,0,0,0,0,0,0,0,0,3,0,0,0
2964,0,4,13,1,1,2,16,6,0,5,0,2,0,0,0,1,2,2,0,2,0,2,2,0,1,0,0,0,0,0,3,1,0,1,0,0,0,1,1,0,0,3,0,0,0,0,0,0,1,0,0,0,0,0,0,0,0,0,0,0,0,0,0,0,0,0,0,0,0,0,0,0,0,0,0,0
2965,0,1,17,3,0,7,6,1,0,2,0,0,0,0,0,0,2,5,0,0,0,0,2,0,1,0,1,0,0,0,1,1,0,1,0,0,0,0,1,0,0,1,0,0,0,0,0,0,0,0,0,0,1,0,0,0,0,1,0,0,0,0,0,0,1,0,0,0,0,0,0,0,0,0,0,0
2966,0,2,16,4,0,7,23,10,2,0,0,7,0,0,0,6,2,2,0,1,0,1,1,0,1,1,0,0,0,3,0,0,0,1,0,0,0,3,1,2,0,5,1,0,0,0,0,0,0,0,0,0,1,0,0,0,0,0,0,3,0,0,0,0,0,1,0,0,0,0,0,0,0,0,0,0
2967,0,1,3,3,0,1,7,18,2,1,0,9,0,0,0,0,0,1,0,0,2,0,0,0,0,1,0,4,0,0,0,2,0,1,0,1,0,1,0,0,0,1,1,0,0,0,0,0,0,0,0,0,1,0,0,0,0,0,0,1,0,0,0,1,0,0,0,0,0,0,0,0,0,0,0,0
2968,0,0,1,1,0,2,7,1,0,2,0,1,0,0,0,1,1,3,0,0,0,1,0,0,1,1,0,0,0,0,1,0,0,0,0,0,0,1,1,0,0,0,0,0,0,0,0,0,0,0,0,0,1,0,0,0,0,0,0,0,0,0,0,0,0,0,0,0,0,0,0,0,0,0,0,0
2969,0,3,17,16,0,7,22,11,0,1,0,8,1,0,0,3,0,0,0,1,0,1,2,0,1,0,0,0,0,0,0,0,2,0,0,1,1,6,0,0,0,6,3,0,0,0,0,0,0,0,0,0,1,0,0,0,0,0,0,1,0,0,0,0,0,0,0,0,0,0,0,0,1,0,0,0
2970,0,2,14,3,0,12,16,3,1,4,0,9,0,0,0,4,1,2,0,0,0,1,1,0,1,0,0,0,0,0,0,0,0,0,0,0,0,3,0,0,0,3,0,0,0,0,0,1,0,0,0,0,3,0,0,0,0,0,1,0,0,1,0,0,0,0,0,0,0,0,0,0,0,0,0,0
2972,0,1,10,4,0,7,13,7,1,3,0,3,0,0,0,3,0,5,0,0,0,0,1,0,0,1,0,0,0,0,0,0,0,1,0,0,0,3,1,0,0,1,1,0,0,0,0,0,0,0,0,0,4,0,0,0,1,0,0,0,0,0,0,0,1,0,0,0,0,0,0,0,0,0,0,0
2973,0,5,15,10,0,5,25,16,0,9,0,3,0,0,0,3,2,5,0,1,0,0,2,0,0,1,0,0,0,0,0,0,0,0,0,0,1,7,0,0,0,12,0,0,0,0,0,1,0,0,0,0,10,0,0,0,0,2,0,1,0,0,0,0,0,0,0,0,0,0,0,0,0,0,0,0
2974,0,1,6,2,0,0,18,5,0,1,0,1,0,0,0,0,0,5,0,1,0,0,1,0,1,0,0,0,1,0,0,0,0,0,0,0,0,1,0,0,0,6,0,0,0,0,0,0,0,0,0,0,0,0,0,0,0,0,0,0,0,0,0,0,0,0,0,0,0,0,0,0,0,0,0,0
2975,0,2,21,9,0,9,9,1,0,1,0,3,0,0,0,0,0,1,0,2,0,0,0,0,0,0,0,0,0,0,0,0,1,0,0,0,0,1,0,0,0,1,0,0,0,0,0,0,0,0,0,0,0,0,0,0,0,0,0,0,0,1,0,0,0,0,0,0,0,0,0,0,0,0,0,0
2976,1,3,10,5,0,3,20,8,2,3,0,2,0,0,0,0,2,0,0,0,0,0,0,0,0,1,1,0,0,0,0,0,0,0,0,0,0,0,0,0,0,5,0,0,0,0,0,0,0,0,0,3,1,0,0,0,0,0,0,0,0,0,0,0,0,0,0,0,0,0,0,0,0,0,0,0
2977,0,0,4,2,0,1,6,18,1,4,0,1,0,0,0,3,4,1,0,0,0,0,0,0,0,0,0,1,0,1,1,0,0,0,0,0,0,1,0,0,1,4,0,0,0,0,0,0,0,0,0,0,0,0,0,0,0,0,0,0,0,0,0,0,1,0,0,0,0,0,1,0,0,0,0,0
2978,0,0,3,2,0,2,9,2,0,0,0,1,0,0,0,3,2,1,0,0,0,2,0,0,0,0,0,0,0,0,0,0,1,0,0,0,0,0,0,0,0,2,0,0,0,0,0,0,0,0,0,0,0,0,0,0,0,0,1,0,0,0,0,0,0,0,0,0,0,0,0,0,1,0,0,0
2980,0,5,44,18,0,9,14,4,1,4,0,0,0,0,1,1,0,4,0,0,0,1,4,0,1,0,1,0,0,0,0,0,0,0,0,0,1,1,0,0,1,3,0,1,0,0,0,0,0,0,0,0,2,0,0,0,0,0,2,1,0,0,0,0,2,0,0,0,0,0,1,0,0,0,0,0
2981,0,4,13,4,0,0,8,1,0,2,0,1,0,0,0,1,0,0,0,1,0,1,2,0,0,0,0,0,0,0,1,0,0,2,0,0,0,0,0,0,0,2,0,0,0,0,0,0,0,0,0,0,1,0,0,0,0,0,0,0,0,0,0,0,0,0,0,0,0,0,0,0,0,0,0,0
3001,0,4,15,8,0,1,10,3,0,0,1,2,0,0,0,4,3,2,0,0,0,1,4,0,0,1,0,0,0,0,0,0,0,1,0,0,0,3,0,0,0,1,0,0,0,0,0,1,0,0,0,0,1,0,0,0,0,0,2,2,0,0,0,0,0,0,0,0,0,0,0,0,1,0,0,0
3002,0,5,23,14,0,0,15,3,2,2,1,2,0,0,0,2,0,0,0,1,0,1,0,0,0,2,0,0,0,0,1,0,0,5,0,1,0,2,0,0,0,0,0,0,0,1,0,1,0,0,0,0,1,0,0,0,0,0,1,0,0,0,0,0,0,0,0,0,0,0,0,0,0,0,0,0
3003,1,3,13,4,0,0,6,6,0,3,3,3,0,0,0,4,1,0,1,0,0,0,2,0,0,0,0,0,0,1,2,0,0,0,0,0,0,4,0,0,0,1,1,0,0,0,0,0,0,0,0,0,0,0,0,0,0,0,0,0,0,0,0,0,0,0,0,0,0,0,0,0,0,0,0,0
3004,0,9,19,13,0,0,0,5,3,1,0,3,0,0,0,4,1,3,1,0,1,0,1,0,0,1,0,0,0,0,0,0,1,1,0,0,0,1,1,1,0,2,0,0,0,0,0,0,0,0,0,0,0,0,0,0,0,1,1,0,0,0,0,0,0,0,0,0,0,0,0,0,0,0,0,0
3005,0,4,9,3,0,0,2,4,0,1,2,1,0,0,0,0,2,1,0,0,0,1,0,0,0,0,0,1,0,0,0,0,0,0,0,0,0,0,0,0,0,0,0,0,0,0,0,0,0,0,0,0,0,0,0,0,0,0,0,0,0,0,0,0,0,0,0,0,0,0,0,0,0,0,0,0
3006,0,1,15,10,0,0,6,12,1,1,0,2,0,1,0,1,0,0,0,0,0,0,1,0,1,0,0,5,1,1,2,9,0,0,0,2,3,0,0,0,1,1,0,0,0,0,0,0,0,0,0,18,1,0,1,0,0,0,0,0,0,0,0,0,0,0,0,0,0,0,0,0,0,0,0,0
3007,0,6,15,14,0,3,8,1,1,2,1,2,0,0,0,1,1,3,0,0,0,0,1,0,0,0,0,0,0,0,1,0,0,1,0,0,0,1,0,0,0,2,0,0,0,0,0,0,0,0,0,0,1,0,0,0,0,0,1,0,0,0,0,0,0,0,0,0,0,0,0,1,1,0,0,0
3008,0,1,11,17,0,0,7,9,1,2,1,0,0,0,0,0,0,3,0,2,0,0,5,0,0,0,0,0,0,0,0,2,0,0,0,0,0,1,0,1,0,1,0,0,0,0,0,1,0,0,0,0,0,0,0,0,1,0,0,0,0,0,0,0,0,0,0,0,0,0,0,0,0,0,0,0
3009,0,4,31,28,0,4,10,4,2,1,1,4,0,0,0,1,1,1,0,0,1,4,6,0,0,0,0,0,0,0,2,0,0,2,0,0,0,1,0,1,0,0,2,0,0,0,0,0,1,0,0,0,0,0,1,0,0,0,0,0,0,0,0,0,0,0,0,0,0,0,0,0,1,0,0,0
3010,0,1,5,1,0,1,11,8,3,0,0,1,3,0,0,3,2,1,0,0,0,0,3,0,0,1,2,1,0,0,1,0,0,0,0,1,0,3,0,0,0,0,0,0,0,0,0,0,0,0,0,0,1,0,0,0,0,0,0,0,0,0,0,0,0,0,0,0,0,0,0,0,1,0,0,0
3011,0,1,2,0,0,0,3,36,0,1,0,8,0,0,0,1,0,0,2,0,2,0,0,0,1,0,0,4,0,0,1,6,1,1,0,5,0,0,0,2,0,0,0,0,0,0,0,0,0,0,0,0,2,0,0,0,0,0,0,0,0,0,0,2,0,0,0,0,0,0,0,0,0,0,0,0
3012,0,1,20,6,0,0,6,1,0,3,0,0,0,0,0,0,0,3,0,1,0,0,1,0,0,0,0,0,0,0,0,0,0,1,0,0,0,3,0,3,0,1,1,0,0,0,0,0,0,0,0,0,1,0,0,0,0,0,2,1,0,0,0,1,0,0,1,0,0,0,0,0,1,0,0,0
3013,0,1,8,2,0,2,2,2,0,1,0,3,0,0,0,1,0,1,0,0,0,0,0,0,0,0,0,0,0,0,0,0,0,0,0,0,0,0,0,0,0,1,0,0,0,0,0,0,0,0,0,0,0,0,0,0,0,0,0,0,0,0,0,0,0,0,0,0,0,0,0,0,0,0,0,0
3014,0,2,19,11,0,1,13,4,0,1,0,8,0,0,0,2,1,0,0,1,0,1,1,0,0,0,0,2,0,0,0,0,0,2,0,0,2,3,0,0,0,0,0,0,0,0,0,0,0,0,0,0,0,0,0,0,0,0,0,0,0,1,0,0,0,0,1,0,0,0,0,0,0,0,0,0
3015,0,0,20,11,0,2,4,1,2,0,0,3,0,0,0,0,0,2,0,0,0,0,2,0,0,0,0,1,0,1,0,0,0,2,0,0,0,0,0,0,0,0,0,0,0,0,0,0,0,0,0,0,0,0,0,0,0,0,0,0,0,0,0,0,0,0,0,0,0,0,0,0,0,0,0,0
3016,0,0,3,1,0,2,6,2,0,0,0,2,2,1,0,0,0,2,0,0,0,0,0,0,0,0,0,0,0,0,1,0,0,0,0,0,0,1,0,0,0,1,1,0,0,0,0,0,0,0,0,0,1,0,0,0,0,1,0,0,0,0,0,0,0,0,0,0,0,0,0,0,0,0,0,0
3017,0,2,18,5,0,3,25,2,0,6,0,5,1,0,0,4,2,5,0,0,0,1,2,0,0,0,0,0,0,0,5,0,0,0,0,0,0,1,1,0,0,1,0,1,0,0,0,0,0,0,0,0,0,0,0,0,0,1,0,3,0,0,0,0,0,0,0,0,0,0,0,0,0,0,0,0
3018,0,2,18,23,0,4,14,8,3,1,0,10,0,0,0,1,2,0,0,0,1,0,2,2,0,0,1,2,0,0,2,0,0,1,0,0,1,3,0,0,0,2,0,0,0,0,0,1,0,0,0,0,4,0,0,0,0,0,0,0,0,0,0,0,0,0,0,0,0,0,0,0,0,0,0,0
3019,2,0,4,6,0,4,9,2,2,1,0,1,0,0,0,1,1,1,0,1,0,1,2,0,2,0,0,0,0,0,0,1,0,0,0,0,0,5,0,0,0,1,0,0,0,0,0,0,1,0,0,0,1,0,0,0,0,0,0,0,0,0,0,0,0,0,0,0,0,0,0,0,0,0,0,0
3020,0,1,14,6,0,3,13,9,0,2,0,4,0,0,0,0,5,6,0,1,0,0,0,0,0,0,0,0,0,0,0,0,1,0,0,0,1,0,0,0,0,2,0,0,0,0,0,2,0,0,0,0,1,0,0,0,1,0,0,0,0,1,0,0,0,0,0,0,0,0,0,0,0,0,0,0
3021,0,0,8,0,0,0,2,0,0,6,0,3,0,0,0,1,0,0,2,0,1,0,0,0,1,0,0,1,0,1,0,0,0,0,0,0,0,2,0,2,1,2,0,0,0,0,0,0,0,0,0,0,0,0,0,0,1,0,0,0,0,1,0,0,0,0,0,0,0,0,0,0,0,0,0,0
3022,0,4,11,10,0,5,13,4,1,4,0,2,0,0,0,3,3,3,0,0,0,0,3,0,0,0,1,0,0,0,0,0,0,0,0,0,0,0,0,0,0,2,1,1,0,0,0,0,0,0,0,0,6,0,0,0,0,0,0,0,0,0,0,0,0,0,0,0,0,0,0,0,0,0,0,0
3023,0,0,2,1,0,3,6,0,1,2,0,0,0,0,0,1,0,0,0,0,0,1,0,0,1,0,0,0,0,0,0,0,1,0,0,0,0,0,0,0,0,1,0,0,0,0,0,1,0,0,0,0,0,0,0,0,0,0,0,0,0,0,0,0,0,0,0,0,0,0,0,0,0,0,0,0
3024,0,5,9,4,0,4,10,8,2,1,0,6,0,0,0,3,2,3,0,3,0,0,2,0,2,0,0,0,0,0,0,1,0,0,0,0,0,1,0,0,0,2,0,0,1,0,0,2,1,0,0,0,1,0,0,0,0,0,0,0,0,0,0,0,0,0,0,0,0,0,0,0,0,0,0,0
3025,0,4,3,1,0,1,10,3,0,2,0,0,0,0,0,0,2,0,1,0,0,0,2,0,0,0,0,0,0,0,2,0,0,0,0,0,0,1,0,0,0,1,0,0,0,0,0,0,0,0,0,2,1,0,0,0,0,0,0,0,0,0,0,0,0,0,0,0,0,0,0,0,0,0,0,0
3026,0,3,9,6,1,0,9,4,0,0,0,1,0,0,0,0,0,0,0,0,0,0,0,0,0,0,0,1,0,0,0,0,0,0,0,0,0,1,0,1,0,2,1,0,0,0,0,0,0,0,0,1,1,0,0,0,0,0,0,0,0,0,0,0,0,0,0,0,0,0,0,0,0,0,0,0
3028,0,6,27,10,0,4,30,12,1,4,0,4,0,0,0,8,4,11,3,2,0,3,2,0,1,1,0,0,0,0,0,1,1,0,0,0,0,1,0,1,0,6,0,0,0,0,0,0,1,0,0,0,3,0,0,0,1,1,1,0,0,1,0,0,2,0,0,0,0,0,0,0,0,0,0,0
3029,0,1,3,0,0,1,15,3,0,5,0,1,0,0,0,2,2,5,0,0,0,0,3,0,2,2,0,0,0,0,1,1,2,0,0,0,1,3,2,0,0,2,0,0,0,0,0,0,1,0,0,0,5,0,0,0,0,0,0,0,0,0,0,0,0,0,0,0,0,0,0,0,0,0,0,0
3030,1,4,5,11,0,0,1,5,0,0,1,2,0,3,1,2,1,1,0,0,0,0,2,0,0,5,0,2,0,10,0,2,0,0,0,1,0,0,0,0,0,6,0,1,3,0,0,0,0,0,0,20,0,0,0,0,0,0,0,0,0,0,0,1,0,0,0,0,0,0,0,0,0,0,0,0
3056,0,6,15,4,0,0,2,0,1,1,0,1,0,0,0,7,1,2,0,0,0,1,0,0,0,1,0,0,0,0,0,0,2,0,0,0,0,0,0,0,0,1,0,0,0,0,0,0,1,0,0,0,0,0,0,0,0,0,0,2,0,0,0,0,0,0,1,0,0,0,0,0,1,0,0,0
3058,0,6,20,9,0,0,10,2,2,1,0,0,0,0,0,2,1,0,0,0,0,0,1,0,1,0,0,1,0,0,0,2,1,0,0,1,0,2,0,0,0,2,0,0,0,0,0,0,0,0,0,0,0,0,0,0,0,0,0,1,0,0,0,0,0,0,0,0,0,0,0,0,0,0,0,0
3060,0,3,15,9,0,0,6,2,3,0,1,4,1,0,0,2,0,3,0,0,1,1,0,0,0,1,1,0,0,0,4,0,0,1,0,0,0,4,1,0,0,2,0,0,0,0,0,0,0,0,0,0,0,0,0,0,0,0,1,1,0,0,0,0,1,0,0,0,0,0,0,0,0,0,0,0
3061,0,4,16,13,0,0,8,5,0,1,1,6,0,0,0,1,1,5,0,1,1,0,2,0,0,0,0,0,0,0,1,0,2,3,0,0,0,0,0,0,0,3,0,0,1,0,0,0,0,0,0,0,0,0,0,0,0,0,0,0,0,0,0,0,0,0,0,0,0,0,0,0,0,0,0,0
3062,0,3,12,6,0,0,4,0,0,0,0,0,0,0,0,1,0,1,0,0,0,0,1,0,0,0,0,0,0,0,0,0,0,1,0,0,0,0,0,0,0,1,0,0,0,0,0,0,0,0,0,1,1,0,0,0,0,0,0,0,0,0,0,0,0,0,0,0,0,0,0,0,0,0,0,0
3064,0,5,10,2,0,1,17,2,3,5,0,1,0,0,0,0,1,0,0,1,0,0,2,0,0,0,0,0,0,0,0,0,0,2,0,0,0,6,0,0,0,0,0,0,0,0,0,0,1,0,0,0,0,0,0,0,0,0,1,0,0,1,0,0,0,0,0,0,0,0,0,0,1,0,0,0
3065,0,9,33,20,0,5,20,8,0,2,0,4,0,0,0,0,2,3,0,0,0,1,0,0,0,0,0,0,0,0,1,3,0,3,0,0,0,3,0,0,0,3,1,0,0,0,0,0,0,0,0,0,2,0,1,0,0,0,1,1,0,0,0,0,0,0,0,0,0,0,0,0,0,0,1,0
3066,1,1,1,0,1,2,7,29,0,0,0,14,0,0,0,0,0,0,0,0,1,0,0,0,0,0,2,4,0,0,0,13,0,0,1,11,0,0,0,1,0,0,0,0,0,0,0,0,0,0,0,0,0,0,0,0,0,0,0,0,0,0,0,1,0,0,0,0,0,0,0,0,1,0,0,0
3067,0,4,8,0,0,0,3,3,2,0,0,0,0,0,0,0,0,2,0,0,0,0,1,0,0,0,0,1,0,0,0,0,0,1,0,0,0,0,1,0,0,0,0,0,0,0,0,1,0,0,0,0,1,0,0,0,0,0,0,0,0,0,0,0,0,0,0,0,0,0,0,0,0,0,0,0
3068,0,1,1,1,0,0,4,3,1,2,0,0,0,0,0,2,2,3,0,0,0,0,4,0,0,0,0,1,0,0,1,0,1,1,0,0,0,1,0,0,0,4,0,0,0,0,0,2,1,0,0,0,0,0,0,0,0,0,1,0,0,0,0,0,0,0,0,0,0,0,0,0,0,0,0,0
3069,0,8,34,24,0,0,11,1,5,2,0,11,1,0,0,1,2,1,0,0,0,2,0,0,1,1,1,3,0,0,0,0,2,3,0,0,0,0,0,0,0,1,0,0,0,0,0,0,0,0,0,0,2,0,0,0,0,0,0,2,0,0,0,0,0,0,0,0,0,0,1,0,0,0,0,0
3070,1,2,15,14,0,0,9,5,1,2,0,0,0,0,0,2,6,3,0,0,0,0,2,0,0,0,0,0,0,1,0,0,1,1,0,0,0,6,0,0,0,3,0,0,0,0,0,1,0,0,0,0,1,0,0,0,0,0,0,0,0,0,0,0,0,0,0,0,0,0,1,0,0,0,0,0
3071,0,1,10,1,0,0,5,3,1,0,0,2,1,0,0,0,0,1,1,0,0,0,0,0,0,0,0,1,0,0,0,0,0,0,0,0,0,1,0,0,0,1,0,0,0,0,0,0,0,0,0,0,1,0,0,0,0,0,0,0,0,0,0,0,0,0,0,0,0,0,0,0,0,0,0,0
3072,0,0,3,1,6,0,2,12,1,1,0,6,1,0,0,0,0,0,0,1,0,0,0,1,0,1,0,0,1,0,0,1,1,0,0,2,1,0,3,0,0,0,0,0,0,0,0,0,0,0,1,0,0,0,0,0,0,0,0,0,0,0,0,0,0,0,0,0,0,0,0,0,1,0,0,0
3073,0,3,25,15,0,3,11,1,2,2,0,1,0,0,0,2,1,0,0,0,0,0,0,0,0,0,0,0,0,0,1,0,0,0,0,0,0,4,0,0,0,0,0,2,0,0,0,0,0,0,0,0,2,0,0,0,0,0,1,0,0,0,0,1,0,0,0,0,0,0,0,0,0,0,0,0
3074,0,0,0,0,0,6,17,4,0,0,0,2,0,0,0,1,2,3,0,1,0,0,2,0,0,0,0,0,0,0,0,0,1,0,0,0,0,1,0,0,0,0,0,0,0,0,0,0,0,0,0,0,1,0,0,0,0,0,0,0,0,3,0,0,0,0,0,0,0,0,0,0,2,0,0,0
3075,0,1,11,12,0,1,20,6,1,2,0,4,1,0,0,0,4,4,0,0,0,1,0,0,0,1,0,0,0,0,3,0,1,1,0,1,1,3,0,0,0,2,1,0,0,0,0,0,0,0,0,0,2,0,0,0,0,0,0,0,0,0,1,0,0,0,0,0,0,0,0,0,0,0,0,0
3076,0,2,11,1,0,0,6,3,1,0,0,3,0,0,0,1,0,4,0,0,0,0,0,0,0,0,0,0,0,0,0,0,0,3,0,0,0,0,1,0,0,1,0,0,0,0,0,0,0,0,0,0,0,0,0,0,0,0,0,0,0,0,0,0,0,0,0,0,0,0,0,0,0,0,0,0
3077,0,1,7,5,0,0,2,1,0,0,0,0,0,0,0,4,1,0,1,0,0,0,0,0,0,0,0,0,0,1,0,0,1,0,0,0,0,0,0,0,0,1,0,0,0,0,0,0,0,0,0,0,1,0,0,0,0,0,0,0,0,0,0,0,0,0,0,0,0,0,0,0,0,0,0,0
3078,0,13,27,29,0,20,19,7,3,6,0,4,1,0,0,8,0,3,0,0,0,1,5,0,0,0,1,2,0,0,4,0,1,5,0,0,0,5,0,0,0,2,1,0,0,0,1,0,3,0,0,0,1,0,0,0,2,1,0,1,0,0,0,0,0,0,0,0,0,0,1,0,0,0,0,0
3079,0,4,12,2,0,7,9,2,2,0,0,1,0,0,0,2,0,2,0,0,0,1,5,0,0,0,0,0,0,0,0,0,0,0,0,0,0,1,0,2,0,0,0,0,1,0,0,0,0,0,0,0,0,0,0,0,0,1,0,0,0,0,0,0,0,0,0,0,0,0,0,0,0,0,0,0
3081,0,0,7,3,0,4,22,2,0,2,0,3,0,0,0,4,1,1,0,0,0,0,3,0,1,0,0,1,0,0,0,0,0,1,0,0,0,0,0,0,1,5,1,0,0,0,0,0,0,0,0,0,0,0,0,0,0,0,0,0,1,0,0,0,0,0,0,0,0,0,1,0,0,0,0,0
3082,0,0,1,0,0,3,2,2,0,2,0,1,0,0,0,0,0,0,0,0,0,0,0,0,0,0,0,0,0,0,0,1,0,0,0,0,0,5,0,0,0,1,0,0,1,0,0,3,0,0,0,0,0,0,0,0,0,0,0,0,0,0,0,0,0,0,0,0,0,0,0,0,0,0,0,0
3083,0,5,19,12,0,7,34,12,5,7,0,4,1,0,0,2,2,1,0,1,0,0,3,0,0,0,0,0,0,1,2,0,0,0,0,0,0,14,0,0,0,1,0,0,0,0,0,0,0,0,0,0,1,0,0,0,0,2,1,0,0,0,0,0,1,0,0,0,0,0,0,0,0,0,0,0
3085,1,2,23,14,0,1,17,9,1,0,0,6,0,2,0,0,2,3,0,3,0,0,2,0,1,4,0,0,0,0,0,1,0,0,2,1,4,4,1,0,0,2,1,0,0,0,0,0,1,0,0,7,2,0,0,0,0,0,0,0,0,0,0,0,0,0,0,0,0,0,0,0,0,0,0,0
3086,0,5,12,6,0,1,4,2,0,2,0,1,0,0,0,1,1,1,1,0,0,0,1,0,2,0,0,2,0,0,0,0,0,0,0,0,0,1,0,0,0,4,1,0,0,0,0,0,0,0,0,0,0,0,0,0,0,0,0,0,0,0,0,0,1,0,0,0,0,0,0,0,0,0,0,0
3087,0,7,13,3,0,2,6,6,1,5,0,2,0,0,0,0,0,2,0,1,0,0,0,0,0,0,0,0,0,1,0,0,0,0,0,0,0,1,0,0,0,3,0,0,0,0,0,0,0,0,0,0,0,0,0,0,0,0,1,0,0,0,0,0,0,0,0,0,0,0,0,0,0,0,0,0
3088,0,4,11,7,0,5,18,14,2,7,0,1,1,0,1,8,1,4,0,0,1,0,4,0,0,0,0,0,0,1,2,0,1,0,0,0,1,1,1,0,1,3,0,0,0,0,0,0,1,0,0,1,1,0,0,0,1,0,0,2,0,0,0,0,1,0,0,0,0,0,0,0,0,0,0,0
3103,0,6,29,9,0,0,9,2,1,3,1,8,0,0,0,2,0,1,2,0,0,0,0,0,0,0,0,2,1,0,0,0,1,0,0,0,0,2,0,0,0,0,0,0,0,0,0,0,0,0,1,0,0,1,0,0,0,0,0,0,0,0,0,0,0,0,0,0,0,0,0,0,0,0,0,0
3104,0,1,2,2,0,0,2,8,0,4,0,4,0,0,0,0,1,0,1,0,0,0,1,0,0,0,0,1,0,0,0,1,0,0,0,0,0,0,0,2,0,0,0,0,0,0,0,1,0,0,1,0,0,0,0,0,0,1,0,0,0,0,1,2,0,0,0,0,0,0,0,0,0,0,0,0
3105,0,1,7,1,0,0,2,9,5,2,0,3,0,0,0,1,0,0,0,0,0,0,1,0,0,1,1,1,0,0,2,1,2,0,0,0,0,3,0,0,0,2,0,1,0,0,0,0,0,0,0,0,0,0,1,0,0,0,0,0,0,0,0,0,0,0,1,0,0,0,0,0,1,0,0,0
3106,0,0,8,6,0,0,9,3,1,3,0,2,0,0,0,0,1,1,0,0,0,1,3,0,1,0,0,0,0,0,0,1,0,0,0,0,0,5,0,0,0,5,1,0,0,0,0,1,0,0,0,0,0,0,0,0,0,0,0,0,0,0,0,0,0,0,0,0,0,0,0,0,0,0,0,0
3107,0,5,15,12,0,0,4,22,1,4,1,14,0,0,0,2,2,0,0,0,4,0,0,1,0,0,0,4,0,0,1,9,1,0,1,2,0,0,0,1,0,0,0,0,0,0,0,0,0,0,0,0,0,2,0,0,0,0,0,0,0,0,0,0,0,0,0,0,0,0,0,0,0,0,0,0
3108,0,3,12,11,0,0,5,5,2,0,1,2,0,0,0,1,0,0,1,0,1,0,1,0,0,0,0,0,0,0,0,0,0,0,0,0,0,0,0,0,0,0,0,0,0,0,0,0,0,0,0,0,1,0,0,0,0,0,1,0,0,0,0,0,0,0,0,0,0,0,0,0,0,0,0,0
3109,0,3,9,3,0,0,6,4,1,1,0,7,0,0,0,1,0,1,0,0,0,0,2,0,0,1,0,2,0,0,0,1,0,2,0,3,0,2,0,0,0,0,0,0,0,0,0,0,0,0,0,0,0,0,0,0,0,0,0,0,0,0,0,0,0,0,0,0,0,0,0,0,0,0,0,0
3111,0,0,5,5,0,1,6,0,3,2,0,1,1,0,0,0,2,2,0,1,0,0,2,0,0,0,0,0,0,0,3,1,0,1,0,0,0,0,0,0,0,3,0,2,0,0,0,1,0,0,0,1,2,0,0,0,0,0,0,1,0,0,0,0,0,0,0,0,0,0,0,0,0,0,0,0
3112,0,0,4,1,0,0,6,1,0,3,0,3,0,0,0,0,0,0,0,0,0,0,1,0,0,0,0,2,0,0,4,0,0,1,0,0,0,1,0,0,0,0,1,0,0,0,0,0,0,0,0,0,0,0,0,0,0,0,0,2,0,0,0,0,0,0,0,0,0,0,0,0,1,0,0,0
3113,0,12,35,20,1,1,17,10,1,9,1,1,0,0,0,6,1,5,0,3,0,2,5,0,0,2,0,0,0,0,11,2,0,5,0,0,0,6,0,2,0,6,2,0,0,0,0,0,0,0,0,0,2,0,0,0,0,0,0,0,0,0,0,0,0,0,0,0,0,0,0,0,1,0,0,0
3115,0,6,40,20,0,4,23,14,4,4,0,3,0,0,0,7,3,9,0,0,0,1,8,0,0,0,1,0,0,0,5,0,0,5,0,0,0,9,0,0,0,8,1,0,0,0,0,0,0,0,0,0,1,0,0,0,1,1,0,2,0,0,0,1,0,0,0,0,0,0,0,0,0,0,0,0
3116,0,4,14,5,0,0,3,32,4,0,0,15,0,0,0,1,0,0,0,1,7,2,0,1,0,1,0,2,0,0,0,6,1,2,2,1,1,0,4,0,0,0,0,0,0,0,0,0,0,0,0,0,1,0,0,0,0,0,0,0,0,0,0,2,1,0,0,0,0,1,0,0,0,0,0,0
3117,0,1,7,10,0,0,1,1,1,0,0,0,0,0,0,0,0,0,0,0,0,0,0,0,0,0,1,0,0,0,0,0,0,0,0,0,0,0,0,0,0,0,0,0,0,0,0,0,0,0,0,0,0,0,0,0,0,0,0,0,0,0,0,0,0,0,1,0,0,0,0,0,0,0,0,0
3118,0,3,13,9,0,0,15,12,6,3,0,4,0,0,0,1,0,2,0,0,3,0,0,0,1,1,0,0,0,0,1,0,0,2,0,0,0,1,2,1,0,1,1,0,0,0,0,0,0,0,0,0,0,0,0,0,0,0,1,0,0,0,0,1,0,0,0,0,0,0,0,0,0,0,0,0
3119,0,2,18,8,0,1,8,2,4,0,0,3,0,0,0,1,1,0,0,0,0,2,1,0,0,0,0,0,0,0,0,0,0,0,0,0,0,0,0,0,0,2,0,0,0,0,0,0,0,0,0,0,0,0,0,0,0,0,0,0,0,0,0,0,0,0,0,0,0,0,0,0,0,0,0,0
3120,0,0,1,0,0,0,9,0,0,3,0,2,1,0,0,1,3,1,0,0,0,0,2,0,0,0,0,0,0,0,1,0,0,0,0,0,1,2,0,0,0,1,0,0,0,0,0,0,0,0,0,0,0,0,0,0,0,0,0,0,0,0,0,0,0,0,0,0,0,0,1,0,2,0,0,0
3121,0,2,17,20,6,1,19,19,2,4,0,5,0,0,1,1,2,0,0,3,0,1,1,1,0,1,0,5,0,0,1,3,0,0,0,2,4,0,0,2,0,1,0,0,0,0,0,0,1,0,0,0,0,0,2,0,0,0,0,1,0,0,0,0,0,0,0,1,0,0,0,0,0,0,0,0
3124,0,0,3,2,0,0,7,0,0,2,0,5,0,0,0,0,0,2,0,0,0,0,0,0,0,0,0,0,0,0,1,0,1,0,0,0,0,1,0,0,0,1,2,1,0,0,0,0,0,0,0,0,0,0,0,0,0,0,1,0,0,0,0,0,0,0,0,0,0,0,0,0,1,0,0,0
3125,1,0,8,3,0,1,9,6,1,0,0,3,0,0,0,3,0,1,0,0,0,0,0,0,0,1,1,0,0,0,0,1,0,1,0,0,0,0,0,0,0,3,1,0,0,0,0,0,0,0,0,0,1,0,0,0,0,0,0,0,0,0,0,0,0,0,0,0,0,0,0,0,0,0,0,0
3126,1,5,19,12,0,2,17,1,0,4,0,3,0,0,1,1,1,0,0,0,0,0,3,0,0,0,0,0,0,0,4,0,0,0,0,0,0,1,0,0,0,1,1,0,0,0,0,1,0,0,0,0,0,0,0,0,0,0,0,1,0,0,0,0,0,0,0,0,0,0,0,0,0,0,0,0
3127,0,7,17,3,0,5,25,6,2,1,0,3,0,0,0,0,0,1,0,0,0,0,2,0,0,2,0,0,1,0,0,0,0,3,0,0,0,2,1,0,0,3,0,0,0,0,0,0,0,0,0,0,0,0,0,0,0,0,0,0,0,1,0,0,1,0,0,0,0,0,0,0,1,0,0,0
3128,0,7,26,12,0,4,12,5,1,0,0,6,0,0,0,0,2,1,1,0,0,1,0,0,0,0,0,0,0,1,0,0,0,1,0,0,0,2,0,0,0,2,1,0,0,0,0,0,0,0,0,0,0,0,0,0,0,0,0,0,0,0,0,0,0,0,0,0,0,0,0,0,0,0,0,0
3129,0,1,18,7,0,1,14,2,0,1,0,9,0,0,0,1,1,2,6,2,0,2,3,0,0,1,0,4,0,0,0,0,1,0,0,0,0,2,0,0,0,1,0,0,0,0,0,0,1,0,0,0,0,0,0,0,0,0,0,0,0,0,0,0,0,0,1,0,0,0,0,0,0,0,0,0
3130,0,0,1,1,0,1,6,2,0,1,0,1,0,0,0,1,2,4,0,0,0,0,1,0,0,0,0,0,0,0,0,0,0,0,0,0,0,4,1,2,0,3,1,0,0,0,0,0,0,0,0,0,0,0,0,0,0,0,1,0,0,1,0,0,0,0,0,0,0,0,0,0,0,0,0,0
3131,0,6,15,2,0,2,10,6,0,4,0,0,0,0,0,0,2,1,0,1,0,0,0,0,1,0,0,0,0,0,0,0,0,0,0,0,0,1,1,0,0,0,0,0,0,0,0,0,0,0,0,0,0,0,0,0,0,0,0,0,0,0,0,0,0,0,0,0,0,0,0,0,0,0,0,0
3132,0,1,5,2,1,1,4,6,2,2,0,2,0,1,0,1,1,0,0,1,1,0,0,0,0,0,0,2,0,0,0,2,0,0,0,2,0,0,0,0,0,0,1,0,0,0,0,1,1,0,0,10,1,0,0,0,0,0,0,0,0,1,0,1,0,0,0,0,0,1,0,0,0,0,0,0
3133,0,3,13,5,0,4,22,10,1,5,1,1,0,0,0,3,0,1,0,1,0,0,3,0,0,1,1,1,0,0,1,0,0,0,0,0,0,0,0,0,0,6,0,0,0,0,0,0,0,0,0,0,2,0,0,0,0,0,0,1,0,1,0,0,0,0,0,0,0,0,0,0,0,0,0,0
3134,0,9,19,8,0,10,17,11,2,6,0,0,2,0,0,2,3,3,0,2,0,3,2,0,1,0,0,0,0,0,0,0,2,1,0,0,0,3,2,0,0,6,0,0,0,0,0,0,0,0,0,0,2,0,0,0,0,0,1,0,0,1,0,0,0,0,0,0,0,0,0,0,0,0,0,0
3153,0,0,2,2,0,0,5,4,1,0,0,2,0,0,0,1,0,0,1,0,0,0,1,1,0,0,0,0,0,0,0,0,1,0,0,1,0,2,0,0,0,1,0,0,0,0,0,0,0,0,0,0,1,0,0,0,0,1,0,0,0,0,0,0,0,0,0,0,1,0,0,0,0,0,0,0
3154,0,3,13,11,0,1,3,2,0,0,0,0,0,0,0,0,1,0,0,0,0,0,1,0,0,0,0,1,0,0,1,0,0,0,0,0,0,5,0,0,0,0,0,0,0,0,0,0,0,0,0,0,0,0,0,0,0,0,0,0,0,0,0,0,0,0,0,0,0,0,0,0,0,0,0,0
3155,0,1,16,11,0,0,7,2,0,3,0,0,1,0,0,4,0,2,0,0,1,3,1,0,0,0,1,0,0,0,2,0,1,1,1,1,1,5,1,0,0,2,0,0,0,0,0,0,0,0,0,0,0,0,0,0,0,1,0,0,0,0,0,1,0,0,0,0,0,0,0,0,0,0,0,0
3156,0,3,9,5,0,1,5,1,0,0,1,2,0,0,0,0,3,3,1,0,0,0,0,0,0,0,0,0,0,0,0,0,1,1,0,0,0,0,0,0,0,2,1,0,0,0,0,0,0,0,0,0,0,0,0,0,0,0,1,2,0,0,0,0,0,0,0,0,0,0,0,0,0,0,0,0
3157,0,5,34,25,0,1,13,6,1,6,0,4,0,0,0,3,2,1,0,3,0,2,5,0,0,0,0,0,0,0,6,0,0,2,0,0,0,5,1,0,0,2,2,1,0,0,0,1,0,0,0,0,1,0,1,0,0,0,0,0,0,0,0,0,0,0,0,0,0,0,0,0,1,0,0,0
3158,0,1,22,7,3,2,3,7,0,2,0,2,0,0,0,1,0,2,0,0,0,0,3,0,0,0,1,1,0,0,0,0,3,0,0,0,2,1,0,0,0,1,2,0,0,0,0,0,1,0,0,0,0,0,0,0,0,0,0,0,0,0,0,0,0,0,0,0,0,0,0,0,0,0,0,0
3159,0,15,41,25,0,0,22,12,6,2,0,0,0,1,0,3,3,2,0,1,0,1,8,0,1,0,0,0,0,0,3,0,1,8,0,0,1,8,1,0,0,2,1,0,0,0,0,1,0,0,0,0,1,2,0,0,0,0,0,0,0,0,0,0,0,0,0,0,0,0,0,0,1,0,0,0
3161,0,3,17,10,0,5,9,9,2,2,0,3,1,0,0,0,1,3,1,1,0,1,0,0,0,0,0,0,0,1,3,0,0,0,0,1,0,3,0,0,0,2,1,0,0,0,0,0,2,0,0,0,0,0,0,0,0,0,0,1,0,0,0,0,0,0,0,0,0,0,0,0,2,0,0,0
3162,0,5,7,7,0,1,11,2,4,2,0,1,0,0,0,2,2,2,0,1,0,0,2,0,0,0,0,0,0,0,1,1,2,0,0,0,0,1,0,0,0,1,0,2,0,0,0,0,0,0,0,0,1,0,0,0,0,0,0,1,0,0,0,0,0,0,0,0,0,0,0,0,3,0,0,0
3165,0,0,3,0,0,3,10,3,0,2,0,1,0,0,0,1,0,0,0,0,0,0,0,0,0,0,0,0,0,0,0,0,0,2,0,0,0,1,0,0,0,0,0,0,0,0,0,0,0,0,0,0,0,0,0,0,0,0,0,1,0,0,0,0,0,0,0,0,0,0,0,0,1,0,0,0
3166,0,2,18,10,0,0,4,3,0,0,0,1,0,0,0,0,3,2,0,2,0,0,1,0,2,0,0,1,0,0,4,1,0,2,0,0,0,5,0,0,0,0,0,2,0,0,0,0,0,0,0,0,0,0,0,0,0,0,0,0,0,0,0,0,0,0,0,0,0,0,0,0,0,0,0,0
3167,1,1,15,4,0,0,11,8,1,0,0,1,0,0,0,1,3,4,0,1,0,0,1,0,0,1,0,0,0,0,0,0,1,0,0,0,0,3,0,0,0,1,0,0,0,0,0,0,1,0,0,0,2,0,0,0,0,0,0,0,0,0,0,0,0,0,0,0,0,0,0,0,0,0,0,1
3168,0,7,23,16,0,0,9,8,2,4,1,2,0,0,0,1,1,1,1,0,0,0,1,0,0,2,0,0,0,0,0,0,0,2,0,0,0,1,0,0,0,2,1,0,0,0,0,2,0,0,0,0,0,0,0,0,0,0,0,0,0,0,0,0,0,0,0,0,0,0,0,0,0,0,0,0
3170,0,0,9,1,0,0,15,3,0,1,0,2,0,0,0,2,3,2,0,0,0,1,2,0,1,1,0,0,0,0,0,0,1,1,0,0,0,2,0,0,0,1,2,0,0,0,0,0,0,0,0,0,1,0,0,0,0,0,0,1,0,1,0,0,0,0,0,0,0,0,0,0,0,0,0,0
3171,0,1,4,0,0,0,10,2,1,2,0,0,0,0,0,0,1,2,0,2,0,1,1,0,1,0,0,0,0,0,2,0,0,1,0,0,0,1,0,0,0,2,0,0,0,0,0,0,0,0,0,0,0,0,0,0,0,0,0,0,0,0,0,0,0,0,0,0,0,0,0,0,0,0,0,0
3172,0,1,22,7,0,1,13,1,1,2,0,0,1,0,0,6,0,2,0,1,0,2,2,0,0,0,2,0,0,0,0,0,0,0,0,0,0,5,0,0,0,3,0,0,0,0,0,0,0,0,0,0,2,0,0,0,0,0,0,0,0,1,0,0,0,0,0,0,0,0,0,0,1,0,0,0
3174,1,13,28,10,0,5,21,9,0,3,0,8,0,0,0,8,2,3,0,2,0,1,5,0,0,0,1,0,0,0,2,0,1,0,0,0,0,6,1,0,0,4,0,0,4,0,0,0,0,0,0,0,2,0,0,0,0,1,0,1,0,0,0,0,0,0,0,0,0,0,0,0,1,0,0,0
3175,1,1,0,0,0,1,4,3,0,0,0,3,0,0,0,1,0,1,0,1,0,1,0,0,0,0,0,0,0,0,0,0,1,0,0,1,0,3,0,0,0,1,0,0,0,0,0,0,0,0,0,0,0,0,0,0,0,0,0,0,0,0,0,0,0,0,0,0,0,0,0,0,0,0,0,0
3176,0,0,7,0,0,1,8,2,2,2,0,0,0,0,0,1,1,1,0,1,0,0,0,0,0,0,0,0,0,0,0,0,0,2,0,0,0,1,0,0,0,7,0,0,0,0,0,0,0,0,0,0,2,0,0,0,0,0,0,0,0,0,0,0,0,0,0,0,0,0,0,0,0,0,0,0
3177,0,1,1,1,0,1,5,2,0,1,0,1,1,0,0,0,0,0,0,1,0,0,5,0,0,0,0,1,0,0,0,0,0,0,0,0,0,0,0,0,0,2,0,0,0,0,0,0,0,0,0,0,5,0,0,0,0,0,0,0,0,0,0,0,0,0,0,0,0,0,0,0,0,0,0,0
3178,0,4,9,4,0,0,3,0,0,0,0,3,0,0,0,1,0,2,0,0,0,0,0,2,1,0,0,2,0,0,0,0,0,0,0,0,0,0,0,0,0,2,0,0,3,0,0,0,0,0,0,0,1,0,0,0,0,0,0,0,0,0,0,0,0,0,0,0,0,0,0,0,0,0,0,0
3179,0,1,6,0,0,2,15,3,1,1,0,2,0,0,0,1,0,1,0,0,0,0,2,0,0,0,0,0,0,0,1,0,0,1,0,0,0,1,0,0,0,1,0,0,0,0,0,0,0,0,0,0,0,0,0,0,0,0,0,1,0,0,0,0,0,0,0,0,0,0,0,0,0,0,0,0
3180,0,3,11,14,0,1,3,6,0,0,0,6,0,0,0,0,0,0,0,0,0,0,0,0,0,1,0,0,0,0,0,0,0,0,0,0,0,1,0,0,0,1,0,0,0,0,0,0,0,0,0,0,3,0,0,0,0,0,2,0,0,0,0,0,0,0,0,0,0,0,0,0,0,0,0,0
3181,0,5,16,8,0,3,13,3,0,1,0,1,0,0,1,0,1,6,0,0,0,0,2,0,0,0,0,0,0,1,1,0,0,0,0,0,1,0,0,1,0,2,0,0,0,0,0,0,0,0,0,0,0,0,0,0,0,0,0,0,0,0,0,0,1,0,0,0,0,0,1,0,0,0,0,0
3183,0,4,12,11,0,3,14,7,0,4,0,2,0,0,0,3,0,1,0,0,0,0,1,0,0,0,0,0,0,0,0,0,0,0,0,0,0,1,1,0,1,1,1,0,0,0,0,0,1,0,0,0,3,0,0,0,0,0,0,0,0,0,0,0,0,0,0,0,0,0,1,0,0,0,0,0
3184,0,6,23,19,0,8,30,10,1,10,0,4,1,0,0,1,5,13,0,0,0,0,11,0,0,0,4,1,1,0,1,1,4,0,0,0,1,2,1,0,0,15,0,0,0,0,0,0,1,0,0,0,2,0,0,0,0,2,2,0,0,0,0,0,1,0,0,0,0,0,0,0,0,0,0,0
3185,0,9,25,13,0,11,9,4,4,4,0,1,0,0,1,2,1,0,0,0,0,1,3,0,0,0,1,0,0,0,0,0,1,0,0,0,0,3,0,0,1,4,0,0,0,0,0,0,0,0,0,0,2,0,0,0,0,0,0,0,1,0,0,0,0,0,0,0,0,0,0,0,0,0,0,0
3186,0,8,41,21,0,9,17,8,6,5,0,8,0,0,0,10,4,7,3,1,0,1,3,0,2,1,0,0,0,0,0,2,0,1,0,0,0,1,0,0,0,5,1,0,0,0,0,0,1,0,0,0,4,0,0,0,0,2,1,0,0,0,0,0,1,0,0,0,0,0,1,0,0,0,0,0
3203,1,0,6,1,0,0,4,7,0,1,0,4,0,0,0,1,2,2,0,0,1,0,1,0,0,0,0,0,0,0,0,0,0,1,0,2,0,2,3,0,0,0,1,0,0,0,0,0,0,0,0,0,1,0,0,0,0,0,0,0,0,0,0,0,0,0,0,0,0,0,0,0,0,0,0,0
3204,0,1,5,0,9,0,13,15,0,3,1,1,0,0,0,0,0,1,0,0,0,2,0,0,0,0,0,1,0,0,1,1,2,0,1,0,1,0,0,0,0,1,1,3,0,0,0,0,0,0,0,0,0,0,0,0,0,0,0,0,0,0,0,1,0,0,0,0,0,1,0,0,0,0,0,0
3205,0,2,9,4,0,0,1,7,2,1,0,3,1,0,0,0,0,0,0,0,0,0,0,0,0,0,0,1,0,0,0,0,0,0,0,0,0,2,0,0,0,3,0,0,0,0,0,0,0,0,0,0,0,0,0,0,0,0,0,0,0,0,0,0,0,0,0,0,0,0,0,0,0,0,0,0
3206,0,1,3,1,0,0,1,1,0,0,0,5,0,0,0,0,0,1,1,0,0,0,0,0,0,0,0,1,0,0,0,1,0,0,1,1,2,0,0,1,0,1,0,0,0,0,0,0,0,0,0,0,1,0,0,0,0,0,0,0,0,0,0,1,0,0,0,0,0,0,0,0,0,0,0,0
3207,0,5,22,15,0,1,12,5,3,3,1,3,0,0,0,5,1,3,0,0,0,0,1,0,2,0,1,0,0,0,0,1,1,2,0,0,0,1,0,0,0,0,1,1,0,0,0,0,0,0,0,0,0,0,0,0,0,0,1,0,0,0,0,0,0,0,0,0,0,0,0,0,0,0,0,0
3208,0,1,5,2,0,0,10,8,1,2,0,1,0,0,0,4,0,2,0,0,0,0,1,0,1,0,0,0,0,0,0,1,0,0,0,0,1,2,0,0,0,4,0,0,0,0,0,0,0,0,0,0,1,0,0,0,0,0,0,1,0,0,0,0,0,0,0,0,0,0,0,0,1,0,0,0
3209,0,5,29,16,0,1,5,6,0,3,0,4,1,0,0,3,1,0,1,0,0,0,1,0,1,2,0,0,0,0,0,1,0,0,0,0,0,2,0,0,0,1,0,0,0,0,0,0,0,0,0,0,0,0,0,0,0,0,0,0,0,0,0,0,0,0,0,0,0,0,1,0,0,0,0,0
3211,0,12,27,12,0,0,11,10,2,2,1,0,0,0,0,5,0,0,0,0,0,1,1,0,0,1,1,0,0,0,0,0,0,1,0,0,0,4,0,0,0,1,1,0,0,0,0,1,0,0,0,0,1,0,0,0,0,0,0,0,0,0,0,0,0,0,0,0,0,0,0,0,0,0,0,0
3212,0,1,12,1,0,0,5,0,1,0,0,1,0,0,0,4,0,1,0,0,0,0,3,0,0,0,0,0,0,0,0,0,0,0,0,0,0,0,0,0,0,0,0,2,0,0,0,0,0,1,0,0,0,0,0,0,0,0,0,0,0,0,0,0,0,0,0,0,0,0,0,0,0,0,0,0
3213,0,2,12,15,0,0,14,4,0,6,0,4,1,0,0,5,2,1,0,1,0,0,1,0,0,0,0,0,0,0,2,1,1,0,0,0,1,5,0,0,0,4,0,0,0,0,0,0,0,0,0,0,0,0,0,0,0,0,0,0,0,0,0,0,0,0,0,0,0,0,0,0,0,0,0,0
3214,0,0,1,0,0,0,3,12,0,1,0,7,0,0,0,2,0,0,1,0,3,0,0,1,0,1,0,0,0,0,0,1,0,1,0,1,0,1,0,2,0,0,0,0,0,0,0,0,0,0,0,0,0,0,0,0,0,0,0,0,0,0,0,0,0,0,0,0,0,0,0,0,0,0,0,0
3215,0,7,23,19,0,6,14,5,4,1,0,5,0,0,0,2,1,2,0,1,0,1,1,0,0,0,1,0,0,0,2,1,0,2,0,0,0,2,0,0,0,2,0,0,0,0,0,0,0,0,0,0,0,0,0,0,0,0,0,0,0,0,0,0,0,0,0,0,0,0,0,0,0,0,0,0
3216,0,4,12,8,0,2,5,4,1,1,0,4,0,0,0,1,1,0,0,0,3,2,0,0,0,0,0,2,0,0,0,2,0,1,0,2,0,2,0,0,0,1,1,0,1,0,0,0,0,0,0,0,0,0,0,0,0,0,0,0,0,0,0,0,0,0,0,0,0,0,0,0,1,0,0,0
3217,1,2,16,12,1,4,12,5,1,4,0,3,0,0,0,2,1,1,0,0,0,1,1,0,1,0,0,0,0,1,3,0,0,3,0,0,0,4,0,0,0,1,2,0,0,0,0,0,0,0,0,0,0,0,0,0,0,0,0,0,0,0,0,0,0,0,0,0,0,0,0,0,1,0,0,0
3218,1,7,20,16,0,6,19,9,2,2,0,10,0,0,1,2,3,0,0,1,1,0,1,0,0,0,0,0,1,1,1,0,0,3,0,0,0,4,0,1,0,3,0,0,3,1,0,0,0,0,0,0,1,0,0,0,0,1,0,0,0,4,0,1,0,0,0,0,0,0,1,0,0,0,0,0
3220,0,0,10,3,0,0,9,3,0,4,0,0,0,0,0,3,0,0,2,0,0,0,0,0,0,0,1,0,0,0,2,0,0,0,0,0,0,1,1,0,0,1,0,0,0,0,0,0,0,0,0,0,0,0,0,0,0,0,0,0,0,0,0,0,0,0,0,0,0,0,0,0,0,0,0,0
3221,0,6,32,13,0,8,29,11,6,4,0,6,0,0,0,2,2,5,0,0,2,1,3,1,1,1,0,0,0,0,1,0,0,1,0,0,0,0,0,0,0,6,0,1,0,0,0,0,1,0,0,0,5,0,0,0,0,1,0,0,0,1,0,0,1,0,0,0,0,0,0,0,0,0,0,0
3222,0,19,33,22,0,10,29,21,1,1,0,7,0,0,0,4,1,12,0,0,0,2,2,0,0,0,0,0,0,0,4,0,0,4,0,0,0,3,1,1,0,5,0,0,0,0,0,0,0,0,0,0,2,0,0,0,0,0,0,2,0,0,0,0,0,0,0,0,0,0,0,0,0,0,0,0
3223,0,5,16,12,0,1,12,3,3,1,0,3,0,0,0,3,1,1,0,0,0,0,0,0,0,0,0,1,0,0,1,0,0,1,0,0,0,1,0,0,0,2,2,0,0,0,0,0,0,0,0,0,2,0,0,0,0,0,0,0,0,0,0,0,0,0,0,0,0,0,0,0,0,0,0,0
3224,0,6,33,13,0,8,34,5,4,2,0,5,0,0,0,4,3,1,0,0,0,3,1,0,0,0,0,0,0,0,0,0,0,3,1,0,0,3,1,1,0,3,1,1,0,0,0,0,0,0,0,0,0,0,0,0,0,0,0,1,0,0,0,0,0,0,0,0,0,0,1,0,2,0,0,0
3225,0,0,5,3,0,5,30,4,0,4,0,2,0,0,0,0,0,1,0,0,0,0,6,0,0,0,0,1,0,0,3,1,0,3,0,0,0,2,1,0,0,0,0,0,0,0,0,0,0,0,0,0,0,0,0,0,0,0,1,0,0,0,0,0,0,0,0,0,0,0,0,0,0,0,0,0
3226,0,2,37,10,0,1,34,10,5,8,0,10,0,0,0,11,4,4,3,1,0,2,5,2,1,0,1,2,0,0,2,0,0,3,0,0,0,6,0,1,0,1,3,0,1,0,0,1,0,0,0,0,1,0,0,0,1,0,2,0,0,0,0,0,0,0,0,0,0,0,0,0,0,0,0,0
3227,0,2,11,6,0,1,5,2,0,0,0,2,0,0,0,2,0,2,0,0,0,0,0,0,0,0,1,0,0,0,0,0,1,0,0,0,1,0,0,0,0,1,0,1,1,0,0,0,0,0,0,0,0,0,0,0,0,0,0,0,0,0,0,0,0,0,4,0,0,0,0,0,0,0,0,0
3228,0,1,3,5,0,2,23,5,0,4,0,4,0,0,0,1,3,3,0,1,0,1,5,0,0,0,0,0,0,0,1,1,0,0,0,0,0,1,0,0,0,9,0,0,0,0,0,0,0,0,0,1,0,0,0,0,0,0,0,0,0,3,0,0,0,0,0,0,0,0,0,0,0,0,0,0
3230,0,5,22,15,0,3,7,9,0,2,0,7,0,0,0,1,0,0,0,0,0,0,2,0,0,0,0,0,0,1,1,0,0,0,0,0,1,6,1,0,0,1,1,0,0,0,0,0,0,0,0,0,3,0,0,0,0,0,1,1,0,1,0,0,0,0,0,0,0,0,0,0,0,0,0,0
3231,0,9,46,27,0,10,24,9,1,3,0,4,0,0,0,7,1,9,0,1,0,0,2,0,1,1,1,0,0,0,2,0,0,0,0,0,0,3,0,0,0,5,1,0,0,0,0,0,1,0,0,0,2,0,0,0,0,0,1,1,0,0,0,0,1,0,0,0,0,0,0,0,0,0,0,0
3232,0,5,35,5,0,5,31,15,0,10,1,8,1,0,0,0,3,4,0,1,0,0,0,0,1,0,0,2,0,0,2,1,1,0,0,1,0,7,1,0,0,3,0,0,0,0,0,1,0,0,0,0,2,0,0,0,0,0,2,0,0,1,0,0,2,0,0,0,0,0,0,0,1,0,0,0
3233,0,5,27,6,0,4,4,3,0,2,0,0,0,0,0,0,1,4,0,1,0,2,3,0,0,0,0,0,0,0,1,0,0,0,0,0,0,2,0,0,1,3,0,0,0,1,0,0,0,0,0,0,1,0,0,0,0,0,0,1,0,1,0,0,1,0,0,0,0,0,0,0,0,0,0,0
3246,4,8,48,20,0,1,19,25,2,2,0,0,0,0,0,5,3,8,0,0,2,1,11,3,0,0,0,3,0,0,0,7,2,1,1,3,0,4,2,0,0,2,1,0,0,0,1,0,0,0,3,0,0,0,0,0,0,4,2,0,0,2,0,2,0,0,0,0,0,0,1,0,0,0,0,0
3247,0,5,19,7,0,1,5,3,5,0,0,1,0,1,0,0,1,0,0,0,0,0,1,0,0,0,0,0,0,0,1,0,0,0,0,0,0,1,0,0,0,2,0,0,0,0,0,0,0,0,0,0,1,0,0,0,0,0,0,0,0,0,0,0,0,0,0,0,0,0,0,0,2,0,1,0
3248,0,1,8,5,0,2,4,8,0,0,1,1,0,0,0,0,0,0,0,0,0,0,0,5,0,0,0,0,0,0,0,1,0,0,0,0,0,0,0,0,0,1,3,0,0,0,0,0,0,0,0,0,0,0,0,0,0,0,0,0,0,0,0,0,0,0,0,0,0,0,0,0,0,0,0,0
3249,0,7,21,8,0,2,3,7,0,2,0,1,0,0,0,0,0,1,0,0,0,0,0,0,0,0,0,0,0,0,0,0,0,0,0,2,0,0,1,1,0,0,0,0,0,0,0,2,0,0,1,0,0,0,0,0,1,0,0,0,0,0,0,0,0,0,0,0,0,0,0,0,1,0,0,0
3250,0,0,1,0,0,0,5,0,0,0,0,1,0,0,0,3,0,2,0,0,0,0,2,0,0,0,1,1,0,0,2,0,0,0,0,0,0,1,0,0,0,2,2,0,0,0,1,0,0,0,0,0,0,0,0,0,0,0,0,0,0,1,0,0,0,0,0,0,0,0,0,0,0,0,0,0
3251,0,2,13,3,0,2,5,6,1,2,0,2,1,0,0,1,0,3,1,1,0,0,0,0,0,0,0,0,0,0,0,0,0,0,0,0,0,0,0,0,0,1,0,0,0,0,0,0,0,0,0,0,0,0,0,0,0,0,0,0,0,1,0,0,0,0,0,0,0,0,0,0,0,0,0,0
3253,0,4,13,15,0,0,4,10,0,1,0,6,0,0,0,0,1,0,0,0,2,0,0,1,0,1,1,2,0,0,0,1,0,1,0,1,0,0,1,0,0,1,0,0,0,0,0,0,0,0,0,0,2,1,0,0,0,0,0,0,0,0,0,0,0,0,0,0,0,0,0,0,0,0,1,0
3255,0,0,9,2,0,0,6,5,0,0,0,4,0,0,0,0,0,0,1,0,0,0,0,1,0,0,0,0,0,0,0,0,0,1,0,0,0,1,0,0,0,0,1,0,0,0,0,0,0,0,0,0,0,0,0,0,0,0,0,0,0,0,0,0,0,0,0,0,0,0,0,0,0,0,0,0
3256,0,2,9,6,0,0,2,4,0,0,0,0,0,1,0,1,0,3,1,0,0,2,0,0,0,0,1,2,0,4,0,1,0,0,0,2,0,0,0,0,3,0,2,0,0,0,0,0,0,1,0,0,0,0,0,0,0,0,0,1,0,0,0,0,0,0,0,0,0,2,0,0,0,0,0,0
3257,0,0,3,5,0,0,4,10,0,4,0,1,0,0,0,1,1,1,0,0,0,1,2,0,1,1,0,0,0,0,0,1,0,0,0,0,0,0,0,0,0,1,1,0,0,0,0,1,0,0,0,0,2,0,1,0,0,0,1,0,0,0,0,0,0,0,0,0,0,0,0,0,0,0,0,0
3258,0,5,12,9,0,2,4,1,0,1,0,7,0,0,0,2,0,0,0,0,0,2,2,0,0,0,0,0,0,0,0,0,0,1,0,0,0,4,0,0,0,0,0,0,0,0,0,0,0,0,0,0,1,0,0,0,0,0,0,0,0,0,0,0,0,0,0,0,0,0,0,0,0,0,0,0
3259,0,0,6,0,0,1,7,1,1,2,0,5,0,0,0,1,0,0,0,0,1,0,0,0,0,2,0,1,0,0,0,0,0,1,0,0,1,0,0,0,1,3,2,0,0,0,0,0,0,0,0,0,2,0,0,0,0,0,0,0,0,0,0,0,0,0,0,0,0,0,0,0,0,0,0,0
3260,0,10,27,13,0,2,9,7,1,0,0,3,0,0,0,3,2,2,0,0,0,0,1,0,1,0,0,0,0,0,0,0,2,2,0,0,0,2,0,0,0,1,1,1,0,0,1,2,0,0,0,0,1,0,0,0,0,1,1,0,0,0,0,0,0,0,0,0,0,0,0,0,0,0,0,0
3261,0,4,11,5,0,0,11,6,1,1,0,3,1,0,0,1,1,0,0,1,0,1,3,0,0,1,0,0,0,0,1,0,0,2,0,0,0,7,0,0,0,1,1,0,0,0,0,0,0,0,0,0,5,0,0,0,0,0,0,0,0,0,0,0,0,0,0,0,0,0,0,0,2,0,0,0
3262,0,2,24,9,0,3,11,1,1,1,0,1,0,0,0,4,1,0,0,0,0,0,0,0,0,1,0,0,0,0,3,0,0,1,0,0,0,3,0,0,0,5,0,0,0,0,0,0,0,0,0,0,0,0,0,0,0,0,1,0,0,1,0,0,0,0,0,0,0,0,0,0,1,0,0,0
3263,0,1,9,3,0,2,15,9,2,2,0,5,0,0,0,1,0,0,0,0,0,0,3,0,0,0,0,1,0,0,0,0,0,1,0,0,1,1,0,0,0,0,0,0,0,0,0,0,2,0,0,0,4,0,0,0,0,0,0,1,0,0,0,0,0,0,0,0,0,0,0,0,1,0,0,0
3264,0,0,4,1,0,3,17,2,0,1,0,2,0,0,0,0,0,1,0,0,0,0,5,0,0,0,0,0,0,0,0,0,0,0,0,0,0,2,0,0,0,1,1,0,0,0,0,0,0,0,0,0,0,0,0,0,0,0,2,2,0,0,0,0,0,0,0,0,0,0,0,0,2,0,0,0
3265,0,3,24,7,0,2,18,6,1,4,0,2,1,0,0,3,1,0,0,0,0,2,2,0,0,1,0,2,0,0,1,1,2,4,0,0,0,1,0,1,0,1,0,0,0,0,0,0,0,0,0,0,0,0,0,0,0,0,1,0,0,0,0,0,0,0,1,0,0,0,0,0,1,0,0,0
3266,0,3,12,7,0,1,16,1,3,4,0,4,0,0,0,2,0,0,0,1,0,2,1,0,0,0,0,0,0,0,0,0,0,0,0,0,0,2,1,0,0,2,0,0,0,0,0,0,0,0,0,0,0,0,0,0,0,0,1,1,0,0,0,0,0,0,0,0,0,0,0,0,0,0,0,0
3267,0,0,6,3,0,0,6,2,0,0,0,2,0,0,0,3,2,2,1,3,0,2,1,0,0,0,0,0,0,0,0,1,2,1,0,0,0,0,0,0,0,0,1,0,0,0,0,0,0,0,0,0,0,0,0,0,0,0,0,0,0,0,0,0,0,0,0,0,0,0,0,0,2,0,0,0
3268,1,5,15,9,0,2,4,4,1,1,0,0,0,0,0,2,0,7,0,2,0,0,0,0,0,1,0,1,0,1,1,0,0,1,0,0,0,3,0,0,0,1,0,1,0,0,0,0,0,0,0,1,2,0,0,0,0,0,1,0,0,1,0,0,0,0,0,0,0,0,0,0,1,0,0,0
3269,0,6,19,7,0,0,3,5,0,0,0,2,0,0,0,3,0,1,1,1,0,0,0,0,0,0,0,0,0,1,0,0,1,0,0,0,0,0,1,0,0,0,0,0,0,0,0,0,0,0,0,0,0,1,0,0,0,0,1,0,0,0,0,0,0,0,0,0,0,0,0,0,0,0,0,0
3270,0,14,53,24,0,4,36,17,7,6,0,3,1,0,1,6,0,3,0,3,0,2,4,0,2,0,1,0,0,2,3,0,0,2,0,1,0,3,1,0,0,14,2,0,0,0,0,0,0,0,0,0,4,0,0,0,0,1,1,0,0,0,0,0,1,0,0,0,0,0,0,0,0,0,0,0
3271,0,0,1,0,0,1,8,3,0,0,0,3,0,0,2,1,1,0,0,0,0,0,0,0,0,0,1,0,0,0,0,1,0,0,0,0,0,0,0,3,0,0,0,0,0,0,0,0,0,0,0,0,1,0,0,0,0,0,0,0,0,1,0,0,0,0,0,0,0,0,0,0,0,0,0,0
3272,0,6,3,0,0,3,6,2,1,2,0,1,0,0,0,2,0,3,0,0,0,0,4,0,0,0,0,0,0,0,1,0,0,0,0,0,0,3,0,0,0,2,0,0,0,0,0,0,0,0,0,0,2,0,0,0,0,0,0,0,0,0,0,0,0,0,0,0,0,0,0,0,0,0,0,0
3273,1,5,18,8,0,6,10,5,2,5,0,1,0,0,0,0,0,6,0,0,0,1,3,0,4,1,0,0,0,1,0,1,1,0,0,0,1,0,1,0,0,3,0,0,0,0,0,1,0,0,0,0,3,0,0,0,0,1,0,0,0,0,0,0,0,0,0,0,0,0,0,0,0,0,0,0
3274,0,3,4,1,0,0,1,3,0,1,0,3,0,0,0,0,0,3,0,0,0,1,0,0,1,4,0,0,0,2,0,1,1,1,0,0,0,0,0,0,0,0,0,0,0,0,0,0,0,0,0,10,0,0,0,0,0,0,0,0,0,1,0,0,0,0,0,0,0,1,0,1,0,0,0,0
3276,0,1,2,0,0,1,16,9,2,3,0,1,0,0,0,1,2,2,0,1,0,2,2,0,0,0,0,0,0,0,0,0,0,0,0,0,0,0,0,0,0,3,0,0,0,0,0,1,0,0,0,0,0,0,0,0,0,0,1,0,0,1,0,0,0,0,0,0,0,0,0,0,0,0,0,0
3294,1,2,16,8,1,0,6,8,0,3,0,6,0,0,1,4,0,1,0,2,0,0,0,0,0,0,0,5,1,0,0,0,1,1,0,0,0,1,0,0,0,2,0,0,0,0,0,0,0,0,0,0,0,0,0,0,0,0,0,0,0,0,0,0,0,0,0,0,0,0,0,0,0,0,0,0
3295,0,0,13,3,0,0,4,3,1,1,0,2,0,0,0,1,0,0,0,0,0,1,1,0,0,0,0,0,0,0,0,0,0,1,0,0,1,3,0,0,0,0,0,0,0,0,0,0,1,0,0,0,0,0,0,0,0,0,0,1,0,0,0,0,0,0,0,0,0,0,0,0,0,0,0,0
3296,0,6,10,7,0,0,3,8,0,2,0,2,0,0,0,0,0,0,1,0,0,1,2,1,0,0,0,0,0,0,0,0,0,0,0,0,0,2,0,0,0,0,0,0,0,0,0,0,0,0,0,0,0,0,0,0,0,0,0,0,0,0,0,0,0,0,0,0,0,0,0,0,0,0,0,0
3298,0,1,16,8,3,0,2,16,0,0,0,2,0,0,0,0,0,0,0,1,1,0,0,0,0,0,0,4,0,0,0,8,1,0,0,4,0,1,0,1,0,1,0,0,0,0,0,0,0,0,1,0,0,0,1,0,0,0,0,0,0,0,0,0,0,0,0,0,0,0,0,0,0,0,0,0
3299,1,4,22,16,11,0,1,13,4,0,0,4,0,0,0,0,0,1,0,2,0,1,1,0,0,0,0,1,0,1,2,6,1,0,1,2,0,1,0,0,0,1,1,0,0,0,0,0,0,0,1,0,0,0,2,0,0,0,0,0,0,0,0,1,0,0,0,0,0,0,0,0,0,0,0,0
3300,0,5,8,5,0,0,5,4,0,0,0,1,0,0,0,0,2,3,0,0,1,0,0,0,0,0,0,0,0,0,0,0,0,0,0,0,0,0,0,1,0,1,0,0,0,0,0,1,0,0,0,0,0,0,0,0,0,0,0,0,0,0,0,0,0,0,0,0,0,0,0,0,0,0,0,0
3301,0,4,30,12,0,1,3,6,1,2,2,5,0,0,0,4,0,0,0,0,0,0,1,0,0,0,2,0,0,0,1,0,0,0,0,0,0,1,0,1,0,0,0,0,0,0,0,0,0,0,0,0,0,0,0,0,0,0,0,0,0,0,0,0,0,0,0,0,0,0,0,0,0,0,0,0
3302,0,6,15,10,0,2,6,4,1,1,0,4,0,0,0,5,1,0,0,0,0,0,0,0,0,0,1,0,0,0,0,0,0,1,0,0,0,1,2,1,0,3,0,0,0,0,0,0,0,0,0,0,0,0,0,0,0,0,0,0,0,0,0,0,0,0,0,0,0,0,0,0,2,0,0,0
3303,0,0,0,1,0,0,7,1,0,1,0,0,0,0,0,0,1,1,0,1,0,0,1,0,0,1,0,0,0,1,1,0,1,1,0,0,1,3,0,0,0,1,0,0,0,0,0,0,0,0,0,0,0,0,0,0,0,0,0,0,0,0,0,0,0,0,0,0,0,0,0,0,0,0,0,0
3304,0,2,5,3,0,0,12,1,0,3,0,0,0,0,0,0,0,1,0,0,0,0,3,0,0,0,0,0,0,0,1,0,0,2,0,0,0,0,0,0,0,2,0,0,0,0,0,0,0,0,0,0,0,0,0,0,0,0,0,0,0,0,0,0,0,0,0,0,0,0,0,0,0,0,0,0
3305,1,2,7,4,0,3,10,2,1,3,0,2,1,0,0,0,0,0,1,0,0,1,0,0,0,0,0,0,0,1,0,0,0,3,0,0,0,0,0,0,0,2,0,0,0,0,0,0,0,0,0,0,2,0,0,0,0,0,0,0,0,0,0,0,0,0,0,0,0,0,0,0,0,0,0,0
3306,0,5,16,6,0,0,5,0,1,0,0,0,0,0,0,0,0,0,0,0,0,1,0,1,0,0,0,0,1,0,0,0,0,1,0,0,0,4,0,0,0,0,0,0,0,0,0,0,0,0,0,0,0,0,0,0,0,0,0,0,0,0,0,0,0,0,0,0,0,0,0,0,0,0,0,0
3307,0,4,15,3,0,0,9,4,0,2,0,3,1,0,0,1,1,3,0,0,0,0,0,0,0,0,0,0,0,0,0,1,0,2,0,0,0,3,0,0,0,0,0,0,0,0,0,0,0,0,0,0,0,0,0,0,0,1,0,0,0,0,0,0,0,0,0,0,0,0,0,0,1,0,0,0
3308,1,8,53,24,0,1,28,6,2,9,0,3,0,0,0,5,9,5,1,1,0,1,2,0,0,0,1,0,0,0,2,0,2,5,0,0,1,6,1,1,0,4,0,0,0,0,0,0,0,0,0,1,2,0,0,0,0,1,0,0,0,0,0,0,0,0,0,0,0,0,0,0,2,0,0,0
3310,0,2,7,5,0,6,11,5,4,2,0,0,0,0,0,1,2,2,0,1,0,0,0,0,0,3,0,0,0,0,1,0,1,1,0,0,0,0,0,0,0,3,0,0,0,0,0,0,0,0,0,0,4,0,0,0,0,0,0,0,0,0,0,0,0,0,0,0,0,0,0,0,0,0,0,0
3312,0,4,11,9,0,4,1,3,0,0,0,0,0,0,0,0,0,1,0,0,0,0,0,0,0,1,0,0,0,0,0,0,1,0,0,0,0,0,0,0,0,1,0,0,0,0,0,0,1,0,1,0,0,0,0,0,0,0,0,0,0,0,0,0,0,0,0,0,0,0,0,0,1,0,0,0
3313,0,1,10,4,0,3,6,2,3,0,0,3,1,0,0,0,2,3,0,0,0,1,0,0,0,0,0,0,0,0,0,0,0,0,0,0,0,1,0,0,0,7,2,0,0,0,0,0,0,0,0,0,0,0,0,0,0,0,0,0,0,0,0,0,0,0,0,0,0,0,1,0,0,0,0,0
3314,0,11,27,16,0,0,16,8,1,5,0,2,0,0,0,4,1,5,0,0,0,0,4,0,0,0,1,1,0,0,2,0,2,1,0,0,0,3,0,1,0,1,0,0,0,0,0,0,0,0,0,0,3,0,0,0,0,0,0,0,0,0,0,0,0,0,0,0,0,0,0,0,0,0,0,0
3315,0,1,9,6,0,0,1,1,1,0,0,3,0,0,0,1,0,0,0,1,0,0,3,0,0,0,0,0,0,0,0,0,1,0,0,0,0,0,0,0,0,0,0,0,0,0,0,0,0,0,0,1,0,0,0,0,0,0,0,0,0,0,0,0,0,0,0,0,0,0,0,0,0,0,0,0
3316,1,0,3,5,0,1,3,9,2,3,2,1,0,1,0,0,0,0,0,0,0,0,0,1,0,2,1,2,0,2,1,2,0,0,0,5,1,0,0,0,1,0,0,0,0,0,0,0,0,0,0,23,0,0,0,0,0,0,2,1,0,0,0,1,0,0,0,0,0,0,0,0,0,0,0,0
3317,0,0,3,4,0,2,3,2,1,1,0,0,0,0,0,1,1,0,1,1,0,0,0,0,0,0,0,0,0,0,0,0,0,0,0,0,0,1,0,0,0,0,1,0,0,0,0,0,0,0,0,0,0,0,0,0,0,1,0,0,0,0,0,0,0,0,0,0,0,0,0,0,1,0,0,0
3318,0,2,17,6,0,0,0,0,1,1,0,1,0,0,0,0,0,0,1,0,0,0,0,0,0,0,0,1,0,0,0,0,0,0,0,0,0,1,0,0,0,0,0,0,0,0,0,0,0,0,0,0,0,0,0,0,0,0,0,0,0,0,0,0,0,1,0,0,0,0,0,0,0,0,0,0
3319,1,2,24,15,0,5,18,11,0,6,0,3,0,0,1,3,0,2,0,0,0,1,2,0,1,0,0,0,0,0,1,0,1,0,0,0,0,3,0,1,0,3,0,0,0,0,0,0,0,0,0,0,4,0,0,0,0,0,2,0,0,0,0,0,0,0,0,0,0,0,0,0,0,0,0,0
3320,0,2,13,8,0,4,17,2,0,2,0,12,0,0,0,2,1,2,0,0,0,1,1,0,1,0,0,0,0,0,1,0,0,0,0,0,0,2,0,0,0,3,0,0,0,0,0,0,0,0,0,0,1,0,0,0,0,0,0,0,0,1,0,0,0,0,0,0,0,0,0,0,0,0,0,0
3321,0,4,5,5,0,5,11,8,2,3,0,2,0,0,1,2,2,0,0,0,0,2,4,0,0,0,0,0,0,1,0,0,0,0,0,0,0,1,0,0,0,4,0,0,0,0,0,0,1,0,0,0,2,0,0,0,0,0,0,0,0,0,0,0,0,0,0,0,0,0,0,0,0,0,0,0
3322,0,6,9,2,0,4,4,5,0,1,0,2,0,0,0,1,0,1,0,0,0,0,2,0,0,0,0,0,0,0,0,0,0,0,0,0,0,1,1,0,0,1,0,0,0,0,0,0,0,0,0,0,0,0,0,0,0,0,0,0,0,0,0,0,0,0,0,0,0,0,0,0,0,0,0,0
3323,1,1,14,11,0,1,7,5,2,2,0,1,0,0,0,5,1,0,0,0,0,1,1,0,1,0,1,1,0,1,2,1,0,0,0,0,0,5,0,0,0,1,0,0,1,0,0,0,0,0,0,0,0,0,0,0,0,0,0,0,0,0,0,0,0,0,0,0,0,0,0,0,0,0,0,0
3324,0,15,19,15,0,4,14,12,1,4,0,5,1,0,0,0,1,13,0,0,0,0,4,0,0,0,2,0,0,0,0,1,0,0,0,0,1,1,1,0,0,5,1,0,0,0,0,1,0,0,0,0,0,0,0,0,0,0,0,0,0,2,0,0,0,0,0,0,0,0,0,0,0,0,0,0
3341,0,2,13,8,0,1,2,11,0,4,0,3,0,0,0,2,0,1,0,0,0,0,3,0,0,0,0,1,0,0,0,1,0,0,0,0,0,0,0,0,0,0,2,0,0,0,0,0,0,0,0,0,0,0,0,0,0,0,0,0,0,0,0,0,0,0,0,0,0,0,0,0,0,0,0,0
3342,0,0,6,2,0,0,6,2,0,1,0,2,0,0,0,0,1,0,0,0,0,0,3,0,0,0,0,0,0,0,0,0,0,0,0,0,0,0,1,0,0,0,0,0,0,0,0,0,0,0,0,0,0,0,0,0,0,0,0,0,0,0,0,0,0,0,0,0,0,0,0,0,0,0,0,0
3343,0,2,7,4,0,1,3,4,0,1,0,1,0,1,0,0,0,3,0,0,0,0,0,0,0,0,0,0,0,0,1,0,0,1,0,0,0,1,0,0,0,1,0,0,0,0,0,0,0,0,0,0,0,0,0,0,0,0,0,3,0,0,0,0,0,0,0,0,0,0,0,0,1,0,0,0
3344,0,1,2,6,0,0,5,9,1,0,0,2,0,0,2,2,0,0,0,0,0,0,1,0,0,0,0,3,0,0,0,0,0,0,0,0,1,2,0,0,0,0,0,1,0,0,0,0,0,0,0,0,0,0,0,0,0,0,1,0,0,0,0,0,0,0,0,0,0,0,0,0,0,0,0,0
3345,0,4,16,7,0,0,8,17,1,1,3,3,0,0,0,2,1,1,1,0,1,1,5,0,0,0,1,0,0,0,0,0,0,3,0,0,0,0,0,0,0,3,0,1,0,1,0,0,0,0,0,0,0,0,0,0,0,0,0,0,0,0,0,0,0,0,0,0,0,0,0,0,0,0,0,0
3346,0,4,25,18,0,3,15,8,3,0,0,4,1,0,0,3,0,2,0,0,0,1,3,0,1,0,0,1,0,0,0,3,0,1,1,0,0,7,0,1,0,0,0,0,0,0,0,2,0,0,0,1,1,0,0,0,0,0,0,1,0,0,0,0,0,0,0,0,0,0,0,0,0,0,0,0
3347,0,2,8,6,2,0,4,3,1,3,0,2,0,0,0,4,2,0,1,0,0,0,0,0,0,0,0,0,0,0,1,0,0,2,0,3,0,2,0,0,0,1,0,0,0,0,0,0,1,0,0,0,2,0,0,0,0,1,0,0,0,0,0,1,0,0,0,0,0,0,0,0,0,0,0,0
3348,0,5,12,8,0,0,7,7,0,0,0,4,0,0,0,1,1,3,0,0,0,0,2,0,0,1,1,0,0,1,3,1,1,1,0,0,0,1,0,0,0,1,2,0,0,0,0,5,0,0,0,0,0,0,0,0,0,0,0,0,0,0,0,0,0,0,0,0,0,0,0,0,1,0,0,0
3349,0,2,19,12,1,1,18,6,2,9,0,6,1,0,0,3,2,0,0,0,0,1,5,0,1,0,3,0,0,0,3,0,0,3,0,0,0,2,1,0,0,1,2,1,0,0,0,1,0,0,0,0,0,0,0,0,0,0,1,1,0,0,0,0,0,0,0,0,0,0,0,0,0,0,0,0
3350,1,7,29,23,0,5,34,12,2,4,0,2,0,1,0,4,5,1,0,0,0,2,4,0,0,0,0,0,0,0,4,2,0,4,0,0,0,5,1,1,0,5,1,2,0,0,0,2,0,0,0,0,1,0,0,0,0,1,1,0,0,0,0,0,0,0,0,0,0,0,0,0,1,0,0,0
3351,0,5,15,9,0,0,4,0,0,0,0,1,0,0,0,1,0,0,0,0,0,1,0,0,1,1,0,1,0,0,0,0,0,1,0,0,0,0,0,0,0,1,1,0,0,0,0,0,0,0,0,0,0,0,0,0,0,0,0,0,0,0,0,0,0,0,0,0,0,0,0,0,0,0,0,0
3352,0,1,8,4,0,0,7,6,2,1,0,1,0,0,0,1,1,0,0,0,0,0,0,0,0,0,0,0,0,0,2,0,0,0,0,0,0,0,0,0,0,1,0,0,0,0,0,0,0,0,0,0,0,0,0,0,0,0,1,0,0,0,0,0,0,0,0,0,0,0,0,0,1,0,0,0
3353,0,3,12,10,0,1,6,19,0,2,0,1,2,0,0,0,0,0,1,1,0,0,1,0,0,1,0,0,1,0,0,0,0,2,2,0,0,1,0,0,0,2,0,0,0,0,0,0,0,0,0,0,1,0,0,0,0,0,1,0,0,0,0,0,0,0,0,0,0,0,1,0,1,0,0,0
3354,0,1,8,3,0,0,6,1,0,2,0,0,0,0,0,1,3,3,0,0,0,0,1,0,0,0,0,0,0,0,0,0,0,0,0,0,0,0,0,0,0,2,0,0,0,0,0,0,0,0,0,0,0,0,0,0,0,0,0,0,0,0,0,0,0,0,0,0,0,0,0,0,0,0,0,0
3355,0,1,15,11,1,1,9,4,1,0,0,0,2,0,0,1,1,1,2,0,0,1,0,0,0,1,2,2,0,0,4,0,1,0,0,0,0,1,0,0,0,2,0,0,0,0,0,0,0,0,0,0,2,0,0,0,0,0,0,2,0,0,0,0,0,0,0,0,0,0,0,0,2,0,0,0
3356,0,1,20,4,0,0,5,0,1,0,0,4,0,0,0,1,0,0,1,0,0,0,0,0,0,2,0,1,0,0,0,0,0,0,0,0,0,1,0,0,0,0,0,1,0,0,0,0,0,0,0,0,0,0,0,0,0,0,1,0,0,0,0,0,0,0,0,0,0,0,0,0,0,0,0,0
3357,0,1,12,7,0,0,13,2,0,1,0,2,0,0,0,1,0,0,0,1,0,1,0,0,0,2,0,0,0,0,0,0,0,0,0,0,0,0,1,0,0,1,0,2,0,0,0,0,0,0,0,0,0,0,0,0,0,0,0,0,0,0,0,0,0,0,0,0,0,0,0,0,0,0,0,0
3358,0,2,4,4,0,0,2,2,4,1,0,0,2,0,0,0,0,1,0,0,0,0,0,0,0,0,0,0,0,0,0,0,0,0,0,0,0,0,0,0,0,0,0,0,0,0,0,0,0,0,0,0,1,0,0,0,0,0,0,0,0,0,0,0,0,0,0,0,0,0,0,0,1,0,0,0
3359,0,1,1,2,0,5,27,8,1,1,0,5,0,0,0,2,0,1,1,0,0,2,1,0,0,1,0,1,0,0,0,0,0,0,0,0,0,0,0,0,0,4,0,0,0,0,0,0,0,0,0,0,0,0,0,0,0,0,0,0,0,1,0,0,0,0,0,0,0,0,0,0,0,0,0,0
3360,0,1,4,5,0,0,5,11,1,2,0,1,0,0,0,0,0,4,0,1,0,0,1,0,0,0,0,1,0,0,1,0,1,0,0,0,0,0,0,1,0,2,1,0,0,0,0,0,0,0,0,2,2,0,0,0,0,0,0,1,0,0,0,0,0,0,0,0,0,0,0,0,0,0,0,0
3363,0,0,12,4,0,4,18,6,1,4,0,6,2,0,0,0,3,1,0,0,0,0,0,0,0,1,0,0,0,0,1,0,0,0,0,0,0,1,0,0,0,6,0,1,0,0,0,0,0,0,0,0,0,0,0,0,0,0,0,0,0,0,0,0,1,0,0,0,0,0,0,0,0,0,0,0
3364,0,3,11,5,0,4,13,3,0,1,0,4,2,0,0,2,0,6,1,1,0,0,0,0,0,0,0,0,0,0,2,0,0,0,0,0,0,0,0,0,0,0,0,1,0,0,0,0,0,0,0,0,1,0,0,0,0,0,0,2,0,0,0,0,0,0,0,0,0,0,1,0,1,0,0,0
3365,1,2,7,1,0,0,5,7,0,0,1,2,0,0,0,2,2,1,0,0,0,3,2,0,0,0,1,0,0,0,0,4,1,0,0,2,0,0,1,0,0,0,0,0,0,0,0,1,0,0,0,2,0,0,0,0,0,0,0,0,0,1,0,0,1,0,0,0,0,1,0,0,0,0,0,0
3366,0,2,15,5,0,0,0,0,0,1,0,2,0,0,0,0,0,1,0,0,0,0,0,0,0,0,1,1,0,0,0,0,0,0,0,0,0,0,0,0,0,0,0,0,0,0,0,0,0,0,0,3,0,0,0,0,0,0,1,0,0,0,0,0,0,0,0,0,0,0,0,0,0,0,0,0
3367,0,1,4,1,0,1,3,4,0,1,0,4,0,0,0,4,0,1,0,0,0,0,1,0,0,0,1,0,0,1,0,0,1,0,0,0,0,0,1,0,1,1,0,0,2,0,0,0,1,0,0,0,0,0,0,0,0,0,0,0,0,0,0,0,0,0,0,0,0,0,0,0,0,0,0,0
3368,0,3,15,5,0,0,0,1,0,0,0,3,0,0,0,0,0,0,2,1,0,0,0,0,0,0,0,0,0,0,0,0,0,0,0,0,0,0,0,0,0,0,0,1,0,0,0,0,0,0,0,0,0,0,0,0,0,0,0,0,0,0,0,0,0,0,0,0,0,0,0,0,0,0,0,0
3369,1,3,13,13,0,5,15,13,0,10,0,3,1,0,0,6,0,6,0,0,0,0,2,2,0,0,0,0,0,0,0,0,0,0,0,0,1,1,0,1,0,3,0,0,1,0,0,0,0,0,0,0,2,0,0,0,0,0,0,0,0,1,0,0,0,0,0,0,0,0,0,0,0,0,0,0
3384,0,13,27,16,0,2,22,10,3,10,0,1,0,0,0,7,3,1,1,0,0,2,11,0,0,0,0,1,2,0,2,0,0,3,0,0,1,5,0,1,0,2,1,0,0,0,0,0,0,0,0,0,2,0,1,0,0,0,0,1,0,0,0,0,0,0,0,0,0,0,0,0,0,0,0,0
3385,0,1,6,5,0,0,3,5,0,1,0,0,0,0,0,0,0,1,0,3,0,0,0,0,2,0,0,0,0,0,0,0,1,1,0,0,0,0,0,0,0,0,0,0,0,0,0,0,0,0,0,0,0,0,0,0,0,0,0,0,0,0,0,0,0,0,1,0,0,0,0,0,0,0,0,0
3386,0,7,27,19,0,0,7,4,4,1,1,5,0,0,0,4,0,1,0,1,1,0,2,0,0,0,0,0,0,5,1,0,1,1,0,0,0,6,0,0,0,3,0,0,0,0,0,1,0,0,0,0,0,0,0,0,0,0,1,0,0,0,0,0,0,0,0,0,0,0,0,0,0,0,0,0
3387,0,6,18,13,1,1,2,11,1,2,1,6,0,0,0,3,0,1,1,0,1,0,0,1,0,0,0,2,0,1,1,1,0,0,0,2,0,6,1,0,0,0,0,0,0,0,0,0,0,0,1,0,4,0,2,0,0,0,0,0,0,0,0,1,0,0,0,0,0,0,0,0,0,0,0,0
3388,0,4,44,21,0,2,23,10,5,9,0,4,2,0,0,4,3,4,0,1,0,1,6,0,1,0,0,1,0,0,1,1,0,3,0,0,1,6,1,0,0,5,1,0,2,0,0,1,0,0,0,0,2,0,0,0,0,0,1,0,0,0,0,0,0,0,0,0,0,0,0,0,0,0,0,0
3389,0,0,3,2,0,0,3,8,0,3,0,2,0,0,1,0,0,1,0,0,0,0,0,3,0,0,0,0,0,0,2,0,0,0,0,0,0,1,0,0,0,0,1,0,0,0,0,0,0,0,2,0,0,0,0,0,0,0,0,0,0,0,0,1,0,0,0,0,0,0,0,0,0,0,0,0
3390,0,0,16,8,0,0,0,2,1,2,0,1,0,0,0,0,0,0,0,0,0,0,0,0,0,0,0,0,0,0,0,1,0,0,0,0,0,2,0,1,0,0,1,0,0,0,0,0,0,0,0,0,0,0,0,0,0,0,1,0,0,0,0,0,0,0,0,0,0,0,0,0,2,0,0,0
3391,0,6,26,11,0,0,9,9,0,3,0,3,0,0,0,5,1,0,0,0,0,0,2,0,0,0,0,0,0,0,2,0,1,2,0,0,0,3,0,0,0,6,1,0,0,0,0,0,0,0,0,0,2,0,0,0,0,0,0,0,0,0,0,0,0,0,0,0,0,0,0,0,1,0,0,0
3392,0,12,35,24,2,7,23,15,3,2,0,5,1,0,0,5,2,5,1,0,1,0,2,0,0,0,0,0,0,0,1,1,0,3,0,0,0,2,1,1,0,1,0,1,0,1,0,1,1,0,0,0,0,0,0,0,0,0,0,1,0,0,0,0,0,0,0,0,0,0,0,0,1,0,0,0
3393,0,7,24,26,0,2,17,10,4,1,0,1,0,0,0,2,2,5,0,0,0,1,2,0,0,2,0,1,0,0,1,0,1,3,0,0,0,2,0,0,0,2,2,0,0,0,0,0,0,0,0,0,0,0,0,0,0,0,0,3,0,0,0,0,0,0,1,0,0,0,0,0,2,0,0,0
3394,1,0,2,2,0,2,9,10,1,2,0,1,1,0,0,1,1,0,0,0,1,0,1,0,0,0,0,2,0,0,0,0,0,0,0,0,0,2,0,1,0,4,0,0,0,0,0,0,0,0,0,0,0,0,0,0,0,0,0,0,0,0,0,0,0,0,0,0,0,0,0,0,0,0,0,0
3395,0,2,8,5,0,0,14,2,1,2,0,0,0,0,0,2,1,3,0,0,0,1,1,0,0,1,0,0,0,0,1,0,1,1,0,0,0,0,0,0,0,0,0,0,0,0,0,1,0,0,0,0,0,0,0,0,0,0,0,0,0,1,0,0,0,0,0,0,0,0,0,0,1,0,0,0
3396,0,0,10,14,0,0,2,0,1,0,0,1,0,0,0,0,0,0,0,1,0,0,1,0,0,0,0,0,1,0,0,0,0,0,0,0,0,1,0,0,0,0,0,0,0,0,0,0,0,0,0,0,1,0,0,0,0,1,0,0,0,0,0,0,0,0,0,0,0,0,0,0,0,0,0,0
3397,0,2,19,7,0,0,17,5,1,1,0,8,1,0,0,3,1,0,0,1,0,1,3,0,0,1,0,0,0,0,1,0,0,1,0,0,0,4,0,0,0,1,1,5,0,0,0,0,0,0,0,0,1,0,0,1,0,0,0,0,0,0,0,0,0,0,0,0,0,0,0,0,0,0,0,0
3398,0,0,3,0,0,0,10,3,0,3,0,0,0,0,0,1,0,2,0,0,0,0,0,0,0,0,0,0,1,0,0,1,0,1,0,0,0,0,0,0,0,2,0,0,0,0,0,0,0,0,0,0,0,0,0,0,0,1,0,0,0,0,0,0,0,0,0,0,0,0,0,0,0,0,0,0
3399,0,2,7,6,1,0,7,0,2,0,0,3,0,0,0,0,1,0,0,0,0,1,0,0,0,0,0,0,0,0,1,0,0,1,0,0,0,0,0,0,0,0,0,0,0,0,0,0,0,0,0,0,0,0,0,0,0,1,0,1,0,0,0,1,0,0,0,0,0,0,0,0,0,0,0,0
3400,0,4,14,10,0,0,24,6,0,3,0,5,0,0,1,3,2,0,0,1,0,0,4,0,0,0,0,1,0,0,1,0,0,6,0,0,0,10,0,0,0,3,1,1,0,0,0,1,0,0,0,0,1,0,0,0,0,0,0,0,0,0,0,0,0,0,0,0,0,0,0,0,0,0,0,0
3401,1,9,30,21,1,5,11,6,1,6,0,2,0,0,0,6,1,7,0,1,0,0,5,0,0,0,1,0,0,0,2,0,0,3,0,0,1,4,0,0,0,2,1,0,0,0,0,0,0,0,0,0,1,0,0,0,0,0,0,0,0,0,0,0,0,0,0,0,0,0,0,0,1,0,0,0
3402,0,1,14,2,0,2,11,5,0,2,0,2,0,0,0,2,1,0,0,0,0,0,1,0,0,0,1,0,1,0,1,0,0,2,0,0,0,2,0,0,0,2,0,0,0,0,0,0,0,0,0,0,0,0,0,0,0,0,1,1,0,0,0,0,0,0,0,0,0,0,0,0,1,0,0,0
3403,0,6,27,10,0,9,28,6,6,6,0,8,0,0,0,3,5,0,0,0,0,0,5,0,0,1,1,2,0,0,3,0,1,6,0,0,0,7,1,0,0,2,5,0,0,0,1,0,0,0,0,0,0,0,0,0,0,1,1,0,0,1,0,0,1,0,0,0,0,0,0,0,0,0,0,0
3404,0,3,11,10,0,0,0,1,0,0,0,0,0,0,0,3,0,0,0,0,0,0,0,0,0,0,0,0,0,0,0,0,0,0,0,0,0,2,0,0,0,0,0,0,0,0,0,0,0,0,0,0,0,0,0,0,0,0,0,0,0,0,0,0,0,0,0,0,0,0,0,0,0,0,0,0
3406,0,2,7,1,0,0,18,4,0,1,0,3,0,0,0,2,2,2,0,1,0,0,2,0,1,0,1,0,0,0,1,0,1,1,0,0,0,0,0,0,0,3,0,0,0,0,0,0,1,0,0,0,0,0,0,0,0,0,0,2,0,0,0,0,0,0,0,0,0,0,0,0,0,0,0,0
3407,0,6,34,21,0,2,16,3,1,0,0,4,1,0,0,2,1,2,0,0,0,1,3,0,0,0,0,0,0,0,1,0,0,0,0,0,0,6,0,0,0,4,0,0,0,0,0,0,1,0,0,0,0,0,0,0,0,0,0,0,0,0,0,0,0,0,0,0,0,0,0,0,0,0,0,0
3408,0,0,3,1,0,1,8,1,0,4,0,0,0,0,0,0,0,1,0,0,0,0,0,0,0,0,0,0,0,0,0,0,0,0,0,0,0,2,0,0,0,0,0,0,0,0,0,0,0,0,0,0,0,0,0,0,0,0,0,0,0,0,0,0,0,0,0,0,0,0,0,0,0,0,0,0
3409,0,8,13,7,0,3,14,3,4,2,0,7,0,0,0,2,2,6,0,0,0,1,0,0,0,0,1,0,0,1,0,0,0,0,0,0,0,3,0,0,0,4,1,0,0,0,0,0,0,0,0,0,0,0,0,0,0,0,0,0,0,0,0,0,0,0,0,0,0,0,0,0,0,0,0,0
3410,0,2,8,4,0,9,21,5,1,2,0,3,0,0,0,1,1,8,1,1,0,0,3,0,1,1,0,0,0,0,0,0,0,0,0,0,0,2,0,0,0,5,0,0,0,0,0,0,0,0,0,0,3,0,0,0,0,0,1,0,0,0,0,0,0,0,0,0,0,0,0,0,0,0,0,0
3411,0,0,3,2,0,3,10,13,0,0,0,0,0,0,0,0,2,0,0,0,0,0,0,0,1,0,1,0,0,0,1,1,1,0,0,0,0,0,0,0,0,1,0,0,0,0,0,0,0,0,0,0,1,0,0,0,0,1,0,0,0,1,0,0,0,0,1,0,0,0,0,0,0,0,0,0
3412,0,0,8,2,0,0,0,6,0,1,0,3,0,1,0,1,0,2,0,0,0,1,0,0,0,3,0,0,0,0,0,2,0,0,0,4,0,0,0,0,0,0,0,0,0,0,0,0,0,0,0,3,0,0,0,0,0,0,1,0,0,0,0,0,0,0,0,0,0,0,0,0,0,0,0,0
3413,0,3,20,9,0,4,7,7,0,5,0,7,0,0,0,3,1,2,0,0,0,1,4,0,1,1,0,1,0,0,2,3,0,1,0,0,1,1,0,0,0,0,0,0,0,1,0,0,0,0,0,1,2,0,0,0,0,1,0,0,0,0,0,1,0,0,0,0,0,0,0,0,0,0,0,0
3425,0,7,19,17,0,0,2,17,0,1,1,4,0,0,0,0,0,1,1,0,1,0,0,0,0,2,0,3,0,0,0,3,0,0,0,0,0,2,1,1,0,1,0,0,0,0,0,0,0,0,0,0,0,0,0,0,0,0,0,0,0,0,0,0,0,0,0,0,0,0,0,0,0,0,0,0
3426,0,8,19,15,0,0,5,4,0,0,0,1,0,0,0,1,1,0,1,0,0,0,2,0,0,0,0,1,0,0,1,0,1,0,0,0,0,0,1,0,0,0,2,0,0,0,0,0,0,0,0,0,0,0,0,0,0,0,1,0,0,0,0,0,0,0,0,0,0,0,0,0,0,0,0,0
3427,0,3,11,2,0,0,3,31,2,1,1,11,0,0,0,0,0,0,1,0,3,0,0,2,0,0,0,2,0,0,0,5,0,0,0,7,0,1,0,2,0,0,0,0,0,0,0,0,0,0,0,0,0,0,0,0,0,0,0,0,0,0,0,0,1,0,0,0,0,0,0,0,1,0,0,0
3428,0,2,7,4,0,0,6,5,0,1,0,3,0,0,0,0,2,1,1,0,0,0,0,0,1,0,0,1,0,0,0,1,0,2,0,0,0,2,0,0,0,3,0,0,0,0,0,0,0,0,0,0,0,0,0,0,0,0,0,0,0,0,0,0,0,0,0,0,0,0,0,0,0,0,0,0
3429,0,2,10,8,0,0,3,1,0,0,0,2,0,0,0,0,0,4,1,0,0,1,3,0,0,0,0,0,0,0,0,1,0,0,0,0,0,3,0,0,0,0,0,0,0,0,0,0,0,0,1,0,0,0,0,0,0,0,0,0,0,0,0,0,0,0,0,0,0,0,0,0,0,0,0,0
3430,0,0,9,5,0,2,8,5,1,8,0,0,0,0,0,3,2,1,0,0,0,2,1,0,0,0,0,0,0,0,0,0,0,2,0,0,0,0,0,1,0,1,0,0,0,0,0,0,0,0,0,0,0,0,0,0,0,0,1,0,0,0,0,0,0,0,0,0,0,0,0,0,0,0,0,0
3431,1,1,21,9,0,1,8,14,0,2,0,6,1,0,0,4,2,1,0,2,2,2,6,0,1,0,0,4,0,0,0,2,0,0,0,0,0,8,0,1,0,2,0,0,0,0,0,3,0,0,0,0,0,0,0,0,1,0,1,0,0,0,0,0,0,0,0,0,0,0,0,0,0,0,0,0
3432,2,3,18,10,10,0,0,10,2,0,0,4,0,0,1,0,0,0,0,0,0,1,0,1,0,0,0,1,1,0,3,1,0,0,0,2,5,0,0,0,0,0,0,2,0,1,0,0,0,0,2,0,0,0,0,0,0,0,0,1,0,0,0,1,0,0,0,0,0,0,0,0,0,0,0,0
3433,0,11,31,24,0,1,21,6,3,3,0,2,0,0,0,0,2,1,0,0,0,0,5,1,1,0,0,1,1,0,4,1,0,7,0,0,1,2,0,1,0,1,1,0,0,0,0,0,1,0,0,0,0,0,2,0,0,0,0,0,0,0,0,0,0,0,0,0,0,0,0,0,0,0,0,0
3434,0,4,8,11,0,0,1,0,1,0,1,1,0,0,0,1,0,0,0,0,0,1,1,0,0,0,0,0,0,0,0,0,0,0,0,0,0,0,0,0,0,0,0,0,0,0,0,0,0,0,0,0,0,0,0,0,0,0,0,1,0,0,0,0,0,0,0,0,0,0,0,0,0,0,0,0
3435,0,6,16,13,0,0,14,4,4,3,0,3,0,0,0,4,0,0,1,0,0,0,3,0,0,0,0,0,0,0,0,1,2,5,0,0,0,3,0,0,0,1,0,0,0,0,0,0,0,0,0,0,1,0,0,0,0,0,0,1,0,0,0,0,0,0,0,0,0,0,0,0,1,0,0,0
3436,0,3,7,5,0,0,0,3,0,0,0,0,0,0,0,1,0,2,0,0,0,0,0,0,0,0,0,0,0,0,0,0,0,0,0,0,0,3,0,0,0,0,0,0,0,0,0,2,0,0,0,0,0,0,0,0,0,0,0,0,0,0,0,0,0,0,0,0,0,0,0,0,0,0,0,0
3437,0,4,29,16,0,1,16,11,3,5,1,3,0,0,0,2,0,2,0,1,1,0,1,0,0,1,0,3,0,0,1,1,0,1,0,0,0,5,0,0,0,1,1,0,0,0,0,1,0,0,0,0,1,0,0,0,0,1,0,0,0,0,0,0,0,0,0,0,0,0,0,0,0,0,0,0
3438,0,6,18,11,0,1,4,1,2,1,0,1,0,0,0,1,2,0,0,0,0,0,2,0,0,0,0,0,0,0,0,0,0,1,0,0,0,1,0,0,0,0,1,0,0,0,0,0,1,0,0,0,2,0,0,0,0,0,0,1,0,0,0,0,0,0,0,0,0,0,0,0,0,0,0,0
3439,0,0,11,8,0,2,2,1,1,2,0,1,1,0,0,2,0,2,0,0,0,1,1,0,0,0,1,0,0,0,1,0,0,1,0,0,0,4,0,0,0,1,0,0,0,0,0,0,0,0,0,0,0,0,0,0,0,0,0,1,0,0,0,0,0,0,0,0,0,0,0,0,0,0,0,0
3440,0,3,17,6,0,0,1,1,1,0,0,3,0,0,0,0,2,0,0,0,0,0,0,0,0,1,0,0,0,0,0,0,0,0,0,0,0,2,0,0,0,1,0,1,0,0,0,0,0,0,0,0,1,0,0,0,0,0,1,2,0,0,0,0,0,0,0,0,0,0,0,0,0,0,0,0
3441,0,0,21,10,0,0,2,0,1,3,0,6,0,0,0,1,0,0,0,1,0,0,0,0,0,0,1,0,0,0,0,0,1,0,0,0,0,4,0,0,0,1,0,2,0,0,0,0,0,0,0,0,0,0,0,0,0,0,0,0,0,0,0,0,0,0,1,0,0,0,0,0,0,0,0,0
3442,0,7,14,5,0,4,5,5,1,2,0,1,0,0,0,1,1,1,0,2,0,1,1,0,0,0,0,0,0,0,1,0,1,0,0,0,0,0,1,0,0,2,0,0,0,0,0,1,0,0,0,0,0,0,0,0,0,0,0,0,0,0,0,0,0,0,0,0,0,0,0,0,0,0,0,0
3443,0,2,5,5,0,0,5,5,4,2,0,1,0,0,0,0,0,2,0,0,0,0,0,0,0,0,0,0,0,0,2,0,0,0,0,0,0,2,0,0,0,0,0,0,0,0,0,0,1,0,0,0,1,0,0,0,0,0,0,0,0,0,0,0,0,0,0,0,0,0,0,0,0,0,0,0
3444,0,9,14,7,0,11,17,8,3,0,0,4,0,0,0,4,1,3,1,0,0,2,3,0,0,2,0,0,0,1,2,0,0,1,0,0,0,1,0,0,0,0,0,2,0,0,0,0,0,0,0,0,3,0,0,0,0,2,0,0,0,0,0,0,0,0,0,0,0,0,0,0,0,0,0,0
3445,0,0,2,1,0,2,8,4,1,1,0,2,0,0,0,0,0,3,0,0,0,0,3,0,1,0,0,0,0,0,2,0,1,0,0,0,0,2,0,0,0,3,0,0,0,0,0,0,0,0,0,0,0,0,0,0,0,0,0,0,0,0,0,0,0,0,0,0,0,0,0,0,0,0,0,0
3447,0,2,25,13,0,6,11,6,3,1,0,3,0,0,0,1,0,3,0,0,0,0,1,0,0,0,0,1,0,0,1,2,0,1,0,0,0,0,0,0,0,2,1,0,0,0,0,0,1,0,0,1,0,0,0,0,0,0,1,1,1,0,0,0,0,0,0,0,0,0,0,0,0,0,0,0
3448,0,1,0,1,0,1,9,3,0,4,0,4,0,0,0,0,2,1,0,0,0,0,2,0,0,1,0,0,0,0,0,0,0,0,0,0,0,1,1,0,0,1,0,1,0,0,0,0,0,0,0,0,0,0,0,0,0,0,0,0,0,0,0,0,0,0,0,0,0,0,0,0,0,0,0,0
3449,0,2,9,0,0,4,6,4,2,1,0,2,0,0,0,2,1,0,0,0,0,1,0,0,0,0,0,0,0,0,0,0,0,0,0,0,0,2,0,0,0,2,1,0,0,0,0,0,0,0,0,0,1,0,0,0,0,0,0,0,0,0,0,0,0,0,0,0,0,0,0,0,0,0,0,0
3450,0,6,13,7,0,0,5,2,0,0,0,4,0,0,0,2,0,1,0,0,0,0,0,0,0,0,0,0,0,0,0,0,0,0,0,0,0,0,0,0,0,2,0,0,0,0,0,0,0,0,0,0,0,0,0,0,0,0,0,0,0,0,0,0,0,0,1,0,0,0,0,0,0,0,0,0
3452,0,0,0,0,0,0,6,6,0,1,0,1,0,0,0,1,0,2,0,0,0,0,2,0,0,0,0,1,0,0,0,0,0,0,0,0,0,0,0,0,0,1,1,0,0,0,0,0,1,0,0,0,1,0,0,0,0,0,1,1,0,0,0,0,0,0,0,0,0,0,0,0,0,0,0,0
3453,0,2,8,5,0,1,20,4,0,1,0,4,0,0,0,2,0,3,0,0,0,1,2,0,0,0,0,0,0,0,0,0,0,0,0,1,1,1,1,0,0,8,0,0,0,0,0,0,0,0,0,0,0,0,0,0,0,0,0,0,0,0,0,0,0,0,0,0,0,0,0,0,0,0,0,0
3454,0,2,9,13,0,0,3,0,2,0,0,0,0,0,0,1,0,1,0,0,0,0,0,0,0,0,0,0,0,0,0,0,0,0,0,0,0,0,0,0,0,0,0,1,0,0,0,0,0,0,0,0,0,0,0,0,0,0,0,0,0,0,0,0,0,0,0,0,0,0,0,0,0,0,0,0
3455,0,0,1,1,0,4,10,4,0,2,0,4,1,0,0,0,0,0,0,0,0,0,3,0,0,0,0,0,0,0,0,0,0,0,0,0,0,2,0,0,0,7,0,0,0,0,0,1,0,0,0,0,0,0,0,0,0,1,0,0,0,1,0,0,0,0,0,0,0,0,0,0,0,0,0,0
3456,0,0,7,1,0,0,5,6,0,0,0,2,0,0,0,0,0,0,0,0,0,0,0,0,0,2,0,0,0,0,0,2,0,0,0,1,0,1,0,0,1,1,0,0,0,0,0,0,0,0,0,5,0,1,0,0,0,0,1,0,0,0,0,0,0,0,0,0,0,0,1,0,0,0,0,0
3458,0,13,21,11,0,5,14,1,1,1,0,3,0,0,0,3,1,5,0,0,0,1,3,0,2,0,0,0,0,0,1,2,0,0,0,2,0,1,1,0,0,3,0,0,0,0,0,2,0,0,0,0,1,0,0,0,0,0,0,0,0,0,0,0,0,0,0,0,0,0,0,0,0,0,0,0
3459,0,13,31,17,0,17,17,20,6,4,0,8,1,0,0,5,4,7,0,0,1,2,7,0,2,0,0,0,0,3,0,1,0,0,0,0,0,2,0,0,0,7,0,1,0,0,0,0,1,0,0,0,1,0,0,0,0,2,2,0,0,0,0,0,0,0,0,0,0,0,0,0,0,0,0,0
3472,0,0,0,1,0,0,1,9,0,1,0,4,0,0,0,0,0,1,0,0,1,0,0,0,0,0,0,3,0,0,0,2,1,0,0,3,0,0,0,0,0,1,1,0,0,0,0,0,0,0,0,0,0,0,0,0,0,0,0,0,0,0,0,0,0,0,0,0,0,1,0,0,0,0,0,0
3473,0,2,11,9,0,1,7,3,0,6,1,2,0,0,1,6,0,0,0,0,0,0,5,0,0,0,0,0,0,0,0,2,0,0,0,0,0,2,0,0,0,0,1,0,0,0,0,0,0,0,0,0,0,0,0,0,1,0,1,1,0,0,0,0,0,0,0,1,0,0,0,0,0,0,0,0
3474,0,0,10,4,0,1,10,10,0,1,0,0,0,0,0,3,1,0,0,0,0,0,5,0,0,0,0,0,0,0,0,0,0,0,0,0,0,2,0,0,0,0,0,0,0,0,0,0,0,0,0,0,1,0,0,0,0,0,0,0,0,0,0,0,0,0,0,0,0,0,0,0,0,0,0,0
3475,0,3,24,17,0,0,5,6,1,5,0,4,0,0,0,0,1,1,2,0,0,0,0,0,1,0,0,1,0,0,0,0,0,1,0,0,0,0,0,0,0,0,2,0,0,0,0,1,0,0,0,0,0,0,0,0,0,0,0,1,0,0,0,1,0,0,0,0,0,0,0,0,0,0,0,0
3476,0,2,21,13,0,0,15,9,2,4,0,0,1,0,0,1,2,1,0,0,1,0,4,0,1,0,0,0,2,1,0,2,1,0,0,0,0,3,0,0,0,5,0,0,0,0,0,0,0,0,0,0,0,0,0,0,0,0,0,0,0,0,0,0,0,0,0,0,0,0,0,0,0,0,0,0
3477,0,12,24,15,0,0,9,4,1,1,0,2,1,0,0,1,1,1,0,0,0,0,6,0,0,0,0,0,0,0,3,0,0,2,0,0,0,4,0,0,0,0,1,0,0,0,0,0,0,0,1,0,1,0,0,0,0,0,0,1,0,0,0,0,0,0,0,0,0,0,0,0,0,0,0,0
3478,0,2,25,13,0,0,4,4,6,5,2,3,0,0,0,0,0,0,1,0,0,1,1,0,0,0,0,0,1,0,0,0,0,0,0,0,0,2,0,0,0,0,0,0,0,0,0,0,1,0,0,0,0,0,0,0,0,0,0,0,0,0,0,0,0,0,0,0,0,0,0,0,0,0,0,0
3479,0,4,10,0,0,1,1,12,0,0,1,1,0,0,0,0,2,0,1,2,1,0,0,0,1,1,0,2,0,0,0,1,1,0,0,1,0,1,0,0,0,0,0,0,0,0,0,0,0,0,0,0,1,0,0,0,0,0,1,0,0,0,0,0,0,0,0,0,0,0,0,0,0,0,0,0
3480,0,0,22,4,0,0,11,4,0,7,0,1,0,0,0,4,1,1,0,1,0,0,0,0,0,0,1,0,1,0,2,0,0,0,0,0,0,2,0,0,0,0,0,0,0,0,0,0,0,0,0,0,2,0,0,0,0,1,0,0,0,0,0,0,0,0,0,0,0,0,0,0,0,0,0,0
3481,0,7,7,4,0,1,1,1,0,1,0,0,0,0,0,1,0,2,0,1,0,0,1,0,0,1,0,0,1,0,0,0,0,1,0,0,0,0,0,0,0,0,0,0,0,0,0,0,0,0,0,0,0,0,0,0,0,0,0,0,0,0,0,0,0,0,0,0,0,0,0,0,0,0,0,0
3482,1,6,10,7,0,0,4,9,1,3,0,0,0,0,0,2,0,1,0,1,0,0,0,0,0,0,0,0,1,0,2,0,0,1,0,0,0,0,0,0,0,1,0,0,0,0,0,0,0,0,0,0,0,0,0,0,0,0,0,0,0,0,0,0,0,0,0,0,0,0,0,0,0,0,0,0
3483,0,3,15,5,0,2,8,3,1,0,0,2,0,0,0,1,0,0,0,0,0,3,0,0,1,0,0,0,0,0,0,1,0,1,0,0,0,4,0,0,0,1,1,0,0,0,0,1,1,0,0,0,1,0,0,0,0,0,1,1,0,0,0,0,0,0,0,0,0,0,0,0,0,0,0,0
3484,0,9,30,21,0,1,12,11,3,7,0,1,1,0,0,2,3,6,0,2,0,1,1,1,0,0,1,0,0,0,6,1,0,1,0,0,0,5,0,0,0,2,0,0,0,0,0,0,1,0,0,0,3,0,0,0,0,0,0,0,0,0,0,0,0,0,0,0,0,0,0,0,0,0,0,0
3485,0,1,19,9,0,0,15,8,1,2,0,1,0,0,0,2,0,4,0,0,0,0,0,0,0,0,0,2,0,0,1,1,0,0,0,0,0,1,1,0,0,2,0,0,0,0,0,1,0,0,0,1,0,0,0,0,0,0,1,1,0,0,0,0,0,0,0,0,0,0,0,0,0,0,0,0
3486,0,0,2,1,0,0,6,0,0,1,0,1,0,0,0,3,1,0,0,0,0,0,1,0,0,0,0,0,0,0,1,1,0,2,0,0,0,0,0,0,0,1,0,0,0,0,0,0,0,0,0,0,0,0,0,0,0,1,0,0,0,0,0,0,0,0,0,0,0,0,0,0,0,0,0,0
3487,0,1,18,5,0,0,8,5,0,2,0,0,0,0,0,2,0,0,0,0,0,1,5,0,0,1,0,0,0,0,3,0,0,1,0,0,1,2,0,0,0,3,0,0,0,0,0,1,0,0,0,0,0,0,0,0,0,0,1,0,1,0,0,0,0,0,0,0,0,0,0,0,0,0,0,0
3488,0,0,6,6,0,0,2,4,0,0,0,0,0,0,0,1,1,3,0,0,0,0,1,0,0,0,0,0,0,0,0,0,0,0,0,0,0,1,0,0,0,0,2,0,0,0,0,0,0,0,0,0,1,0,0,0,0,0,0,0,0,0,0,0,0,0,0,0,0,0,0,0,0,0,0,0
3489,0,1,19,8,0,0,14,3,0,1,0,6,0,0,0,1,1,1,0,1,1,0,0,0,1,0,0,0,0,0,1,0,2,3,0,0,0,1,0,0,0,0,0,0,0,0,0,1,0,0,0,0,0,0,0,0,0,0,0,0,0,0,0,0,0,0,0,0,0,0,0,0,1,0,0,0
3490,0,6,14,12,0,1,15,6,0,3,0,2,0,0,0,1,4,4,0,0,0,0,0,0,0,0,0,0,0,0,3,0,1,1,0,0,1,3,0,0,0,1,1,0,0,0,0,0,0,0,0,0,2,0,0,0,0,0,0,0,0,0,0,0,0,0,0,0,0,0,0,0,1,0,0,0
3491,0,2,18,7,0,2,10,2,1,5,0,1,0,0,0,1,2,1,0,0,0,0,0,0,0,0,1,0,0,0,1,0,0,0,0,0,1,1,0,0,0,2,0,0,0,0,0,0,0,0,0,0,0,0,0,0,0,0,1,0,0,0,0,0,0,0,0,0,0,0,0,0,1,0,0,0
3492,0,0,18,6,0,0,4,1,1,0,0,1,0,0,0,1,0,1,0,0,0,0,0,0,0,0,0,1,0,0,0,0,0,0,0,0,0,2,0,0,0,0,0,0,0,0,0,0,0,0,0,0,0,0,0,0,0,0,0,0,0,0,0,0,0,0,0,0,0,0,0,0,0,0,0,0
3493,0,0,12,3,0,1,18,2,0,3,0,1,0,0,0,1,2,2,0,0,0,1,0,0,1,0,0,0,0,0,4,0,0,1,0,0,0,3,0,0,0,5,0,0,0,0,0,0,1,0,0,0,0,0,0,0,0,0,0,0,0,1,0,0,0,0,0,0,0,0,0,0,1,0,0,0
3494,0,4,16,6,16,2,18,21,4,2,0,12,0,0,1,1,4,3,2,0,1,1,0,2,1,1,0,3,0,0,0,4,2,0,2,4,5,0,0,0,0,0,1,0,0,0,0,0,1,1,1,0,0,0,1,0,0,0,0,0,0,0,0,1,0,0,0,0,0,0,0,0,0,0,0,0
3496,0,2,5,2,0,0,2,2,0,1,0,0,0,0,0,3,1,1,0,0,0,0,0,0,0,0,0,0,0,0,1,0,0,1,0,0,0,1,0,0,0,1,0,0,0,0,0,1,0,0,0,0,0,0,0,0,0,1,0,0,0,1,0,0,0,0,0,0,0,0,0,0,0,0,0,0
3497,0,3,29,14,0,3,12,4,1,2,0,8,0,0,0,0,2,1,2,0,0,0,1,0,0,0,2,2,0,0,2,0,0,2,0,0,0,1,0,0,0,0,1,0,0,0,0,0,0,0,1,0,1,0,0,0,0,0,0,0,0,0,0,0,0,0,0,0,0,0,0,0,0,0,0,0
3498,0,0,4,2,0,0,9,12,2,0,0,0,0,0,0,2,0,1,0,0,0,0,0,0,2,0,0,0,0,0,2,0,0,0,0,0,0,1,0,0,0,0,0,0,0,0,0,0,0,0,0,0,0,0,0,0,0,0,0,0,0,0,0,0,0,0,0,0,0,0,0,0,0,0,0,0
3499,0,1,0,0,0,1,6,2,1,4,0,5,0,0,0,2,0,0,0,0,0,0,1,0,0,0,1,1,0,0,0,0,0,0,0,0,0,1,0,0,0,0,0,0,0,0,0,0,0,0,0,0,0,0,0,0,0,0,0,0,0,0,0,0,0,0,0,0,0,0,0,0,0,0,0,0
3501,0,2,1,0,0,0,3,4,1,1,0,1,0,0,0,0,0,0,0,1,0,2,0,1,0,0,1,0,0,0,0,0,0,0,0,0,0,1,0,0,0,1,0,0,0,0,0,0,0,0,0,0,0,0,0,0,0,0,0,0,0,1,0,0,0,0,0,0,0,0,0,0,0,0,0,0
3502,0,0,1,1,0,1,10,2,0,1,0,3,0,0,0,1,3,0,0,0,0,2,1,0,0,0,0,2,0,0,1,0,1,0,0,0,0,1,0,1,0,4,0,0,0,0,0,0,0,0,0,0,0,0,0,0,0,0,0,0,0,0,0,0,0,0,0,0,0,0,0,0,0,0,1,0
3503,0,0,10,2,0,9,21,11,0,3,0,4,1,0,0,0,5,1,0,1,0,2,4,0,0,1,3,0,0,0,0,0,1,2,0,0,0,2,0,0,0,4,0,0,0,0,0,0,0,0,0,0,0,0,0,0,0,1,1,2,0,0,0,0,0,0,1,0,0,0,0,0,0,0,0,0
3504,0,0,7,3,0,2,13,4,0,0,0,3,0,0,0,2,1,0,1,0,0,0,1,0,0,0,0,0,1,0,0,0,0,1,0,0,0,0,0,0,0,0,0,0,0,0,0,0,0,0,0,0,0,0,0,0,0,0,0,0,0,0,0,0,0,0,0,0,0,0,0,0,0,0,0,0
3505,0,4,7,9,0,4,21,4,0,3,0,9,0,0,0,2,4,0,0,0,0,0,7,0,0,0,1,0,0,0,1,0,0,1,0,0,0,1,0,0,0,7,0,0,0,0,0,0,0,0,0,0,0,0,0,0,0,0,0,0,0,0,0,0,0,0,0,0,0,0,0,0,0,0,0,0
3506,0,1,7,0,0,1,8,0,1,3,0,0,0,0,0,2,0,3,0,0,0,0,2,0,0,0,0,0,0,0,0,0,0,0,0,0,0,1,1,0,0,6,0,1,0,0,0,0,0,0,0,0,0,0,0,0,0,1,1,0,0,0,0,0,0,0,0,0,0,0,0,0,0,0,0,0
3507,0,7,14,6,0,3,0,3,1,2,0,1,0,0,0,2,3,1,0,0,0,0,0,0,0,0,0,0,0,0,1,0,0,0,0,0,0,0,0,0,1,1,0,0,0,0,0,0,0,0,0,0,0,0,0,0,0,1,0,1,0,0,0,0,0,0,0,0,0,0,0,0,0,0,0,0
3508,0,0,1,2,0,1,13,1,1,1,0,1,1,0,0,1,1,2,0,0,0,2,4,0,1,0,0,0,0,0,0,0,0,0,0,0,0,3,0,0,0,0,0,0,0,0,0,0,0,0,0,0,1,0,0,0,0,0,0,1,0,0,0,0,0,0,0,0,0,0,0,0,0,0,0,0
3531,0,3,0,5,0,0,4,3,1,0,0,1,0,0,0,1,0,1,0,0,0,1,0,1,0,0,0,0,0,1,0,0,0,1,0,0,0,2,1,0,0,1,0,0,0,0,0,0,0,0,0,0,1,0,0,0,0,0,2,0,0,0,0,0,0,0,0,0,0,0,0,0,0,0,0,0
3532,0,0,2,0,0,0,7,11,1,1,0,2,0,0,0,0,0,2,0,0,0,0,1,0,0,0,0,0,0,0,0,0,1,1,0,0,1,0,0,0,0,0,0,0,0,0,0,0,0,0,0,0,0,0,0,0,0,0,1,0,0,0,0,0,0,0,0,0,0,0,0,0,0,0,0,0
3533,0,8,21,14,0,0,9,5,0,3,0,0,0,0,0,2,1,4,0,0,0,0,0,0,0,0,0,0,2,0,2,0,1,2,0,0,0,5,0,0,0,1,1,0,0,0,0,0,0,0,0,0,1,0,0,0,0,0,0,1,0,0,0,0,0,0,0,0,0,0,0,0,0,0,0,0
3534,0,1,3,2,1,0,1,2,2,2,0,2,0,0,0,3,0,0,1,0,0,0,3,0,0,0,1,0,0,0,0,0,0,0,0,1,0,4,0,1,0,1,0,0,0,0,0,0,0,0,0,0,1,0,0,0,0,0,0,0,0,0,0,0,0,0,0,0,0,0,0,0,0,0,0,0
3536,0,10,36,5,1,0,14,16,1,0,1,0,0,0,0,4,2,2,0,1,0,1,2,0,1,0,2,0,0,0,0,0,0,0,0,1,1,3,0,0,0,0,1,1,0,0,0,0,0,0,0,0,0,0,0,0,0,0,0,1,0,0,0,0,0,0,0,0,0,0,0,0,0,0,0,0
3537,0,2,9,4,0,0,0,3,1,1,0,1,0,0,0,2,2,1,0,0,0,0,0,0,0,0,0,0,2,0,0,0,0,3,0,0,0,1,0,0,0,0,0,0,0,0,0,0,0,0,0,0,0,0,0,0,0,0,0,0,0,0,0,0,0,0,0,0,0,0,1,0,0,0,0,0
3538,0,2,7,3,0,1,9,2,0,6,0,0,1,0,0,0,0,0,0,0,0,0,0,0,0,1,0,0,0,0,0,0,0,1,0,0,0,0,0,0,0,1,1,0,0,0,0,0,0,0,0,0,0,0,0,0,0,0,0,0,0,0,0,0,0,0,0,0,0,0,0,0,0,0,0,0
3539,0,1,18,12,0,1,9,5,3,1,0,0,0,0,0,3,2,2,0,0,0,1,2,0,0,0,1,0,1,1,1,3,0,0,0,0,0,0,1,1,0,0,0,0,0,0,0,0,0,0,0,0,2,0,0,0,0,0,1,0,0,0,0,0,0,0,0,0,0,0,0,0,0,1,0,0
3540,1,7,24,9,0,0,5,3,0,2,0,1,0,0,0,1,1,2,1,1,0,1,1,0,0,0,0,0,0,0,0,0,1,0,0,0,1,4,0,0,0,2,0,0,0,0,0,0,0,0,0,0,0,0,0,0,0,1,0,0,0,0,0,0,0,0,0,0,0,0,0,0,0,0,0,0
3541,0,6,11,16,0,0,4,2,0,0,1,0,0,0,0,3,0,0,0,0,0,0,6,0,0,0,0,0,0,0,1,0,0,4,0,0,0,0,0,0,0,0,0,0,0,0,0,0,0,0,0,0,0,0,0,0,0,0,0,0,0,0,0,0,0,0,0,0,0,0,0,0,0,0,0,0
3542,0,2,8,4,0,0,1,9,1,0,0,1,0,0,0,0,0,0,0,0,0,0,0,0,0,0,0,0,0,0,0,0,0,0,0,0,1,2,1,0,0,1,0,0,0,0,0,0,1,0,0,0,0,0,0,0,0,0,0,0,0,0,0,0,0,0,0,0,0,0,0,0,0,0,0,0
3544,0,0,1,1,0,0,9,1,1,0,0,0,0,0,0,0,2,0,0,0,0,0,0,0,0,0,0,0,0,0,0,1,0,1,0,0,0,0,0,0,0,1,2,0,0,0,0,0,0,0,0,0,0,0,0,0,0,0,0,0,0,0,0,0,0,0,0,0,0,0,0,0,0,0,0,0
3545,1,6,13,6,0,1,6,4,0,0,0,0,0,0,0,2,1,2,0,0,0,1,2,0,0,0,1,1,0,0,0,1,0,3,0,0,0,1,0,0,0,0,0,0,0,0,0,0,1,0,0,0,0,0,0,0,0,2,0,0,0,0,0,0,0,0,0,0,0,0,0,0,0,0,0,0
3546,0,2,8,1,0,0,1,1,0,0,0,1,0,0,0,4,0,0,0,0,0,0,0,0,0,1,0,0,0,0,0,0,0,0,0,0,0,2,0,0,0,0,0,0,0,0,0,0,0,0,0,0,0,0,0,0,0,0,0,0,0,0,0,0,0,0,0,0,0,0,0,0,0,0,0,0
3547,0,5,27,13,0,4,21,12,5,6,0,0,2,0,0,2,5,4,0,3,1,0,5,0,0,0,0,0,0,0,8,3,0,2,0,0,0,7,0,0,0,4,0,1,0,0,0,0,0,0,0,0,0,0,0,0,0,0,0,0,0,0,0,0,0,0,1,0,0,0,0,0,0,0,0,0
3548,0,1,6,1,0,0,10,1,0,3,0,5,0,0,0,0,1,2,0,1,0,1,4,0,0,0,0,0,0,0,3,0,0,0,0,0,0,1,2,0,0,3,0,0,0,0,0,0,0,0,0,0,0,0,0,0,0,0,0,0,0,0,0,0,0,0,0,0,0,0,0,0,1,0,0,0
3549,0,1,16,9,0,0,11,16,0,0,0,10,0,0,0,2,4,1,0,0,1,0,2,0,0,0,0,6,0,1,2,1,1,1,0,3,3,0,2,1,3,1,0,2,0,0,0,0,0,0,0,13,1,0,0,0,0,0,2,0,0,1,0,0,0,0,0,0,0,0,0,0,0,0,0,0
3550,0,1,11,3,0,2,14,3,1,5,0,1,0,0,0,1,1,1,0,0,0,0,0,0,0,1,0,0,1,0,2,0,0,2,0,0,0,2,0,0,0,4,2,0,0,0,0,0,0,0,0,0,1,0,0,0,0,0,0,1,0,0,0,0,0,0,0,0,0,0,0,0,0,0,0,0
3551,0,1,16,5,0,4,10,4,0,2,0,2,0,0,0,1,1,6,0,0,0,0,0,0,0,0,0,0,0,0,2,2,1,2,0,0,0,0,0,0,0,6,0,0,0,0,0,0,0,0,0,0,2,0,0,0,0,0,0,0,0,0,0,0,0,0,0,0,0,0,0,0,0,0,0,0
3552,1,10,38,13,0,10,33,14,3,2,0,6,0,0,0,8,2,4,1,2,0,0,4,0,1,0,1,0,0,0,2,0,0,0,0,0,0,3,1,0,0,4,1,0,0,0,0,0,0,0,0,0,0,0,0,0,0,0,1,1,0,1,0,0,0,0,0,0,0,0,0,0,1,0,0,0
3553,0,0,19,9,0,1,1,1,4,0,0,1,0,0,0,3,0,0,1,0,0,0,0,0,0,5,0,2,1,0,0,0,0,0,0,0,0,0,0,0,0,0,0,3,0,0,0,0,0,0,0,0,0,0,0,0,0,0,0,0,0,0,0,0,0,0,1,0,0,0,0,0,0,0,0,0
3554,0,8,23,18,0,5,12,7,0,0,0,0,0,0,0,1,0,1,0,2,0,0,4,0,0,1,1,0,0,0,1,1,0,0,0,0,0,5,0,0,1,0,1,0,0,0,0,0,0,0,0,0,1,0,0,0,0,1,0,1,0,0,0,0,0,0,0,0,0,0,0,0,0,0,0,0
3555,0,5,13,9,0,7,17,13,3,4,0,2,0,0,0,1,2,4,0,1,2,1,3,0,2,0,1,0,0,0,1,1,1,0,0,0,0,3,1,0,0,7,0,0,0,0,0,0,0,0,0,0,2,0,0,0,0,2,1,0,0,0,0,0,0,0,0,0,0,0,2,0,0,0,0,0
3556,0,7,54,17,0,7,25,6,2,0,1,5,1,0,0,0,1,1,0,0,0,0,1,0,2,1,0,1,0,0,0,3,1,0,0,0,0,0,0,0,0,6,1,0,0,0,0,0,0,0,0,0,1,0,0,0,0,0,0,0,0,1,0,0,0,0,0,0,0,2,0,0,0,0,0,0
3557,0,1,3,2,0,2,7,19,1,0,0,6,0,0,0,2,0,1,0,0,2,0,2,4,0,0,0,0,0,0,1,3,1,0,0,2,0,1,0,0,0,1,0,1,0,0,0,0,0,0,0,2,0,0,1,0,0,0,0,0,0,0,0,0,0,0,0,0,0,0,0,0,0,0,0,0
3558,0,3,17,3,0,3,12,6,1,3,0,6,0,0,0,0,1,4,0,0,0,1,1,0,0,0,1,0,0,0,0,0,0,2,0,0,0,1,0,0,0,3,1,1,1,0,0,2,0,0,0,0,0,0,0,0,0,0,0,0,0,0,0,0,0,0,0,0,0,0,0,0,0,0,0,0
3572,0,3,20,9,0,0,3,7,2,1,1,5,0,0,0,1,0,2,0,0,0,0,2,0,0,0,0,0,2,0,0,0,0,0,0,1,0,1,0,0,0,0,0,1,0,0,0,0,0,0,0,0,0,0,0,0,0,0,0,0,0,0,0,1,0,0,0,0,0,0,1,0,0,0,0,0
3573,0,1,10,9,0,0,5,1,0,1,0,0,0,0,0,0,0,1,1,0,0,0,5,0,0,0,0,0,0,0,0,0,0,0,0,0,0,3,0,0,0,0,1,0,0,0,0,0,0,0,0,0,0,0,0,0,0,0,0,0,0,0,0,0,0,0,0,0,0,0,0,0,0,0,0,0
3574,0,0,1,0,0,0,5,12,1,2,2,2,0,0,0,2,0,1,0,0,0,0,2,0,0,0,0,0,0,0,0,0,0,1,0,0,0,1,0,0,0,1,0,0,0,0,0,0,0,0,0,0,1,0,0,0,0,0,0,1,0,0,0,0,0,0,0,0,0,0,0,0,0,0,0,0
3575,0,3,1,9,0,0,9,12,2,3,1,1,0,0,0,0,0,0,0,1,0,0,1,0,0,0,0,0,0,0,0,0,0,1,0,0,0,0,0,0,0,0,0,0,0,0,0,0,0,0,0,0,0,0,0,0,0,0,0,0,0,0,0,0,0,0,0,0,0,0,0,0,0,0,0,0
3576,1,1,6,2,0,0,9,3,1,5,0,2,0,0,0,2,0,1,0,0,0,0,1,0,1,0,0,0,0,0,0,0,0,1,0,0,0,1,0,0,0,1,0,0,0,0,0,0,0,0,0,0,1,0,0,0,0,0,3,0,0,0,0,0,0,0,0,0,0,0,0,0,0,0,0,0
3577,0,0,9,0,0,2,4,9,0,4,0,3,0,0,0,3,0,1,0,0,1,0,0,0,0,0,0,0,0,0,1,3,0,0,0,1,0,4,1,1,0,0,0,0,0,0,0,0,0,0,0,0,0,0,0,0,0,0,1,0,0,0,0,0,0,0,0,0,0,0,0,0,1,0,0,0
3578,1,12,43,18,0,0,0,62,1,1,1,19,0,0,0,0,1,3,0,4,12,0,0,3,0,0,0,16,0,0,0,13,1,0,1,5,2,0,2,6,0,1,0,0,0,0,0,1,0,0,3,4,0,0,2,0,0,0,1,0,0,0,0,0,0,0,0,0,0,2,0,0,0,0,0,0
3579,7,0,2,6,1,0,9,15,3,1,0,4,0,0,0,0,0,3,0,2,0,0,1,0,0,0,0,1,0,0,0,1,1,2,0,8,0,0,1,0,0,3,0,0,0,0,0,1,0,0,0,0,0,0,0,0,0,0,1,0,0,0,0,0,0,0,0,0,0,0,0,0,0,0,0,0
3580,0,4,5,9,0,0,15,10,1,2,0,0,0,0,0,1,0,1,0,0,0,0,3,0,0,0,0,0,0,0,0,0,0,1,0,0,0,1,0,0,0,0,1,0,0,0,0,0,0,0,0,0,0,0,0,0,0,0,0,0,0,0,0,0,0,0,0,0,0,0,0,0,0,0,0,0
3581,1,2,10,4,0,1,10,6,1,2,0,1,0,0,0,4,0,1,0,1,0,0,4,0,0,0,0,0,0,0,0,1,1,0,0,0,0,5,0,0,0,4,2,0,0,0,0,1,0,0,0,0,1,0,0,0,1,0,0,0,0,0,0,0,0,0,0,0,0,0,0,0,0,0,0,0
3582,0,2,9,4,0,0,8,4,1,2,0,0,0,0,0,2,1,0,0,1,0,0,2,0,0,1,0,0,0,0,0,1,0,0,0,0,0,1,0,0,0,0,0,0,0,0,0,0,0,0,0,0,0,0,0,0,0,0,1,0,0,0,0,0,0,0,0,0,0,0,0,0,0,0,0,0
3583,0,5,15,15,0,3,12,11,3,2,0,4,0,0,0,2,0,1,1,0,1,0,0,0,0,0,2,0,1,1,1,0,0,1,0,0,0,4,0,0,0,0,0,0,0,0,0,2,1,0,0,0,0,0,0,0,0,0,0,1,0,0,0,0,0,0,0,0,0,0,0,0,0,0,0,0
3584,0,11,22,12,0,0,11,2,5,1,0,0,0,0,0,6,6,0,0,1,0,0,1,0,0,0,0,0,0,0,0,0,0,4,0,0,0,2,0,0,0,1,2,0,1,0,0,0,0,0,0,1,0,0,0,0,0,0,2,0,0,0,0,0,0,0,0,0,0,0,0,0,1,0,0,0
3585,0,1,5,1,0,1,1,15,1,0,0,5,0,0,0,1,0,2,1,0,4,1,0,0,0,0,0,3,0,0,0,4,0,0,0,3,0,1,2,1,0,0,0,0,0,0,1,0,0,0,1,0,0,0,0,0,0,0,0,0,0,0,0,1,0,0,0,0,0,0,0,0,0,0,0,0
3586,0,2,5,3,0,2,4,4,0,2,0,1,0,0,0,2,0,0,0,0,0,0,0,0,1,0,1,2,0,0,0,0,0,1,0,0,0,1,0,0,0,4,0,0,0,0,0,0,0,0,0,0,0,0,0,0,0,0,0,0,0,0,0,0,0,0,0,0,0,0,0,0,0,0,0,0
3587,0,6,6,9,0,0,3,1,1,1,0,0,1,0,0,0,0,2,0,2,0,0,3,0,1,0,0,1,0,0,0,0,0,0,0,0,1,0,0,0,0,1,0,0,0,0,0,0,0,0,0,0,0,0,0,0,0,0,0,0,0,0,0,0,0,0,0,0,0,0,0,0,0,0,0,0
3588,0,5,18,23,0,0,1,14,1,0,0,6,1,0,0,5,0,1,2,0,1,0,0,0,0,0,0,7,0,0,0,4,1,0,1,4,1,0,0,1,0,1,0,0,0,0,0,0,0,0,0,0,0,0,0,0,0,0,0,0,0,0,0,0,0,0,0,0,0,0,0,0,0,0,0,0
3589,0,0,3,0,0,0,2,12,0,0,0,5,0,0,0,0,0,0,0,0,7,0,0,1,0,0,0,2,0,0,0,5,0,0,0,3,0,0,0,2,0,0,0,0,0,0,0,0,0,0,0,0,0,0,0,0,0,0,1,0,0,0,0,0,0,0,0,0,0,0,0,0,0,0,0,0
3590,0,6,33,22,0,10,21,16,1,5,2,3,0,0,0,2,1,2,0,1,0,0,5,0,0,0,1,0,0,0,1,0,1,1,0,0,0,6,0,0,0,2,0,0,0,0,0,0,0,0,0,0,0,0,0,0,0,1,0,0,0,0,0,0,0,0,0,0,0,0,0,0,0,0,0,0
3591,0,0,18,4,0,0,22,9,1,2,0,2,1,0,0,7,1,0,0,0,0,0,0,0,0,0,0,1,0,0,2,1,1,0,0,0,0,5,0,0,0,3,1,0,0,0,0,0,1,0,0,0,2,0,0,0,0,0,0,1,0,0,0,0,0,0,1,0,0,0,0,0,1,0,0,0
3592,0,6,16,5,0,0,11,5,0,1,0,6,0,0,0,2,1,1,1,0,0,1,0,0,1,0,0,0,0,0,1,0,0,0,0,0,0,1,0,0,0,2,0,0,0,0,0,0,0,0,0,0,0,0,0,0,0,0,0,0,0,0,0,0,0,0,0,0,0,0,0,0,0,0,0,0
3593,0,2,22,9,0,2,6,0,0,0,0,3,0,0,0,3,2,0,1,0,0,1,0,0,0,1,0,2,0,0,0,0,0,0,0,0,0,0,0,0,0,0,0,0,0,0,0,0,0,0,0,1,0,0,0,0,0,0,1,0,0,0,0,0,0,0,0,0,0,0,0,0,0,0,0,0
3594,0,0,3,0,0,1,3,2,0,0,0,7,0,0,0,0,1,3,1,0,0,0,1,0,0,0,0,1,0,0,0,0,0,0,0,0,0,0,0,0,0,0,0,0,0,0,0,0,0,0,0,0,1,0,0,0,0,0,0,1,0,0,0,0,0,0,0,0,0,0,0,0,0,0,0,0
3595,0,0,2,0,0,1,5,1,3,0,0,1,0,0,0,0,0,1,0,0,0,2,2,0,0,0,0,0,0,0,0,0,0,1,0,0,0,0,0,0,0,0,0,0,0,0,0,0,0,0,0,0,0,0,0,0,0,0,0,0,0,0,0,0,0,0,1,0,0,0,0,0,0,0,0,0
3596,0,1,7,1,0,0,2,1,1,2,0,0,0,0,0,0,0,0,0,0,0,0,0,0,0,0,0,0,0,0,0,0,0,3,0,0,0,1,0,0,0,2,0,0,0,0,0,0,0,0,0,0,1,0,0,0,0,0,1,0,0,0,0,0,0,0,0,0,0,0,0,0,0,0,0,0
3597,0,2,25,20,0,2,15,4,0,1,0,2,0,0,0,1,0,0,0,0,0,0,4,0,1,0,0,0,0,0,2,0,0,3,0,0,0,2,0,0,0,2,0,0,0,0,0,0,0,0,0,1,0,0,0,0,0,0,0,0,0,2,0,0,0,0,0,0,0,0,0,0,0,0,0,0
3599,0,2,2,2,0,0,2,9,1,1,0,4,0,0,1,0,0,0,0,0,1,0,0,1,0,2,0,1,0,0,0,1,0,0,0,1,0,0,0,0,0,0,0,0,0,0,0,0,0,0,0,0,0,0,0,0,0,0,0,0,0,0,0,0,0,0,0,0,0,0,0,0,0,0,0,0
3600,0,13,15,9,0,5,27,9,1,5,0,5,0,0,0,5,1,1,1,1,0,2,0,0,0,0,0,0,0,1,3,1,0,2,0,0,1,4,1,0,1,2,0,0,0,0,0,0,0,0,0,0,1,0,0,0,0,0,0,1,0,0,0,0,0,0,0,0,0,0,0,0,0,0,0,0
3601,0,0,7,0,0,0,3,4,0,2,0,5,0,0,0,0,0,0,1,0,0,0,0,0,0,0,0,0,0,0,0,1,0,0,0,0,0,1,0,0,0,0,0,0,0,1,0,0,0,0,0,0,0,0,0,0,0,0,0,0,0,0,0,0,0,0,0,0,0,0,0,0,0,0,0,0
3602,0,0,4,1,0,2,19,4,2,4,0,4,1,0,1,2,0,2,0,2,0,0,4,0,1,0,1,0,0,0,0,0,0,0,0,0,0,0,1,0,0,1,0,0,0,0,0,1,0,0,0,0,0,0,0,0,0,0,1,0,0,0,0,0,0,0,0,0,0,0,0,0,0,0,0,0
3603,0,3,1,1,0,3,3,1,1,1,0,3,0,0,0,0,0,1,0,0,0,0,1,0,0,0,0,1,0,0,0,1,0,1,0,0,0,0,0,0,0,0,0,0,0,0,0,0,0,0,0,0,0,0,0,0,0,0,0,0,0,0,0,0,1,0,0,0,0,0,0,0,0,0,1,0
3604,0,0,5,1,0,3,5,3,0,0,0,4,0,0,0,2,0,1,0,1,0,1,0,0,0,1,0,1,0,0,0,0,0,0,0,0,0,0,0,0,1,0,0,0,0,0,0,0,0,0,0,0,2,0,0,0,0,0,0,0,0,0,0,0,0,0,0,0,0,0,0,0,0,0,0,0
3605,0,11,19,9,0,9,16,7,1,3,0,4,0,0,0,6,1,4,0,0,0,0,7,0,3,0,1,2,0,1,0,0,1,1,1,0,0,2,0,0,0,5,2,0,0,0,0,1,0,0,0,0,0,0,0,0,0,0,0,0,0,1,0,0,0,0,0,0,0,0,0,0,0,0,0,0
3608,0,4,19,8,0,4,8,28,2,2,0,8,0,0,0,0,1,0,0,2,1,1,1,1,0,0,1,7,0,0,0,4,2,0,0,4,0,0,0,3,0,5,0,0,0,0,0,0,0,0,0,0,0,0,0,0,0,1,0,0,0,0,0,0,1,0,0,0,0,0,0,0,0,0,0,0
3609,0,2,11,6,0,5,8,12,0,3,0,0,0,0,0,4,0,4,0,1,0,0,2,0,0,1,1,2,0,1,2,0,0,0,0,0,0,1,0,0,0,3,0,0,0,0,0,0,0,0,0,0,3,0,0,0,0,0,0,0,0,0,0,0,1,0,0,0,0,0,0,0,0,0,0,0
3631,0,0,14,5,0,0,1,1,0,0,0,0,0,0,0,0,0,0,0,0,0,0,0,0,0,0,0,0,0,0,0,0,0,0,0,1,0,0,0,0,0,0,0,0,1,0,0,0,0,0,0,0,0,0,0,0,0,0,0,0,0,0,0,0,0,0,0,0,0,0,0,0,0,0,0,0
3632,0,5,12,6,0,0,0,2,0,1,0,1,0,0,0,0,0,1,0,0,0,0,1,0,1,0,0,0,0,0,0,0,0,0,0,0,0,1,0,0,0,2,0,0,0,0,0,0,0,0,0,0,1,0,0,0,0,0,0,0,0,0,0,0,0,0,0,0,0,0,0,0,0,0,0,0
3633,0,0,5,4,0,0,3,0,0,2,0,1,0,0,0,0,1,1,0,0,0,0,2,0,0,0,0,0,0,0,0,0,0,0,0,0,0,1,0,0,0,1,0,0,0,0,0,0,0,0,0,0,0,0,1,0,0,0,0,0,0,0,0,0,0,0,0,0,0,0,0,0,0,0,0,0
3635,0,3,25,4,0,0,21,14,3,9,0,3,0,0,0,8,2,8,0,0,0,1,5,0,0,0,1,1,0,0,1,1,0,1,0,0,0,4,1,0,0,0,2,0,0,0,0,1,0,0,0,0,0,0,0,0,0,0,0,0,0,0,0,0,0,0,0,0,0,0,0,0,0,0,0,0
3636,0,2,17,15,0,0,10,5,3,0,1,1,0,1,0,0,1,2,1,0,0,0,0,0,0,0,0,0,1,0,1,0,1,0,0,0,1,2,0,2,0,0,0,0,0,0,0,0,1,0,0,0,0,0,0,0,0,0,0,0,0,0,0,0,0,0,1,0,0,0,0,0,0,0,0,0
3637,0,13,23,24,1,5,11,43,1,2,0,5,0,0,2,5,3,2,0,0,0,1,4,0,0,0,2,2,2,2,1,1,1,2,0,1,0,4,1,0,0,1,1,0,1,0,0,0,0,0,0,0,1,0,0,0,0,0,0,0,0,0,0,2,0,0,0,0,0,0,0,0,0,0,0,0
3638,0,1,8,1,0,1,2,5,0,0,0,1,0,0,0,0,0,0,0,0,0,0,0,1,0,0,0,0,0,0,0,0,0,0,0,0,0,4,1,0,0,0,0,0,0,0,0,0,1,0,0,0,0,0,0,0,0,0,0,0,0,0,0,0,0,0,0,0,0,0,0,0,0,0,0,0
3639,1,3,2,1,0,0,6,2,1,4,1,1,0,0,0,1,0,0,0,1,0,0,0,0,0,0,0,0,0,1,0,0,0,0,0,0,0,2,0,0,0,0,0,0,0,0,0,0,0,0,0,0,0,0,0,0,0,0,0,0,0,0,0,0,0,0,0,0,0,0,0,0,0,0,0,0
3640,0,3,21,13,2,1,4,8,2,4,0,1,0,0,0,0,0,1,0,0,0,0,1,0,0,0,0,3,2,0,2,0,1,0,0,4,0,2,0,0,0,0,1,0,0,0,0,0,0,0,0,0,1,1,0,0,0,0,0,1,0,0,0,1,0,0,0,0,0,1,0,0,0,0,0,0
3641,0,7,12,11,0,0,5,6,3,5,0,2,0,0,0,1,1,0,0,0,0,1,2,0,0,0,0,1,0,0,0,0,1,3,0,0,0,7,0,0,0,1,1,1,0,0,0,0,0,0,0,0,1,0,0,0,0,0,0,1,0,0,0,0,0,0,0,0,0,0,1,0,0,0,0,0
3642,0,2,23,12,0,1,2,4,2,1,2,2,0,0,0,1,0,0,1,0,0,2,0,0,0,0,1,2,0,0,0,1,0,1,0,0,0,2,0,2,0,0,1,0,0,0,0,0,0,0,0,0,0,0,0,0,0,0,0,0,0,0,0,0,0,0,0,0,0,0,0,0,0,0,0,0
3643,0,13,24,23,0,0,15,22,6,4,0,2,0,0,0,7,2,2,1,0,1,1,7,0,0,2,0,1,0,0,1,1,1,3,0,0,1,0,1,1,0,2,1,0,0,0,0,1,0,0,0,0,1,0,0,0,0,0,0,0,0,0,0,0,0,0,0,0,1,0,0,0,1,0,0,0
3644,0,12,51,26,0,2,15,6,0,2,0,3,0,0,0,2,2,3,0,1,0,0,6,0,1,0,0,2,0,0,3,1,0,4,0,0,0,7,0,0,0,3,2,0,0,0,0,1,1,0,0,0,0,0,0,0,0,0,0,0,0,1,0,0,0,0,0,0,0,0,0,0,0,0,1,0
3645,0,0,7,1,0,0,10,2,2,1,0,2,0,0,0,3,1,0,0,0,0,0,1,0,0,0,0,0,0,0,0,0,0,1,0,0,0,3,0,0,0,0,1,0,0,0,0,1,0,0,0,0,0,0,0,0,0,1,0,0,0,0,0,0,0,0,0,0,0,0,0,0,1,0,0,0
3646,0,3,14,7,0,0,14,4,4,0,0,2,0,0,0,0,1,2,0,0,0,0,2,0,0,0,0,0,0,0,0,0,0,3,0,0,0,2,0,0,0,3,0,0,0,0,0,1,0,0,0,0,2,0,0,0,0,0,0,0,0,0,0,0,0,0,0,0,0,0,0,0,0,0,0,0
3647,0,0,4,2,0,1,5,2,0,2,0,1,0,0,0,0,0,0,0,0,0,0,2,0,0,0,0,0,0,0,1,0,1,3,0,0,0,0,0,0,0,1,0,0,0,0,0,1,0,0,0,0,0,0,0,0,0,0,0,1,0,0,0,0,0,0,0,0,0,0,0,0,0,0,0,0
3648,1,3,6,5,0,0,6,2,0,0,0,0,0,0,0,1,0,1,0,0,0,1,0,0,0,3,0,2,0,4,1,2,0,0,0,0,0,0,1,1,0,2,0,0,0,0,0,0,0,0,0,9,0,1,0,0,0,0,0,0,0,0,0,0,0,0,0,0,0,1,0,0,0,0,0,0
3650,1,10,34,20,0,0,15,1,1,5,0,8,0,0,0,1,2,2,0,1,1,0,4,0,2,0,1,1,0,1,2,0,2,1,0,0,0,4,0,0,0,5,2,1,0,0,0,0,0,0,0,0,2,0,0,0,0,0,0,0,0,0,0,0,0,0,1,0,0,0,0,0,2,0,0,0
3651,0,0,4,3,0,0,1,6,2,0,0,3,0,0,0,0,0,1,0,0,0,0,0,0,0,0,0,1,0,1,0,2,1,0,0,0,0,1,0,0,0,0,0,0,0,0,0,0,0,0,0,3,0,0,0,0,0,0,0,0,0,0,0,0,0,0,0,0,0,0,0,0,0,0,0,0
3652,0,1,14,18,0,3,12,8,4,2,0,1,0,0,0,1,1,1,0,1,0,1,3,0,0,0,0,2,0,2,1,2,0,0,0,0,3,0,0,0,0,0,0,0,0,0,0,1,0,0,1,2,0,0,0,0,0,0,0,1,0,0,0,0,0,0,0,0,0,0,0,0,0,0,0,0
3653,0,3,8,1,0,0,3,3,0,4,0,0,0,0,0,0,0,3,1,0,0,0,0,0,0,0,0,0,0,0,0,0,0,2,0,0,0,0,0,0,0,1,0,0,0,0,0,2,0,0,0,0,0,0,0,0,0,0,0,0,0,0,0,0,0,0,0,0,0,0,0,0,1,0,0,0
3654,0,12,35,16,1,0,8,28,4,4,0,14,0,0,0,0,2,4,1,0,1,0,1,0,0,0,2,3,1,1,2,2,0,0,0,3,0,2,1,0,0,2,0,1,0,0,0,1,0,0,0,5,1,0,0,0,0,0,0,0,0,0,0,2,0,0,0,0,0,0,1,0,0,0,0,0
3657,0,13,27,22,0,6,42,4,6,6,0,3,0,0,0,0,3,3,1,0,0,1,3,0,0,3,0,1,0,0,2,0,1,3,0,0,0,4,0,0,0,5,0,0,0,0,0,0,0,0,0,0,0,0,0,0,0,2,0,0,0,2,0,0,0,0,0,0,0,0,0,0,0,0,0,0
3659,0,10,22,20,0,14,28,7,3,1,1,8,0,0,1,2,9,5,0,3,0,1,3,0,0,0,0,0,0,0,2,1,0,0,0,0,0,2,0,0,0,7,0,0,0,0,0,0,1,0,0,0,6,0,0,0,0,1,0,0,0,0,0,0,0,0,0,0,0,0,0,0,0,0,0,0
3660,0,2,6,2,0,5,18,10,1,8,0,9,0,0,0,5,0,2,1,0,0,1,1,0,0,0,0,0,0,0,1,0,0,1,0,0,0,2,0,0,0,5,1,1,0,0,0,1,0,0,0,0,0,0,0,0,0,0,0,0,0,1,0,0,0,0,0,1,0,0,0,0,0,0,0,0
3661,0,2,19,7,0,1,11,6,0,0,0,3,0,0,0,1,1,2,1,0,0,0,0,0,0,0,0,0,0,0,0,0,0,0,0,0,0,1,0,0,1,2,1,0,0,0,0,0,0,0,0,0,0,0,0,0,0,1,0,0,0,0,0,0,0,0,0,0,0,0,0,0,0,0,0,0
3662,0,5,4,5,0,0,10,2,0,4,0,1,0,0,0,1,1,0,0,0,0,0,1,0,0,0,0,0,0,0,0,0,0,0,0,0,0,0,0,0,0,0,2,0,0,0,0,0,0,0,0,0,0,0,0,0,0,1,0,0,0,0,0,0,0,0,0,0,0,0,0,0,0,0,0,0
3663,0,2,7,3,0,7,2,4,1,2,0,7,0,0,0,1,0,1,0,0,0,5,4,0,0,0,0,1,0,0,0,0,2,0,0,0,0,1,0,0,0,2,0,0,0,0,0,0,0,0,0,0,0,0,0,0,0,0,1,0,0,0,0,0,0,0,0,0,0,0,0,0,0,0,0,0
3678,0,3,19,5,0,0,3,3,2,2,0,2,0,0,0,0,0,1,0,1,0,0,0,0,0,0,0,1,0,0,0,0,0,0,0,0,0,4,0,0,0,0,0,0,0,0,0,0,0,0,0,0,0,0,0,0,0,0,0,0,0,0,0,0,0,0,0,0,0,0,0,0,0,0,0,0
3679,0,6,16,19,0,0,5,10,1,0,1,1,0,0,0,1,0,0,0,1,0,0,0,0,0,0,0,0,0,0,0,0,0,2,0,0,0,1,0,0,0,0,0,1,0,0,0,0,0,0,0,0,0,0,0,0,0,0,1,0,0,0,0,0,0,0,0,0,0,0,0,0,0,0,0,0
3681,1,2,8,0,7,0,3,21,0,0,0,5,0,0,0,0,0,0,0,1,0,0,0,2,1,0,0,5,0,0,0,5,1,1,0,0,0,1,0,1,0,2,0,0,0,0,0,1,0,0,1,0,0,1,2,0,0,0,0,0,0,0,0,1,0,0,0,0,0,0,0,0,0,0,0,0
3682,0,1,1,3,0,0,10,2,2,1,0,0,0,0,0,1,2,4,0,0,0,1,3,0,1,0,0,0,0,0,0,0,0,0,0,0,0,1,1,0,0,1,0,0,0,0,0,0,1,0,0,0,0,0,0,0,0,0,0,1,0,0,0,0,0,0,0,0,0,0,0,0,0,0,0,0
3684,0,4,13,2,0,0,12,3,2,2,1,2,0,0,0,5,2,2,0,0,0,0,2,1,0,0,3,0,0,0,0,0,1,3,0,0,0,3,0,0,0,1,1,0,0,1,0,1,0,0,0,0,0,0,0,0,0,0,0,0,0,0,0,0,0,0,0,0,0,0,0,0,0,0,0,0
3685,0,1,11,10,0,1,2,0,1,1,0,2,0,0,0,1,1,0,2,0,0,0,0,0,1,0,1,0,0,0,0,0,0,1,0,0,0,0,0,0,0,0,0,0,0,0,0,0,0,0,0,0,0,0,0,0,0,0,0,0,0,0,0,0,0,0,0,0,0,0,0,0,0,0,0,0
3686,0,2,27,7,0,0,8,4,3,2,0,2,0,0,0,2,3,4,0,0,0,0,5,0,0,0,0,0,0,0,0,0,0,3,0,0,0,2,0,0,0,3,0,0,0,0,0,2,0,0,0,0,1,0,1,0,0,1,0,0,0,0,0,0,0,0,0,0,0,0,0,0,0,0,0,0
3688,0,6,15,13,0,2,9,38,2,1,0,13,0,0,0,2,0,1,0,0,6,0,1,0,0,0,0,7,0,0,0,8,0,1,2,6,0,1,0,2,0,0,0,0,0,0,0,0,0,0,2,0,0,1,1,0,0,0,0,0,0,0,0,0,0,0,0,0,0,0,0,0,0,0,0,0
3689,1,2,22,15,0,3,13,3,4,2,0,2,0,0,0,5,2,2,0,3,0,0,2,0,0,0,0,0,0,0,0,1,0,2,0,0,0,11,0,0,0,2,2,0,0,0,0,0,0,0,0,0,1,0,0,0,0,0,0,0,0,1,0,0,0,0,0,0,0,0,0,0,2,0,0,0
3690,0,1,20,12,0,5,8,19,1,2,0,2,0,0,0,0,0,1,0,1,1,1,4,0,1,0,1,0,0,0,2,2,0,0,0,0,0,0,0,0,0,3,0,0,0,0,0,1,0,0,0,0,1,0,1,0,0,0,2,1,0,0,0,1,0,0,0,0,0,0,1,0,1,0,0,0
3691,0,4,22,10,0,0,2,2,1,0,0,4,0,1,0,0,1,0,0,0,0,0,1,0,0,0,1,0,0,1,1,2,0,1,0,0,4,1,0,1,0,1,0,0,0,0,0,0,0,0,0,1,0,0,0,0,0,0,1,0,0,0,0,0,0,0,0,0,0,0,0,0,0,0,0,0
3692,0,1,7,0,0,0,2,1,2,2,0,0,1,0,0,1,1,1,0,0,0,2,3,0,0,0,1,1,0,0,0,0,0,0,0,0,0,0,0,1,0,3,0,1,0,0,0,0,0,0,0,0,3,0,0,0,0,0,1,0,0,0,0,1,0,0,0,0,0,0,0,0,0,0,0,0
3693,0,4,14,11,0,2,9,3,0,3,0,2,0,0,0,0,0,1,0,0,0,1,1,0,0,0,0,0,0,0,3,1,0,2,0,0,1,1,1,0,0,0,0,0,0,0,0,0,0,0,0,0,0,0,0,0,0,0,0,0,0,0,0,0,0,0,0,0,0,0,0,0,0,0,0,0
3694,0,5,13,1,0,3,9,2,0,1,0,0,0,0,0,2,0,0,0,0,0,0,0,0,0,0,0,0,0,0,2,0,0,2,0,0,0,0,0,0,0,0,1,0,0,0,0,0,0,0,0,0,0,0,0,0,0,0,0,0,0,0,0,0,0,0,0,0,0,0,0,0,0,0,0,0
3695,2,8,24,8,0,7,19,3,5,3,1,4,0,0,0,7,2,5,1,1,0,2,2,0,0,0,0,1,0,0,5,0,0,1,0,0,2,10,0,1,0,2,0,0,0,0,0,0,2,0,0,0,1,0,0,0,0,1,1,0,0,0,0,0,0,0,0,0,0,0,0,0,0,0,0,0
3696,0,1,5,1,0,4,2,2,1,0,0,4,0,0,0,1,1,0,0,0,0,1,1,0,0,0,0,0,0,0,1,0,0,2,0,0,0,0,0,0,0,1,0,0,0,0,0,0,0,0,0,0,0,0,0,0,0,0,0,0,0,0,0,0,0,0,0,0,0,0,0,0,0,0,0,0
3697,0,5,26,11,0,0,24,6,4,1,1,3,0,0,0,2,1,2,0,0,0,0,3,0,1,0,0,1,0,0,0,0,1,4,0,0,0,1,0,1,0,1,2,0,0,0,0,0,0,0,0,0,2,0,0,0,0,0,0,0,0,0,0,0,0,0,0,0,0,0,0,0,1,0,0,0
3698,0,4,10,1,0,4,15,2,1,2,0,1,1,0,0,2,0,3,1,2,0,0,0,0,0,0,0,0,0,0,0,0,0,0,0,0,0,0,0,2,0,2,0,0,0,0,0,0,0,0,0,0,1,0,0,0,0,0,1,0,0,1,0,0,0,0,0,0,0,1,0,0,1,0,0,0
3699,0,1,7,1,1,0,1,4,0,3,0,1,0,0,0,0,1,2,0,0,0,0,0,0,0,0,0,0,0,0,0,0,0,0,0,0,0,1,0,0,0,3,3,0,0,0,0,0,0,0,0,0,0,0,0,0,0,0,0,0,0,0,0,0,0,0,0,0,0,0,0,0,0,0,0,0
3700,0,1,3,0,0,8,9,2,1,1,0,1,2,0,0,0,0,2,0,1,0,0,2,0,0,0,0,0,0,0,0,0,0,0,0,0,0,1,0,0,0,0,1,0,0,0,0,0,0,0,0,0,2,0,0,0,0,0,0,1,0,0,0,0,0,0,0,0,0,0,0,0,0,0,0,0
3701,0,1,4,1,0,3,3,1,0,0,0,0,0,0,0,1,1,0,0,0,0,1,0,0,0,0,1,0,0,0,0,0,0,0,0,0,0,2,0,0,0,1,0,0,0,0,0,0,0,0,0,1,0,0,0,0,0,1,0,0,0,0,0,0,0,0,0,0,0,0,0,0,0,0,0,0
3702,1,3,9,7,0,1,5,11,1,1,0,6,0,0,0,1,2,0,0,0,2,0,3,0,0,3,1,3,0,0,0,4,0,1,1,1,0,0,0,2,0,1,0,0,0,0,0,0,0,1,0,0,0,0,0,0,0,1,1,0,0,0,0,0,0,0,0,0,0,0,0,0,0,0,0,0
3703,0,3,13,11,0,3,8,5,1,2,0,3,0,0,0,2,0,1,0,1,0,1,1,0,0,0,0,0,0,1,1,0,0,0,0,0,0,1,0,0,0,2,0,0,0,0,0,0,0,0,0,0,0,0,0,0,0,0,0,2,0,1,0,0,2,0,0,0,0,0,0,0,1,0,0,0
3704,0,4,31,6,0,7,29,15,6,10,0,5,0,0,0,4,1,4,0,1,0,2,5,0,0,0,2,0,1,0,4,1,1,0,0,0,0,8,0,0,1,9,1,1,0,0,0,0,0,0,0,0,4,0,0,0,0,0,0,0,0,0,0,0,0,0,0,0,0,0,0,0,1,0,0,0
3705,0,1,5,0,0,1,6,1,0,0,0,1,0,0,0,3,0,1,0,0,0,0,0,0,0,0,0,0,0,0,0,0,0,0,0,0,0,2,0,0,0,0,0,0,0,0,0,0,0,0,0,0,0,0,0,0,0,0,0,0,0,0,0,0,0,0,0,0,0,0,0,0,0,0,0,0
3706,0,2,0,1,0,1,14,0,0,4,0,3,0,0,0,0,1,0,0,0,0,0,2,0,0,0,0,0,0,0,0,0,1,0,0,0,0,3,0,0,1,3,1,0,1,0,0,0,0,0,0,0,0,0,0,0,0,0,0,0,0,0,0,0,0,0,0,0,0,0,0,0,0,0,0,0
3707,0,0,13,10,0,0,4,1,3,0,0,0,0,0,0,0,2,0,0,0,0,0,1,0,1,0,0,0,0,0,0,0,0,0,0,0,0,0,0,0,0,0,0,0,2,0,0,0,0,0,0,0,0,0,0,0,0,0,0,1,0,0,0,0,0,0,0,0,0,0,1,0,0,0,0,0
3729,0,1,11,10,0,0,4,4,1,1,1,4,0,0,0,1,0,2,0,0,0,0,1,0,1,0,0,0,0,1,0,0,0,2,0,0,0,1,0,0,0,2,0,0,0,0,0,0,1,0,0,0,0,1,0,0,0,0,0,0,0,0,0,0,0,0,0,0,0,0,0,0,0,0,0,0
3730,1,2,10,3,0,12,16,12,0,2,0,5,0,0,0,1,0,4,0,0,0,0,0,0,0,0,0,1,0,0,0,1,0,0,0,0,0,1,0,0,0,2,1,0,0,0,0,0,0,0,0,0,1,0,0,0,0,0,0,0,0,0,0,0,0,0,0,0,0,0,0,0,0,0,0,0
3731,0,1,2,1,0,2,15,7,0,8,3,5,0,0,0,1,0,0,1,0,1,0,1,0,1,0,0,0,3,0,0,0,0,0,0,0,0,4,0,0,0,0,1,0,0,0,0,0,0,0,0,0,0,0,0,0,0,0,0,0,0,0,0,0,0,0,0,0,0,1,0,0,0,0,0,0
3732,1,9,13,11,0,2,4,24,1,1,1,13,0,0,0,0,2,3,1,3,3,0,0,0,1,0,0,5,0,0,1,15,1,0,0,9,0,0,2,2,0,0,1,0,0,0,0,0,0,0,0,0,0,0,0,0,0,0,0,0,0,0,0,0,0,0,0,0,0,0,0,0,0,0,0,0
3733,0,5,19,15,0,2,16,19,3,1,1,3,0,0,0,1,2,5,1,2,0,1,3,0,1,0,0,0,4,0,0,1,0,0,0,0,0,2,0,1,0,1,0,0,0,0,0,1,0,0,0,0,1,0,2,0,0,0,2,0,0,0,0,1,0,0,0,0,0,0,0,0,0,0,0,0
3734,3,5,12,9,2,0,2,8,2,1,0,2,0,0,1,0,1,0,0,0,0,1,3,2,2,1,0,1,0,0,0,4,0,1,0,0,0,2,0,0,0,1,0,0,0,0,0,0,0,0,0,0,0,0,1,0,0,0,1,0,0,0,0,0,0,0,0,0,0,1,0,0,0,0,0,0
3735,1,5,15,11,0,1,5,5,0,1,0,0,1,0,0,0,3,1,1,1,0,0,1,0,0,0,0,0,1,0,0,1,0,0,0,0,0,0,0,0,0,1,1,0,0,0,0,0,0,0,0,0,0,0,0,0,0,0,0,0,0,1,0,0,0,0,0,0,0,0,0,0,0,0,0,0
3736,0,2,22,8,0,1,2,6,2,1,0,0,0,1,0,0,1,2,0,0,0,0,2,0,0,0,2,0,0,0,1,0,0,0,0,0,0,1,0,0,0,0,0,1,0,0,0,0,0,0,0,0,0,0,0,0,0,0,0,0,0,0,0,0,0,0,0,0,0,0,1,0,0,0,0,0
3738,0,2,12,4,0,0,2,6,1,1,0,3,0,0,1,2,0,1,0,0,0,1,0,0,0,0,0,1,0,0,0,0,1,0,0,0,0,2,0,0,0,0,0,0,0,0,0,0,0,0,1,0,0,0,0,0,0,0,0,0,1,0,0,0,0,0,0,0,0,0,0,0,0,0,0,0
3739,0,0,5,2,0,0,3,3,0,0,1,0,0,0,0,0,1,1,0,0,0,1,1,0,0,1,0,0,0,0,0,0,0,0,0,0,0,1,0,0,0,3,0,0,0,0,0,1,0,0,0,0,1,0,0,0,0,0,0,1,0,0,0,0,0,0,0,0,0,0,0,0,0,0,0,0
3740,0,0,18,4,0,0,1,3,1,2,0,0,0,0,0,1,3,1,0,0,0,0,0,0,0,1,0,0,0,0,0,0,0,3,0,0,0,0,0,0,0,0,1,0,0,0,0,0,0,0,0,0,1,0,0,0,0,0,1,1,0,0,0,1,0,0,0,0,0,0,0,0,1,0,0,0
3741,0,4,13,9,0,0,7,0,2,0,1,6,0,0,0,1,0,1,1,2,0,0,1,0,0,0,0,0,0,0,0,0,0,3,0,0,0,0,1,1,0,1,0,0,0,0,0,2,0,0,0,0,0,0,0,0,0,1,0,0,0,0,0,0,0,0,0,0,0,0,0,0,0,0,0,0
3742,0,4,7,0,0,0,4,5,0,6,0,0,0,0,0,0,1,3,0,0,0,0,0,1,0,0,0,0,0,0,0,0,1,0,0,0,0,2,0,1,0,1,0,0,0,0,0,0,0,0,0,0,0,0,0,0,0,0,0,0,0,0,0,0,0,0,0,0,0,0,0,0,0,0,0,0
3743,0,2,10,4,0,0,4,2,2,0,0,3,0,0,0,0,1,0,0,0,0,0,0,0,0,0,0,1,0,0,1,0,0,0,0,0,0,1,0,0,0,0,0,0,0,0,0,0,0,0,0,0,0,0,0,0,0,0,0,0,0,0,0,0,0,0,0,0,0,0,0,0,0,0,0,0
3744,0,7,8,7,0,0,4,1,0,1,0,1,0,0,0,1,0,0,0,1,0,1,0,0,0,0,0,0,0,0,1,1,0,3,0,0,0,4,0,0,0,4,0,0,0,0,0,1,0,0,0,0,1,0,0,0,0,0,0,2,0,0,0,0,0,0,0,0,0,0,0,0,0,0,0,0
3745,0,4,29,22,0,2,18,9,6,1,0,4,0,0,0,3,2,3,1,0,0,0,3,0,0,0,0,2,0,0,0,0,1,0,0,2,0,1,0,0,0,0,1,0,1,0,1,0,1,0,0,0,0,0,0,0,0,0,0,0,0,0,0,0,0,0,0,0,0,0,0,0,2,0,0,0
3746,0,4,10,2,0,1,4,2,0,2,0,0,0,0,0,0,0,1,0,0,1,1,1,0,0,0,0,0,0,0,0,0,0,2,0,0,0,0,0,0,0,1,0,0,0,0,0,0,0,0,0,0,0,0,0,0,0,0,0,0,0,0,0,0,0,0,0,0,0,0,0,0,0,0,0,0
3747,1,12,21,13,0,3,16,2,3,2,0,0,1,0,0,6,2,3,0,0,0,1,1,0,0,0,0,0,0,0,3,0,1,5,0,1,0,0,0,0,0,3,2,0,0,0,0,0,1,0,0,0,0,0,0,0,0,0,0,0,0,0,0,0,0,0,0,0,0,0,0,0,0,0,0,0
3748,2,6,21,9,0,0,13,4,0,1,0,2,0,0,0,2,1,0,0,0,0,1,1,0,0,0,0,0,0,0,1,0,0,3,0,0,0,2,1,0,0,1,0,0,0,0,0,0,0,0,0,1,1,0,0,0,0,1,0,0,0,0,0,0,0,0,0,0,0,0,0,0,0,0,0,0
3749,0,2,14,3,0,1,10,9,1,1,1,2,0,0,0,2,4,4,0,1,0,1,1,0,0,0,0,0,1,0,0,0,0,0,0,0,0,3,0,0,0,7,3,1,0,0,0,0,0,0,0,0,0,0,0,0,0,0,1,0,0,0,0,0,0,0,0,0,0,0,0,0,1,0,0,0
3750,0,8,11,11,0,11,11,5,1,0,0,3,0,0,0,0,0,0,0,0,0,0,2,0,0,0,0,0,0,0,2,1,0,1,0,0,0,4,1,0,0,0,0,0,0,0,0,0,0,0,0,0,2,0,0,0,0,0,0,0,0,0,0,1,0,0,0,0,0,0,0,0,0,0,0,0
3751,0,1,14,0,0,0,1,2,1,0,0,2,0,0,0,1,1,0,0,0,0,0,0,0,0,0,0,0,0,0,0,0,1,0,0,0,0,0,0,0,0,0,0,4,0,0,0,0,0,0,0,0,0,0,0,0,0,0,0,0,0,0,0,0,0,0,1,0,0,0,0,0,0,0,0,0
3752,0,4,9,6,0,0,15,3,3,4,0,1,0,0,0,2,0,3,0,0,0,2,2,0,0,0,1,0,0,0,1,0,0,1,0,0,0,3,1,0,0,2,2,0,0,0,0,0,0,0,0,0,2,0,0,0,0,0,1,1,0,1,0,0,0,0,0,0,0,0,0,0,0,0,0,0
3753,1,2,16,2,0,5,31,13,0,5,0,6,0,0,0,1,2,5,0,1,0,0,2,0,0,0,1,1,0,0,3,1,1,3,0,0,1,6,0,0,0,9,0,1,0,0,0,1,0,0,0,0,4,0,0,0,0,0,0,0,0,0,0,0,0,0,0,0,0,0,0,0,0,0,0,0
3754,0,0,19,10,0,2,1,2,0,0,0,0,0,0,0,1,1,0,0,0,0,0,0,0,0,0,0,0,0,0,0,0,0,0,0,0,0,1,0,0,0,0,0,0,0,0,0,0,0,0,0,0,2,0,0,0,0,0,0,0,0,0,0,0,0,0,2,0,0,0,0,0,0,0,0,0
3755,0,5,17,13,0,0,9,30,1,1,0,11,0,0,0,2,2,1,0,1,3,0,0,1,0,2,0,9,0,1,0,5,1,0,0,1,0,0,1,4,0,4,1,0,0,0,0,0,0,1,1,0,0,1,1,0,0,0,1,0,0,0,0,1,0,0,0,0,0,0,0,0,0,0,0,0
3756,0,7,5,2,0,3,14,4,0,3,0,4,0,0,0,2,0,5,0,1,0,0,1,0,0,0,0,0,0,0,1,0,1,0,0,0,0,1,0,0,0,6,0,0,0,0,0,0,1,0,0,0,1,0,0,0,0,0,0,0,0,0,0,0,0,0,0,0,0,0,0,0,0,0,0,0
3757,0,11,30,14,0,7,26,10,0,0,0,2,1,0,0,2,2,2,0,1,0,1,1,0,2,1,0,0,0,0,0,0,1,0,0,0,0,4,0,0,0,3,0,0,1,0,0,0,0,0,0,0,1,0,0,0,0,0,0,1,0,0,0,0,0,0,0,0,0,0,0,0,0,0,1,0
3778,0,1,3,0,0,0,7,11,0,2,1,0,0,0,0,3,0,0,2,0,0,0,0,0,0,0,0,1,0,0,0,0,0,0,0,0,0,1,0,0,0,0,0,0,0,0,0,0,0,0,0,0,0,0,0,0,0,0,0,0,0,0,0,0,0,0,0,0,0,0,0,0,0,0,0,0
3779,0,4,35,3,0,1,7,4,1,1,0,6,0,0,0,1,1,0,0,1,0,1,2,0,0,0,1,3,0,0,0,0,1,0,0,0,1,0,0,0,0,0,0,4,0,0,0,0,0,0,0,0,0,0,0,0,0,1,0,0,0,0,0,0,0,0,0,0,0,0,0,0,0,0,0,0
3780,0,1,9,6,0,2,8,3,0,2,0,3,0,0,1,1,2,1,0,0,0,1,0,0,1,0,0,0,1,0,0,1,0,0,0,0,0,2,0,2,0,1,1,0,0,0,0,0,0,0,0,0,0,0,0,0,0,0,0,0,0,0,0,0,0,0,0,0,0,1,1,0,0,0,0,0
3781,0,2,2,2,0,0,6,20,0,2,0,7,0,0,0,1,0,3,0,0,3,0,1,0,0,0,0,3,0,0,0,2,0,0,1,4,0,0,2,3,0,0,0,0,0,0,0,0,0,1,1,0,1,0,0,0,0,0,0,0,0,0,0,0,0,0,0,0,0,0,0,0,0,0,0,0
3782,0,2,11,9,0,0,5,1,0,1,1,0,0,0,0,1,0,1,0,0,0,0,4,0,1,0,0,1,1,0,0,2,0,1,0,0,0,4,0,0,0,0,1,0,0,0,0,2,0,0,0,0,0,0,0,0,0,0,0,1,0,0,0,0,0,0,0,0,0,0,0,0,1,0,0,0
3784,0,4,1,1,0,0,9,5,1,3,1,1,0,0,0,3,1,1,0,0,0,2,4,0,1,0,0,0,1,0,2,0,0,5,0,1,0,4,0,0,0,4,1,0,0,0,0,0,2,0,0,0,0,0,0,0,0,0,0,0,0,0,0,0,0,0,0,0,0,0,0,0,0,0,0,0
3785,0,0,3,0,0,0,13,4,0,1,0,2,0,0,0,1,1,0,0,0,0,0,2,0,0,0,0,0,1,0,0,0,0,1,0,0,0,3,0,0,0,2,1,0,0,0,0,1,0,0,0,0,0,0,0,0,0,0,0,0,0,0,0,0,0,0,1,0,0,0,0,0,0,0,0,0
3786,0,5,4,1,0,0,4,5,0,1,0,0,0,0,0,1,3,0,0,1,0,0,0,0,0,0,0,0,0,0,0,0,0,0,0,0,0,3,0,0,0,1,0,0,0,0,0,1,0,0,0,0,1,0,0,0,0,0,0,0,0,0,0,0,0,0,0,0,0,0,0,0,1,0,0,0
3787,0,2,11,3,0,0,7,27,3,1,0,14,0,0,0,6,0,3,0,0,11,1,1,0,0,0,0,10,0,0,0,5,0,0,0,4,1,2,1,0,0,4,0,0,0,0,1,0,0,1,0,0,4,0,0,0,0,0,1,0,0,0,0,0,0,0,0,0,0,0,0,0,1,0,0,0
3788,0,0,11,7,0,1,13,5,0,3,0,2,0,0,0,3,2,1,0,0,0,1,4,0,0,0,0,1,0,0,1,1,0,0,0,0,0,8,0,0,0,0,0,0,0,0,0,0,0,0,0,0,1,0,0,0,0,0,0,1,0,0,0,0,0,0,0,0,0,0,1,0,0,0,0,0
3789,0,2,6,2,0,1,6,5,0,1,0,2,0,0,0,1,1,5,1,2,0,2,3,0,0,0,1,4,0,0,2,0,0,2,0,0,0,1,0,1,0,2,0,0,0,0,0,0,0,0,0,0,0,0,0,0,0,0,1,0,0,0,0,0,0,0,0,0,0,0,0,0,0,0,0,0
3790,0,3,11,7,0,0,7,5,1,2,0,1,0,0,0,1,1,0,0,1,0,0,1,0,0,0,2,0,0,0,0,0,1,1,0,0,0,1,0,0,0,1,0,0,0,0,0,0,0,0,0,0,1,0,0,0,0,0,0,2,0,0,0,0,0,0,0,0,0,0,0,0,0,0,0,0
3792,0,1,17,13,0,0,10,6,3,5,0,1,0,1,0,5,2,1,0,0,0,2,1,0,0,0,0,0,0,0,3,0,1,3,0,0,1,4,0,0,0,2,1,1,0,0,0,0,0,0,0,0,1,0,0,0,0,0,1,1,0,0,0,0,1,0,0,0,0,0,0,0,0,0,0,0
3793,0,0,8,3,0,0,6,2,2,1,0,1,0,0,0,1,0,1,0,0,0,1,1,0,0,0,1,0,0,0,3,1,0,2,0,0,0,2,0,0,0,1,0,0,0,0,0,1,0,0,0,0,0,0,0,0,0,0,0,0,0,0,0,0,0,0,0,0,0,0,0,0,2,0,0,0
3794,1,2,7,3,5,3,7,7,2,0,0,1,0,0,1,1,0,0,0,0,0,2,2,1,0,0,0,0,0,0,3,0,3,2,0,1,0,3,0,0,0,0,0,0,0,1,0,0,0,0,0,0,0,0,0,0,0,0,0,0,0,0,0,0,0,0,0,0,0,0,0,0,1,0,0,0
3795,2,5,21,13,20,0,9,24,0,0,0,3,0,0,2,0,0,2,0,0,0,1,2,0,0,0,1,2,0,0,2,2,0,0,0,2,0,1,0,0,0,1,0,0,0,1,0,0,0,0,0,0,1,0,3,0,0,0,0,2,1,1,0,1,0,0,0,0,0,1,0,0,0,0,0,0
3796,0,0,0,1,0,0,1,17,1,0,0,5,0,0,0,1,0,0,0,0,0,0,0,0,0,0,0,0,0,0,0,5,0,0,0,4,0,0,1,2,0,0,0,0,0,0,0,0,0,0,0,0,0,0,0,0,0,0,0,0,0,0,0,0,0,0,0,0,0,0,0,0,0,0,0,0
3797,0,1,15,10,0,0,10,1,0,2,0,1,0,0,0,2,2,2,0,0,0,0,1,0,0,1,0,0,0,1,1,0,0,3,0,0,0,1,0,0,0,1,0,0,0,0,0,1,0,0,0,0,0,0,0,0,0,0,1,1,0,0,0,0,0,0,0,0,0,0,0,0,0,0,0,0
3798,0,8,14,12,3,1,9,15,3,3,0,2,0,0,0,6,0,3,0,2,0,3,2,0,0,0,0,1,0,2,2,1,3,1,0,0,0,0,0,0,0,3,0,0,0,0,0,0,0,0,0,0,1,0,0,0,0,0,0,0,0,0,0,0,0,0,0,0,0,0,0,0,0,0,0,0
3799,1,3,16,13,0,0,13,5,5,2,0,1,0,0,0,2,1,2,0,2,0,2,0,1,0,1,0,0,0,0,1,1,1,2,0,0,0,2,0,1,0,1,0,0,0,0,0,0,0,0,0,0,1,0,0,0,0,0,2,3,0,0,0,0,0,0,0,0,0,0,0,0,0,0,0,0
3800,0,3,18,4,0,0,21,8,0,1,0,3,0,0,0,0,1,2,0,0,1,0,4,0,1,1,0,0,0,0,0,0,0,0,0,1,0,3,1,0,0,3,0,0,0,0,0,0,0,0,0,0,1,0,0,0,0,0,0,0,0,0,0,0,0,0,0,0,0,0,0,0,2,0,0,0
3801,0,1,3,0,0,1,9,2,0,1,0,2,0,0,0,1,0,1,0,0,0,2,2,0,0,0,0,1,0,0,3,0,0,3,0,0,1,0,0,1,0,0,0,0,0,0,0,0,0,0,0,0,2,0,0,0,0,0,0,3,0,0,0,0,0,0,0,0,0,0,0,0,1,0,0,0
3803,0,1,11,6,0,6,10,4,0,1,0,5,0,0,0,1,1,1,0,0,0,0,3,0,1,0,0,0,0,0,0,0,0,0,0,0,0,1,0,0,0,1,0,0,0,0,0,1,0,0,0,0,0,0,0,0,0,0,0,0,0,0,0,0,0,0,0,0,0,0,0,0,0,0,0,0
3804,0,1,3,8,0,0,1,0,2,0,0,0,0,0,0,1,1,1,0,2,0,0,0,0,0,0,1,0,0,0,0,0,0,0,0,0,0,1,0,0,0,0,0,3,0,0,0,0,0,0,0,0,0,0,0,0,0,0,0,0,0,0,0,0,0,0,0,0,0,0,0,0,0,0,0,0
3805,0,2,12,3,0,1,11,4,3,6,0,0,0,0,0,1,1,1,0,0,0,0,1,0,0,0,0,0,0,0,0,0,0,2,0,0,0,0,0,0,0,2,1,0,0,0,0,0,0,0,0,0,0,0,0,0,0,0,0,0,0,0,0,0,0,0,0,0,0,0,0,0,0,0,0,0
3806,0,5,24,11,0,5,38,16,2,9,0,5,1,0,0,4,5,3,0,0,0,0,3,0,0,0,0,0,0,0,3,0,3,0,0,0,0,3,1,2,0,4,0,0,0,0,0,0,0,0,0,0,1,0,0,0,0,2,1,0,0,0,0,0,1,0,0,0,0,0,0,0,0,0,0,0
3826,0,0,11,5,0,0,21,7,3,6,0,2,0,0,0,4,1,6,0,0,0,2,4,0,0,0,1,1,2,0,0,1,1,2,0,0,0,6,0,0,0,1,1,1,0,0,0,0,0,0,0,0,0,0,0,0,0,0,0,0,0,0,0,0,0,0,0,0,0,0,0,0,0,0,0,0
3827,0,0,4,2,0,1,7,6,0,0,1,3,0,0,0,0,0,1,0,1,0,0,0,0,0,0,0,0,0,0,0,0,0,0,0,0,0,0,0,0,0,0,0,0,0,0,0,0,0,0,0,0,4,0,0,0,0,0,0,0,0,0,0,0,0,0,0,0,0,0,0,0,0,0,0,0
3828,0,0,2,1,0,0,7,5,0,0,1,1,0,0,0,0,2,0,0,0,0,1,2,0,0,0,0,0,0,0,0,1,0,0,0,0,0,0,0,0,0,0,0,0,0,0,0,0,0,0,0,0,1,0,0,0,0,0,0,0,0,0,0,0,0,0,0,0,0,0,0,0,0,0,0,0
3830,0,3,14,8,0,0,0,2,0,0,0,4,0,0,0,1,0,0,0,0,0,0,0,2,0,1,0,2,0,0,0,0,1,0,0,2,0,0,0,0,0,0,0,1,0,0,0,0,0,0,0,0,0,0,0,0,0,0,0,0,0,0,0,0,0,0,0,0,0,0,0,0,0,0,0,0
3831,0,1,8,7,0,0,5,0,1,0,0,1,1,0,0,1,0,1,0,0,0,0,2,0,0,1,0,0,2,0,0,0,0,1,0,0,0,0,0,0,0,1,1,2,0,0,0,0,0,0,0,0,0,0,0,0,0,0,1,0,0,0,0,0,0,0,0,0,0,0,0,0,0,0,0,0
3832,0,6,13,12,0,1,10,12,0,9,0,3,0,0,0,0,0,0,0,0,0,1,2,0,0,1,2,0,2,0,2,0,0,1,0,2,0,0,0,1,0,1,2,1,0,0,0,0,0,0,0,0,0,0,1,0,0,0,0,0,0,0,0,0,0,0,0,0,0,0,0,0,0,0,0,0
3833,0,9,18,20,0,0,8,7,1,1,0,0,0,0,0,1,1,3,2,0,0,0,1,0,0,1,0,0,0,3,0,1,1,2,0,0,1,2,0,0,0,4,1,0,0,0,0,1,0,0,0,0,0,0,0,0,0,0,1,1,0,0,0,0,0,0,0,0,0,0,0,0,1,0,0,0
3834,0,1,8,5,0,0,5,4,0,1,0,1,0,0,0,0,1,0,0,0,0,0,0,0,0,0,0,0,0,0,0,2,0,1,0,0,0,1,0,0,0,0,0,0,0,0,0,0,0,0,0,0,0,0,0,0,0,0,0,0,0,0,0,0,0,0,0,0,0,0,0,0,0,0,0,0
3835,0,5,5,5,0,0,5,2,0,2,1,1,0,0,0,0,1,2,0,0,0,0,2,0,0,0,0,0,0,0,0,0,0,0,0,0,0,0,0,0,0,0,0,0,0,0,0,0,0,0,0,0,1,0,0,0,0,0,0,0,0,0,0,0,0,0,0,0,0,0,0,0,1,0,0,0
3836,0,4,16,9,0,0,5,6,0,0,0,1,0,0,0,1,0,0,0,0,0,0,2,0,0,1,1,0,0,0,0,0,0,0,0,0,0,1,0,0,0,1,0,0,0,0,0,0,0,0,0,0,0,0,0,0,0,0,0,0,0,0,0,0,0,0,1,0,0,0,0,0,0,0,0,0
3837,0,4,14,7,0,0,6,1,2,0,0,1,0,0,0,1,1,0,0,0,1,1,1,0,0,0,0,0,0,0,0,0,0,2,0,0,0,0,0,0,0,1,1,0,0,0,0,0,0,0,0,0,0,0,2,0,0,0,0,0,0,0,0,0,0,0,0,0,0,0,1,0,0,0,0,0
3838,0,7,16,15,0,4,12,4,2,0,0,2,0,0,0,3,1,5,0,0,0,1,1,0,2,0,0,2,0,0,3,0,0,2,0,0,0,2,0,0,0,1,0,0,0,0,0,3,0,0,0,0,2,0,0,0,0,0,0,0,0,0,0,0,0,0,0,0,0,0,0,0,2,0,0,0
3839,0,6,17,10,0,0,7,2,0,1,0,0,0,0,0,0,1,2,0,0,0,0,1,0,0,0,0,1,0,0,1,0,0,0,0,0,0,1,0,0,0,0,0,0,0,0,0,1,0,0,0,0,1,0,0,0,0,0,0,0,0,0,0,0,0,0,0,0,0,0,0,0,0,0,0,0
3840,0,4,12,9,2,3,8,2,2,2,0,1,0,0,0,3,0,1,0,1,0,1,0,0,0,0,0,0,0,0,0,0,2,2,0,0,0,1,0,0,0,0,0,0,0,0,0,0,0,0,0,0,1,0,0,0,0,0,1,0,0,0,0,0,0,0,0,0,0,0,0,0,2,0,0,0
3841,1,4,22,11,0,0,6,17,2,1,0,11,0,0,0,2,0,1,0,0,0,1,1,3,0,0,0,4,0,0,0,5,0,1,0,0,0,1,1,2,0,0,1,0,0,0,0,1,0,0,1,0,0,0,1,0,0,1,0,1,0,0,0,2,0,0,0,0,0,0,0,0,1,0,0,0
3842,0,2,5,0,0,0,4,7,0,1,0,3,0,0,0,4,0,0,0,0,0,1,0,1,0,0,1,0,0,0,0,0,0,0,0,0,0,1,0,0,0,0,0,0,0,0,0,0,0,0,0,0,1,0,0,0,0,0,0,0,0,0,0,0,0,0,0,0,0,0,0,0,0,0,0,0
3843,2,0,1,1,0,0,6,2,1,0,0,0,0,0,0,2,0,0,0,0,0,2,3,0,0,0,0,0,0,0,1,1,0,0,0,0,1,4,0,1,0,0,0,0,0,0,0,0,0,0,0,0,0,0,0,0,0,0,0,0,0,0,0,0,0,0,0,0,0,0,0,0,0,0,0,0
3844,0,3,13,10,0,2,12,6,0,4,0,0,0,0,0,0,0,4,0,0,0,2,9,0,0,1,0,0,0,0,6,0,1,1,0,0,0,4,0,0,0,3,0,1,0,0,0,2,0,0,0,0,0,0,0,0,0,0,1,0,0,0,0,0,0,0,0,0,0,0,0,0,0,0,1,0
3845,0,3,14,10,2,0,2,2,3,0,0,0,0,0,0,2,0,0,0,0,0,0,1,0,0,1,0,0,0,0,0,0,0,1,0,0,0,2,0,0,0,1,0,0,0,0,0,0,0,0,0,0,0,0,0,0,0,0,0,0,0,0,0,0,0,0,0,0,0,0,0,0,0,0,0,0
3846,0,2,5,2,0,0,7,0,1,0,0,2,0,0,1,0,0,0,0,0,0,0,0,0,0,0,0,0,0,0,0,1,0,0,0,0,0,4,0,0,0,1,0,1,0,0,0,1,0,0,0,0,0,0,0,0,0,0,0,0,0,0,0,1,0,0,0,0,0,0,0,0,0,0,0,0
3847,0,2,25,14,0,0,2,1,1,0,0,4,0,0,0,1,0,1,0,0,0,1,1,0,0,0,0,0,0,0,1,0,0,2,0,0,0,3,0,0,0,1,0,0,0,0,0,0,0,0,0,0,0,0,0,0,0,0,0,0,0,0,0,0,0,0,0,0,0,0,0,0,0,0,0,0
3848,0,2,3,1,0,0,3,5,0,0,0,2,0,0,0,1,0,1,2,0,0,0,0,0,0,0,0,0,0,0,0,0,0,3,0,0,0,0,0,0,0,3,0,0,0,0,0,0,0,0,0,0,0,0,0,0,0,0,0,0,0,0,0,0,0,0,0,0,0,0,0,0,0,0,0,0
3849,1,1,3,2,0,0,1,2,0,0,0,0,1,0,0,0,0,5,0,0,0,1,0,0,0,0,0,1,0,0,0,0,0,0,0,0,0,3,0,0,0,1,0,1,0,0,0,0,0,0,0,0,1,0,0,0,0,0,0,1,0,0,0,0,0,0,0,0,0,0,0,0,1,0,0,0
3850,0,1,5,0,0,3,4,0,0,0,0,0,0,0,0,1,0,0,0,1,0,0,1,0,0,0,0,0,0,0,0,0,0,4,0,0,0,4,0,0,0,2,1,0,0,0,0,0,0,0,0,0,0,0,0,0,0,0,0,0,0,0,0,0,0,0,0,0,0,0,0,0,0,0,0,0
3851,0,7,22,13,0,1,7,3,1,0,0,3,2,0,0,4,0,4,2,0,0,1,0,0,0,2,1,1,0,1,0,0,0,0,0,0,0,1,0,0,0,2,0,0,0,0,0,0,0,0,0,0,0,0,0,0,0,0,0,2,0,1,0,0,0,0,0,0,0,0,0,0,0,0,0,0
3853,0,0,1,1,0,2,10,5,0,1,0,1,0,0,0,0,2,0,0,0,0,2,1,0,0,0,1,0,0,0,0,0,0,1,0,0,0,0,0,0,0,0,0,0,0,0,0,0,0,0,0,0,1,0,0,0,0,1,1,0,0,1,0,0,0,0,0,0,0,0,0,0,0,0,0,0
3854,0,10,16,9,0,7,14,6,1,0,0,2,0,0,0,1,1,4,1,0,0,1,2,0,0,2,0,0,0,0,1,0,0,1,0,0,0,5,0,0,0,5,1,0,0,0,0,2,0,0,0,0,2,0,0,0,0,0,0,0,0,1,0,0,0,0,0,0,0,0,0,0,0,0,0,0
3855,0,11,25,12,0,16,32,17,1,2,0,6,0,0,0,3,2,3,0,1,0,0,2,0,1,0,0,0,0,0,3,0,0,2,0,0,0,1,0,0,0,8,0,0,0,0,0,0,0,0,0,1,1,0,0,0,0,2,0,0,0,0,0,0,0,0,0,0,0,1,0,0,1,0,0,0
3856,0,1,12,6,0,4,28,5,1,8,0,1,0,0,0,0,3,2,0,0,0,2,0,0,0,1,0,0,0,0,0,0,0,1,0,0,0,3,0,0,0,2,0,0,0,0,0,1,0,0,1,0,1,0,0,0,0,0,1,0,0,1,0,0,2,0,0,0,0,0,0,0,0,0,0,0
3857,0,6,24,15,0,7,31,13,0,5,0,8,0,0,0,3,3,7,0,6,0,0,2,0,0,1,1,0,0,1,3,0,0,1,0,0,1,3,0,0,0,8,0,0,0,0,0,0,0,0,0,0,0,0,0,0,0,1,0,1,0,0,0,0,0,0,1,0,0,0,0,0,0,0,0,0
3858,0,4,19,13,0,7,13,8,3,2,0,2,0,0,0,4,2,4,0,2,0,0,1,0,1,1,0,0,0,2,0,1,0,0,0,0,0,3,0,0,0,4,0,0,0,0,0,2,0,0,0,0,0,0,0,0,0,0,0,0,0,0,0,0,0,0,0,0,0,0,0,0,0,0,0,0
3859,0,5,27,13,0,8,13,8,2,5,0,4,1,0,1,0,4,0,0,0,0,0,1,0,2,0,1,0,0,0,0,0,0,0,0,0,1,4,0,0,0,1,0,0,0,0,0,0,0,0,0,0,2,0,0,0,0,0,0,1,0,0,0,0,0,0,0,0,0,0,0,0,0,0,0,0
3860,0,3,17,11,0,0,15,6,1,4,0,1,1,0,0,3,1,2,0,2,0,0,5,0,0,0,0,0,0,0,3,2,1,0,0,0,1,5,0,0,0,1,0,0,0,0,0,0,0,0,0,0,2,0,0,0,0,0,0,0,0,0,0,0,0,0,0,0,0,0,0,0,0,0,0,0
3861,0,3,2,0,0,2,6,7,0,2,0,1,0,0,0,0,0,0,0,0,0,0,0,0,0,1,0,1,0,0,1,0,0,0,0,0,0,3,1,0,0,1,0,0,0,0,0,0,0,0,0,0,0,0,0,0,0,0,1,0,0,0,0,0,2,0,0,0,0,0,0,0,0,0,0,0
3881,0,0,3,1,0,2,4,5,0,2,3,0,0,0,0,0,0,2,0,0,0,0,0,0,0,0,0,0,0,0,0,0,0,0,0,0,0,0,0,0,0,0,0,0,0,0,0,0,0,0,0,0,0,0,0,0,0,0,0,0,0,0,0,0,0,0,0,0,0,0,0,0,0,0,0,0
3882,0,0,7,4,0,1,1,2,1,1,0,3,0,0,0,0,0,0,0,0,1,0,0,0,0,1,0,0,1,0,1,0,0,0,0,0,0,0,0,2,0,0,0,0,0,0,0,0,0,0,0,0,0,0,0,0,0,0,1,0,0,0,0,0,0,0,0,0,0,0,0,0,0,0,0,0
3884,0,3,21,9,0,0,4,2,1,0,1,4,0,0,0,2,0,0,0,0,0,0,0,0,0,0,1,0,0,0,0,0,0,0,0,0,0,0,0,1,0,0,0,0,0,0,0,0,0,0,0,0,0,0,0,0,0,0,0,0,0,0,0,0,0,0,0,0,0,0,0,0,0,0,0,0
3885,0,8,34,22,21,0,2,15,0,0,0,6,0,0,2,0,2,4,0,0,0,1,0,0,0,1,0,3,0,1,4,5,1,0,0,8,3,0,1,0,1,0,1,0,1,0,0,0,0,0,3,0,0,0,2,0,0,1,1,0,0,0,0,1,0,0,0,0,0,0,0,0,0,0,0,0
3886,1,7,26,16,0,1,14,26,5,5,0,0,0,0,0,5,2,1,0,0,0,1,5,0,1,0,0,0,0,0,2,1,0,4,0,0,0,5,0,0,0,1,0,0,0,0,0,1,0,0,1,0,0,0,1,0,0,0,1,2,0,0,0,0,0,0,0,0,0,0,0,0,0,0,0,0
3887,0,1,1,0,0,1,2,7,2,5,0,0,0,0,0,1,0,1,0,1,0,0,2,0,0,0,0,0,4,0,0,0,0,0,0,0,0,0,0,0,0,0,1,1,0,0,0,0,0,0,0,0,0,0,0,0,0,0,0,1,0,0,0,0,0,0,0,0,0,0,0,0,0,0,0,0
3888,0,3,17,9,1,1,4,4,0,1,0,5,0,0,1,2,1,1,0,0,0,2,0,0,0,0,0,0,2,0,0,0,0,0,0,1,0,0,0,0,0,1,0,0,0,0,0,0,0,0,0,0,2,0,0,0,0,0,1,0,0,0,0,0,0,0,0,0,0,0,0,0,0,0,0,0
3889,0,1,15,14,0,1,7,11,3,5,0,0,0,0,0,0,1,0,0,0,0,0,1,0,1,0,0,1,2,0,1,0,0,3,0,0,0,3,0,3,0,0,1,0,0,0,0,1,0,0,0,0,0,0,0,0,1,0,0,0,0,0,0,0,0,0,1,0,0,0,0,0,0,0,0,0
3890,21,4,24,14,0,3,13,21,1,7,0,13,0,0,0,2,2,3,1,0,1,0,0,0,1,1,2,7,0,1,1,5,0,0,0,7,0,4,1,3,0,1,0,1,0,0,0,0,0,1,1,0,0,0,0,0,0,0,0,0,0,0,0,0,0,0,1,0,0,0,0,0,0,0,0,0
3891,0,0,8,2,0,0,9,1,3,2,1,2,1,0,0,0,1,1,0,0,0,0,1,0,0,0,0,0,0,0,1,1,0,0,0,0,0,0,0,0,0,0,0,0,0,0,0,2,0,0,0,0,0,1,0,0,0,0,0,1,0,0,0,0,0,0,0,0,0,0,0,0,0,0,0,0
3892,13,2,11,0,0,2,3,2,2,1,0,0,0,0,0,1,0,5,0,0,0,0,0,1,0,0,1,5,0,1,1,6,0,0,0,2,0,2,0,0,0,1,0,0,0,0,0,0,0,0,0,0,0,0,0,0,0,0,0,0,0,0,0,0,0,0,0,0,0,0,0,0,0,0,0,0
3893,0,1,6,2,0,1,1,3,0,1,0,1,0,0,0,0,0,0,0,0,1,0,0,0,0,0,0,0,0,0,1,1,0,1,0,0,1,2,0,0,0,1,0,0,0,0,0,1,0,0,0,0,0,0,0,0,0,1,0,0,0,0,0,0,0,0,0,0,0,0,0,0,0,0,0,0
3895,0,2,12,4,0,3,19,4,2,1,0,2,0,0,0,0,0,3,0,3,0,0,0,0,0,0,0,0,0,0,1,0,0,0,0,0,0,1,0,0,0,0,0,0,0,0,0,0,0,0,0,0,1,0,0,0,0,0,0,0,0,0,0,0,0,0,0,0,0,0,0,0,1,0,0,0
3896,0,0,12,14,1,1,1,1,2,1,0,3,0,0,0,0,1,0,0,1,0,0,0,0,0,0,0,0,0,1,0,1,0,0,0,0,0,1,0,0,0,0,1,1,0,0,0,0,0,0,0,0,0,0,0,0,0,0,1,0,0,0,0,0,0,0,0,0,0,0,0,0,1,0,0,0
3898,1,1,3,0,0,1,12,3,0,0,0,1,0,0,0,3,1,0,0,0,0,0,0,0,1,0,0,0,0,0,0,0,0,2,0,0,0,3,0,0,0,1,0,0,0,0,0,0,0,0,0,0,0,0,0,0,0,1,0,0,0,0,0,0,0,0,0,0,0,0,0,0,0,0,0,0
3899,4,6,15,12,0,4,14,8,5,4,0,6,0,0,0,2,1,4,0,1,0,0,0,0,0,0,1,3,0,0,2,3,0,1,0,0,0,3,0,0,0,6,2,0,0,0,0,0,0,0,0,0,0,0,0,0,0,0,0,0,0,0,0,0,0,0,0,0,0,0,0,0,0,0,0,0
3900,0,1,1,0,0,3,6,15,0,2,0,4,0,0,0,1,1,1,0,0,2,2,0,0,1,0,0,2,0,0,1,4,1,1,0,0,0,2,0,1,0,1,1,0,0,0,0,0,0,0,0,1,0,2,1,0,0,0,0,0,0,0,0,0,0,0,0,0,0,0,0,0,0,0,0,0
3901,1,4,26,12,0,1,11,1,2,1,0,4,1,0,0,0,1,1,0,0,0,1,1,0,0,0,0,0,0,0,0,0,1,1,0,0,0,4,0,2,0,2,0,0,0,0,0,0,0,0,0,0,0,0,0,0,0,0,0,0,0,0,0,0,0,0,0,0,0,0,0,0,0,0,0,0
3903,0,1,5,1,0,1,11,6,0,0,0,2,0,0,0,1,1,1,0,0,0,0,3,0,1,0,0,0,0,0,3,0,0,0,0,0,0,4,0,0,0,0,1,1,0,0,0,0,0,0,0,0,0,0,0,0,0,2,0,0,1,0,0,0,0,0,0,0,0,0,0,0,0,0,0,0
3904,0,0,0,0,0,0,0,9,0,0,0,1,0,0,0,2,0,0,0,0,0,0,0,0,0,0,1,3,0,0,0,2,0,0,0,2,0,0,1,0,0,0,0,0,0,0,0,0,0,0,1,0,0,0,0,0,0,0,1,0,0,0,0,0,0,0,0,0,0,0,0,0,0,0,0,0
3905,0,17,56,28,1,25,42,27,2,4,0,10,0,0,0,7,4,7,0,2,1,0,6,0,1,1,2,0,0,0,1,0,1,2,0,0,0,2,1,0,1,12,1,0,0,0,0,0,1,0,0,0,2,0,0,0,0,0,2,0,0,0,0,0,0,0,0,0,0,0,0,0,0,0,0,0
3906,0,2,11,8,0,4,9,2,1,3,0,3,0,0,0,1,0,1,0,1,0,0,1,0,0,0,0,0,1,1,0,0,0,0,0,0,0,2,0,0,0,1,0,0,0,0,0,0,0,0,0,0,0,0,0,0,0,0,1,0,0,0,0,0,0,0,0,0,0,0,0,0,0,0,0,0
3907,0,4,21,9,0,1,15,3,0,1,0,3,3,0,0,4,1,3,0,1,0,0,1,0,0,0,1,1,0,0,0,1,0,0,0,0,1,0,0,0,0,2,0,0,0,0,0,0,0,0,0,0,0,0,0,0,0,0,0,0,0,0,0,0,0,0,0,0,0,0,0,0,0,0,0,0
3922,0,5,27,10,0,4,13,6,1,3,2,10,0,0,0,1,1,5,1,0,0,0,1,0,0,0,1,0,1,0,1,0,2,0,0,0,0,1,0,0,0,0,1,0,0,0,0,0,0,0,0,0,0,1,0,0,0,0,1,0,0,0,0,0,0,0,0,0,0,0,0,0,0,0,0,0
3923,0,9,10,3,0,0,3,4,1,0,1,4,0,0,0,1,0,1,2,1,1,0,1,0,0,0,0,1,0,0,0,0,0,1,0,0,0,0,0,0,0,1,0,0,0,0,0,0,0,0,0,0,0,0,0,0,0,0,0,0,0,0,0,0,0,0,0,0,0,0,0,0,0,0,0,0
3924,0,1,17,1,0,6,26,32,1,3,0,7,1,0,0,3,0,1,0,0,0,0,2,0,3,0,1,1,5,0,3,2,0,0,0,0,0,0,0,3,0,2,0,0,0,0,0,0,0,0,0,0,0,0,0,0,0,0,3,0,0,0,0,1,0,0,0,0,0,0,0,0,0,0,0,0
3925,0,7,19,9,0,1,5,4,1,6,1,1,0,0,0,3,0,1,0,0,0,0,6,0,0,1,0,0,0,1,0,0,0,1,0,0,0,2,0,0,0,2,1,1,0,0,0,0,0,0,0,0,0,0,0,0,0,0,1,0,0,0,0,1,0,0,0,0,0,0,0,0,0,0,0,0
3926,0,2,7,4,0,0,6,15,1,0,0,4,0,0,1,0,0,0,0,1,0,1,0,0,0,1,0,0,0,0,2,0,1,0,0,0,1,0,0,0,0,0,0,0,0,0,0,0,0,0,0,0,0,0,0,0,0,0,0,0,0,0,0,0,0,0,0,0,0,0,0,0,0,0,0,0
3927,2,11,27,16,0,0,14,7,1,4,0,3,0,0,0,6,2,3,2,1,0,0,1,0,0,0,0,0,0,0,0,0,2,1,0,0,0,0,0,0,0,1,1,2,0,0,0,0,0,0,0,0,0,0,2,0,0,0,0,0,0,0,0,0,0,0,0,0,0,0,0,0,0,0,0,0
3928,1,13,42,33,0,0,9,9,3,4,0,5,1,0,0,4,2,2,0,0,0,0,7,0,0,1,2,0,0,0,1,0,1,1,0,3,0,3,0,0,0,3,1,0,0,0,0,1,0,0,0,0,1,0,0,0,0,0,1,1,0,0,0,0,0,0,0,0,0,0,0,0,0,0,0,0
3929,0,4,23,10,0,0,19,8,1,4,0,2,0,0,1,4,3,2,0,0,1,0,1,0,0,1,0,0,0,0,1,0,0,3,0,0,0,4,0,0,0,1,1,0,0,0,0,1,0,0,0,0,0,0,0,0,0,0,0,1,0,0,0,0,0,0,0,0,0,0,0,0,0,0,0,0
3930,0,1,10,5,0,0,2,3,0,0,1,1,0,0,0,0,0,0,0,0,0,0,0,0,0,0,0,1,0,0,0,0,0,0,0,0,0,0,0,0,0,1,0,0,0,0,0,0,0,0,0,0,0,0,0,0,0,0,0,0,0,0,0,0,0,0,0,0,0,0,0,0,0,0,0,0
3931,0,3,9,4,0,0,1,2,1,1,1,2,0,0,0,1,2,2,0,1,0,0,0,0,0,0,1,0,0,0,0,0,0,1,0,0,0,3,0,1,0,0,1,0,0,1,0,0,0,0,0,0,0,0,0,0,0,0,0,0,0,0,0,0,0,0,0,0,0,0,0,0,0,0,0,0
3932,0,5,20,3,0,0,6,3,1,7,1,5,0,0,0,3,0,0,0,0,0,2,0,0,0,0,0,0,0,0,1,0,0,0,0,0,0,1,0,0,0,0,2,0,0,0,0,0,0,0,0,0,0,0,0,0,0,0,1,0,0,0,0,0,0,0,0,0,0,0,0,0,0,0,0,0
3933,0,0,5,0,0,0,3,3,0,0,0,2,0,0,0,2,0,1,0,0,0,0,0,0,0,0,0,0,0,0,0,0,0,0,0,0,0,2,0,0,0,2,0,0,0,0,0,0,0,0,0,0,0,0,0,0,0,0,0,1,0,0,0,0,0,0,0,0,0,0,0,0,1,0,0,0
3934,0,5,16,7,0,0,0,1,1,0,0,7,0,0,0,3,0,0,0,0,0,0,1,0,0,1,0,0,0,0,2,0,0,0,0,0,0,0,0,0,0,2,0,0,0,0,0,0,0,0,0,0,0,0,0,0,0,0,0,4,0,0,0,0,0,0,0,1,0,0,0,0,2,0,0,0
3935,0,2,14,6,1,0,11,14,4,4,0,5,0,0,0,2,1,0,0,2,2,0,0,0,0,1,0,4,0,0,3,1,1,1,0,2,0,2,1,0,0,1,1,0,0,0,0,0,0,1,0,0,1,0,0,0,0,0,0,0,0,0,0,0,0,0,0,0,0,0,0,0,0,0,0,0
3936,0,0,0,0,0,1,8,7,0,0,0,1,0,0,0,2,0,2,0,1,0,2,1,0,0,0,0,0,0,0,0,0,0,0,0,0,0,1,0,0,0,1,1,0,0,0,0,0,0,0,0,0,0,0,0,0,0,0,0,0,0,0,0,0,0,0,0,0,0,0,0,0,0,0,0,0
3937,0,3,23,13,0,1,5,1,1,3,0,6,0,0,0,0,1,0,0,0,1,0,1,0,0,2,0,0,0,0,0,0,2,0,0,0,0,0,0,0,0,0,0,0,0,0,0,1,0,0,0,0,0,0,0,0,0,0,0,0,0,0,0,0,0,0,0,0,0,0,0,0,0,0,0,0
3938,0,1,10,6,0,0,3,0,1,0,0,2,0,0,0,2,0,0,0,0,0,0,0,0,0,1,0,3,0,0,0,0,0,0,0,0,0,0,0,0,0,0,0,0,0,0,0,0,0,0,0,0,0,0,0,0,0,0,0,0,0,0,0,0,0,0,3,0,0,0,0,0,1,0,0,0
3940,0,0,8,7,0,0,4,4,0,0,0,0,0,0,0,0,2,0,0,0,0,2,0,0,0,0,0,2,0,0,0,0,0,3,0,0,0,1,0,0,0,1,0,0,0,0,0,1,1,0,0,0,0,0,0,0,0,0,2,0,0,0,0,0,0,0,0,0,0,0,0,0,0,0,0,0
3941,0,1,9,2,0,0,2,16,4,1,1,5,0,0,0,0,0,1,0,1,2,0,0,1,1,0,0,3,0,0,2,8,0,0,0,0,0,0,1,1,0,1,0,0,0,0,0,1,0,0,0,0,0,0,0,0,0,0,0,0,0,0,0,0,0,0,0,0,0,0,0,0,0,0,0,0
3943,0,6,9,19,0,0,17,6,2,1,0,3,0,0,0,4,0,2,0,2,0,1,3,0,0,0,1,1,0,0,0,1,1,4,0,0,0,1,0,0,0,1,1,0,0,0,0,0,0,0,0,0,1,0,2,0,0,0,1,0,0,0,0,0,0,0,0,0,0,0,0,0,0,0,0,0
3944,0,5,11,10,0,0,17,8,0,1,0,7,0,0,0,3,0,0,0,1,1,1,0,0,0,0,0,2,0,0,0,0,0,1,0,0,0,2,1,0,0,0,2,0,0,0,0,0,0,0,0,0,2,1,0,0,0,0,1,0,0,0,0,0,0,0,0,0,0,0,0,0,0,0,0,0
3945,0,0,0,0,0,0,4,9,1,0,0,0,1,0,0,0,0,1,0,0,2,0,0,0,0,0,0,0,0,0,0,0,1,0,0,0,0,1,0,0,0,1,0,0,0,0,0,0,0,0,0,0,0,0,0,0,0,0,0,0,0,0,0,0,0,0,0,0,0,0,0,0,0,0,0,0
3946,0,8,24,24,0,0,18,14,6,4,0,6,0,0,1,1,2,4,0,1,0,0,3,0,0,0,0,0,0,1,1,0,1,2,0,0,0,1,0,0,0,3,2,0,0,0,0,0,1,0,0,0,1,0,0,0,0,0,0,1,0,1,0,0,0,0,0,0,0,0,0,0,1,0,0,0
3947,0,0,5,3,0,0,10,0,0,2,0,0,0,0,0,2,1,1,0,0,0,0,2,0,1,1,0,0,0,0,1,0,1,0,0,1,1,0,0,0,0,0,0,0,0,0,0,0,1,0,0,0,0,0,0,0,0,0,0,0,0,0,0,0,0,0,0,0,0,0,0,0,0,0,0,0
3948,0,3,0,1,0,1,13,4,1,1,0,3,0,0,0,1,0,1,0,0,0,1,1,0,0,0,0,0,0,0,0,0,0,2,0,0,0,1,0,0,0,0,0,0,0,0,0,0,1,0,0,0,0,0,0,0,0,0,0,1,0,0,0,0,0,0,0,0,0,0,0,0,1,0,0,0
3949,0,1,3,5,0,1,11,1,0,1,0,1,0,0,0,1,1,0,0,0,0,2,2,0,0,0,0,0,0,0,2,0,0,1,0,0,0,1,0,0,0,4,0,0,0,0,0,0,0,0,0,0,1,0,0,0,0,0,0,0,0,1,0,0,0,0,0,0,0,0,0,0,0,0,0,0
3950,0,15,39,23,0,1,20,6,9,9,0,2,0,0,0,1,2,3,1,2,0,1,3,0,0,1,0,2,0,1,1,1,0,0,0,0,1,1,0,2,0,2,1,0,0,0,0,0,1,0,0,0,3,0,0,0,0,0,1,0,0,1,0,0,0,0,0,0,0,0,0,0,0,0,0,0
3951,0,0,11,3,0,0,8,0,0,0,1,3,0,0,0,0,1,0,0,0,0,0,1,0,0,0,0,4,0,0,0,0,0,0,0,0,0,1,0,0,0,0,0,0,0,0,0,0,0,0,0,0,1,0,0,0,0,0,0,0,0,0,0,0,0,0,0,0,0,0,0,0,0,0,0,0
3952,2,3,17,13,0,8,22,12,3,1,0,1,0,0,0,4,2,2,0,0,3,0,0,0,0,0,0,5,0,0,3,4,0,0,0,2,0,0,2,2,0,2,1,0,0,0,0,0,0,0,0,0,1,0,1,0,0,0,1,0,0,0,0,0,0,0,0,1,0,0,0,0,0,0,0,0
3953,0,1,13,9,0,0,1,18,0,1,0,7,0,0,0,0,0,0,0,1,3,0,0,0,0,1,0,1,0,0,0,6,1,0,0,2,0,0,0,3,0,0,0,0,0,0,0,0,0,0,0,0,0,0,0,0,0,0,2,0,0,0,0,0,0,0,0,0,0,0,0,0,0,0,0,0
3954,1,15,28,13,0,11,36,12,5,1,0,5,0,0,0,7,2,5,0,3,0,1,1,1,1,0,0,0,0,0,1,1,0,1,0,1,0,2,0,0,0,6,0,0,0,0,0,1,0,0,0,0,4,0,0,0,0,0,0,0,0,1,0,0,0,0,0,0,0,0,0,0,0,0,2,0
3955,2,1,15,2,0,3,23,8,1,3,0,2,0,0,0,1,2,1,0,0,0,0,3,0,0,0,0,1,0,0,0,0,0,0,0,0,0,0,1,0,0,7,0,0,0,0,0,0,0,0,0,0,2,0,0,0,0,0,0,0,0,0,0,0,0,0,0,0,0,1,0,0,0,0,0,0
3956,0,1,7,2,0,3,9,4,1,0,0,4,1,1,0,0,0,2,0,1,0,0,3,0,0,0,0,2,0,0,1,0,0,0,0,2,0,0,0,0,0,2,0,0,0,0,0,1,1,1,0,5,0,0,0,0,0,0,2,0,0,0,0,0,0,0,0,0,0,0,0,0,0,0,0,0
3957,0,9,10,7,0,12,9,5,3,2,0,5,0,0,0,3,0,5,2,1,0,0,0,0,3,1,2,0,0,0,1,0,0,0,0,0,0,0,0,0,0,1,0,0,0,0,0,0,0,0,0,0,0,0,0,0,0,0,0,0,0,0,0,0,0,0,0,0,0,0,0,0,0,0,1,0
3979,0,0,3,2,0,4,12,34,0,3,0,9,0,0,0,0,1,0,0,0,2,1,1,1,0,1,0,2,2,0,2,0,0,0,0,3,1,2,0,0,0,0,0,0,0,0,0,0,0,0,0,0,1,0,0,0,0,0,0,0,1,0,0,0,0,0,0,0,0,0,0,0,0,0,0,0
3980,0,0,14,4,3,0,0,3,0,0,1,2,0,0,2,0,0,0,0,0,1,0,0,0,1,1,0,2,0,0,2,3,0,0,0,1,1,0,0,0,0,0,0,1,0,0,0,0,0,0,0,0,0,0,0,0,0,0,0,0,0,0,0,0,0,0,0,0,0,0,0,0,0,0,0,0
3981,0,3,14,6,0,0,7,4,1,1,2,4,0,0,0,2,0,1,0,1,0,0,1,0,0,2,2,0,0,0,0,0,1,0,0,0,0,3,0,0,0,0,0,2,0,0,0,0,0,0,0,0,0,0,0,0,0,0,1,0,0,0,0,0,0,0,0,0,0,0,1,0,0,0,0,0
3983,0,5,15,14,0,0,7,1,2,1,0,2,0,0,0,2,0,1,0,0,0,1,1,0,1,0,1,0,2,0,1,0,0,1,0,0,0,1,0,0,0,0,1,0,0,0,0,0,0,0,0,0,0,0,0,0,0,0,0,0,0,0,0,0,0,0,0,0,0,0,0,0,0,0,0,0
3984,0,3,14,10,0,0,1,20,0,0,0,12,0,0,0,1,0,1,2,0,2,0,0,1,0,0,0,8,0,0,0,5,0,0,1,2,0,0,0,0,1,0,0,1,0,0,0,0,0,0,0,0,0,0,0,0,0,0,0,0,0,0,0,0,0,0,0,0,0,0,0,0,0,0,0,0
3985,0,3,12,3,0,1,1,0,4,2,0,4,0,0,0,1,1,0,0,0,0,0,2,0,0,0,0,0,0,1,0,0,1,0,0,0,0,0,0,0,0,1,0,0,0,0,0,0,0,0,0,0,0,0,0,0,0,0,0,0,0,0,0,0,0,0,1,0,0,0,0,0,0,0,0,0
3987,0,6,21,13,0,5,11,14,2,4,0,2,0,0,0,6,0,2,0,0,0,1,0,0,0,1,0,1,1,0,1,1,0,0,0,0,0,1,0,1,0,0,0,1,0,0,0,0,0,0,0,0,0,0,0,0,0,0,0,1,0,0,0,0,0,0,0,0,0,0,0,0,0,0,0,0
3989,1,3,9,7,2,0,1,32,5,2,0,15,0,0,3,1,0,1,0,0,4,0,0,1,0,1,1,10,0,1,0,16,0,2,1,4,0,0,0,1,0,1,0,0,0,0,1,0,0,0,0,0,0,0,1,0,0,0,1,0,0,0,0,0,0,0,0,0,0,0,0,0,1,0,0,0
3990,0,4,17,15,0,0,21,10,1,6,1,4,0,0,0,3,2,8,0,0,0,1,6,0,0,1,0,0,2,0,0,1,0,1,0,0,0,5,0,0,0,3,1,0,0,0,0,0,0,0,0,0,0,0,0,0,0,0,1,1,0,0,0,0,0,0,0,0,0,0,0,0,0,0,0,0
3991,0,3,13,6,0,0,5,5,2,8,0,0,0,0,0,1,0,1,0,0,0,0,2,0,0,0,0,1,1,0,2,1,0,2,0,0,1,3,0,0,0,1,0,0,0,0,0,0,0,0,0,0,0,0,0,0,0,0,1,0,0,0,0,0,0,0,1,0,0,0,0,0,0,0,0,0
3992,0,6,33,21,0,0,6,3,3,0,0,2,0,0,0,0,0,2,0,0,1,1,3,0,0,0,0,0,0,0,0,1,0,0,0,0,0,2,0,0,0,1,0,1,0,0,0,0,0,0,0,0,1,0,0,0,0,0,0,0,0,0,0,0,0,0,0,0,0,0,0,0,0,0,0,0
3993,0,1,3,1,0,2,2,1,0,2,0,0,0,0,0,2,1,1,0,2,0,1,2,0,0,0,0,1,0,0,1,0,0,1,0,0,0,6,0,0,0,0,2,0,0,0,0,4,1,0,0,0,0,0,0,0,0,0,1,0,0,0,0,0,0,0,0,0,0,0,0,0,0,0,0,0
3995,0,3,29,10,0,1,13,3,1,3,0,4,0,0,0,6,0,1,0,1,0,0,3,0,0,0,0,0,0,0,0,0,1,2,0,0,2,1,0,0,0,0,2,0,0,0,0,1,0,0,0,0,0,0,0,0,0,0,1,0,0,0,0,1,0,0,0,0,0,0,0,0,0,0,0,0
3996,1,0,0,0,0,1,10,3,0,2,0,1,1,0,0,1,0,0,0,0,0,0,3,0,0,0,0,0,0,0,2,0,0,3,0,0,0,2,0,0,0,1,1,0,0,0,0,0,0,0,0,0,0,0,0,0,0,0,0,0,0,0,0,0,0,0,0,0,0,0,0,0,0,0,0,0
3997,0,0,8,3,0,1,0,5,0,0,1,0,0,0,0,2,0,0,0,0,0,0,1,0,0,0,0,0,0,0,1,0,0,1,0,0,0,0,0,0,0,0,1,0,0,0,0,0,0,0,0,0,0,0,0,0,0,0,0,0,0,0,0,0,0,0,0,0,0,0,0,0,0,0,0,0
3998,0,6,10,10,0,0,10,2,1,1,0,1,1,0,0,1,0,0,0,0,0,0,0,1,1,0,0,1,0,0,0,1,0,0,1,0,0,2,0,1,0,1,2,0,0,2,0,1,0,0,0,0,0,0,0,0,0,0,0,1,0,0,0,0,0,0,0,0,0,0,0,0,0,0,0,0
3999,0,5,26,14,0,1,7,0,0,0,0,1,0,0,0,1,0,1,1,2,0,0,0,0,0,1,0,3,0,0,0,0,1,0,0,0,0,2,0,1,0,0,0,0,4,0,0,0,0,0,0,0,0,0,0,0,0,0,1,0,0,0,0,0,0,0,0,0,0,0,0,0,0,0,0,0
4001,0,0,10,8,0,1,12,4,2,2,0,6,0,0,0,6,0,2,0,0,1,2,4,0,0,0,1,0,0,0,1,2,1,0,0,2,0,1,0,3,0,0,1,0,0,0,0,0,1,0,0,0,1,0,0,0,0,0,0,0,0,0,0,0,0,0,0,0,0,0,0,0,0,0,0,0
4003,0,0,1,0,0,2,11,2,0,4,0,0,0,0,0,1,0,1,0,0,0,0,1,0,0,0,0,2,0,0,0,0,0,0,0,0,0,1,0,0,0,2,1,0,0,0,0,0,0,0,0,0,0,0,0,0,0,0,0,0,0,0,0,0,0,0,0,0,0,0,0,0,0,0,0,0
4004,0,8,14,4,0,0,5,2,0,1,0,2,0,0,0,2,0,3,0,0,0,0,0,0,0,1,0,0,0,0,0,0,0,0,0,0,0,0,0,0,0,1,2,0,0,0,0,0,0,0,0,0,0,0,0,0,0,0,0,3,0,1,0,0,0,0,0,0,0,0,0,0,0,0,0,0
4005,0,0,14,4,0,1,4,8,2,0,0,1,0,0,0,1,0,4,0,0,1,0,0,0,0,0,0,0,0,0,0,0,0,2,0,0,0,0,0,0,0,2,0,0,0,0,0,0,0,0,0,0,1,0,0,0,0,0,0,1,0,0,0,0,0,0,0,0,0,0,0,0,0,0,0,0
4006,0,1,10,10,0,1,11,2,3,3,0,1,1,0,0,2,2,0,0,0,0,0,0,0,1,0,0,0,0,0,2,0,0,1,0,0,0,1,0,0,0,3,0,0,0,0,0,0,0,0,0,0,0,0,0,0,0,0,1,0,0,0,0,0,0,0,0,0,0,0,0,0,0,0,0,0
4007,0,3,12,8,0,2,7,7,2,1,0,4,0,0,0,3,3,0,1,1,0,0,0,0,0,0,0,0,0,0,0,0,0,4,0,0,0,1,0,1,0,1,2,0,0,0,0,1,0,0,0,0,0,0,0,0,0,1,1,0,0,0,0,0,0,0,0,0,0,0,0,0,0,0,0,0
4008,0,0,7,5,0,2,11,4,0,1,0,3,0,0,0,0,1,0,0,0,0,1,3,0,0,0,0,0,0,0,1,0,1,2,0,0,0,4,0,0,0,1,1,0,0,0,0,0,0,0,0,0,0,0,0,0,0,0,0,0,0,0,0,0,0,0,0,0,0,0,0,0,0,0,0,0
4009,0,6,15,6,0,5,15,4,1,1,0,3,0,0,0,1,4,3,0,2,0,0,1,0,0,0,0,0,0,0,0,0,0,0,0,0,0,0,0,0,0,1,0,0,0,0,0,1,1,0,0,0,0,0,0,0,0,0,1,0,0,0,0,0,0,0,0,0,0,0,0,0,0,0,0,0
4025,0,5,11,8,1,3,15,37,1,7,3,4,0,0,1,2,3,3,0,0,0,4,0,0,1,0,2,1,1,0,3,1,1,0,0,3,0,0,0,2,0,3,1,2,0,0,0,0,0,0,0,0,1,0,0,0,0,0,0,0,0,0,0,0,0,0,0,0,0,0,0,0,0,0,1,0
4026,0,0,1,0,0,3,7,11,0,5,3,2,0,0,1,2,1,1,0,0,0,0,0,0,2,0,1,1,1,0,0,0,0,0,0,0,0,2,0,0,0,1,0,0,0,0,0,0,0,0,0,0,0,0,0,0,0,0,0,0,0,0,0,0,0,0,0,0,0,0,0,0,0,0,0,0
4027,0,2,14,9,0,2,14,38,1,2,2,18,0,0,1,4,1,2,1,2,4,1,4,0,0,0,1,12,0,0,1,8,0,1,0,8,0,7,0,0,0,0,0,0,0,0,0,2,0,0,1,0,3,2,0,0,0,0,1,2,0,0,0,0,0,0,0,0,0,2,0,0,0,0,0,0
4028,0,4,7,5,0,0,22,6,3,4,2,2,0,0,0,5,3,3,0,1,0,2,0,0,0,0,0,1,0,0,4,2,1,2,0,0,0,3,0,0,0,1,0,0,0,0,0,0,0,0,0,0,1,0,0,0,0,0,0,0,0,0,0,0,0,0,0,0,0,0,0,0,1,0,0,0
4029,0,2,2,1,0,0,6,5,2,0,3,3,1,0,0,0,0,1,0,0,1,0,0,0,0,0,0,0,0,0,3,0,0,0,0,0,0,0,0,0,0,0,0,0,0,0,0,1,0,0,0,0,1,0,0,0,0,0,0,0,0,0,0,0,0,0,0,0,0,0,0,0,0,0,0,0
4030,0,4,20,18,0,2,9,14,0,2,0,2,1,0,0,6,1,1,0,0,0,0,3,0,0,1,0,0,0,0,3,0,0,1,0,0,0,0,0,0,0,2,0,0,0,0,0,0,0,0,0,0,0,0,1,0,0,0,0,0,0,0,0,0,0,0,0,0,0,0,0,0,0,0,0,0
4031,0,7,12,6,0,0,7,2,2,2,0,0,0,0,0,0,1,1,0,0,0,0,3,0,0,0,0,0,0,0,0,0,1,2,0,0,0,1,1,0,0,3,1,0,0,0,0,0,1,0,0,0,0,0,0,0,0,0,0,0,0,0,0,0,0,0,0,0,0,0,0,0,0,0,0,0
4032,0,5,10,1,0,1,2,1,0,0,0,2,0,0,0,2,0,2,0,0,0,0,2,2,0,0,0,0,0,1,3,2,0,0,0,0,0,1,0,0,0,1,0,0,0,0,0,0,0,0,0,0,1,0,0,0,0,0,0,1,0,0,0,0,0,1,0,0,0,0,0,0,0,0,0,0
4034,1,1,3,2,0,0,4,2,3,0,0,0,0,0,0,1,1,0,0,0,0,0,1,0,0,1,0,0,0,0,1,1,0,1,0,0,0,0,0,0,0,2,0,0,0,0,0,0,0,0,0,0,1,0,1,0,0,0,0,0,0,0,0,0,0,0,0,0,0,0,0,0,0,0,0,0
4036,0,2,10,5,0,4,20,2,1,6,0,9,0,0,0,10,1,3,0,0,0,0,4,0,0,0,0,1,0,0,2,2,1,6,0,0,0,0,0,0,0,7,1,0,0,0,0,0,2,0,0,0,2,0,0,0,0,0,0,0,0,1,0,0,0,0,0,0,0,0,0,0,0,0,0,0
4037,0,2,16,7,0,0,9,2,2,0,0,1,0,0,0,0,0,0,2,0,0,0,0,0,0,0,0,0,0,1,0,2,0,0,0,0,0,3,0,0,0,1,0,0,0,0,0,0,0,0,0,0,2,0,0,0,0,0,2,0,0,0,0,0,0,0,0,0,0,0,0,0,0,0,0,0
4038,0,1,16,5,0,0,0,1,1,0,0,1,0,0,0,0,0,0,0,0,0,0,0,0,0,0,0,0,0,0,1,1,0,0,0,0,0,2,0,0,0,0,1,0,0,0,0,0,0,0,0,0,0,0,1,0,0,0,0,1,0,0,0,0,0,0,0,0,0,0,0,0,1,0,0,0
4039,0,7,12,8,0,0,4,9,3,2,1,4,0,1,1,1,0,2,0,1,0,1,0,0,0,6,0,2,0,1,1,6,3,1,0,6,2,1,0,0,0,0,1,0,0,0,0,4,0,0,0,18,2,0,0,0,0,0,2,0,0,0,0,0,0,0,0,0,0,1,0,0,0,0,0,0
4040,0,1,7,1,0,4,12,1,1,1,0,4,0,0,0,2,2,0,0,0,0,1,1,0,0,0,0,0,0,0,1,0,0,1,0,0,1,4,0,0,0,1,0,0,0,0,0,0,0,0,0,0,2,0,0,0,0,0,0,0,0,0,0,0,0,0,0,0,0,0,0,0,0,0,0,0
4041,0,3,9,13,0,3,10,12,1,4,0,1,1,0,0,1,1,1,0,0,0,0,2,0,2,0,1,0,0,0,0,2,0,0,0,0,0,1,0,0,0,2,0,0,0,0,0,0,0,0,0,0,1,0,0,0,0,0,0,0,0,0,0,1,0,0,0,0,0,0,0,0,0,0,0,0
4042,1,1,1,0,0,0,20,2,1,5,0,2,0,0,0,2,0,2,0,0,0,1,0,0,0,0,0,0,0,1,0,1,0,1,0,0,0,5,0,0,0,1,0,0,0,0,0,0,0,0,0,0,1,0,0,0,0,1,0,1,0,0,0,0,0,0,0,0,0,0,0,0,0,0,0,0
4043,0,4,19,8,0,6,10,2,1,2,0,2,0,0,0,6,5,7,0,0,0,0,0,0,1,1,0,0,0,1,2,1,1,2,0,0,0,2,1,0,0,1,0,0,0,0,0,1,0,0,0,0,2,0,0,0,1,1,0,0,0,1,0,0,0,0,0,0,0,0,0,0,0,0,0,0
4044,0,0,9,4,0,0,20,3,1,3,0,5,1,0,0,5,0,1,0,0,0,0,2,0,0,0,0,1,0,0,0,0,2,2,0,0,0,0,0,0,0,4,1,0,0,0,0,0,0,0,0,0,1,0,0,0,0,0,0,0,0,0,0,0,0,0,0,0,0,0,0,0,0,0,0,0
4045,0,0,12,6,0,9,21,4,2,3,0,6,0,0,0,1,5,8,0,0,0,2,2,0,0,0,0,1,0,0,0,3,0,0,0,0,0,7,2,0,0,4,1,0,0,0,0,0,0,0,0,0,1,0,0,0,0,0,1,0,0,0,0,0,0,0,0,0,0,0,0,0,0,0,0,0
4046,0,5,17,9,0,2,19,5,2,1,0,1,0,0,0,3,0,0,0,0,0,1,0,0,0,0,0,0,0,0,0,0,0,1,0,0,0,5,1,0,0,1,1,0,0,0,0,1,0,0,0,0,0,0,0,0,0,0,0,0,0,0,0,0,0,0,0,0,0,0,0,0,0,0,0,0
4047,0,0,8,8,0,2,9,5,0,1,0,2,0,0,0,2,2,2,0,2,1,0,2,0,0,0,1,0,0,1,0,0,0,1,0,0,0,1,1,0,0,0,0,0,0,0,0,1,0,0,0,0,2,0,0,0,0,0,0,2,0,0,0,0,0,0,0,0,0,0,0,0,0,0,0,0
4068,0,5,25,13,0,0,7,40,3,1,0,11,0,0,0,3,0,4,0,0,1,0,3,1,1,0,0,6,0,0,0,7,1,0,1,5,1,0,1,0,0,2,0,0,0,0,0,0,1,2,0,0,0,0,1,0,0,0,1,0,0,0,0,0,0,0,2,0,0,0,0,0,0,0,0,0
4069,0,3,6,5,0,0,4,3,1,0,1,2,0,0,0,0,0,2,0,0,0,0,1,0,4,0,0,0,0,0,0,0,0,0,0,0,0,2,0,1,0,0,0,0,0,0,0,0,0,0,0,0,0,0,0,0,0,0,0,0,0,0,0,0,0,0,0,0,0,0,0,0,0,0,0,0
4070,1,5,6,4,0,1,10,21,0,2,0,6,0,0,0,3,0,2,0,0,0,0,2,0,0,0,1,0,0,2,1,2,0,1,0,0,0,0,1,0,0,2,1,0,0,0,0,0,0,0,0,0,2,0,0,0,0,0,0,0,0,0,0,0,1,0,0,0,0,0,0,0,0,0,0,0
4071,0,2,3,0,0,0,2,5,1,2,0,0,0,0,0,0,1,1,0,0,0,0,2,0,0,0,0,0,0,0,2,0,0,0,0,0,0,1,1,0,0,0,1,0,0,0,0,0,0,0,0,0,0,0,0,0,0,0,0,0,0,0,0,0,0,0,0,0,0,0,0,0,0,0,0,0
4072,0,4,29,21,0,1,7,6,2,4,0,1,0,0,0,2,2,1,0,1,1,0,0,0,0,0,2,0,0,0,0,1,1,2,0,0,0,1,0,0,0,7,0,0,0,0,0,1,1,0,0,0,2,0,0,0,0,0,0,1,2,0,0,0,0,0,0,0,0,0,0,0,0,0,0,0
4073,1,2,10,1,0,0,12,5,0,1,1,5,0,0,0,3,0,6,0,0,0,0,0,0,0,1,0,1,2,0,0,0,0,0,0,0,0,0,0,0,0,3,2,1,0,0,0,0,0,0,0,0,0,0,0,0,0,0,1,0,0,0,0,0,0,0,0,0,0,0,0,0,0,0,0,0
4074,0,2,20,14,0,2,13,11,0,0,3,3,0,0,0,0,2,1,0,0,0,1,0,0,1,0,0,0,2,0,0,0,1,2,0,0,0,1,0,0,0,0,1,0,0,0,0,0,1,0,0,0,2,0,0,0,0,0,0,0,0,0,0,0,0,0,0,0,0,0,0,0,0,0,0,0
4075,1,7,15,14,0,1,16,24,1,6,0,7,0,0,2,0,3,1,1,0,0,0,1,0,2,0,1,1,3,0,1,2,0,0,0,0,0,3,0,1,0,7,3,1,0,0,0,0,1,0,0,0,1,0,1,0,0,0,1,0,0,0,0,0,0,0,0,0,0,0,0,0,0,0,0,0
4076,0,2,20,7,0,0,19,16,1,11,3,3,0,0,0,3,0,4,0,0,0,0,4,0,0,0,1,1,1,0,1,1,0,1,0,0,0,3,0,0,0,0,0,1,0,0,0,0,0,0,0,0,2,0,0,0,0,0,1,0,0,0,0,0,0,0,0,0,0,0,0,0,0,0,0,0
4077,1,1,9,3,0,0,1,2,0,0,0,4,0,0,0,0,0,0,0,0,0,0,0,0,0,0,0,0,0,0,0,1,0,1,0,0,0,0,0,0,0,0,0,0,0,0,0,1,0,0,0,0,0,0,0,0,0,0,0,0,0,0,0,0,0,0,0,0,0,0,0,0,0,0,0,0
4078,0,4,33,17,0,0,4,3,2,5,3,8,0,0,0,0,1,1,0,0,0,2,3,4,0,1,1,1,3,0,0,1,0,0,0,0,0,1,0,0,0,0,1,0,0,0,0,0,0,0,0,0,1,0,0,0,0,0,0,0,0,0,0,0,0,0,0,0,0,0,0,0,0,0,0,0
4080,0,1,5,6,0,0,0,0,1,1,0,0,0,0,0,0,0,0,0,0,0,0,1,0,1,0,0,1,0,0,0,0,0,0,0,0,0,0,0,0,0,0,0,1,0,0,0,0,0,0,0,0,0,0,0,0,0,0,0,1,0,0,0,0,0,0,1,0,0,0,0,0,0,0,0,0
4081,0,10,33,36,0,2,16,27,3,3,4,8,0,0,0,4,1,0,0,2,7,0,1,0,0,0,0,3,1,0,2,5,0,0,0,5,0,3,1,0,0,0,0,0,0,0,0,1,0,0,0,0,0,0,2,0,1,0,0,0,0,0,1,1,0,0,0,0,0,0,0,0,0,0,0,0
4082,1,4,12,5,0,2,2,20,0,2,2,9,0,0,0,2,2,3,0,0,2,0,1,4,0,1,1,3,0,0,0,5,3,0,0,3,0,0,2,0,0,0,0,0,0,0,0,0,0,1,0,0,0,1,0,0,0,0,0,0,0,0,0,0,0,0,0,0,0,0,0,0,0,0,0,0
4083,0,12,21,20,0,0,6,6,8,1,0,5,0,0,1,9,0,8,0,0,0,0,0,0,0,2,0,0,0,0,3,2,0,0,0,0,1,1,0,0,0,0,0,4,0,0,0,0,0,0,0,0,0,0,0,0,0,0,2,0,0,0,0,0,0,0,3,0,0,0,0,0,0,0,0,0
4084,0,6,10,21,0,0,2,6,3,4,0,2,0,1,0,0,2,1,0,0,0,0,4,0,2,0,0,0,0,1,2,0,0,0,0,0,0,0,0,0,0,3,0,1,0,0,0,0,0,0,0,0,0,0,0,0,0,0,0,0,0,0,0,0,0,0,0,0,0,0,0,0,0,0,0,0
4085,0,1,5,7,0,0,2,1,2,1,0,0,0,0,0,0,1,0,0,0,0,1,1,0,0,0,0,0,0,0,1,0,0,0,0,0,0,1,0,0,0,0,0,0,0,0,0,1,0,0,0,0,1,0,0,0,0,0,0,0,0,0,0,0,0,0,0,0,0,0,0,0,1,0,0,0
4086,0,5,20,12,0,2,8,2,3,0,0,1,0,0,0,2,0,0,0,0,0,1,0,0,0,0,0,0,0,0,0,1,0,0,0,0,0,2,0,0,0,0,0,0,0,0,0,1,0,0,0,0,1,0,0,0,0,0,0,0,0,0,0,0,0,0,0,0,0,0,0,0,0,0,0,0
4087,0,3,17,6,0,0,6,3,2,1,1,0,0,0,1,5,1,0,0,0,0,0,3,0,1,0,0,0,0,0,3,0,1,0,0,0,0,0,0,0,0,0,0,0,0,0,0,2,0,0,0,0,0,0,0,0,0,0,1,0,0,0,0,0,0,0,0,0,0,0,0,0,0,0,0,0
4088,0,9,30,21,1,3,15,5,1,1,0,2,0,0,0,1,3,0,0,0,0,0,3,0,0,1,0,0,0,0,1,0,1,0,0,0,0,0,0,0,0,0,0,0,0,0,0,0,2,0,0,0,0,0,0,0,0,1,0,0,0,0,0,0,0,0,0,0,0,0,0,0,0,0,0,0
4089,0,0,4,7,0,0,2,2,0,0,0,1,0,0,0,0,0,0,0,0,0,0,1,0,0,0,0,2,0,0,0,0,0,0,0,0,0,0,0,0,0,0,0,0,0,0,0,0,0,0,0,0,0,0,0,0,0,0,0,1,0,0,0,0,0,0,0,0,0,0,0,0,1,0,0,0
4090,0,2,7,9,0,0,15,5,0,4,0,0,0,0,0,2,0,1,0,0,0,1,3,0,1,1,0,0,0,0,1,0,0,3,0,0,0,2,0,1,0,1,3,0,0,0,0,1,0,0,0,0,1,0,0,0,0,0,0,0,0,0,0,0,0,0,0,0,0,0,1,0,0,0,0,0
4091,0,4,14,10,0,0,9,14,1,3,0,3,0,0,0,0,1,4,0,0,1,1,0,0,1,0,0,0,0,0,0,0,0,0,0,0,0,1,0,0,0,1,1,0,0,0,0,0,0,0,0,0,0,0,0,0,0,0,1,1,0,0,0,0,0,0,0,0,0,0,0,0,0,0,0,0
4092,0,3,8,1,0,0,7,1,1,1,0,2,0,0,0,1,0,0,0,0,0,0,2,0,0,0,0,0,0,0,0,0,0,0,0,0,0,0,0,0,0,0,0,0,0,0,0,0,0,0,0,0,0,0,0,0,0,0,0,0,0,0,0,0,0,0,1,0,0,0,0,0,0,0,0,0
4093,0,5,22,14,0,0,14,3,1,1,0,4,1,0,0,1,1,0,0,0,0,1,2,0,0,0,1,0,0,0,6,0,0,0,0,0,0,1,1,0,0,2,1,0,0,0,0,3,0,0,0,0,2,0,0,0,0,1,0,1,0,0,0,0,0,0,0,0,0,0,0,0,0,0,0,0
4094,1,12,40,34,0,2,29,20,5,4,0,1,3,0,0,7,6,3,0,0,1,1,4,0,1,0,0,2,0,1,4,0,3,4,0,0,0,2,0,0,0,4,2,0,0,0,0,1,1,0,0,0,1,0,0,0,0,0,0,0,0,0,0,1,0,0,0,0,0,0,0,0,1,0,0,0
4095,0,2,6,7,0,0,5,1,1,0,0,4,0,0,0,0,0,1,0,0,0,1,0,0,0,0,0,0,0,0,0,0,0,0,0,0,0,1,0,0,0,1,1,0,0,0,0,1,0,0,0,0,0,0,0,0,0,0,0,0,0,0,0,0,0,0,0,0,0,0,0,0,1,0,0,0
4096,1,4,30,17,0,0,41,10,3,10,0,4,0,0,0,4,2,4,0,1,0,2,5,0,1,0,1,0,0,0,3,1,0,2,0,0,1,3,0,0,0,4,1,1,0,0,0,1,0,0,0,0,0,0,0,0,0,0,2,1,0,0,0,0,0,0,1,0,0,0,0,0,2,0,0,0
4097,0,3,22,18,0,5,31,5,6,9,0,0,0,0,0,5,2,2,1,0,0,1,0,0,0,1,1,2,0,0,1,1,0,3,0,0,0,4,0,0,0,5,3,0,0,0,0,0,2,0,0,0,3,0,0,0,0,1,1,0,0,0,0,0,0,0,0,0,0,0,0,0,0,0,0,0
4098,0,5,14,5,0,3,11,5,1,0,0,9,0,0,0,0,0,2,0,0,0,1,0,0,0,1,2,1,0,0,2,0,0,1,0,0,0,2,0,0,0,6,0,0,0,0,0,0,0,0,0,0,0,0,0,0,0,0,0,0,0,0,0,0,0,0,0,0,0,0,0,0,2,0,0,0
4099,0,1,5,4,0,3,1,2,2,0,0,3,0,0,0,0,0,0,0,0,0,0,1,0,0,0,1,0,0,0,0,0,0,0,0,0,0,0,0,0,0,0,0,3,0,0,0,1,0,0,0,0,0,0,0,0,0,0,0,0,0,0,0,0,0,0,0,0,0,0,0,0,0,0,0,0
4100,0,2,10,1,0,0,10,3,0,2,0,2,0,0,0,0,1,1,0,0,0,0,0,0,0,0,0,0,0,0,0,0,0,1,0,0,0,1,0,0,0,2,2,0,0,0,0,2,0,0,0,0,0,0,0,0,0,0,0,0,0,0,0,0,0,0,0,0,0,0,0,0,1,0,0,0
4101,0,2,15,9,0,0,4,2,1,2,0,9,0,0,0,1,0,0,0,2,0,1,1,0,0,0,0,0,0,0,0,0,0,2,0,0,0,2,0,0,0,1,0,0,1,0,0,0,0,0,0,0,0,0,0,0,0,0,0,0,0,0,0,0,0,0,0,0,0,0,0,0,0,0,0,0
4102,1,7,27,18,0,1,10,7,2,0,0,5,0,0,0,3,2,4,0,1,0,0,2,0,0,0,0,1,0,0,0,0,0,0,0,0,0,2,0,0,0,1,0,0,0,0,0,0,0,0,0,0,1,0,0,0,0,0,0,0,0,0,0,0,0,0,0,0,0,0,0,0,0,0,0,0
4103,0,7,29,8,0,0,27,3,2,7,0,2,0,0,0,1,4,3,0,0,0,2,0,0,1,0,0,1,0,0,5,0,1,4,0,0,0,1,1,0,0,1,2,1,0,0,0,0,0,0,0,0,1,0,0,0,0,0,0,1,0,0,0,0,0,0,0,0,0,0,0,0,0,0,0,0
4104,18,11,15,13,0,4,20,13,1,2,1,1,0,0,0,3,1,0,0,3,0,0,2,1,1,0,2,10,0,0,2,7,0,0,0,0,1,0,0,2,0,1,0,2,0,0,0,0,1,0,0,0,0,0,0,0,0,0,1,1,0,0,0,1,0,0,0,0,0,0,0,0,0,0,0,0
4105,0,3,19,13,0,1,5,2,0,2,0,6,0,0,0,3,0,1,0,0,0,0,1,0,0,0,0,0,0,0,2,0,0,0,0,0,0,3,0,0,0,1,0,0,0,0,0,0,0,0,0,0,0,0,0,0,0,0,0,0,0,0,0,0,0,0,0,0,0,0,0,0,0,0,0,0
4106,0,4,12,9,0,6,18,4,1,2,0,1,0,0,0,0,0,0,0,1,0,2,0,0,0,0,0,0,0,1,1,0,0,0,0,0,0,0,0,0,0,8,0,0,0,0,0,0,1,0,0,0,3,0,0,0,0,0,0,0,0,0,0,0,0,0,0,0,0,0,0,0,0,0,0,0
4107,0,0,4,2,0,3,10,1,0,5,0,2,0,0,1,1,0,4,0,2,0,0,0,0,0,0,0,0,0,0,1,0,0,0,0,0,0,1,1,0,0,1,0,0,0,0,0,0,0,0,0,0,0,0,0,0,0,0,1,0,0,0,0,0,0,0,0,0,0,0,0,0,0,0,0,0
4125,1,6,14,15,0,1,6,20,2,1,0,6,0,0,0,5,0,4,0,0,0,2,7,0,0,0,1,0,0,2,0,3,0,0,0,0,0,2,0,1,0,3,0,0,0,0,0,0,0,0,0,0,0,0,1,0,0,0,1,0,0,0,0,0,0,0,0,0,0,0,0,0,0,0,0,0
4126,0,2,17,5,0,0,2,5,7,1,0,2,0,0,0,3,0,0,0,0,1,1,1,0,0,0,0,3,0,0,0,0,0,0,0,0,0,1,0,0,0,0,0,4,0,0,0,0,0,0,0,0,0,0,0,0,0,0,0,0,0,0,0,0,0,0,3,0,0,0,0,0,0,0,0,0
4127,0,9,26,26,0,0,7,33,2,9,4,10,0,0,1,2,0,5,2,1,0,2,3,2,1,0,2,3,4,1,0,2,0,1,0,0,1,3,0,0,0,1,2,1,0,0,0,0,0,0,0,0,0,0,0,0,0,0,1,0,0,0,0,0,0,0,0,0,0,0,0,0,0,0,0,0
4128,0,6,14,7,0,0,5,12,0,2,0,8,0,0,0,3,3,4,0,0,0,0,1,1,0,0,1,2,0,0,0,4,0,0,0,1,0,1,0,0,0,1,0,1,0,0,0,0,0,0,0,0,1,0,0,0,0,0,0,0,0,0,0,1,0,0,0,0,0,0,0,0,0,0,0,0
4129,0,0,6,2,0,0,5,1,2,4,0,2,0,0,0,1,0,1,0,0,0,0,0,0,0,0,0,0,0,0,0,0,0,0,0,0,0,0,0,1,0,1,0,0,0,0,0,0,0,0,0,0,1,0,0,0,0,0,0,0,0,0,0,0,0,0,0,0,0,0,0,0,0,0,0,0
4130,0,3,8,2,0,0,5,1,0,1,0,0,0,0,0,3,0,2,0,1,0,0,1,0,0,0,0,0,0,0,0,0,1,0,0,0,0,0,0,0,0,1,0,0,0,0,0,0,0,0,0,0,2,0,0,0,0,0,0,0,0,0,0,0,0,0,0,0,0,0,0,0,0,0,0,0
4131,0,8,20,21,0,1,11,18,2,11,3,2,0,1,0,1,1,2,0,0,2,1,2,0,0,0,0,4,0,0,2,1,0,4,0,1,0,6,0,1,0,1,0,0,0,0,0,0,0,0,0,0,0,0,0,0,0,0,4,3,0,0,0,1,0,0,0,0,0,0,0,0,0,0,0,0
4132,0,5,21,11,0,0,3,7,0,2,0,1,1,0,0,2,0,0,0,0,0,0,1,0,0,0,0,1,0,0,1,1,0,0,0,0,0,0,0,2,0,0,0,0,0,0,0,1,0,0,0,0,1,0,0,0,0,0,0,0,0,0,0,0,0,0,0,0,0,0,0,0,0,0,0,0
4133,0,1,4,1,0,0,9,0,1,2,1,1,0,0,0,1,2,0,0,0,0,0,1,0,0,1,0,0,0,0,0,1,0,0,0,0,0,5,0,0,0,2,0,0,0,0,0,0,0,0,0,0,0,0,1,0,1,0,0,0,0,0,0,0,0,0,0,0,0,0,0,0,0,0,0,0
4134,0,1,1,1,0,2,9,0,0,1,0,0,0,0,0,0,0,1,0,0,0,0,0,0,0,0,0,0,0,0,0,0,0,0,0,0,0,0,0,0,0,1,0,0,0,0,0,0,0,0,0,0,2,0,0,0,0,0,0,0,0,0,0,0,0,0,0,0,0,0,0,0,0,0,0,0
4135,0,5,20,14,0,0,7,9,0,3,0,1,0,0,1,1,6,1,0,2,0,1,1,0,0,0,1,0,0,0,2,3,0,2,0,1,1,6,0,1,0,3,1,0,0,0,0,0,0,0,0,0,1,0,0,0,0,0,0,0,0,0,0,0,0,0,0,1,0,0,0,0,2,0,0,0
4136,0,4,16,9,0,0,12,4,5,0,0,1,0,0,0,2,2,0,0,0,0,1,1,0,0,0,0,0,0,0,3,0,1,3,0,0,0,1,0,1,0,0,0,1,0,0,0,1,0,0,0,0,0,0,0,0,0,1,0,0,0,0,0,0,0,0,0,0,0,0,0,0,0,0,0,0
4137,14,2,7,0,0,2,14,7,0,1,0,0,1,0,2,1,0,5,0,0,0,0,0,1,0,0,0,7,0,0,2,4,0,1,0,0,0,1,0,0,0,1,0,1,0,0,0,0,0,0,0,0,0,0,0,0,0,0,0,0,0,0,0,0,0,0,0,0,0,2,0,0,0,0,0,0
4138,0,3,18,15,0,0,19,5,0,3,0,1,0,0,0,7,1,2,1,0,0,0,2,0,0,0,0,1,0,0,5,0,0,0,0,0,0,4,0,0,0,1,1,0,0,0,0,0,1,0,0,0,0,0,0,0,0,0,0,1,0,0,0,0,0,0,0,0,0,0,0,0,0,0,0,0
4139,0,5,13,6,0,2,13,13,0,1,0,5,0,0,0,4,2,1,0,1,3,1,1,0,0,0,0,4,0,0,3,6,2,5,0,5,0,2,0,3,0,1,0,1,0,0,0,0,0,0,0,0,1,1,0,0,0,0,0,0,0,0,0,0,0,0,0,0,0,0,0,0,0,0,0,1
4140,0,2,4,2,0,0,18,4,2,1,0,0,0,0,0,0,3,0,0,0,0,0,1,0,0,1,0,1,0,0,0,0,1,3,0,0,0,3,0,0,0,6,1,0,0,0,0,0,0,0,0,0,0,0,0,0,0,1,0,1,0,0,0,1,0,0,0,0,0,0,0,0,0,0,0,0
4141,0,4,7,1,0,1,8,8,1,0,1,7,0,0,0,0,0,1,3,2,0,1,1,0,0,0,0,4,0,0,2,0,0,1,0,0,0,1,0,0,0,1,0,0,0,0,0,0,0,0,0,0,0,0,0,0,0,0,0,0,0,0,0,0,0,0,0,0,0,0,0,0,0,0,0,0
4142,1,4,7,7,0,0,29,11,3,3,0,2,0,0,1,4,2,1,0,0,0,1,3,1,1,1,0,0,0,0,3,2,3,2,0,2,0,5,0,3,0,1,0,4,0,2,1,0,0,0,0,0,3,0,0,0,0,0,0,0,0,2,0,0,0,0,0,0,0,0,0,0,1,0,0,1
4143,0,6,12,6,0,4,6,3,3,1,0,1,0,0,0,0,1,1,0,0,0,0,0,0,1,0,0,0,0,0,1,0,0,0,0,0,0,0,0,0,0,1,0,0,0,0,0,0,0,0,0,0,2,0,0,0,0,0,1,0,0,0,0,0,0,0,0,0,0,0,0,0,1,0,0,0
4144,0,1,6,7,0,1,6,4,0,1,0,1,0,0,0,2,0,1,0,0,0,1,0,0,0,0,0,0,0,0,0,1,0,0,0,0,0,2,1,1,0,0,0,0,0,0,0,1,0,0,0,0,1,0,0,0,0,0,2,0,0,0,0,0,0,0,0,1,0,0,0,0,0,0,0,0
4145,0,1,0,1,0,1,10,2,0,0,0,2,0,0,0,0,0,1,0,0,0,1,0,0,0,0,2,0,0,0,0,0,0,0,0,0,0,0,0,0,0,1,1,0,0,0,0,0,0,0,0,0,0,0,0,0,0,0,0,0,0,0,0,0,0,0,0,0,0,0,0,0,0,0,0,0
4147,2,2,1,0,3,2,12,2,0,2,0,2,1,0,0,1,0,3,1,0,0,0,1,0,0,0,0,2,0,0,0,2,0,1,0,0,0,0,1,0,0,0,0,0,0,0,0,1,0,0,0,0,1,0,0,0,0,0,0,0,0,0,0,1,0,0,0,0,0,0,0,0,0,0,0,0
4148,6,6,20,11,0,2,4,2,1,3,0,9,1,0,0,0,0,1,1,0,0,1,1,2,0,1,0,2,0,1,0,3,0,3,0,3,0,2,0,0,0,6,0,1,0,0,0,1,0,0,0,0,1,0,0,0,0,0,0,0,0,0,0,1,0,0,0,0,0,0,1,0,1,0,0,0
4149,1,3,7,2,0,2,6,0,0,1,0,1,0,0,0,0,0,0,0,1,0,0,1,0,0,0,0,0,0,0,0,0,0,0,0,0,0,0,0,0,0,0,0,0,0,0,0,0,0,0,0,0,1,0,0,0,0,0,0,1,0,0,0,0,0,0,0,0,0,0,0,0,0,0,0,0
4151,1,2,7,4,0,3,12,3,1,5,0,1,0,0,1,1,0,3,0,1,0,1,3,0,0,2,0,0,0,0,0,4,3,1,1,0,0,4,1,1,0,2,1,0,0,0,0,0,0,0,0,0,0,0,0,0,0,2,3,0,0,1,0,0,0,0,0,0,0,0,0,0,0,0,0,0
4152,0,2,7,6,0,5,9,5,0,0,0,0,0,0,0,2,0,1,0,0,1,0,1,0,0,0,1,0,0,0,0,0,0,0,0,0,0,0,0,0,0,3,0,0,0,0,0,0,0,0,0,1,0,0,0,0,0,0,0,0,0,0,0,0,0,0,0,0,0,0,0,0,0,0,0,0
4153,2,3,6,1,0,1,11,14,2,1,0,3,0,1,0,0,1,2,0,3,0,1,1,0,0,2,0,1,0,4,0,5,1,0,0,3,0,1,1,1,0,5,0,0,0,0,0,0,0,0,0,2,1,1,0,0,0,1,0,0,0,3,0,0,0,0,0,0,0,0,0,0,0,0,0,0
4154,0,1,0,1,0,0,2,8,0,2,0,3,0,0,0,1,0,2,0,1,1,0,1,0,1,0,1,0,0,0,2,0,1,0,0,0,0,0,0,0,0,1,0,0,0,0,0,0,0,0,0,0,0,0,0,0,0,0,0,0,0,0,0,0,0,0,0,0,0,0,0,0,0,0,0,0
4176,0,1,18,4,1,0,9,11,1,2,1,1,0,0,1,0,0,2,0,0,2,1,0,0,0,1,0,1,1,0,0,2,0,0,0,0,0,1,0,0,0,0,0,4,0,0,0,0,0,0,0,0,1,0,0,0,0,0,0,0,0,0,0,0,0,0,1,0,0,0,0,0,0,0,0,0
4177,0,3,11,7,0,4,6,8,0,2,0,2,0,0,0,0,1,4,2,0,0,1,4,0,1,1,1,0,3,1,1,1,0,0,0,1,0,3,1,2,0,0,1,0,0,0,0,0,0,0,0,0,1,0,0,0,0,0,2,0,0,0,0,0,0,0,0,0,0,0,0,0,0,0,0,0
4178,0,3,24,15,0,19,14,38,1,6,1,13,0,0,0,1,1,2,0,1,0,0,9,0,3,0,3,1,2,2,0,0,1,0,0,0,1,0,0,1,0,1,0,0,0,0,0,0,0,0,0,0,2,0,0,0,0,0,0,0,0,0,0,0,0,0,0,0,0,0,0,0,0,1,0,0
4179,0,8,15,13,0,5,8,14,0,1,0,4,0,0,0,0,3,3,0,0,0,3,0,0,0,0,0,0,1,0,1,1,0,1,0,0,0,0,1,0,0,0,0,0,0,0,0,0,0,0,0,0,2,0,0,0,0,0,0,0,0,0,0,0,0,0,0,0,0,0,0,0,0,0,0,0
4180,0,3,26,10,0,3,9,6,2,3,3,4,0,0,0,1,0,3,0,0,0,2,1,0,0,0,1,1,5,0,0,0,0,2,0,1,0,3,0,1,0,0,2,0,0,0,0,0,0,0,0,0,3,0,0,0,0,0,1,1,0,0,0,1,0,0,0,0,0,0,0,0,0,0,0,0
4181,0,1,4,0,0,0,5,5,0,3,0,0,0,0,0,0,0,0,0,0,0,0,0,0,0,0,1,0,0,0,0,0,0,0,0,0,0,1,0,0,0,0,2,0,0,0,0,0,0,0,0,0,0,0,2,0,0,0,0,0,0,0,0,0,0,0,0,0,0,0,0,0,0,0,0,0
4182,0,5,9,6,0,0,2,2,2,0,0,3,0,0,0,1,0,1,0,0,0,0,1,1,0,0,0,3,1,0,0,2,0,0,0,2,0,0,1,0,0,0,0,0,1,0,0,1,0,1,0,0,0,0,0,0,0,0,0,0,0,0,0,0,0,0,0,0,0,0,0,0,0,0,0,0
4183,0,2,1,1,0,0,9,5,0,3,2,1,0,0,1,0,1,1,0,0,0,0,1,0,0,0,1,0,0,0,1,0,0,0,0,2,0,1,0,0,0,1,0,0,0,1,0,0,0,0,0,0,0,0,0,0,0,0,0,0,0,0,0,0,0,0,0,0,0,0,0,0,0,0,0,0
4184,2,12,19,4,8,0,5,18,5,2,0,6,0,0,2,1,1,2,0,0,0,2,0,0,0,0,0,1,0,0,3,1,0,0,1,2,2,2,0,0,0,1,0,0,0,0,0,0,0,0,1,0,1,0,1,0,0,3,0,0,0,0,0,0,0,0,0,0,0,0,0,0,1,0,0,0
4185,1,1,4,1,3,0,3,3,1,1,0,1,0,0,0,1,0,3,0,0,0,1,1,0,0,0,0,0,1,0,0,1,0,0,0,0,0,1,0,0,0,2,0,0,0,0,0,0,0,0,0,0,0,0,0,0,0,0,0,0,0,0,0,0,0,0,0,0,0,0,0,0,0,0,0,0
4186,0,6,22,15,0,2,11,6,0,2,2,4,0,0,0,2,2,4,0,0,0,1,2,0,0,0,0,1,0,0,2,3,0,2,0,0,1,3,0,0,0,1,0,0,0,0,1,2,0,0,0,0,0,0,0,0,0,0,1,0,0,0,0,0,0,0,0,1,0,0,0,0,1,0,0,0
4187,0,0,11,5,0,0,4,6,0,3,1,2,0,0,0,0,2,0,0,0,0,0,2,0,0,0,0,0,0,0,1,0,0,2,0,0,0,3,0,0,0,7,0,0,0,0,0,0,1,0,0,0,0,0,0,0,0,0,0,0,0,0,0,0,0,0,0,0,0,0,0,0,0,0,0,0
4188,0,4,3,5,1,2,3,4,1,0,0,1,0,0,0,2,0,3,0,1,0,1,0,0,0,0,0,0,0,0,0,0,0,0,0,0,1,1,0,0,0,1,0,0,0,0,0,0,0,0,0,0,0,0,0,0,0,0,0,0,0,0,0,0,0,0,0,0,0,0,0,0,0,0,0,0
4189,0,4,5,4,0,2,5,2,1,0,0,0,2,0,0,0,0,1,0,0,0,0,0,0,0,0,0,0,0,0,0,0,1,0,0,0,0,1,0,0,0,0,0,0,0,0,0,0,0,0,0,0,0,0,0,0,0,0,0,0,0,0,0,0,0,0,0,0,0,0,0,0,1,0,0,0
4190,1,1,16,9,0,1,11,2,2,1,0,4,1,0,0,1,0,3,0,1,0,0,2,0,0,0,0,0,0,0,2,0,1,2,0,1,0,5,0,0,0,2,1,0,0,0,0,0,0,0,0,0,0,0,0,0,0,0,0,0,0,0,0,0,0,0,0,0,0,0,0,0,0,0,0,0
4191,4,4,9,5,0,0,1,6,1,3,0,4,0,0,0,0,0,0,0,0,0,1,0,0,0,0,1,0,0,0,0,0,2,0,0,0,0,0,0,0,0,0,1,0,0,0,0,0,0,0,0,0,0,0,0,0,0,0,0,1,0,0,0,0,0,0,0,0,0,0,0,0,1,0,0,0
4192,0,2,12,6,0,1,10,4,2,1,2,3,0,0,0,3,2,2,0,0,0,0,0,0,0,0,1,2,0,0,1,0,0,0,0,0,0,0,0,0,0,1,0,0,0,0,0,0,0,0,0,0,3,0,0,0,0,0,0,0,0,0,0,0,0,0,0,0,0,0,0,0,0,0,0,0
4193,0,5,15,5,0,7,14,8,1,1,1,7,0,0,0,1,2,0,0,0,0,0,0,0,0,0,1,0,0,0,1,0,0,2,0,0,0,1,0,0,0,1,0,0,0,0,0,0,0,0,0,0,0,0,0,0,0,0,1,0,0,1,0,0,0,0,0,0,0,0,0,0,0,0,0,0
4194,0,6,26,31,0,2,7,6,3,1,0,5,0,0,0,4,0,0,0,1,0,1,1,0,1,0,0,0,0,0,0,1,0,5,0,0,0,2,1,0,0,3,0,0,0,0,0,0,0,0,0,0,1,1,0,0,0,0,0,0,0,0,0,0,0,0,0,0,0,0,0,0,1,0,0,0
4195,0,2,6,3,0,4,9,5,1,0,0,0,0,0,0,2,2,2,0,0,0,0,0,0,0,1,0,0,0,0,0,1,2,0,0,0,0,0,0,0,0,0,0,0,0,0,0,0,0,0,0,0,0,0,0,0,0,0,0,0,0,0,0,0,0,0,0,0,0,0,0,0,0,0,0,0
4196,0,3,31,17,0,8,21,8,2,5,0,8,2,0,0,2,1,1,0,0,0,0,3,0,1,0,0,0,0,0,1,0,0,0,0,0,0,1,0,0,0,0,0,0,0,0,0,0,1,0,0,0,2,0,0,0,0,0,1,1,0,0,0,0,0,0,0,0,0,0,0,0,1,0,0,0
4197,0,2,6,2,0,1,7,4,0,2,0,5,0,0,0,1,1,4,0,1,0,0,4,0,0,0,0,0,0,0,0,0,0,0,0,0,0,4,0,0,0,1,1,0,0,0,0,0,0,0,0,0,0,0,0,0,0,0,0,0,0,0,0,0,0,0,0,0,0,0,0,0,0,0,0,0
4198,0,0,2,0,0,5,7,5,1,1,0,3,0,0,0,0,3,0,0,1,0,0,0,0,0,0,1,0,0,0,0,0,0,0,0,0,0,0,0,0,0,0,0,0,0,0,0,1,0,0,0,0,0,0,1,0,0,0,0,0,0,0,0,0,0,0,0,0,0,0,0,0,0,0,0,0
4199,1,2,10,12,0,0,9,3,2,0,1,4,0,0,0,1,0,1,0,1,0,0,0,0,0,0,0,0,0,0,0,0,0,0,0,0,0,0,0,0,0,2,1,0,0,0,0,0,0,0,0,0,0,0,0,0,0,0,0,0,0,0,0,0,0,0,0,0,0,0,0,0,0,0,0,0
4200,0,6,13,10,0,4,20,2,0,3,0,2,0,0,0,2,0,1,0,0,0,0,2,0,1,1,0,0,0,0,3,1,1,0,0,2,0,3,0,0,0,3,0,0,0,0,0,0,0,0,0,1,1,0,0,0,0,0,0,0,0,0,0,0,0,0,0,0,0,0,0,0,0,0,0,0
4201,0,0,10,4,0,1,0,1,0,1,0,0,0,1,0,3,0,1,1,0,0,0,1,2,0,1,1,0,0,0,1,1,1,0,0,0,0,0,0,0,0,0,0,0,0,0,0,0,0,0,0,4,2,0,0,0,0,0,0,0,0,0,0,0,0,0,0,0,0,0,0,0,0,0,0,0
4219,0,5,21,25,0,2,2,10,1,4,1,2,0,0,1,0,1,2,0,0,0,0,2,0,1,0,1,1,1,0,0,0,0,0,0,0,1,2,0,0,0,0,0,0,0,0,0,0,1,0,0,0,0,0,0,0,0,0,0,0,0,0,0,0,0,0,0,0,0,0,0,0,0,0,0,0
4220,0,0,1,0,0,2,1,12,0,0,3,4,0,0,0,2,1,2,0,0,1,1,2,0,1,0,0,0,0,0,0,0,0,0,0,0,0,0,0,0,0,0,0,0,0,0,0,0,0,0,0,0,0,0,0,0,0,0,0,1,0,0,0,0,0,0,0,0,0,0,0,0,0,0,0,0
4221,0,4,22,30,0,3,35,47,1,9,8,9,0,0,3,0,0,8,0,0,1,1,3,0,5,0,1,0,5,0,3,0,0,0,0,2,2,4,0,0,0,0,0,0,0,1,0,0,0,0,0,0,1,0,1,0,0,0,2,0,0,0,0,0,0,0,0,0,0,0,0,0,0,0,0,0
4222,0,5,16,4,0,1,12,2,1,2,1,0,0,0,0,3,0,0,0,0,0,0,0,0,0,0,0,0,2,0,0,0,0,0,0,0,0,2,0,0,0,1,0,0,0,0,0,0,0,0,0,0,1,0,0,0,0,0,0,1,0,0,0,0,0,0,0,0,0,0,0,0,0,0,0,0
4223,0,1,3,9,0,2,3,9,3,2,3,3,0,0,0,2,1,1,0,0,0,0,0,3,0,0,0,0,1,0,1,0,0,0,0,0,0,0,0,1,0,1,0,2,0,0,0,0,0,0,0,0,0,0,0,0,0,0,0,0,0,0,0,0,0,0,1,0,0,0,0,0,0,0,0,0
4225,0,1,3,2,0,0,5,8,0,1,2,1,0,0,0,0,0,2,0,0,0,0,1,0,0,0,0,0,2,0,0,1,0,0,0,0,0,1,0,1,0,1,0,0,0,0,0,0,0,0,0,0,0,0,0,0,0,0,2,1,0,0,0,0,0,0,0,0,0,0,0,0,0,0,0,0
4226,0,10,19,7,0,1,19,14,5,3,0,1,0,0,0,3,3,7,0,1,0,0,2,0,0,0,2,1,1,0,1,2,0,1,0,0,0,0,1,0,0,5,1,0,0,0,0,0,0,0,0,0,1,0,0,0,0,0,0,0,0,0,0,0,0,0,0,0,0,0,0,0,0,0,0,0
4227,1,1,11,0,0,0,7,12,1,5,1,1,0,0,0,1,0,4,0,0,0,0,1,0,0,0,1,0,0,0,1,0,0,0,0,1,0,0,0,0,0,0,1,0,0,0,0,0,0,0,0,0,2,0,0,0,0,0,0,0,0,0,0,0,0,0,0,0,0,0,0,0,0,0,0,0
4228,0,9,41,38,0,1,26,61,5,14,2,6,0,0,0,8,2,4,0,1,2,0,4,1,0,2,1,13,2,3,1,6,0,1,0,2,0,2,0,3,0,5,2,0,0,0,0,2,0,0,0,0,3,1,2,0,1,0,1,0,0,0,0,1,1,0,0,0,0,1,0,0,0,0,0,0
4229,0,7,14,14,0,0,2,23,1,1,0,15,0,0,0,3,0,0,1,0,3,1,1,0,0,3,0,6,0,0,0,9,0,0,0,3,0,0,1,1,0,0,2,0,0,0,0,2,0,1,0,0,0,0,1,0,0,0,0,0,0,0,0,0,0,0,0,0,0,1,0,0,0,0,0,0
4230,0,1,14,12,0,1,10,8,1,2,0,1,1,0,0,2,2,2,0,0,1,0,6,0,0,0,1,0,0,0,1,2,0,2,0,0,0,5,0,0,0,0,0,0,0,0,0,3,0,0,0,0,0,0,0,0,0,0,0,0,0,0,0,0,0,0,0,0,0,0,0,0,0,0,0,0
4231,0,1,8,1,0,0,4,8,1,2,2,0,0,0,0,1,1,2,0,0,0,0,1,0,0,0,0,2,0,0,0,0,1,2,0,0,0,7,0,0,0,2,0,0,0,0,0,1,0,0,0,0,0,0,0,0,0,0,0,0,0,0,0,0,0,0,0,0,0,0,0,0,0,0,0,0
4232,0,8,15,8,0,0,1,17,0,0,0,3,0,0,0,1,0,0,0,0,5,0,0,0,0,0,0,1,0,0,0,6,1,2,0,6,0,3,0,0,0,1,0,2,0,0,0,0,0,0,0,0,0,0,0,0,0,0,1,0,0,0,0,1,0,0,0,0,0,0,0,0,0,0,0,0
4233,0,7,21,17,0,1,20,7,1,4,0,3,0,0,0,6,3,3,0,2,0,1,2,0,1,0,0,0,0,0,7,1,1,8,0,0,0,3,0,1,0,1,5,0,0,0,0,0,0,0,0,0,1,0,0,0,0,0,1,2,0,0,0,0,0,0,0,0,0,1,0,0,0,0,0,0
4234,0,7,20,14,0,0,8,2,4,1,0,5,0,0,0,1,1,0,0,0,0,1,3,0,1,0,0,1,0,0,0,1,0,0,0,0,0,2,0,0,0,2,0,0,0,0,0,0,0,0,0,0,0,0,0,0,0,0,0,1,0,0,0,0,0,0,0,0,0,0,1,0,2,0,0,0
4235,0,0,2,0,0,0,2,8,1,0,0,3,0,0,0,0,0,1,0,1,5,0,1,0,1,1,0,2,0,0,0,3,0,1,0,0,0,0,1,1,0,1,0,0,1,0,0,0,0,0,0,0,0,0,0,0,0,0,0,0,0,0,0,1,0,0,0,0,0,1,0,0,1,0,0,0
4236,0,0,21,6,0,0,4,6,1,4,0,5,0,0,0,0,1,1,0,0,0,0,0,0,0,1,0,0,0,0,0,1,0,3,0,0,0,4,0,0,0,0,0,0,0,0,0,0,0,0,0,0,1,0,0,0,0,0,0,0,0,0,0,0,0,0,0,0,0,0,0,0,0,0,0,0
4237,0,2,18,6,0,0,8,2,5,3,0,0,0,0,0,2,0,1,0,0,0,0,0,0,0,0,1,0,0,0,1,0,0,2,0,0,0,1,0,1,0,2,0,0,0,0,0,0,2,0,0,0,4,0,0,0,0,0,1,0,0,0,0,0,0,0,0,0,0,0,0,0,0,0,0,0
4238,0,1,7,2,0,0,3,1,0,1,1,3,1,0,0,1,0,0,0,0,0,0,3,0,0,0,0,0,0,0,0,0,0,0,0,0,0,1,0,0,0,0,0,0,0,0,0,0,0,0,0,0,0,0,0,0,0,0,0,0,0,0,0,0,0,0,0,0,0,0,0,0,0,0,0,0
4239,0,0,2,2,0,0,5,0,0,0,0,4,0,0,0,0,3,2,0,0,0,1,0,0,0,0,0,1,0,0,2,1,0,2,0,0,0,3,0,0,0,0,0,0,0,0,0,0,0,0,0,0,1,0,0,0,0,0,0,0,0,0,0,0,0,0,0,0,0,0,0,0,2,0,0,0
4240,0,8,21,8,0,5,24,12,4,3,0,4,1,0,0,10,6,4,1,1,0,0,3,0,0,0,0,0,0,0,1,0,1,4,0,0,1,2,0,0,0,3,1,0,5,0,0,0,0,0,0,0,2,0,0,0,0,1,0,0,0,0,0,0,0,0,0,0,0,0,0,0,0,0,0,0
4241,0,1,12,7,1,2,9,12,2,3,0,1,1,0,0,2,0,1,0,1,0,0,0,0,0,0,0,1,0,0,0,0,0,0,0,0,2,2,0,0,0,1,0,0,0,0,0,0,0,0,0,0,0,0,0,0,0,0,0,0,0,0,0,0,0,0,0,0,0,0,0,0,0,0,0,0
4242,3,6,18,9,19,1,21,25,1,2,0,15,0,0,2,2,1,2,1,0,1,2,2,3,0,0,0,4,0,0,3,4,0,2,0,7,2,2,0,0,0,4,1,1,0,0,0,0,0,1,1,0,0,0,1,0,0,6,2,0,0,1,0,0,0,0,0,1,0,1,0,0,1,0,0,0
4243,1,5,35,21,1,10,42,12,5,5,0,1,0,0,0,5,3,4,0,0,1,3,2,0,1,0,1,0,0,0,5,0,0,1,0,0,1,1,1,0,0,7,2,0,0,0,0,0,0,0,0,0,0,0,0,0,0,0,0,1,0,0,0,0,0,0,0,0,0,0,0,0,2,0,0,0
4244,1,2,20,19,0,6,34,9,0,5,0,2,0,0,0,1,1,0,1,0,0,3,6,0,0,0,1,2,0,0,3,1,1,1,0,0,1,4,0,0,0,5,1,0,0,0,0,0,1,0,0,0,3,0,0,0,0,0,0,2,0,1,0,0,0,0,0,0,0,0,0,0,0,0,0,0
4245,0,1,6,5,0,0,6,1,1,0,0,0,0,0,0,2,0,0,0,0,0,1,1,0,1,0,0,0,0,0,0,1,1,0,0,0,0,1,0,0,0,3,0,0,0,0,0,0,0,0,0,0,0,0,0,0,0,0,0,0,0,0,0,0,0,0,0,0,0,0,0,0,0,0,0,0
4246,0,1,12,5,0,4,7,3,2,1,0,1,0,0,0,5,3,0,0,1,0,0,1,0,0,0,0,0,0,0,0,0,0,0,0,0,0,0,1,0,1,3,0,0,0,0,0,0,0,0,0,0,1,0,0,0,0,0,0,0,0,0,0,0,0,0,0,0,0,0,0,0,0,0,0,0
4247,0,1,1,0,0,3,17,3,0,1,0,0,0,0,0,0,0,2,0,1,0,0,2,0,0,0,0,1,0,0,0,0,0,0,0,0,0,1,0,0,0,1,0,0,0,0,0,0,0,0,0,0,2,0,0,0,0,0,0,0,0,1,0,0,0,0,0,0,0,0,0,0,0,0,0,0
4269,0,0,1,0,0,4,1,14,0,4,0,3,0,0,3,1,0,1,0,0,0,0,2,2,4,0,0,0,1,0,1,1,0,0,0,0,0,0,1,0,0,0,0,1,0,0,0,0,0,0,0,0,0,0,0,0,0,0,0,0,0,0,0,0,0,0,0,0,0,0,0,0,0,0,0,0
4270,0,2,15,11,0,1,1,3,1,0,0,2,0,0,0,1,0,1,0,0,0,2,0,0,0,0,0,1,2,0,0,0,0,0,0,0,0,0,0,0,0,0,1,1,0,0,0,0,0,0,0,0,0,0,0,0,0,0,0,0,0,0,0,0,0,0,0,0,0,0,0,0,0,0,0,0
4271,1,3,11,7,0,1,5,23,0,2,2,1,0,0,0,0,0,0,0,0,0,0,2,0,0,0,1,0,0,0,0,0,0,2,0,0,0,0,0,0,0,1,1,1,0,0,0,0,0,0,1,0,0,0,0,0,0,0,0,1,0,0,0,0,0,0,0,0,0,0,0,0,0,0,0,0
4273,0,3,28,20,0,1,14,17,1,2,0,6,0,0,0,3,3,1,0,0,0,1,7,0,1,0,2,1,0,0,0,0,2,2,0,0,0,1,0,1,0,4,1,1,0,0,0,0,0,0,0,0,1,0,0,0,0,0,0,0,0,0,0,0,0,0,0,0,0,0,0,0,0,0,0,0
4274,0,6,18,11,0,5,5,15,1,1,1,2,0,0,0,2,0,2,0,0,0,1,1,0,1,0,4,0,0,0,0,1,0,2,0,0,0,1,0,1,0,1,0,0,0,0,0,0,0,0,0,0,0,0,0,0,0,0,0,0,0,0,0,0,0,0,0,0,0,0,0,0,0,0,0,0
4275,0,0,18,4,0,1,12,32,1,5,2,4,0,0,0,0,2,2,1,0,0,2,2,0,1,0,0,0,2,1,0,1,2,0,0,2,1,1,0,1,0,0,0,3,0,0,0,0,0,0,0,0,1,0,0,0,0,0,0,0,0,0,0,0,0,0,0,0,0,1,0,0,0,0,0,0
4276,0,1,6,0,0,4,4,1,1,1,1,0,0,0,0,0,1,0,0,0,0,0,2,0,0,0,0,1,0,0,1,0,0,0,0,0,0,0,0,0,0,0,0,0,0,0,0,0,0,0,0,0,0,0,0,0,0,0,1,0,0,0,0,0,0,0,0,0,0,0,0,0,0,0,0,0
4277,1,2,14,2,0,0,1,10,0,1,1,2,0,0,0,0,1,4,0,0,0,2,0,0,2,1,0,0,3,0,0,0,0,0,0,0,0,0,0,0,0,0,0,0,0,0,0,0,0,0,0,0,0,0,0,0,0,0,0,0,0,0,0,1,0,0,0,0,0,0,0,0,0,0,0,0
4278,5,11,11,5,19,0,8,33,3,3,0,11,0,0,2,2,0,2,1,0,1,3,2,1,0,0,0,8,0,0,1,6,1,0,1,3,1,0,1,0,0,0,1,0,0,0,0,1,0,0,3,0,0,0,1,0,0,0,0,0,0,0,0,1,0,0,0,0,0,0,0,0,0,0,0,0
4279,0,1,6,4,0,0,4,4,0,0,1,1,1,0,0,0,0,1,0,0,0,0,2,0,2,0,1,0,2,0,0,0,0,0,0,0,0,1,0,0,0,0,0,0,0,0,0,0,0,0,0,0,0,0,0,0,0,0,0,0,0,0,0,0,0,0,0,0,0,0,0,0,0,0,0,0
4280,0,4,11,7,0,4,2,2,0,2,1,1,0,0,0,1,1,5,0,0,0,0,0,0,0,0,0,0,0,0,0,0,0,0,0,0,1,2,0,0,0,0,0,0,0,0,0,0,0,0,0,0,3,0,0,0,0,1,0,0,0,0,0,0,0,0,0,0,0,0,0,0,0,0,0,0
4281,0,2,6,6,0,0,8,15,4,3,2,0,0,0,2,0,2,2,0,1,0,1,3,0,1,0,1,0,2,0,0,2,0,0,0,0,0,0,0,0,1,0,2,2,0,0,0,0,0,0,0,0,0,0,1,0,0,0,0,0,0,0,0,0,0,0,0,0,0,0,0,0,0,0,0,0
4282,0,0,2,1,0,0,9,5,0,0,2,2,0,0,1,0,1,1,0,0,0,0,2,0,0,0,0,0,0,0,0,0,0,0,0,0,0,6,0,1,0,0,1,0,0,0,0,0,0,0,0,0,1,0,0,0,0,0,1,0,0,0,0,0,0,0,0,0,0,0,0,0,0,0,0,0
4283,1,2,15,10,0,0,1,3,0,1,0,2,0,0,0,1,1,1,0,0,0,0,0,0,0,0,0,3,0,0,0,1,0,1,0,0,0,0,0,0,0,0,0,0,0,0,0,1,0,0,0,0,0,0,0,0,0,0,0,2,0,0,0,0,0,0,0,1,0,1,0,0,0,0,0,0
4284,0,0,10,2,0,1,3,4,1,0,0,0,0,0,0,3,0,2,1,0,0,0,0,0,0,0,0,0,0,0,0,0,0,0,0,0,0,0,0,0,0,0,0,0,0,0,0,2,0,0,0,0,0,0,0,0,0,0,0,0,0,0,0,0,0,0,0,0,0,0,0,0,0,0,0,0
4285,0,1,5,4,0,0,0,6,0,1,0,0,0,0,0,0,0,1,0,0,0,0,1,0,0,0,1,0,1,0,0,0,0,0,0,0,0,1,0,0,0,0,0,0,0,0,0,0,0,0,1,0,1,0,0,0,0,0,0,0,0,0,0,0,0,0,0,0,0,0,0,0,0,1,0,0
4286,0,5,16,15,0,0,8,3,0,1,0,1,0,0,0,0,0,1,0,0,0,1,0,0,0,0,0,0,0,0,0,0,0,0,0,0,0,1,0,0,0,0,0,0,0,0,0,0,0,0,0,0,0,0,0,0,0,0,0,2,0,0,0,0,0,0,0,0,0,0,0,0,0,0,0,0
4287,0,4,19,6,0,0,18,12,2,5,1,6,0,0,0,2,0,1,0,0,0,3,4,0,1,0,1,2,1,0,2,1,0,4,1,0,0,12,0,0,0,1,0,2,0,0,0,0,0,0,1,0,0,0,0,0,0,0,0,0,0,0,0,0,0,0,0,0,0,0,0,0,0,0,0,0
4288,0,0,5,4,0,1,7,2,0,0,0,0,0,0,2,0,0,6,0,0,0,0,0,0,1,0,0,0,0,0,0,0,0,0,0,0,0,1,0,0,0,0,0,0,0,0,0,0,0,0,0,0,0,0,0,0,0,0,0,1,0,0,0,0,0,0,0,0,0,0,0,0,0,0,0,0
4290,0,8,13,17,0,3,5,8,1,2,0,0,1,0,0,3,3,3,0,2,1,1,2,0,0,0,1,1,0,0,1,2,0,1,0,0,0,3,2,0,0,2,1,0,0,0,0,0,0,0,0,0,2,0,0,0,0,0,0,0,0,0,0,0,0,0,0,0,0,0,0,0,0,0,0,0
4291,0,10,23,25,1,0,10,6,1,0,0,3,0,0,0,2,2,2,0,1,1,0,2,0,0,0,1,0,0,0,2,0,0,1,0,0,0,0,0,0,0,1,1,0,0,0,0,0,0,0,0,0,0,0,0,0,0,0,0,0,0,0,0,0,0,0,0,0,0,0,0,0,0,0,0,0
4292,0,0,7,4,1,0,3,3,2,1,0,3,0,0,0,6,0,0,0,0,0,1,3,0,0,0,0,0,0,0,2,0,0,1,0,0,0,2,0,0,0,0,2,0,0,0,0,0,0,0,0,0,0,0,0,0,0,0,0,0,0,0,0,0,0,0,0,0,0,0,0,0,0,0,0,0
4293,0,1,18,21,0,0,7,35,2,3,0,15,0,0,0,3,0,0,1,2,6,0,4,2,1,2,0,8,1,0,0,3,3,0,1,9,0,1,0,2,0,2,1,0,0,0,0,0,0,0,0,0,0,0,0,0,0,0,0,2,0,0,0,1,0,0,0,1,0,0,0,0,0,0,0,0
4294,0,0,5,1,1,0,1,4,0,0,0,6,0,0,1,2,0,0,0,1,1,0,1,0,1,0,0,3,0,0,0,0,1,0,0,0,3,1,0,0,0,0,1,0,0,0,0,0,0,0,0,0,0,0,0,0,0,1,1,0,0,0,0,1,0,0,0,0,0,0,0,0,0,0,0,0
4295,0,2,1,1,0,0,4,1,2,1,0,0,1,0,0,2,2,0,0,0,0,0,2,0,0,0,0,0,0,0,2,0,0,1,0,0,0,0,0,0,0,0,0,0,0,0,0,0,0,0,0,0,0,0,0,0,0,0,0,0,0,0,0,0,0,0,0,0,0,0,0,0,1,0,0,0
4296,0,1,12,3,0,1,12,1,2,0,0,2,0,0,0,0,0,1,0,0,0,0,0,0,0,0,1,1,0,0,0,0,0,0,0,0,0,3,0,0,0,0,0,0,0,0,0,0,0,0,0,0,0,0,0,0,0,0,1,0,0,0,0,0,0,0,0,0,0,0,0,0,1,0,0,0
4297,0,1,3,4,0,0,12,0,0,2,0,0,0,0,0,2,1,1,0,0,0,2,0,0,0,0,0,0,0,0,0,0,0,1,0,0,0,2,0,0,0,2,0,0,0,0,0,1,0,0,0,0,1,0,0,0,0,0,0,0,0,0,0,0,0,0,0,0,0,0,0,0,0,0,0,0
4298,0,6,15,5,0,0,10,5,0,1,0,3,0,0,0,5,4,2,0,0,0,0,2,0,0,0,0,0,0,0,1,0,0,2,0,0,0,2,0,0,0,1,0,0,0,0,0,0,0,0,0,0,1,0,0,0,0,0,0,0,0,0,0,0,0,0,0,0,0,0,1,0,2,0,0,0
4299,0,1,6,4,0,0,9,1,1,1,1,0,0,0,0,1,0,0,0,0,0,3,0,0,0,0,0,0,0,0,0,0,0,1,0,0,0,0,0,0,0,1,0,0,0,0,0,0,0,0,0,0,1,0,0,0,0,0,0,0,1,0,0,0,0,0,0,0,0,0,0,0,1,0,0,0
4300,0,0,3,1,0,3,8,5,1,0,0,2,0,0,0,1,1,0,0,0,0,2,0,0,0,0,0,0,0,0,1,0,0,0,0,0,0,3,0,0,0,1,1,0,0,0,0,0,0,0,0,0,0,0,0,0,0,0,0,0,0,1,0,0,0,0,0,0,0,0,0,0,0,0,0,0
4301,0,2,9,3,0,0,6,2,1,0,0,0,0,0,0,1,0,0,0,0,0,1,4,0,0,0,1,0,0,0,0,0,0,0,0,0,1,1,0,0,0,0,0,0,0,0,0,0,0,0,0,0,0,0,0,0,0,0,0,1,0,0,0,0,0,0,0,0,0,0,0,0,1,0,0,0
4302,0,8,14,6,0,0,9,2,2,0,0,3,0,0,0,1,2,1,2,0,0,0,0,0,0,0,0,0,0,0,0,1,0,2,0,0,0,2,0,0,0,1,0,0,0,0,0,1,1,0,0,0,3,0,0,0,0,0,0,1,0,0,0,0,0,0,0,0,0,0,0,0,0,0,0,0
4303,0,0,0,0,0,2,8,2,0,0,0,6,0,0,0,2,1,1,0,0,0,1,2,0,0,0,0,0,0,0,0,0,0,1,0,0,0,2,0,0,0,2,0,0,0,0,0,0,0,0,0,0,2,0,0,0,0,0,0,0,0,1,0,0,0,0,0,0,0,0,0,0,0,0,0,0
4304,0,2,19,8,0,4,23,8,4,3,0,10,0,0,0,5,2,2,0,0,0,2,8,0,2,1,0,0,0,0,1,0,0,1,0,0,0,2,0,0,0,4,1,0,0,0,0,1,1,0,0,0,4,0,0,0,0,1,1,2,0,0,0,0,0,0,0,0,0,0,0,0,0,0,0,0
4305,0,6,13,9,0,6,33,4,1,3,0,2,0,0,0,4,1,4,2,0,0,1,4,0,1,0,0,0,0,0,0,2,1,0,0,0,0,5,0,0,0,3,1,0,0,0,0,0,0,0,0,0,5,0,0,0,0,2,0,0,0,0,0,0,1,0,0,0,0,0,0,0,0,0,0,0
4306,0,6,31,12,0,27,40,9,5,3,0,7,0,0,0,6,2,8,1,1,0,0,1,0,1,0,0,1,1,1,1,0,1,2,0,0,0,5,0,0,0,8,0,0,0,0,0,0,0,0,0,0,3,0,0,0,0,2,1,0,0,0,0,0,0,0,0,0,0,0,0,0,1,0,0,0
4307,0,3,14,9,0,6,13,3,1,2,0,3,0,0,0,0,1,2,0,1,0,0,8,0,0,2,0,0,0,0,0,2,0,0,0,0,0,1,0,0,0,1,1,0,0,0,0,0,0,0,0,0,1,0,0,0,0,0,0,0,0,0,0,0,0,0,0,0,0,0,0,0,1,0,0,0
4331,1,1,13,6,0,5,6,20,0,2,2,1,0,0,0,0,0,0,0,0,0,0,5,0,1,0,0,1,1,0,1,0,0,0,0,0,0,0,0,1,0,1,1,0,0,0,0,0,0,0,1,0,0,0,0,0,0,1,0,0,0,0,0,0,0,0,0,0,0,0,0,0,0,0,0,0
4332,1,0,9,9,0,1,7,11,0,0,1,2,0,0,0,2,1,1,0,0,0,1,0,1,0,0,0,1,1,0,0,0,1,0,0,0,0,1,0,0,0,0,3,1,0,0,0,0,0,0,0,0,0,1,0,0,0,0,2,0,0,0,0,0,0,0,0,0,0,0,0,0,0,0,0,0
4333,0,1,6,4,0,0,1,8,0,0,0,4,0,1,0,1,0,1,0,0,0,2,0,0,0,0,0,0,0,0,0,0,0,0,0,0,0,0,0,0,0,2,0,1,0,0,0,0,0,0,0,0,0,0,0,0,0,0,0,0,0,0,0,0,0,0,0,0,0,0,0,0,0,0,0,0
4334,0,1,5,4,0,0,1,3,1,2,3,1,0,0,0,1,0,1,0,1,0,1,1,0,0,0,0,1,0,0,1,0,0,0,0,0,0,1,0,0,0,0,0,2,0,0,0,0,0,0,0,0,0,0,0,0,0,0,0,0,0,0,0,0,0,0,0,0,0,0,0,0,0,0,0,0
4336,2,1,4,3,0,1,7,6,0,1,1,2,0,1,0,0,0,1,0,2,0,0,2,0,0,0,0,0,0,0,1,0,0,0,0,0,0,0,1,0,0,0,2,0,0,0,0,1,1,0,1,0,0,0,0,0,0,0,0,0,0,0,0,0,0,0,0,0,0,0,0,0,0,0,0,0
4337,1,2,24,21,0,1,11,7,1,6,1,3,0,0,0,4,2,0,0,0,0,0,5,0,1,2,0,0,0,0,0,0,0,2,0,0,0,2,0,0,0,3,3,0,0,0,0,1,0,0,0,0,0,0,0,0,0,0,1,0,0,0,0,0,0,0,0,0,0,0,0,0,0,0,0,0
4338,0,2,18,13,0,0,1,6,1,1,0,2,0,0,0,1,1,2,0,0,0,0,0,0,1,0,0,1,0,0,0,0,0,4,0,0,0,1,0,0,0,0,1,0,0,0,0,0,0,0,0,0,0,0,0,0,0,0,0,1,0,0,0,0,0,0,0,0,0,0,0,0,0,0,0,0
4339,1,0,5,4,0,3,4,9,0,1,0,0,0,0,0,0,1,0,0,0,0,1,0,1,0,0,0,0,0,1,0,0,0,0,0,0,0,0,0,0,0,0,1,0,0,0,0,0,0,0,0,0,0,0,0,0,0,0,0,0,0,0,0,0,0,0,0,0,0,0,0,0,0,0,0,0
4340,0,2,11,7,0,0,2,14,3,0,0,6,0,0,0,3,2,0,1,0,0,0,2,0,0,1,0,0,1,3,0,5,0,1,0,2,0,0,0,0,0,1,2,7,0,0,0,0,0,0,1,0,0,0,1,0,0,0,0,0,0,0,0,0,0,0,1,0,0,0,0,0,0,0,0,0
4341,0,0,13,11,0,0,0,6,4,1,1,1,0,0,0,0,1,1,0,0,0,1,1,0,0,0,0,0,0,0,1,0,0,0,0,0,0,0,0,0,0,1,1,0,0,0,0,0,1,0,0,0,1,0,0,0,0,0,0,0,0,0,0,1,0,0,0,0,0,0,0,0,0,0,0,0
4342,1,7,20,15,0,0,16,5,1,2,0,1,0,0,0,2,2,0,1,0,0,1,0,0,0,0,0,0,0,0,2,0,0,1,0,0,1,3,0,0,0,8,0,0,0,1,0,1,0,0,0,0,1,0,0,0,0,0,0,0,0,0,0,0,0,0,0,0,0,0,0,0,0,0,0,0
4343,0,9,32,15,0,4,14,12,3,5,0,1,1,0,0,4,0,4,2,0,0,2,2,0,0,0,1,0,0,0,1,1,0,5,0,0,0,2,1,1,0,4,1,0,0,0,0,0,0,0,0,0,1,0,0,0,0,2,0,1,0,0,0,0,0,0,0,0,0,0,0,0,0,0,0,0
4344,0,2,21,18,0,0,4,3,0,2,0,5,0,0,0,1,0,1,0,0,0,1,0,0,0,0,0,1,0,0,1,0,0,1,0,0,0,2,0,2,0,0,0,0,0,0,0,0,0,0,1,0,3,0,0,0,0,0,0,0,0,0,0,0,0,0,0,0,0,0,0,0,1,0,0,0
4346,0,6,12,5,0,0,9,4,0,1,0,0,0,0,0,1,3,2,0,0,0,0,0,0,0,0,1,0,0,0,0,0,1,2,0,1,2,1,1,0,0,0,0,0,0,0,0,0,0,0,0,0,1,0,1,0,0,0,0,1,0,0,0,0,0,0,0,0,0,0,0,0,0,0,0,0
4347,0,4,26,14,0,0,6,6,2,1,1,4,0,0,0,2,0,3,0,0,0,0,1,0,1,0,0,2,0,0,1,1,2,1,0,0,0,2,0,1,0,0,0,0,0,0,0,0,0,0,0,1,0,0,0,1,0,0,3,0,1,0,0,0,0,0,0,0,0,0,0,0,0,0,0,0
4348,0,0,9,3,0,0,12,8,1,3,0,2,2,0,0,3,1,1,0,0,0,1,1,0,0,0,0,0,0,0,1,0,0,0,0,0,0,2,0,0,0,0,0,0,0,0,0,1,1,0,0,0,2,0,0,0,0,0,0,0,0,0,0,0,0,0,0,0,1,0,0,0,0,0,0,0
4349,0,2,18,12,0,4,7,1,2,1,0,4,0,0,0,0,0,2,0,0,0,0,1,0,0,0,0,0,0,0,0,0,1,2,0,0,0,0,0,0,0,2,0,2,0,0,0,0,0,0,0,0,1,0,0,0,0,0,0,0,0,0,0,0,0,0,0,0,0,0,0,0,0,0,0,0
4350,0,2,15,5,0,3,15,7,0,7,0,1,0,0,0,4,0,1,0,0,0,1,5,0,0,0,0,0,0,0,1,0,0,2,0,0,0,4,1,0,0,3,0,0,0,0,0,2,0,0,0,0,4,0,0,0,0,0,0,0,0,0,0,0,0,0,0,0,0,0,0,0,0,0,0,0
4351,0,3,4,3,0,2,17,5,0,9,0,3,0,0,0,1,0,4,0,0,0,1,5,0,0,0,1,0,0,0,0,0,0,0,0,0,0,0,0,0,0,3,0,0,0,0,0,0,0,0,2,0,0,0,0,0,0,0,0,0,0,0,0,0,0,0,0,0,0,0,0,0,0,0,0,0
4352,0,1,7,0,0,2,17,3,1,1,0,7,0,0,0,1,0,2,0,0,0,1,0,0,1,0,0,0,0,0,3,0,1,1,0,0,0,2,1,0,0,1,0,0,1,0,0,0,0,0,0,0,1,0,0,0,1,1,1,1,0,0,0,0,0,0,0,0,0,0,0,0,0,0,0,0
4353,0,1,0,0,0,2,7,2,0,4,0,3,0,0,0,2,3,3,0,0,0,0,2,0,0,0,0,1,0,0,0,1,0,1,0,0,0,0,0,0,0,2,0,0,0,0,0,0,0,0,0,0,0,0,0,0,0,0,0,0,0,0,0,0,0,0,0,0,0,0,0,0,0,0,0,0
4354,0,8,25,10,0,1,13,5,1,2,0,4,0,0,0,1,0,3,0,1,0,0,1,0,0,0,0,1,0,1,2,0,1,0,1,0,0,2,0,1,0,1,0,0,0,0,0,0,0,0,0,0,0,0,0,0,0,0,0,2,0,1,0,0,0,0,0,0,0,0,0,0,0,0,0,0
4355,0,1,4,0,0,0,12,0,0,0,0,0,0,0,0,0,0,0,0,0,0,0,1,0,0,0,0,0,0,0,5,0,0,1,0,0,0,1,0,0,0,1,0,0,0,0,0,0,0,0,0,0,0,0,0,0,0,0,0,0,0,0,0,0,1,0,0,0,0,0,0,0,0,0,0,0
4356,0,0,1,1,0,1,7,3,0,1,0,0,0,0,0,0,1,1,0,0,0,0,2,0,0,0,0,0,0,1,3,0,0,0,0,0,0,0,0,0,0,1,0,0,0,0,0,0,0,0,0,0,0,0,0,0,1,0,0,1,0,0,0,0,0,0,0,0,0,0,0,0,0,0,0,0
4357,0,0,8,4,0,2,5,1,0,0,1,2,0,0,0,0,0,0,0,0,0,0,0,0,0,3,0,2,0,0,1,0,0,0,0,0,0,0,0,0,0,1,0,0,0,0,0,0,0,0,0,0,0,0,0,0,0,0,0,0,0,0,0,0,0,0,0,0,0,0,0,0,0,0,0,0
4378,0,3,19,8,0,0,12,6,0,1,0,4,0,0,0,1,1,0,0,0,0,0,2,0,0,0,0,2,1,0,0,0,0,0,0,1,0,0,0,1,0,0,0,0,0,0,0,0,0,0,1,0,1,0,0,0,0,0,0,0,0,0,0,0,0,0,0,0,0,0,0,0,0,0,0,0
4379,0,6,17,15,0,1,7,21,2,3,1,4,0,0,0,1,1,2,0,0,0,4,2,0,1,0,1,1,1,0,2,1,0,0,0,0,0,2,0,0,0,1,2,0,0,0,0,0,0,0,0,0,0,0,0,0,0,0,0,0,0,0,0,0,0,0,0,0,0,0,0,0,0,0,0,0
4380,0,1,1,0,0,0,4,4,0,2,0,2,0,0,0,1,0,1,0,0,0,0,0,0,1,0,1,1,0,0,0,2,0,0,0,0,0,1,0,0,0,0,2,3,0,0,0,0,0,0,0,0,0,0,0,0,0,0,0,0,0,0,0,0,0,0,0,0,0,0,0,0,0,0,0,0
4381,0,0,1,0,0,0,2,17,0,2,0,0,0,0,0,1,2,2,0,0,0,0,1,0,2,0,0,0,1,0,0,0,0,0,0,0,0,0,1,1,0,0,0,0,0,0,0,0,0,0,0,0,0,0,0,0,0,0,0,0,0,0,0,0,0,0,0,0,0,0,0,0,0,0,0,0
4382,1,7,41,23,5,7,23,50,2,7,5,8,2,0,0,8,1,9,0,2,0,1,4,0,3,0,3,5,5,1,2,3,0,1,0,1,0,1,1,0,0,5,1,1,0,0,0,0,1,1,0,0,1,0,0,0,0,1,1,0,0,0,0,0,0,0,0,0,0,0,0,0,0,0,0,0
4383,0,0,1,0,0,0,3,7,0,0,0,9,0,0,0,0,3,2,0,0,0,1,0,0,0,0,0,3,0,1,1,0,1,0,0,0,1,1,0,0,0,0,0,2,0,0,0,1,0,0,0,0,2,0,0,0,0,0,0,0,0,0,0,0,0,0,1,0,0,0,0,0,0,0,0,0
4384,1,0,37,15,0,0,8,3,1,0,1,4,0,0,0,2,1,2,1,0,0,0,1,0,0,0,2,1,2,0,0,1,1,0,0,0,0,1,0,0,0,0,0,0,0,0,0,0,0,0,1,0,0,0,0,0,0,0,0,0,0,0,0,0,0,0,0,0,0,0,0,0,0,0,0,0
4385,0,1,7,3,0,0,3,1,1,1,0,1,0,0,0,0,0,0,0,0,1,0,0,0,0,0,0,0,0,0,0,1,0,0,0,1,0,0,0,0,0,6,0,0,0,0,0,0,0,0,0,0,0,0,0,0,0,0,0,0,0,0,0,0,0,0,0,0,0,0,0,0,0,0,0,0
4386,0,2,21,19,0,7,15,35,1,4,1,8,0,0,1,1,0,4,0,1,1,0,4,0,0,0,1,0,2,0,1,1,0,0,0,0,0,2,0,0,0,1,0,1,0,1,0,0,0,0,0,0,2,0,0,0,0,0,1,0,0,0,0,0,0,0,0,0,0,0,0,0,0,0,0,0
4388,1,10,24,12,0,0,4,19,3,2,3,6,0,0,0,0,1,2,2,0,3,0,1,0,1,0,0,1,0,2,3,1,0,0,0,2,0,0,0,4,0,2,0,0,0,0,0,0,0,0,2,0,0,0,1,0,0,0,0,0,0,0,0,0,0,0,0,0,0,0,0,0,0,0,0,0
4389,0,4,18,15,0,1,11,23,3,4,0,3,0,0,1,1,2,1,0,0,0,0,3,0,0,0,1,0,1,0,2,0,1,2,0,0,0,0,0,1,0,2,1,0,1,0,0,0,0,0,0,0,3,0,0,0,0,0,1,0,0,0,0,0,0,0,0,0,0,0,0,0,0,0,0,0
4390,0,1,21,15,0,1,4,1,2,0,0,3,0,0,0,0,0,2,0,0,0,0,2,0,0,1,1,1,1,0,0,1,1,2,0,0,0,0,0,0,0,0,0,0,0,0,0,0,0,0,0,0,0,0,0,0,0,0,1,0,0,0,0,0,0,0,0,0,0,0,0,0,0,0,0,0
4391,0,2,9,6,0,0,2,13,0,2,0,1,0,0,0,1,0,2,0,0,0,0,0,0,1,0,0,0,1,0,0,0,1,0,0,0,0,0,0,0,0,0,2,0,0,0,0,0,1,0,0,0,0,0,0,0,0,0,1,0,0,0,0,0,0,0,0,0,0,0,0,0,0,0,0,0
4392,0,1,15,6,0,0,8,6,0,7,0,4,0,0,0,1,1,4,2,0,1,1,1,0,1,0,0,0,0,0,1,0,0,0,0,0,0,1,0,0,0,2,0,0,0,0,0,0,0,0,0,0,0,0,0,0,0,0,0,0,0,0,0,0,0,0,0,0,0,0,0,0,0,0,0,0
4393,0,1,8,4,0,0,1,0,0,0,0,0,0,0,0,3,0,1,0,0,0,0,0,0,0,0,0,1,0,0,0,0,0,0,0,0,1,0,0,0,0,0,0,1,0,0,0,0,0,0,0,0,0,0,0,0,0,0,0,0,0,0,0,0,0,0,1,0,0,0,0,0,0,0,0,0
4394,0,5,22,16,0,0,12,13,4,4,0,2,0,0,0,5,2,4,0,0,0,5,5,0,0,0,0,0,0,0,0,0,0,2,0,0,0,9,0,0,0,0,1,2,0,0,0,3,1,0,0,0,1,0,0,0,0,0,0,0,0,0,0,0,0,0,1,0,0,0,0,0,0,0,0,0
4395,0,2,20,20,0,0,13,3,1,13,0,2,0,0,0,1,0,2,0,0,0,4,5,0,0,0,0,0,0,0,3,0,0,1,0,0,0,0,0,0,0,0,0,0,0,0,0,1,0,0,0,0,3,0,0,0,0,0,0,0,0,0,0,0,0,0,0,0,0,0,0,0,0,0,0,0
4396,0,7,7,1,0,3,11,8,0,1,5,1,2,0,0,1,2,3,0,1,0,1,3,0,0,0,1,0,0,0,0,0,0,0,0,0,0,4,1,0,0,3,2,0,0,0,0,0,0,0,0,0,2,0,0,0,0,0,0,0,0,0,0,0,0,0,1,0,0,0,0,0,0,0,0,0
4397,0,0,4,1,0,0,4,2,0,2,0,0,0,0,0,3,0,0,0,0,0,2,0,0,0,1,0,0,0,0,0,0,0,1,0,0,0,2,0,0,0,2,0,2,0,0,0,0,0,0,0,0,0,0,0,0,0,0,0,1,0,0,0,0,0,0,0,0,0,0,0,0,0,0,0,0
4398,0,3,4,5,0,0,4,2,0,2,0,0,0,0,0,0,2,0,0,1,0,3,2,0,0,0,0,0,0,0,0,0,0,5,0,0,1,2,1,0,0,2,0,0,0,0,0,0,0,0,0,0,0,0,1,0,0,0,0,0,0,0,0,0,0,0,0,0,0,0,0,0,1,0,0,0
4399,0,1,17,19,0,1,10,8,2,1,1,0,0,0,0,0,2,0,0,0,0,2,2,0,0,0,0,1,0,0,0,0,0,1,0,0,0,3,0,0,0,0,2,0,0,0,0,0,0,0,0,0,0,0,0,0,0,0,0,1,0,0,0,0,0,0,0,0,0,0,0,0,0,0,0,0
4400,0,8,33,28,0,0,17,5,2,4,0,5,0,0,0,9,4,4,2,1,0,1,4,0,0,0,0,2,1,0,1,0,0,4,0,0,3,2,0,0,0,5,0,0,0,0,0,0,1,0,0,0,0,0,0,0,0,0,2,0,0,0,1,0,0,0,0,0,0,0,0,0,0,0,0,0
4401,1,3,3,0,0,0,8,2,1,1,0,2,0,0,0,0,0,1,0,0,0,0,0,0,0,0,1,2,0,0,1,0,1,0,0,0,0,1,0,0,0,0,0,0,0,0,0,0,0,0,0,0,0,0,0,0,0,0,0,0,0,0,0,0,0,0,0,0,0,0,0,0,0,0,0,0
4402,3,6,15,9,11,0,16,8,1,2,0,3,0,0,1,2,1,3,0,0,0,4,4,1,0,1,0,0,0,0,2,0,1,0,0,1,2,4,0,0,0,0,3,0,0,0,0,0,0,0,1,0,2,0,1,0,0,1,1,0,0,0,0,3,0,0,0,0,0,0,0,0,0,0,0,0
4403,0,3,9,5,0,0,3,5,2,2,0,0,0,0,0,1,0,1,0,0,0,1,0,0,1,0,0,1,0,1,2,0,0,2,0,0,0,1,0,0,0,0,1,0,0,0,0,0,0,0,0,0,0,0,0,0,0,0,0,1,0,0,0,0,0,0,0,0,0,0,0,0,0,0,0,0
4404,0,3,16,10,0,3,16,10,0,1,0,4,0,0,0,0,0,1,0,0,0,0,2,0,0,0,1,1,0,0,1,0,0,1,0,0,0,2,0,0,0,0,0,1,0,0,0,0,1,0,0,0,0,0,0,0,0,0,0,0,0,0,0,0,0,0,0,0,0,0,1,0,0,0,0,0
4405,0,1,12,11,0,0,11,3,5,9,0,3,1,0,0,1,2,0,0,0,0,2,0,0,0,0,0,3,0,0,3,0,0,0,0,0,0,2,0,0,0,3,0,0,0,0,0,0,0,0,0,0,1,0,0,0,0,0,1,0,0,0,0,0,0,0,0,0,0,0,0,0,0,0,0,0
4406,0,5,3,3,0,0,13,6,0,2,0,3,0,0,0,1,0,8,2,0,0,1,1,0,0,0,0,0,0,1,0,0,0,1,0,0,0,3,0,0,0,2,0,0,0,0,0,0,1,0,0,0,0,0,0,0,0,0,0,2,0,0,0,0,0,0,0,0,0,0,0,0,0,0,0,0
4407,12,2,10,7,0,5,10,7,2,2,0,5,0,0,0,4,3,0,0,0,0,2,1,0,1,1,6,6,0,1,0,6,0,0,0,4,0,0,0,0,0,0,0,1,0,0,0,2,0,1,0,0,0,0,0,0,0,0,1,2,0,0,0,1,0,0,0,0,0,0,0,0,0,0,0,0
4408,0,3,6,2,0,3,5,0,2,1,0,0,0,0,0,1,1,0,0,0,0,0,0,0,0,0,2,1,0,0,0,0,0,2,0,0,0,0,0,0,0,1,0,1,0,0,0,2,0,0,0,0,0,0,0,0,0,0,0,0,0,0,0,1,0,0,0,0,0,0,0,0,0,0,0,0
4409,0,4,14,14,0,8,6,4,1,1,0,0,0,0,0,1,1,2,0,0,0,0,0,0,0,1,1,0,0,0,0,1,0,0,0,0,0,3,0,0,0,1,0,1,0,0,0,0,1,0,0,0,0,0,0,0,0,0,0,0,0,0,0,0,0,0,0,0,0,0,0,0,0,0,0,0
4410,0,3,12,3,0,1,0,0,0,1,0,2,0,0,0,0,0,4,2,0,0,0,1,0,0,0,0,0,0,0,0,0,0,0,0,0,0,1,0,0,0,0,0,0,0,0,0,1,0,0,0,0,0,0,0,0,0,0,0,0,0,0,0,0,0,0,0,0,0,0,0,0,0,0,0,0
4411,0,4,11,6,0,0,11,5,0,1,0,6,0,0,0,3,0,1,0,0,0,0,1,0,0,0,0,0,0,1,0,0,0,1,0,0,0,2,0,0,0,0,0,0,0,0,0,0,0,0,0,0,0,0,0,0,0,0,0,0,0,0,0,0,0,0,0,0,0,0,0,0,0,0,0,0
4412,0,3,13,3,0,0,5,3,1,0,0,3,0,0,0,0,2,0,0,0,0,1,0,0,0,0,0,0,0,0,0,0,0,0,0,0,0,0,0,0,0,2,0,0,0,0,0,0,0,0,0,0,0,0,0,0,0,0,0,0,0,0,0,0,0,0,0,0,0,0,0,0,0,0,0,0
4413,0,2,16,17,0,2,5,1,0,0,0,0,0,0,0,0,4,0,0,0,0,1,2,0,0,0,0,0,0,0,0,1,0,0,0,0,0,4,0,0,0,1,0,0,0,0,0,0,0,0,0,0,1,0,0,0,0,0,0,0,0,1,0,0,0,0,0,0,0,0,0,0,0,0,0,0
4414,1,6,8,3,0,0,39,7,1,8,0,9,0,1,0,1,2,2,3,0,0,0,3,0,0,1,0,1,0,0,0,0,0,0,0,1,0,4,0,0,0,3,0,0,0,0,0,0,0,0,0,0,2,0,0,0,0,0,0,0,0,0,0,0,0,0,0,1,0,0,0,0,0,0,0,0
4434,1,6,11,4,7,0,4,5,0,1,0,1,0,0,0,0,1,0,0,0,0,0,0,0,0,3,0,3,1,0,0,0,0,0,1,9,0,0,0,0,0,2,0,0,0,0,0,0,0,0,0,0,0,0,1,0,0,0,0,0,0,0,0,0,0,0,0,0,0,1,0,0,0,0,0,0
4435,0,9,15,10,0,1,3,5,2,1,1,1,0,0,0,1,0,0,1,0,0,0,1,0,2,0,0,0,1,0,0,0,0,1,0,0,0,3,0,0,0,2,1,2,2,0,0,0,0,0,0,0,0,0,0,0,0,0,0,0,0,0,0,0,0,0,0,0,0,0,0,0,0,0,0,0
4436,0,1,1,6,0,2,4,15,3,0,0,2,0,0,0,1,0,0,0,0,0,0,5,0,0,0,0,1,0,0,0,1,0,1,0,0,0,1,0,0,0,5,0,0,0,0,0,0,0,0,0,0,3,0,0,0,0,0,0,0,0,0,0,0,0,0,0,0,0,0,1,0,0,0,0,0
4437,0,4,12,17,0,5,6,29,0,10,1,2,0,0,0,4,4,4,1,0,1,0,4,0,3,0,3,0,1,2,0,2,0,0,0,0,0,1,0,0,0,3,1,1,0,0,0,0,0,0,0,0,5,0,0,0,0,0,0,0,0,1,0,0,0,0,0,0,0,0,1,0,0,0,0,0
4438,0,9,24,16,1,3,3,8,0,1,0,3,1,0,0,0,1,3,0,0,0,0,1,0,1,0,0,0,2,2,1,0,0,0,0,0,0,1,1,0,0,0,0,0,0,0,0,0,0,0,0,0,3,0,0,0,0,0,0,1,0,0,0,0,0,0,0,0,0,0,0,0,0,0,0,0
4439,0,5,13,10,0,0,1,3,2,1,1,1,0,0,0,1,0,3,0,0,0,0,1,0,1,1,0,0,0,0,0,0,0,0,0,0,0,0,0,0,0,1,0,3,0,0,0,0,0,0,0,0,0,0,0,0,0,0,0,0,0,0,0,0,0,0,3,0,0,0,0,0,0,0,0,0
4440,0,4,11,4,0,0,5,4,0,1,1,1,0,0,0,4,1,3,0,0,0,0,2,0,0,0,1,0,0,0,0,0,0,2,0,0,0,2,0,0,0,1,1,1,0,0,0,0,0,0,0,0,1,0,0,0,0,0,0,1,0,0,0,0,0,0,0,0,0,0,0,0,0,0,0,0
4441,0,0,8,3,0,2,6,2,0,0,0,2,0,0,0,1,1,1,1,0,0,0,0,0,0,1,0,1,0,0,0,0,0,0,0,0,0,1,0,0,0,0,0,3,0,0,0,0,0,0,0,0,0,0,0,0,0,0,1,0,0,0,0,0,0,0,1,0,0,0,0,0,0,0,0,0
4443,0,1,0,0,0,0,3,11,0,1,0,6,0,0,0,1,0,0,0,0,0,0,0,1,0,0,0,2,1,0,0,3,0,0,0,6,0,0,0,0,0,1,0,0,0,0,0,0,0,0,0,0,0,0,0,0,0,0,0,0,0,0,0,0,0,0,0,0,0,0,0,0,0,0,0,0
4444,0,2,21,14,0,0,8,5,1,1,1,0,0,0,0,3,0,1,0,1,1,2,3,0,0,0,0,0,0,0,0,1,0,0,0,0,0,3,0,0,0,1,1,0,0,0,1,1,0,0,0,0,0,0,0,0,0,0,1,1,0,0,0,0,0,0,0,0,0,0,0,0,1,0,0,0
4445,0,2,11,8,0,0,0,1,6,1,0,1,0,0,0,4,1,2,0,0,0,0,0,0,0,0,0,0,0,0,0,0,0,1,0,0,0,0,0,0,0,0,0,3,0,0,0,0,0,0,0,0,1,0,0,0,0,0,0,0,0,0,0,0,0,0,4,0,0,0,0,0,0,0,0,0
4447,0,5,12,4,0,0,1,0,0,1,0,1,0,0,0,1,0,0,1,1,0,0,1,0,1,0,0,0,0,0,0,0,0,1,0,0,0,0,0,0,0,1,0,0,0,0,0,0,0,0,0,0,0,0,0,0,0,0,0,1,0,0,0,0,0,0,1,0,0,0,0,0,0,0,0,0
4448,0,0,10,6,0,0,7,8,0,1,1,4,0,0,0,4,2,1,0,1,1,1,5,0,0,0,0,1,0,0,0,1,2,0,0,0,0,7,0,1,0,1,0,0,0,0,0,1,0,0,0,0,0,0,0,0,0,0,0,0,0,0,0,0,0,0,0,0,0,0,0,0,0,0,0,0
4449,0,5,15,4,0,1,12,6,0,1,0,2,2,0,0,3,1,3,0,1,1,1,1,0,0,0,0,0,0,0,0,0,0,1,0,0,0,1,0,0,0,3,0,0,0,0,1,1,0,0,0,0,1,0,0,0,0,0,0,0,0,0,0,0,0,0,0,0,0,0,1,0,0,0,0,0
4451,0,5,8,7,0,3,2,2,1,8,1,1,0,0,0,0,1,2,0,0,0,0,1,0,0,0,0,2,0,0,0,2,0,3,0,0,0,3,0,0,0,2,0,0,0,0,0,0,0,0,0,0,0,0,0,0,0,0,0,0,0,0,0,0,0,0,0,0,0,0,0,0,0,0,0,0
4452,0,6,14,8,0,3,14,7,3,0,0,1,0,0,0,3,3,3,0,0,0,0,3,0,0,0,0,0,0,0,1,0,0,3,0,1,0,3,1,0,0,4,0,0,0,0,0,1,0,1,0,0,2,0,0,0,0,0,0,2,0,0,0,0,0,0,0,0,0,0,1,0,0,0,0,0
4453,0,0,7,4,0,0,5,3,0,0,0,2,0,0,0,2,0,0,0,0,0,0,0,0,1,0,0,0,0,0,0,0,0,0,0,0,0,2,0,0,0,1,0,0,0,0,0,0,0,0,0,0,0,0,0,0,0,0,1,0,0,0,0,1,0,0,0,0,0,0,0,0,0,0,0,0
4454,0,7,34,19,0,5,44,12,2,5,0,0,2,0,0,6,6,1,0,0,0,1,6,0,0,0,0,0,0,0,5,4,0,2,0,0,0,5,1,1,0,6,1,0,0,0,0,1,1,0,0,0,2,0,0,0,0,2,1,0,1,0,0,0,0,0,0,0,0,0,0,0,1,0,0,0
4455,2,1,4,1,0,0,11,11,3,0,0,8,0,0,0,5,0,0,0,2,0,0,0,0,2,0,1,3,0,0,0,5,0,5,0,0,0,2,0,0,0,0,0,0,0,0,0,0,0,1,0,0,0,0,0,0,0,0,0,0,0,0,0,1,0,0,2,0,0,0,0,0,0,0,0,0
4456,0,1,4,6,0,3,4,4,1,0,0,7,0,0,0,0,1,1,0,1,1,0,3,1,0,1,0,0,0,0,0,0,0,1,0,0,0,0,0,0,0,1,0,1,0,0,0,0,0,0,0,0,0,0,0,0,0,0,0,2,0,0,0,0,0,0,0,0,0,0,1,0,0,0,0,0
4457,0,0,1,2,0,0,11,1,0,1,1,1,0,0,2,1,2,2,0,2,0,2,1,0,0,0,0,0,0,0,0,0,0,0,0,0,0,0,0,0,0,3,0,0,0,0,0,0,0,0,0,0,3,0,0,0,0,0,1,0,0,0,0,0,0,0,0,0,0,0,0,0,1,0,0,0
4458,0,6,22,3,0,2,4,9,0,6,0,2,0,0,0,8,1,2,0,0,0,1,3,0,1,0,0,0,0,0,0,0,0,0,0,0,0,2,0,0,0,0,0,0,0,0,0,0,0,0,0,0,0,0,0,0,0,0,0,1,0,0,0,0,0,0,0,0,0,0,0,0,0,0,0,0
4459,0,6,29,13,0,8,41,4,5,9,0,6,1,0,0,2,3,5,0,0,1,0,3,0,1,4,1,1,0,1,1,4,1,2,0,0,0,5,0,1,0,7,0,0,0,0,1,1,1,0,0,0,2,0,0,0,0,0,1,1,0,0,0,0,0,0,0,0,0,0,0,0,1,0,1,0
4460,0,3,1,0,0,6,7,5,1,0,0,4,0,0,0,3,0,3,0,1,0,0,0,0,0,0,0,1,0,0,0,0,1,1,0,0,0,1,0,0,0,4,1,0,0,0,0,0,0,0,0,0,1,0,0,0,0,0,0,0,0,0,0,0,0,0,0,0,0,0,0,0,0,0,0,0
4474,0,1,4,2,0,2,5,16,0,6,3,1,0,0,2,0,0,9,0,0,0,1,2,0,1,0,2,0,2,1,0,0,0,0,0,0,0,1,0,0,0,1,0,1,0,0,0,0,1,0,0,0,0,0,0,0,0,0,0,1,0,0,0,0,0,0,0,0,0,0,0,0,0,0,0,0
4475,1,8,19,7,6,0,4,22,2,2,0,4,0,0,2,0,4,1,0,0,0,1,1,2,0,0,0,2,0,1,2,1,0,0,1,0,0,0,0,1,0,0,0,0,0,0,0,0,0,1,1,0,0,0,1,0,0,0,0,0,0,0,0,0,0,0,0,0,0,2,0,0,0,0,0,0
4476,0,5,15,16,1,4,12,18,1,6,3,5,0,0,0,3,1,4,0,0,0,2,7,0,4,0,1,0,0,1,2,1,0,0,0,0,0,2,0,1,0,4,0,0,0,0,0,0,0,0,0,0,1,0,0,0,0,0,1,0,0,0,0,0,0,0,1,0,0,0,1,0,0,0,0,0
4477,0,6,9,5,0,0,4,3,0,0,1,1,0,0,0,0,0,1,0,0,0,0,2,0,0,0,0,0,0,0,0,0,0,0,0,0,0,0,0,0,0,1,0,0,0,0,0,0,0,0,0,0,0,0,0,0,0,0,0,0,0,0,0,0,0,0,0,0,0,0,0,0,0,0,0,0
4478,0,3,4,0,0,0,1,3,1,1,0,3,0,0,0,4,2,5,0,0,0,0,0,0,1,0,1,1,0,0,0,1,0,0,0,0,0,1,1,0,0,0,1,0,3,0,0,0,0,0,0,0,1,0,0,0,0,0,0,0,0,0,0,0,0,0,0,0,0,0,0,0,0,0,0,0
4479,0,0,3,1,0,3,1,7,0,5,0,0,0,0,0,0,0,0,0,0,0,0,2,0,1,0,0,1,1,0,0,0,0,0,0,0,1,0,0,0,0,1,0,1,0,0,0,0,0,0,0,0,0,0,0,0,0,0,1,0,0,0,0,0,0,0,0,0,0,0,0,0,0,0,0,0
4481,0,2,8,9,0,15,11,32,1,2,5,6,0,0,0,0,1,2,0,0,1,1,3,0,2,0,0,1,0,1,0,0,0,0,0,0,0,0,0,0,0,0,0,0,0,0,0,1,0,0,0,0,2,0,0,0,0,0,2,0,0,0,0,0,0,0,0,0,0,0,0,0,0,0,0,0
4482,0,0,2,1,0,0,2,6,1,4,1,0,0,0,0,0,0,1,0,0,0,0,2,0,0,0,0,0,1,0,0,0,0,0,0,0,0,0,0,0,0,1,2,0,0,0,0,0,0,0,0,0,0,0,0,0,0,0,0,0,0,0,0,0,0,0,0,0,0,0,0,0,0,0,0,0
4483,0,2,6,3,0,2,5,6,0,5,1,5,0,0,1,0,0,1,0,0,0,0,3,0,0,0,0,2,1,0,1,0,0,0,0,1,1,0,0,0,0,0,0,0,0,0,0,0,0,0,0,0,0,0,0,0,0,0,0,0,0,0,0,0,0,0,0,0,0,0,0,0,0,0,0,0
4484,0,5,36,18,0,1,10,18,3,7,0,3,0,0,0,1,5,2,0,0,3,0,4,1,0,0,1,4,0,0,2,3,0,2,0,1,0,3,2,0,0,0,0,0,0,0,1,0,0,1,0,0,1,0,2,0,0,1,0,1,0,0,0,1,0,0,0,0,0,0,0,0,0,0,0,0
4485,0,3,10,6,0,0,0,11,3,2,0,3,0,0,0,2,1,2,0,0,1,0,0,0,1,0,2,1,0,0,0,0,0,0,0,4,0,1,0,0,0,1,0,0,0,0,0,0,0,0,0,0,0,0,0,0,0,0,0,0,0,0,0,0,0,0,0,0,0,0,0,0,0,0,0,0
4486,1,5,21,11,0,2,8,5,2,5,0,6,0,0,0,3,0,1,0,1,0,0,4,0,0,1,0,1,0,0,0,1,1,0,0,1,2,1,0,1,0,0,1,0,0,0,0,0,2,0,0,0,0,0,0,0,0,0,0,0,0,0,0,0,0,0,0,0,0,0,0,0,0,0,0,0
4487,0,0,15,10,0,0,4,1,0,0,0,2,0,0,0,1,0,0,0,0,0,0,1,0,0,0,0,0,0,0,0,1,1,0,0,0,0,0,0,0,0,0,0,1,0,0,0,2,0,0,0,0,1,0,0,0,0,0,0,0,0,0,1,0,0,0,0,0,0,0,0,0,0,0,0,0
4488,0,2,5,2,0,0,4,5,0,2,0,0,0,0,0,2,0,1,0,0,0,0,4,0,0,0,0,1,0,0,3,0,0,2,0,0,0,4,1,0,0,0,0,0,0,0,0,0,0,0,0,0,0,0,0,0,0,0,0,0,0,0,0,0,0,0,0,0,0,0,0,0,1,0,0,0
4489,0,4,9,16,0,0,5,2,1,0,0,1,1,0,0,1,0,5,0,0,0,0,0,0,0,0,0,0,0,0,1,0,1,0,0,0,0,1,0,0,0,0,0,0,0,0,0,0,0,0,0,0,1,0,0,0,0,0,0,0,0,0,0,0,0,0,0,0,0,0,0,0,0,0,0,0
4490,1,1,21,8,17,0,4,36,0,2,0,20,0,0,1,0,1,3,0,0,0,1,1,1,0,0,1,5,0,0,1,6,0,2,1,11,0,0,0,3,0,0,0,0,0,2,0,0,0,0,2,0,0,0,1,0,0,0,1,0,0,0,0,1,1,0,0,0,0,1,0,0,0,0,0,0
4491,0,4,16,9,0,3,7,20,1,2,0,8,0,0,1,0,1,0,0,0,4,1,1,0,0,0,0,3,2,0,6,11,0,3,0,1,0,0,1,2,0,1,0,1,0,0,0,0,0,0,2,0,2,0,0,0,0,0,1,0,0,0,0,1,0,0,0,0,0,0,0,0,1,0,0,0
4492,0,4,11,9,0,0,7,2,0,4,0,6,0,0,0,0,1,1,0,0,0,0,1,0,0,0,1,2,0,0,0,0,0,0,0,0,0,2,1,0,0,1,0,1,0,0,0,0,0,0,0,0,0,0,0,0,0,0,0,0,0,0,0,0,0,0,0,0,0,0,0,0,0,0,0,0
4493,0,5,31,6,1,1,10,3,3,2,0,1,0,0,0,5,1,5,1,1,0,5,1,0,0,2,0,0,0,0,0,0,0,5,0,0,0,0,0,0,0,1,1,0,0,0,0,0,1,0,0,0,4,0,0,0,0,0,1,1,0,0,0,0,0,0,0,0,0,0,0,0,0,0,0,0
4494,0,7,7,1,0,3,14,4,0,5,0,2,0,0,0,2,2,1,0,0,0,0,1,0,1,0,0,1,0,0,0,1,1,1,0,0,0,1,0,0,1,1,2,0,0,0,0,0,0,0,0,0,1,0,0,0,0,0,0,0,0,2,0,0,0,0,1,0,0,0,0,0,0,0,0,0
4495,0,1,10,11,0,1,2,4,3,4,0,5,0,0,0,2,0,2,0,0,0,0,1,0,0,1,0,0,0,2,0,0,2,0,0,0,0,1,0,0,0,1,0,0,0,0,0,0,0,0,0,0,0,0,0,0,0,0,0,0,0,0,0,0,0,0,0,0,0,0,1,0,0,0,0,0
4496,0,1,8,5,0,0,7,1,2,0,0,1,0,0,0,0,0,2,0,0,0,0,0,0,0,0,0,0,0,0,1,0,0,2,0,0,0,0,0,0,0,1,0,0,1,0,0,0,0,0,0,0,0,0,0,0,0,0,0,1,0,0,0,0,0,0,0,0,0,0,0,0,0,0,0,0
4497,0,4,27,6,2,3,23,4,3,2,0,12,0,0,0,6,0,0,0,0,0,1,2,0,3,0,0,1,0,0,1,0,0,2,0,0,0,2,0,0,0,3,0,0,0,0,0,0,0,0,0,0,0,0,1,0,0,1,0,0,0,0,0,1,0,0,0,0,0,0,0,0,0,0,0,0
4498,0,5,18,18,0,4,17,2,3,0,0,6,1,0,0,2,4,1,0,0,0,0,2,0,0,0,2,0,0,0,1,1,0,0,0,0,0,0,0,1,0,3,0,0,0,0,1,0,0,0,0,0,0,0,0,0,0,1,0,1,0,0,0,0,0,0,0,0,0,0,0,0,0,0,0,0
4523,0,3,16,14,0,0,7,9,0,4,1,2,0,0,0,0,1,1,1,0,0,1,0,0,1,0,0,0,0,1,1,1,3,0,0,0,0,1,0,0,0,2,0,0,0,0,0,0,0,0,0,0,2,0,0,0,0,0,0,0,0,0,0,0,0,0,0,0,0,0,0,0,0,0,0,0
4525,0,5,8,3,0,2,11,22,0,5,0,2,0,0,0,2,0,6,0,1,0,2,1,0,1,0,1,0,1,0,0,0,1,0,0,0,0,0,0,0,0,5,3,0,0,0,0,0,0,0,0,0,1,0,0,0,0,0,0,0,0,0,0,0,0,0,0,0,0,0,0,0,0,0,0,0
4526,0,7,20,6,0,10,5,30,0,2,2,3,0,0,1,2,1,6,0,1,1,2,0,2,0,0,1,1,0,1,0,4,0,1,0,3,1,0,0,0,2,1,1,0,0,0,0,2,0,0,0,10,4,0,0,0,0,0,2,1,0,0,0,0,0,0,0,0,0,1,0,0,0,0,0,0
4527,0,0,2,0,0,2,8,5,0,1,0,3,0,0,0,0,1,2,0,1,0,0,4,0,1,0,1,0,0,1,0,0,0,0,0,1,0,0,0,0,0,0,0,0,0,0,0,0,0,0,0,0,0,0,0,0,0,0,0,1,0,0,0,0,0,0,0,0,0,0,0,0,0,0,0,0
4528,0,2,7,3,0,1,7,19,0,2,0,1,0,0,0,0,1,1,0,0,1,0,2,0,1,1,1,0,0,0,0,0,0,0,0,0,0,0,1,0,0,1,0,1,0,0,0,0,0,0,0,0,0,0,0,0,0,0,0,0,0,0,0,0,0,0,0,0,0,0,0,0,0,0,0,0
4530,0,2,20,8,0,5,13,12,0,0,0,2,0,0,1,2,2,4,0,1,0,0,2,0,0,0,5,0,2,0,0,1,0,0,0,0,0,0,0,0,0,1,0,0,0,0,0,0,0,0,0,0,0,0,0,0,0,0,1,0,0,0,0,0,0,0,1,0,0,0,0,0,0,0,0,0
4531,0,1,0,2,0,0,3,11,2,2,3,0,0,0,0,3,3,4,0,0,0,0,0,0,0,0,0,0,1,0,0,0,1,0,0,0,0,0,0,0,0,0,2,0,0,0,0,0,0,0,0,0,2,0,0,0,0,0,0,0,0,0,0,0,0,0,0,0,0,0,1,0,0,0,0,0
4532,0,0,1,0,0,5,7,24,0,4,1,7,0,0,0,0,1,1,1,0,0,0,1,0,3,1,2,0,0,0,0,0,0,0,0,0,0,2,0,0,0,2,0,0,0,0,0,0,0,0,0,0,0,0,0,0,0,0,1,0,0,0,0,0,0,0,0,0,0,0,0,0,0,0,0,0
4533,0,4,28,17,0,6,13,25,1,5,7,9,1,0,0,0,0,2,1,0,0,0,2,0,0,0,0,1,1,0,0,0,0,0,0,0,0,2,0,1,0,0,0,0,0,0,0,0,0,0,1,0,2,0,0,0,0,0,0,0,0,0,0,0,0,0,0,0,0,0,0,0,0,0,0,0
4534,0,4,8,4,0,0,5,6,1,0,0,0,0,0,0,1,1,1,0,0,0,2,0,0,0,0,0,0,0,0,0,0,1,1,0,0,0,0,1,0,0,1,0,0,0,0,0,0,0,0,0,0,0,0,0,0,0,0,1,0,0,0,0,0,0,0,0,0,0,0,0,0,0,0,0,0
4535,0,3,14,4,0,0,2,0,0,1,0,2,0,0,1,1,0,2,1,0,0,0,0,0,0,0,0,1,1,0,0,0,1,0,0,0,0,0,0,0,0,1,0,0,1,0,0,0,0,0,0,0,0,0,0,0,0,0,0,0,0,0,0,0,0,0,0,2,0,0,0,0,1,0,0,0
4537,0,1,1,1,0,5,6,17,0,1,3,5,0,0,0,4,2,4,0,1,0,0,0,0,0,0,0,0,3,0,2,0,0,0,0,0,0,1,0,0,0,0,0,0,0,0,0,0,0,0,1,0,5,0,1,0,0,0,0,0,0,0,0,0,0,0,0,0,0,0,0,0,0,0,0,0
4538,0,1,5,5,0,0,0,0,0,1,0,1,0,0,0,2,0,0,1,0,2,0,0,0,0,0,0,2,0,0,0,5,0,0,0,0,0,0,0,0,0,1,1,0,0,0,0,0,1,0,0,0,0,0,0,0,0,2,2,0,0,0,0,0,0,0,0,0,0,0,0,0,0,0,0,0
4539,0,6,40,33,0,4,15,41,4,3,2,14,0,0,0,9,3,6,1,0,1,2,3,1,0,0,1,1,1,2,2,1,0,1,0,6,1,2,0,0,1,0,0,0,0,0,0,2,1,1,0,0,1,0,0,0,0,0,2,2,0,0,0,0,0,0,0,0,0,0,0,0,0,0,0,0
4541,0,1,1,1,0,1,10,9,0,1,0,3,0,0,0,0,1,2,0,0,0,1,3,2,0,0,1,0,0,0,0,1,0,0,0,0,0,0,0,0,0,0,1,0,0,0,0,1,0,0,0,0,0,0,1,0,0,0,2,1,0,0,0,0,0,0,0,0,0,0,0,0,0,0,0,0
4543,0,7,10,6,0,1,6,4,2,2,0,1,0,0,0,3,0,1,0,0,0,0,2,0,0,0,0,0,0,0,2,0,1,0,0,0,1,2,0,0,0,3,0,0,0,0,0,0,0,0,0,0,1,0,0,0,0,0,0,0,0,0,0,0,0,0,0,0,0,0,0,0,0,0,0,0
4544,0,2,12,13,0,0,2,0,2,1,0,2,1,0,0,6,0,0,2,0,0,0,3,0,0,0,0,0,1,0,1,0,0,3,0,0,0,0,0,0,0,1,1,1,0,0,0,0,0,0,0,0,0,0,0,0,0,0,0,0,0,0,0,0,0,0,0,0,0,0,0,0,0,0,0,0
4545,0,1,1,0,0,1,3,16,0,2,0,4,1,0,0,1,0,1,0,1,0,0,1,0,0,0,0,1,0,0,1,1,1,0,0,0,1,0,0,0,0,0,1,0,0,0,0,0,0,0,0,0,0,0,0,0,0,0,0,1,0,0,0,0,0,0,0,0,0,0,0,0,0,0,0,0
4546,0,3,10,7,0,3,12,3,0,1,0,4,4,0,0,5,3,3,0,0,0,1,6,0,0,0,0,0,0,0,1,2,0,1,0,0,0,8,0,0,0,2,1,0,0,0,0,2,1,1,0,0,1,0,0,0,0,0,0,0,0,0,0,0,0,0,0,1,0,0,0,0,2,0,0,0
4547,0,4,20,9,0,1,22,2,5,4,0,5,0,0,0,3,0,4,0,0,0,2,4,0,0,1,0,2,0,0,3,0,0,6,0,0,0,1,0,0,0,1,0,0,0,0,0,0,0,0,0,0,0,0,0,0,0,0,0,0,0,0,0,0,0,0,0,0,0,0,0,0,2,0,0,0
4548,0,10,16,14,0,3,7,2,4,6,0,5,0,0,0,3,1,1,0,1,0,2,4,0,1,1,0,1,0,0,4,0,1,0,0,0,0,3,0,0,0,1,0,0,0,0,0,0,0,0,0,0,0,0,0,0,0,0,0,2,0,0,0,0,0,0,0,0,0,0,0,0,0,0,0,0
4549,0,0,6,6,0,0,14,5,1,1,0,0,1,0,0,0,3,0,0,0,0,1,1,0,0,1,0,0,0,0,0,1,0,2,0,0,0,4,0,0,0,2,1,0,0,0,0,0,0,0,0,0,1,0,0,0,0,1,0,1,0,0,0,0,0,0,0,0,0,0,0,0,1,0,0,0
4550,0,5,15,10,0,0,1,3,0,1,0,3,0,0,0,3,1,0,0,0,0,1,1,0,1,0,0,0,0,0,0,0,0,1,0,0,0,0,0,0,0,0,1,4,0,0,0,0,0,0,0,0,1,0,0,0,0,0,0,0,0,0,0,0,0,0,0,0,0,0,0,0,0,0,0,0
4552,1,0,10,0,1,0,9,2,0,2,0,1,0,0,0,0,0,2,0,0,0,1,2,0,0,0,0,0,0,0,0,0,0,3,0,0,0,0,0,0,0,0,0,0,0,0,0,0,0,0,0,0,0,0,0,0,0,0,0,0,0,0,0,0,0,0,0,0,0,0,0,0,0,0,0,0
4553,0,0,19,13,0,1,19,5,0,1,0,3,0,0,0,1,4,2,0,0,0,2,1,0,0,0,1,0,0,0,3,0,0,1,0,0,0,4,0,0,0,2,1,0,0,0,0,0,0,0,0,0,0,0,0,0,0,1,0,1,0,1,0,0,0,0,0,0,0,0,0,0,0,0,0,0
4555,0,2,13,9,2,1,4,3,1,0,0,3,0,0,0,0,0,0,1,0,0,0,1,0,0,4,0,0,0,0,2,1,0,3,0,0,2,1,0,0,0,0,2,0,0,0,0,0,0,0,0,2,1,0,0,0,0,0,0,1,0,0,0,0,0,0,0,0,0,0,0,0,0,0,0,0
4556,0,0,2,5,0,0,2,5,2,0,0,4,0,0,0,2,1,0,0,0,1,0,0,0,0,1,0,1,0,0,2,0,0,0,0,0,1,1,0,0,0,0,0,0,0,0,0,0,0,0,0,6,0,0,0,0,0,0,1,0,0,0,0,0,0,0,0,0,0,0,0,0,0,0,0,0
4557,0,7,25,14,0,12,21,8,3,3,0,5,0,0,0,7,2,2,0,1,0,0,6,0,2,1,1,0,0,0,0,1,0,0,0,0,0,1,0,1,0,5,1,0,0,0,0,1,0,0,0,0,0,0,0,0,0,1,0,0,0,0,0,0,0,0,0,0,0,0,0,0,1,0,0,0
4558,0,0,19,14,0,5,9,1,0,4,0,0,0,0,0,0,2,0,1,0,0,0,0,0,1,0,0,0,0,0,1,0,0,2,0,0,0,5,0,0,0,2,1,0,0,0,0,0,0,0,0,0,2,0,0,0,0,0,0,0,0,0,0,0,0,0,0,0,0,0,0,0,1,0,0,0
4582,0,6,20,18,8,1,2,20,1,0,6,10,0,0,1,0,0,5,0,0,0,3,4,1,3,0,1,0,7,1,1,0,1,0,0,6,1,2,0,0,0,3,0,0,0,0,0,0,0,0,1,0,0,0,1,0,0,0,1,0,0,0,0,0,0,0,0,0,0,1,0,0,0,0,0,0
4583,2,0,0,0,2,1,1,3,0,0,0,1,0,0,1,0,1,0,0,1,0,1,0,1,0,0,0,2,0,1,1,2,2,0,0,1,1,0,0,0,0,0,0,1,0,0,0,0,0,0,1,0,0,0,0,0,0,0,0,0,0,0,0,2,0,0,0,0,0,0,0,0,0,0,0,0
4584,0,7,30,19,0,1,5,5,1,2,2,2,0,0,0,0,2,1,2,1,0,2,2,0,0,0,0,2,2,0,1,0,0,0,0,0,0,1,0,0,0,1,2,1,0,0,0,0,0,0,0,0,0,0,0,0,0,0,1,0,0,1,0,0,0,0,3,0,0,0,0,0,0,0,0,0
4585,0,0,7,1,0,2,0,3,1,0,0,3,0,0,0,0,0,0,0,0,0,0,0,0,0,0,1,1,1,0,0,0,0,0,0,0,0,0,0,0,0,0,0,0,0,0,0,0,0,0,0,0,0,0,0,0,0,0,0,1,0,0,0,0,0,0,0,0,0,0,0,0,0,0,0,0
4586,0,0,5,0,0,0,3,11,2,1,0,4,0,0,0,0,0,0,0,0,0,1,0,0,0,0,1,2,2,0,0,2,0,0,0,1,1,0,0,0,0,0,1,0,0,0,0,0,0,0,0,5,0,0,0,0,0,0,1,0,0,0,0,0,0,0,0,0,0,1,0,0,0,0,0,0
4587,0,0,4,0,0,1,6,11,3,1,1,1,0,0,0,0,1,2,0,0,0,0,1,0,1,0,3,0,3,0,0,0,0,0,0,0,0,0,0,0,0,0,0,0,0,0,0,0,0,0,0,0,0,0,0,0,0,0,0,0,0,0,0,0,0,0,0,0,0,0,0,0,0,0,0,0
4588,1,10,23,21,0,7,15,39,3,4,3,7,0,0,2,4,1,2,0,1,0,0,2,0,3,1,0,0,3,0,1,0,1,0,0,0,0,2,0,0,0,3,0,1,0,0,0,0,0,0,0,0,0,0,0,0,0,0,0,0,0,0,0,0,0,0,4,0,0,0,0,0,0,1,0,0
4590,0,1,11,9,0,0,3,4,0,0,0,2,0,0,0,0,0,0,0,0,0,0,1,0,2,0,0,0,1,0,0,0,1,0,0,0,0,0,0,0,0,0,0,0,0,0,0,0,0,0,0,0,0,0,0,0,0,0,0,0,0,0,0,0,0,0,0,0,0,0,0,0,0,0,0,0
4591,0,5,24,18,0,3,17,39,0,0,1,11,0,0,0,0,2,1,1,0,2,0,0,1,1,1,0,2,0,2,1,3,1,0,2,4,1,1,0,0,0,0,0,0,1,0,0,0,0,0,1,0,1,0,2,0,1,1,1,0,0,0,0,0,0,0,0,0,0,0,0,0,0,0,0,0
4592,0,0,2,0,0,4,1,10,0,0,1,3,0,0,0,1,0,3,0,1,0,0,0,0,2,0,3,0,0,3,0,0,1,0,1,0,0,1,0,0,0,1,0,0,0,0,0,1,0,0,0,0,0,0,0,0,0,0,1,0,1,0,0,0,0,0,1,0,0,0,0,0,0,0,0,0
4593,0,0,3,2,0,0,3,1,0,4,4,2,0,0,0,2,0,0,0,0,0,0,0,0,1,0,0,0,0,0,0,1,0,0,0,0,0,0,0,0,0,0,0,0,0,0,0,0,0,0,0,0,0,0,0,0,0,0,0,0,0,0,0,0,0,0,0,0,0,0,0,0,0,0,0,0
4594,0,3,14,15,0,0,6,6,1,4,0,2,0,0,0,1,3,2,0,0,0,0,2,0,1,1,0,0,2,0,3,0,0,1,0,0,0,4,0,0,0,2,0,0,0,0,0,0,0,0,0,0,0,0,0,0,0,0,0,0,0,0,0,0,1,0,0,0,0,0,0,0,0,0,0,0
4595,0,0,12,3,0,0,1,4,0,1,0,0,0,0,0,0,0,6,0,0,0,0,1,0,0,0,0,2,0,0,0,0,0,0,0,0,1,3,0,0,0,0,1,0,0,0,0,0,0,0,0,0,0,0,0,0,0,0,0,0,0,0,0,0,0,0,0,0,0,0,0,0,0,0,0,0
4596,1,4,25,18,0,4,7,41,0,1,2,8,0,0,0,0,0,3,0,0,0,1,0,1,1,0,0,4,2,2,0,4,0,0,1,3,0,1,4,1,0,1,0,0,0,0,0,0,0,0,0,0,1,0,0,0,0,0,0,0,0,0,0,0,0,0,0,0,0,1,0,0,0,0,0,0
4597,0,5,14,13,0,2,4,19,5,2,1,4,0,0,2,0,0,4,1,1,0,2,4,0,1,0,1,1,0,0,0,0,0,0,0,0,0,1,0,0,0,1,0,0,0,0,0,0,0,0,0,0,1,0,0,0,0,0,1,0,0,0,0,0,0,0,0,0,0,0,0,0,0,0,0,0
4598,0,0,0,1,0,2,6,11,0,0,0,8,0,0,0,0,2,0,0,1,0,0,1,0,0,0,0,1,0,0,0,1,0,0,0,0,0,0,0,0,0,0,1,0,0,0,0,0,0,0,0,0,0,0,0,0,0,0,0,0,0,0,0,0,0,0,0,0,0,0,0,0,0,0,0,0
4599,0,3,11,10,0,1,4,4,0,0,0,0,0,0,0,2,1,1,0,0,0,0,0,0,0,0,0,0,0,1,1,0,1,1,0,0,0,2,0,0,0,3,1,0,0,0,0,0,0,0,0,0,1,0,0,0,0,0,0,0,0,0,0,0,0,0,1,0,0,0,0,0,0,0,0,0
4601,0,0,8,5,0,0,3,2,1,2,1,0,0,0,0,0,0,1,0,0,0,0,1,0,0,0,0,0,0,0,0,0,0,0,0,0,0,1,0,0,0,0,0,0,0,0,0,0,0,0,0,0,0,0,0,0,0,0,0,0,0,0,0,0,0,0,0,0,0,0,0,0,0,0,0,0
4602,1,8,33,12,14,1,10,29,1,3,2,2,0,0,2,4,3,3,0,0,0,2,2,1,0,1,1,2,0,2,1,2,0,2,0,1,1,4,0,0,0,3,1,1,2,0,0,2,0,0,0,0,0,0,1,0,0,1,0,0,0,0,0,1,0,0,0,0,0,0,0,0,0,0,0,0
4603,2,5,17,20,5,0,11,10,3,2,1,5,0,0,0,4,0,1,0,0,1,2,6,0,0,1,0,0,0,0,0,0,0,1,0,0,0,1,0,0,0,3,1,0,5,0,0,0,0,1,0,0,2,0,1,0,0,0,0,0,0,0,0,0,0,0,0,0,0,0,0,1,0,0,0,0
4604,0,11,28,27,0,1,13,8,1,1,0,0,0,0,0,0,3,1,0,0,0,0,0,0,0,0,0,1,0,0,1,0,0,2,0,0,0,7,0,0,0,1,0,0,0,0,0,1,1,0,0,0,0,0,0,0,0,0,0,0,0,0,0,0,0,0,0,0,0,0,0,0,0,0,0,0
4605,0,4,12,7,0,0,8,7,0,0,0,4,1,0,0,3,1,0,1,0,0,0,0,0,0,0,0,1,0,0,0,0,0,0,0,0,0,4,0,0,0,0,1,0,0,0,0,0,0,0,0,0,1,0,0,0,0,1,1,1,0,0,0,0,0,0,0,0,0,0,0,0,3,0,0,0
4606,0,7,21,21,0,0,4,6,2,3,0,0,0,0,0,2,0,2,0,1,0,0,1,0,0,0,0,1,0,0,1,0,0,0,0,0,1,1,0,0,0,2,0,0,0,0,0,0,0,0,0,0,0,0,0,0,0,0,1,0,0,0,0,0,0,0,0,0,0,0,0,0,0,0,0,0
4607,0,2,20,10,0,1,13,8,0,3,0,2,1,0,0,0,3,1,0,0,0,0,0,0,0,0,0,1,0,0,1,2,1,0,0,0,0,1,0,1,0,1,1,0,0,0,1,0,0,0,0,0,0,0,0,0,0,0,0,0,0,0,0,0,0,0,0,0,0,0,0,0,0,0,0,0
4608,0,3,9,5,0,2,10,8,2,0,0,1,0,0,0,1,1,3,0,0,0,1,0,0,0,0,0,0,0,0,0,2,0,2,0,0,0,1,0,0,0,0,0,0,0,0,0,0,0,0,0,0,0,0,0,0,0,0,0,0,0,0,0,0,0,0,0,0,0,0,0,0,0,0,0,0
4609,1,7,34,18,0,1,20,12,2,3,0,5,0,0,0,2,0,4,0,1,0,3,1,0,3,0,0,0,0,0,0,0,2,1,0,0,0,0,0,0,0,4,2,0,0,0,0,0,0,0,0,0,0,0,0,0,0,0,1,0,0,0,0,0,0,0,0,0,0,0,0,0,1,0,0,0
4610,1,7,34,15,0,3,14,5,3,2,0,10,0,0,0,11,3,6,1,0,0,2,1,0,1,0,0,0,0,0,3,0,0,1,0,0,0,1,0,0,0,2,0,2,0,0,0,0,0,0,0,0,1,0,0,0,0,0,0,1,0,0,0,0,0,0,1,0,0,0,0,0,1,0,0,0
4611,0,2,18,8,0,0,10,4,0,2,0,0,0,0,0,1,0,1,0,1,0,1,1,0,0,0,0,0,0,0,1,0,0,4,0,1,0,0,0,2,0,0,0,0,0,0,0,1,0,0,0,0,0,0,0,0,0,0,1,0,0,0,0,0,0,0,0,0,0,0,0,0,0,0,0,0
4612,0,7,21,24,0,5,28,9,2,1,0,6,0,0,0,3,3,3,0,0,0,0,2,0,0,0,0,0,0,0,1,0,0,2,0,1,0,1,0,0,0,1,0,0,0,1,0,0,0,0,0,0,0,0,0,0,1,0,0,0,0,0,0,0,0,0,0,0,0,0,0,0,0,0,0,0
4633,0,0,6,3,0,5,5,3,0,0,0,1,0,0,0,1,0,2,0,0,0,0,0,0,1,1,0,0,0,0,0,0,0,0,0,0,0,0,0,0,0,1,0,0,0,0,0,0,0,0,0,0,0,0,0,0,0,0,0,0,0,0,0,0,1,0,0,0,0,0,0,0,0,0,0,0
4634,0,2,6,3,0,2,10,14,2,1,0,1,0,0,0,0,1,0,0,0,0,0,0,0,1,0,0,0,1,2,4,0,1,1,0,0,0,0,0,0,0,0,0,0,0,0,1,0,0,0,0,0,0,0,0,0,0,0,1,0,0,0,0,0,0,0,0,0,0,0,0,0,0,0,0,0
4635,0,1,3,0,0,0,10,2,1,2,0,6,0,0,0,2,0,1,0,0,0,0,0,0,0,0,1,3,1,0,0,0,1,0,0,0,0,1,0,0,0,0,3,0,0,0,0,0,0,0,0,0,0,0,0,0,0,0,0,0,0,0,0,0,0,0,0,0,0,0,0,0,0,0,0,0
4636,0,2,17,7,0,0,4,5,0,2,1,4,0,0,0,2,2,2,0,1,0,0,3,0,0,0,0,1,0,0,2,0,0,0,0,0,0,1,0,0,0,1,0,1,0,0,0,0,0,0,0,0,1,0,0,0,0,0,0,0,0,0,0,0,0,0,0,0,0,0,0,0,0,0,0,0
4637,0,6,14,14,0,1,8,13,0,4,0,1,0,0,2,2,1,1,0,0,0,0,3,0,1,1,2,0,1,0,2,0,0,1,0,0,0,0,0,1,0,0,1,0,0,0,0,0,0,0,0,0,1,0,1,0,0,0,1,0,0,0,0,0,0,0,0,0,0,0,0,0,0,0,0,0
4638,0,10,29,17,6,0,10,34,3,5,1,2,0,0,1,2,1,4,0,0,0,1,6,0,0,1,0,4,0,1,3,4,0,0,0,4,3,1,0,0,0,1,3,1,0,0,0,0,0,0,1,0,1,0,2,0,0,0,0,1,0,0,0,1,0,0,1,0,0,0,0,0,0,0,0,0
4639,0,6,15,9,0,0,8,12,4,6,3,3,0,0,0,0,2,0,0,0,0,1,5,0,1,0,0,0,3,0,0,0,1,1,0,0,0,4,0,0,0,3,1,0,0,0,0,0,1,0,0,0,0,0,0,0,0,0,1,0,0,0,0,0,0,0,0,0,0,0,0,0,0,0,0,0
4640,0,12,37,17,1,1,10,9,2,6,3,4,1,0,0,3,2,1,2,1,0,1,3,0,2,1,2,4,1,0,3,0,1,4,0,0,1,2,0,0,0,0,2,0,0,0,0,0,0,0,0,0,4,0,0,0,0,0,1,0,1,0,0,0,0,0,0,0,0,0,0,0,0,0,0,0
4643,0,0,18,10,0,1,4,3,0,0,2,2,0,0,0,1,0,0,0,0,0,1,0,0,0,2,0,1,0,0,1,1,0,0,0,0,0,0,0,0,0,1,0,0,0,0,0,0,0,0,0,0,3,0,0,0,0,0,0,0,0,0,0,1,0,0,0,0,0,0,0,0,0,0,0,0
4644,0,0,3,4,0,1,1,0,0,0,0,2,0,0,0,2,1,2,0,0,0,1,3,0,0,0,0,1,1,1,2,0,1,0,0,0,0,1,1,0,0,1,0,0,0,0,0,0,1,0,0,0,0,0,0,0,0,0,0,0,0,0,0,0,0,0,0,0,0,0,0,0,0,0,0,0
4646,0,6,16,11,0,0,18,20,1,2,2,1,0,0,0,1,1,1,0,0,1,1,3,0,0,0,0,0,1,0,1,0,1,0,0,0,2,0,0,0,0,1,0,0,0,0,0,0,0,0,1,0,0,0,0,0,0,0,2,0,0,0,0,0,0,0,0,0,0,0,0,0,0,0,0,0
4647,0,2,18,6,0,1,12,6,1,3,0,0,0,0,0,4,5,1,0,1,0,1,4,0,0,0,0,0,0,0,0,0,0,3,0,0,0,2,0,0,0,3,0,0,0,0,0,1,0,0,0,0,1,0,0,0,0,0,0,0,0,0,0,0,0,0,0,0,0,0,0,0,0,0,0,0
4648,3,3,8,8,10,0,4,6,2,1,0,6,0,0,1,3,0,1,0,1,0,1,1,1,0,0,0,0,0,0,0,1,2,0,0,1,1,1,0,0,0,0,0,0,0,0,0,0,0,0,0,0,1,0,1,0,0,2,1,1,0,0,1,1,0,0,0,0,0,1,0,0,0,0,0,0
4649,0,6,21,6,0,1,3,1,3,0,1,3,0,0,0,0,0,1,2,0,0,1,2,1,0,0,1,0,0,0,0,1,0,0,0,0,0,0,0,0,0,1,0,0,0,0,0,1,0,0,0,0,3,0,0,0,0,0,0,0,0,0,0,0,0,0,0,0,0,0,0,0,0,0,0,0
4650,1,4,26,10,11,0,2,22,1,4,1,14,0,0,3,3,0,0,0,0,3,2,4,0,0,1,0,6,0,0,1,17,1,0,1,1,1,1,1,1,0,1,0,0,0,0,1,1,0,0,1,0,0,0,1,0,0,1,0,1,0,0,0,1,0,0,0,0,0,0,0,0,1,0,0,0
4651,0,2,5,3,0,0,5,5,0,3,0,1,0,0,1,2,0,2,0,1,0,0,0,0,0,0,0,0,0,0,0,0,0,0,0,0,0,0,0,0,0,1,0,0,0,0,0,0,0,0,0,0,0,0,0,0,0,0,1,1,0,0,0,0,0,0,0,0,0,0,0,0,0,0,0,0
4652,0,4,12,12,0,0,7,2,2,0,0,3,0,0,0,0,0,0,0,0,0,0,0,0,2,0,0,1,0,0,0,0,0,2,0,0,0,2,0,0,0,0,0,0,0,0,0,0,0,0,0,0,0,0,0,0,0,0,1,0,0,0,0,0,0,0,0,0,0,0,0,0,0,0,0,0
4653,0,2,7,5,0,0,1,1,1,0,0,2,0,0,0,0,0,0,0,0,0,0,0,0,0,0,0,1,0,0,0,0,0,0,0,0,0,0,0,0,0,0,0,0,0,0,0,0,0,0,0,2,0,0,0,0,0,0,0,0,0,0,0,0,0,0,0,0,0,0,0,0,0,0,0,0
4654,1,1,9,2,0,0,16,5,0,2,0,2,0,0,0,5,3,3,0,0,0,1,3,1,1,2,0,2,0,0,2,0,1,1,0,0,0,5,0,0,0,0,1,0,0,0,0,0,0,0,0,0,1,0,0,0,0,0,0,2,0,0,0,0,0,0,0,0,0,0,0,0,1,0,0,0
4655,0,4,33,10,0,1,11,7,1,5,0,0,1,0,0,5,1,5,1,0,0,0,4,0,0,0,0,0,0,0,1,1,3,3,0,1,0,5,0,0,0,5,2,0,0,0,0,0,0,0,0,0,0,0,0,0,0,0,0,0,0,0,0,0,0,0,0,0,0,0,0,0,2,0,0,0
4656,0,1,10,8,0,0,5,2,1,0,1,3,0,0,0,1,0,0,2,0,0,1,1,0,0,0,1,0,0,0,0,0,0,1,0,0,0,3,0,0,0,1,0,0,0,0,1,0,0,0,0,0,0,0,0,0,0,0,1,0,0,0,0,0,0,0,0,0,0,0,0,0,0,0,0,0
4657,1,10,28,18,0,2,28,8,4,9,0,2,1,0,0,4,4,3,0,0,0,3,5,1,1,0,0,1,0,0,2,0,0,5,0,0,0,6,0,0,0,5,3,0,0,0,0,0,0,0,0,1,3,0,0,0,0,1,2,2,0,1,0,0,0,0,0,0,0,0,0,0,0,0,0,0
4658,1,2,1,2,0,5,8,4,0,2,0,0,0,0,0,1,2,0,0,0,0,1,1,0,0,0,0,0,0,0,0,0,1,0,0,0,0,2,0,0,0,1,0,0,0,0,0,0,0,0,0,0,0,0,0,0,0,0,1,0,0,0,0,0,0,0,0,0,0,0,0,0,0,0,0,0
4659,0,0,4,0,0,1,5,4,1,2,0,0,0,0,0,4,3,0,0,0,0,0,0,0,0,1,0,0,0,0,2,0,0,2,0,0,0,1,0,0,0,1,1,0,0,0,0,1,0,0,0,0,1,0,1,0,0,0,0,0,0,0,0,0,1,0,0,0,0,0,0,0,0,0,0,0
4660,1,10,56,29,0,0,26,9,7,5,0,8,2,0,0,4,3,2,1,0,1,4,6,1,0,0,0,3,0,0,2,3,0,2,0,0,0,5,0,4,0,10,2,0,0,0,0,0,0,0,0,0,1,0,0,0,0,0,0,0,0,0,0,0,0,0,0,0,0,0,0,0,0,0,0,0
4661,0,3,27,7,0,0,8,1,3,4,0,2,0,0,0,1,1,0,0,0,0,0,2,0,0,1,0,1,0,0,0,0,0,0,2,0,0,1,0,0,0,0,0,0,0,0,0,0,0,0,0,0,1,0,0,0,0,0,0,0,0,0,0,0,0,0,0,0,0,0,0,0,0,0,0,0
4662,0,8,14,12,17,0,8,3,2,2,0,4,0,0,3,7,0,2,1,1,0,0,1,0,0,1,1,2,0,1,3,1,0,0,0,2,2,1,0,0,0,1,0,0,0,0,0,0,1,0,2,0,0,0,1,0,0,0,1,0,0,0,0,0,0,0,0,0,0,1,0,0,0,0,0,0
4680,0,6,14,5,10,0,2,24,0,1,0,0,0,0,1,0,1,1,0,0,0,1,1,0,0,0,0,2,0,1,1,0,0,0,0,5,1,2,0,0,0,2,0,0,0,0,0,0,0,0,0,0,0,0,0,0,0,1,1,0,0,0,0,1,0,0,0,0,0,0,0,0,0,0,0,1
4681,1,6,1,0,0,0,10,9,0,0,1,0,0,0,0,0,0,2,0,0,0,0,4,0,2,0,2,0,2,0,0,0,0,0,0,0,0,0,0,0,0,1,0,0,0,0,0,0,0,0,0,0,0,0,0,0,0,0,0,0,0,0,0,0,0,0,0,0,0,0,0,0,0,0,0,0
4682,0,6,20,12,0,0,10,7,1,4,2,4,0,0,0,0,1,1,0,0,0,2,1,0,0,0,0,0,2,2,0,1,1,0,0,0,0,1,0,0,0,0,0,0,0,0,0,0,0,0,0,0,0,0,0,0,0,0,1,0,0,0,0,0,0,0,0,0,0,0,0,0,0,0,0,0
4683,0,5,17,4,0,2,3,3,1,1,1,3,0,0,0,1,3,2,1,0,0,0,0,0,1,0,0,2,0,0,0,0,0,0,0,0,0,0,0,0,0,1,1,0,0,0,0,0,0,0,0,0,1,0,0,0,0,0,0,0,0,0,0,0,0,0,0,0,0,0,0,0,0,0,0,0
4684,0,2,15,13,0,2,13,16,2,3,1,3,0,0,0,1,0,8,0,0,0,0,0,0,1,1,3,0,3,1,0,1,0,2,0,0,0,0,0,0,0,2,0,2,0,0,0,0,0,0,0,0,0,0,1,0,0,0,0,0,0,0,0,0,0,0,0,0,0,0,0,0,0,0,0,0
4685,0,9,20,12,0,0,2,23,0,4,1,8,0,0,0,0,2,3,0,1,0,0,2,0,0,0,2,0,4,0,1,3,0,0,0,0,0,0,0,2,0,0,0,0,2,0,0,0,1,0,0,0,2,0,0,0,0,0,1,0,0,0,0,0,0,0,0,0,0,0,0,0,0,0,0,0
4686,0,5,11,14,0,2,8,30,1,2,2,6,0,0,1,0,0,3,0,1,0,1,2,0,0,0,0,0,7,0,0,1,0,0,0,0,0,1,0,0,0,3,1,0,0,0,0,0,0,0,0,0,0,0,0,0,0,0,0,0,0,0,0,0,0,0,0,0,0,0,0,0,0,0,0,0
4687,0,0,12,1,0,1,10,16,1,3,2,3,0,0,2,0,2,0,0,0,0,1,1,1,0,0,0,0,4,0,2,0,0,0,0,0,0,1,0,0,0,0,0,0,0,0,0,0,0,0,0,0,0,0,0,0,0,0,2,0,0,0,0,0,0,0,0,0,0,0,0,0,0,0,0,0
4688,0,8,39,27,0,7,3,9,0,1,1,3,0,0,1,0,1,2,1,1,1,1,1,0,0,0,2,2,2,0,0,0,2,0,0,0,0,0,0,0,0,0,1,0,0,0,0,0,1,0,0,0,0,0,0,0,0,0,0,0,0,0,0,0,1,0,0,0,0,0,0,0,0,0,0,0
4689,0,2,6,6,0,3,4,21,2,6,0,5,0,0,1,1,0,2,0,0,0,1,1,1,0,0,1,1,3,2,3,0,0,0,0,0,0,1,0,0,0,0,1,0,0,0,0,0,0,0,0,0,0,0,0,0,0,0,0,0,0,0,0,0,0,0,0,0,0,0,0,0,0,0,0,0
4690,0,0,6,5,0,0,5,1,0,0,0,6,0,0,0,0,0,0,0,0,0,0,0,0,1,0,0,0,0,0,0,0,0,0,0,0,0,1,0,0,0,2,0,0,0,0,0,0,0,0,0,0,0,0,0,0,0,0,0,0,1,0,0,0,0,0,0,0,0,0,0,0,0,0,0,0
4691,0,3,16,5,0,3,1,1,0,1,0,0,0,0,0,1,0,0,0,0,0,0,0,0,0,0,0,0,0,1,1,0,0,0,0,0,0,0,0,0,0,0,0,0,0,0,0,0,0,0,0,0,0,0,0,0,0,0,0,0,0,0,0,0,0,0,0,0,0,0,0,0,0,0,0,0
4692,0,3,3,0,0,1,6,7,1,1,0,2,0,0,2,0,0,2,0,0,0,0,0,0,1,0,0,0,1,0,0,0,0,0,0,0,0,1,0,0,0,0,0,0,0,0,0,0,0,0,0,0,2,0,0,0,0,0,0,0,0,0,0,0,0,0,0,0,0,0,0,0,0,0,0,0
4693,0,2,11,2,0,1,7,10,1,4,0,1,0,0,1,0,1,2,0,0,0,0,0,0,0,0,0,0,0,0,0,0,0,0,0,0,0,1,1,1,0,0,0,0,0,0,0,0,0,0,0,0,0,0,0,0,0,0,0,0,0,0,0,0,0,0,0,0,0,0,0,0,0,0,0,0
4694,1,5,30,23,0,1,10,18,2,7,0,2,0,0,0,4,5,3,0,1,0,3,8,0,0,0,0,0,0,0,2,2,0,2,0,3,0,3,0,0,0,2,0,0,0,0,1,1,0,0,0,0,1,0,0,0,0,0,1,0,0,0,0,0,0,0,0,0,0,0,0,0,0,0,0,0
4695,0,9,19,12,0,1,8,12,5,4,6,3,1,0,0,2,1,1,0,0,1,2,3,1,0,0,1,1,1,2,0,0,0,1,0,0,0,1,0,2,0,1,1,1,0,0,0,1,0,0,0,0,1,0,0,0,0,0,0,0,0,0,0,0,0,0,0,0,0,0,0,0,0,0,0,0
4696,0,3,9,2,0,0,3,1,0,0,0,4,0,0,0,0,0,1,0,0,0,0,0,0,0,0,0,1,0,0,0,1,1,0,0,1,0,0,0,0,0,0,0,0,0,0,0,0,0,0,1,0,0,0,0,0,0,0,0,0,0,0,0,0,0,0,0,0,0,0,0,0,0,0,0,0
4697,0,8,17,12,0,0,13,21,2,3,3,2,2,0,0,3,2,5,0,1,0,2,3,0,0,0,0,1,1,2,2,0,0,0,0,0,0,0,0,1,0,2,0,0,0,0,0,1,0,0,0,0,0,0,0,0,0,0,0,0,0,0,0,0,0,0,0,0,0,0,0,0,0,0,0,0
4699,2,3,19,9,0,0,8,4,0,2,0,1,1,0,0,2,1,3,0,0,0,1,3,0,0,0,1,0,0,0,5,0,0,1,0,0,0,5,0,0,0,1,1,0,0,0,0,0,0,0,0,0,0,0,0,0,0,0,0,1,0,0,0,0,0,0,0,0,0,0,0,0,0,0,0,0
4700,3,9,13,4,13,0,8,17,1,0,0,6,0,0,1,3,1,0,0,0,0,2,3,0,1,0,1,2,1,0,3,4,0,0,0,5,3,1,0,0,0,0,0,0,0,0,0,0,0,0,0,0,1,0,2,0,0,0,0,4,0,0,0,0,0,0,0,0,0,0,0,0,1,0,0,0
4701,3,0,0,0,0,0,5,7,2,1,0,2,0,0,2,0,0,0,0,0,0,0,2,0,0,1,1,0,0,0,0,1,0,0,0,0,0,0,0,0,0,0,0,0,0,0,0,0,0,0,0,0,0,0,1,0,0,0,0,0,0,0,0,0,0,0,0,0,0,0,0,0,0,0,0,0
4702,0,3,33,11,0,1,10,6,3,2,0,7,0,0,0,1,1,1,0,0,0,0,2,0,0,0,0,1,0,1,0,2,0,1,0,0,1,1,0,1,0,1,2,0,0,0,0,0,1,0,0,0,0,0,0,0,0,0,1,1,0,0,0,0,0,0,0,0,0,0,0,0,0,0,0,0
4703,0,6,10,4,0,0,11,10,0,1,1,1,0,0,0,6,0,5,0,0,0,0,5,0,0,1,0,1,0,0,0,0,1,4,0,0,0,2,0,0,0,0,0,1,0,0,0,1,1,0,0,0,0,0,0,0,0,0,0,0,0,0,0,0,0,0,0,0,0,0,0,0,0,0,0,0
4704,0,4,12,0,0,2,2,7,2,0,0,4,1,0,0,1,0,0,1,2,0,1,3,0,0,0,0,0,0,0,1,0,2,4,0,0,0,0,0,0,0,4,0,0,0,0,0,0,0,0,0,0,1,0,0,0,0,0,1,0,0,0,0,0,0,0,0,0,0,0,0,0,2,0,0,0
4706,0,6,9,8,0,3,8,2,1,0,0,1,0,0,0,1,0,0,0,0,0,0,0,0,0,0,1,0,0,0,0,0,0,0,0,0,0,0,0,0,0,2,0,0,0,0,0,0,0,0,0,0,1,0,0,0,0,0,0,0,0,0,0,0,0,0,0,0,0,0,0,0,1,0,0,0
4707,0,3,4,4,0,1,2,4,0,1,0,2,0,0,0,1,0,0,0,0,0,0,0,0,0,0,0,0,0,0,0,0,0,1,0,0,0,0,0,0,0,0,0,0,0,0,0,0,0,0,0,0,0,0,0,0,0,0,0,0,0,0,0,0,0,0,0,0,0,0,0,0,0,0,0,0
4708,5,2,8,6,34,2,6,17,5,0,0,2,0,0,2,1,0,2,0,1,0,0,2,1,2,1,0,0,0,0,0,2,0,0,0,4,4,1,0,0,0,1,2,0,0,0,0,0,0,0,1,1,0,0,0,0,0,0,0,0,0,0,0,0,0,0,0,0,0,0,0,0,0,0,0,0
4709,0,10,40,18,0,5,24,17,3,5,0,6,1,0,0,4,6,4,0,1,1,2,7,0,0,0,0,1,0,2,2,1,0,0,0,0,0,7,0,0,1,5,1,0,0,0,0,0,0,0,0,0,3,0,0,0,0,0,0,1,0,0,0,0,0,0,0,0,0,0,0,0,1,0,0,0
4733,0,2,14,9,0,0,1,3,1,2,1,4,0,0,0,0,0,0,0,0,0,0,0,0,1,0,0,2,2,0,0,0,0,0,0,0,0,2,0,0,0,0,0,0,0,0,0,0,0,0,0,0,0,0,0,0,0,0,0,0,0,0,0,0,0,0,0,0,0,0,0,0,0,0,0,0
4734,0,1,7,9,0,0,2,7,0,3,0,2,0,0,0,4,0,1,0,0,0,1,0,0,0,0,0,0,4,0,0,1,2,0,0,0,0,0,0,0,0,0,0,0,0,0,0,0,0,0,0,0,0,0,0,0,0,0,0,0,0,0,0,1,0,0,0,0,0,0,0,0,0,0,0,0
4735,0,1,7,4,0,0,0,26,1,1,0,11,0,0,0,1,2,0,0,0,5,0,1,1,1,1,0,2,0,0,0,3,0,0,0,3,0,0,0,0,0,0,2,0,0,1,0,0,0,0,0,0,0,0,1,0,0,0,0,0,0,0,0,1,0,0,0,0,0,0,0,0,0,0,0,0
4737,0,5,21,12,2,1,4,12,2,6,2,2,0,0,0,1,0,3,0,1,0,2,1,1,0,0,0,0,1,0,0,0,2,0,0,0,0,0,0,0,0,0,1,0,0,0,0,0,0,0,1,0,0,0,0,0,0,0,0,0,0,0,0,0,0,0,0,0,0,0,0,0,0,0,0,0
4738,0,5,11,11,1,0,0,5,0,3,3,2,0,0,0,0,1,0,0,0,0,0,2,0,0,0,0,0,0,0,0,0,0,0,0,0,0,2,0,0,0,1,0,0,0,0,0,0,0,0,0,0,0,0,0,0,0,0,0,0,0,0,0,0,0,0,0,0,0,0,0,0,0,0,0,0
4739,0,2,13,7,0,0,1,14,1,2,1,5,0,0,0,0,1,4,0,0,0,0,1,0,1,1,0,0,1,0,0,0,0,0,0,0,0,0,0,0,0,3,1,1,0,0,0,1,0,0,0,0,3,0,0,0,0,0,1,0,0,0,0,0,0,0,1,0,0,0,0,0,0,0,0,0
4740,1,0,4,3,0,1,4,14,0,1,0,4,0,0,0,0,0,0,0,0,2,0,0,0,0,0,0,1,0,0,0,8,0,0,0,5,0,0,0,1,0,0,0,0,0,0,0,0,0,0,0,0,0,0,0,0,0,0,0,0,0,0,0,0,0,0,0,0,0,0,0,0,0,0,0,0
4741,0,7,25,19,0,3,10,39,5,3,0,10,0,0,1,1,2,4,0,1,0,0,3,0,1,0,2,1,7,2,2,1,0,0,0,0,0,1,0,0,0,1,2,0,0,0,0,0,0,0,0,0,0,0,2,0,0,0,0,0,0,0,0,2,0,0,0,0,0,0,0,0,0,0,0,0
4742,0,0,1,0,0,5,9,19,0,0,0,0,0,0,0,1,2,0,0,0,0,0,0,0,0,0,1,0,1,1,0,0,0,0,0,0,0,0,0,0,0,0,0,0,0,0,0,0,0,0,0,0,0,0,0,0,0,0,0,0,0,0,0,0,0,0,0,0,0,0,0,0,0,0,0,0
4743,0,5,17,6,0,0,0,9,1,1,1,1,0,0,0,6,2,4,0,0,0,2,2,0,2,0,0,0,0,1,1,0,0,0,0,0,0,3,0,1,0,2,0,0,0,0,0,0,0,0,0,0,1,0,0,0,0,0,0,0,0,0,0,0,0,0,0,0,0,0,0,0,0,0,0,0
4744,0,2,6,10,0,1,0,1,0,0,0,1,0,0,0,0,0,0,0,0,1,0,0,1,0,0,0,1,1,0,1,0,0,0,0,0,0,0,0,0,0,0,0,0,1,0,0,0,0,1,0,0,0,0,0,0,0,0,0,0,0,0,0,0,0,0,0,0,0,0,0,0,0,0,0,0
4745,3,4,19,9,0,4,4,15,2,1,4,3,0,0,0,3,2,1,0,1,1,0,0,2,0,0,1,5,1,0,0,2,1,0,0,7,0,0,0,0,0,0,1,0,0,1,0,0,0,0,0,0,0,0,1,0,0,3,0,0,0,0,0,1,0,0,0,1,0,0,0,0,0,0,0,0
4746,1,7,31,10,0,0,5,15,3,10,0,5,0,0,0,3,2,3,0,0,1,0,1,0,1,0,1,3,0,1,7,7,1,1,0,0,0,4,2,2,0,5,3,4,0,0,0,0,0,0,0,0,1,3,1,0,0,0,0,0,0,0,0,0,0,0,1,0,0,0,0,0,0,0,0,0
4749,0,2,6,4,0,0,4,2,0,0,0,2,0,0,0,0,2,0,0,0,0,1,2,0,0,0,0,0,0,0,3,1,0,2,0,0,0,1,0,0,0,0,0,0,0,0,0,0,0,0,0,0,0,0,0,0,0,0,0,1,0,0,0,0,0,0,0,0,0,0,0,0,0,0,0,0
4750,0,1,14,5,1,0,1,39,3,2,0,15,0,0,0,0,0,0,1,0,3,0,1,3,0,3,1,7,0,0,0,18,2,0,1,8,1,0,2,0,0,0,0,0,0,0,0,0,2,0,1,0,0,2,0,0,0,0,0,0,0,0,0,0,0,0,0,0,0,2,0,1,0,0,0,0
4751,0,1,4,4,3,1,6,4,2,2,3,0,0,0,0,1,0,1,0,0,0,0,0,0,0,0,0,0,0,0,0,1,0,0,0,0,0,1,0,0,0,1,0,0,0,0,0,0,0,0,0,0,0,0,1,0,0,0,0,0,0,0,0,0,0,0,0,0,0,0,0,0,0,0,0,0
4752,0,0,2,2,0,0,4,5,3,1,2,1,0,0,0,1,1,1,0,0,0,0,0,0,0,0,0,0,2,0,1,1,0,2,0,1,0,0,0,0,0,2,0,0,0,0,0,0,0,0,0,0,0,0,0,0,0,0,0,0,0,0,0,0,0,0,0,1,0,0,0,0,0,0,0,0
4753,0,1,22,9,0,0,5,3,0,2,0,2,0,0,0,2,0,3,0,0,0,0,0,0,1,0,0,0,0,0,0,0,0,0,0,0,1,1,0,0,0,0,0,0,0,0,0,0,0,0,0,0,2,0,0,0,0,0,0,0,0,0,0,0,0,0,0,0,0,0,0,0,0,0,0,0
4754,0,11,26,13,1,2,4,14,1,0,0,1,1,0,1,4,1,10,0,0,0,0,3,0,2,0,0,1,1,0,0,0,0,1,0,0,0,0,0,1,0,0,0,0,1,0,0,3,0,0,0,0,1,0,0,0,0,1,0,0,0,0,0,0,0,0,0,0,0,0,0,0,0,0,0,0
4755,0,1,7,5,0,1,6,14,1,7,1,1,0,0,0,1,1,1,0,0,0,0,1,1,0,0,0,0,1,1,2,0,0,1,0,0,0,2,0,1,0,0,0,0,0,0,0,0,1,0,0,0,1,0,0,0,0,0,0,0,0,0,0,0,0,0,0,0,0,0,0,0,0,0,0,0
4756,0,2,10,7,0,0,7,0,1,0,0,0,0,0,0,0,0,0,0,0,0,0,0,0,0,0,2,0,0,0,0,0,0,0,0,0,0,0,0,0,0,1,0,0,0,0,0,0,0,0,0,0,0,0,0,0,0,0,0,0,0,0,0,0,0,0,1,0,0,0,0,0,0,0,0,0
4757,0,4,22,3,2,0,5,4,3,3,0,8,1,0,0,2,0,2,2,1,0,0,4,0,0,0,0,2,0,0,0,0,1,2,0,0,0,5,0,0,0,0,0,1,0,0,0,0,0,0,0,0,0,0,0,0,0,0,0,0,0,0,0,0,0,0,1,0,0,0,1,0,0,0,0,0
4758,0,1,6,7,0,2,5,2,0,1,0,0,0,0,0,0,0,0,1,0,0,0,2,0,0,0,0,0,0,0,1,0,0,2,0,0,0,0,0,0,0,0,0,0,0,0,0,0,0,0,0,0,0,0,0,0,0,0,1,0,0,0,0,0,0,0,0,0,0,0,0,0,0,0,0,0
4759,0,6,18,12,0,1,3,3,0,1,0,3,0,0,0,4,0,0,0,0,0,1,0,0,1,0,0,0,0,0,0,0,1,0,0,0,0,2,0,0,0,2,0,0,0,0,0,0,0,0,0,0,0,0,0,0,0,1,1,0,0,0,0,0,0,0,0,0,0,0,0,0,0,0,0,0
4760,0,7,21,8,0,1,20,5,1,1,0,0,0,0,0,3,0,0,0,0,0,2,5,0,1,0,0,0,0,0,1,2,2,0,0,0,0,4,0,0,0,1,2,0,0,0,0,0,1,0,0,0,1,0,0,0,0,0,0,1,0,0,0,0,0,0,0,0,0,0,0,0,0,0,0,0
4761,0,9,24,4,0,1,7,7,2,2,0,1,0,0,0,2,1,0,0,0,0,0,0,0,0,0,0,0,0,0,0,1,0,1,0,0,0,1,0,0,0,2,1,0,0,0,0,0,0,0,0,0,0,0,0,0,0,0,0,0,0,0,0,0,0,0,0,0,0,0,0,0,0,0,0,0
4762,0,0,4,2,0,0,8,2,0,1,0,2,0,0,0,1,0,1,1,0,0,0,1,0,0,1,0,0,0,0,0,0,0,1,0,0,0,0,0,0,0,1,0,0,0,0,0,0,1,0,0,0,0,0,0,0,0,0,0,0,0,0,0,2,0,0,0,0,0,0,0,0,1,0,0,0
4784,0,5,11,9,0,0,1,0,1,2,0,3,0,0,0,2,0,0,1,1,1,0,0,0,0,0,0,0,0,0,0,2,1,0,0,0,0,0,0,0,0,1,0,0,0,0,0,0,0,0,0,0,0,0,0,0,0,0,0,0,0,0,0,0,0,0,0,0,0,0,0,0,0,0,0,0
4785,5,2,20,8,24,0,3,11,0,0,1,6,0,0,2,1,2,1,0,1,0,1,3,0,0,0,0,4,0,0,0,4,1,0,0,1,1,0,0,1,0,1,0,0,0,0,1,0,0,0,0,0,1,0,1,0,0,0,0,0,0,0,0,1,0,0,0,0,0,0,0,0,0,0,0,0
4786,0,3,17,5,1,0,4,11,3,1,0,3,0,0,0,3,0,1,0,0,1,0,0,0,0,0,2,1,1,0,0,1,0,0,1,0,0,0,0,0,0,0,0,0,0,0,0,1,0,1,0,1,0,0,0,0,0,0,0,0,0,0,0,0,0,0,0,0,0,0,0,0,0,0,0,0
4787,0,1,8,3,0,1,2,2,0,0,1,3,0,0,0,0,0,1,0,1,0,2,1,0,0,0,0,0,0,0,0,0,1,0,0,0,0,0,0,0,0,0,0,0,0,0,0,0,0,0,0,0,0,0,0,0,0,0,0,0,0,0,0,0,0,0,0,0,0,0,0,0,0,0,0,0
4788,0,2,9,6,0,3,0,8,2,2,0,2,0,0,1,3,0,2,0,0,0,1,0,0,0,0,0,0,3,0,1,0,0,0,0,0,0,0,0,0,0,0,0,0,3,0,0,0,0,0,0,0,0,0,0,0,0,0,0,0,0,0,0,0,0,0,0,0,0,0,0,0,0,0,0,0
4789,0,1,10,10,0,0,6,2,0,2,0,1,0,0,0,0,0,1,0,0,0,0,0,0,1,0,0,0,2,0,0,1,0,0,0,0,0,0,0,0,0,0,0,1,0,0,0,0,0,0,0,0,2,0,0,0,0,0,0,0,0,0,0,0,0,0,0,0,0,0,0,0,0,0,0,0
4790,0,2,19,13,0,1,3,7,1,2,1,2,0,0,0,0,1,4,0,0,0,0,1,0,1,0,0,2,0,0,0,0,0,0,0,1,0,1,0,0,0,1,1,0,0,0,0,0,0,0,0,0,0,0,0,0,0,0,0,0,0,0,0,0,0,0,0,0,0,0,0,0,0,0,0,0
4791,1,8,21,9,0,4,15,32,3,6,0,1,0,0,2,4,1,2,0,0,0,4,3,0,0,0,0,0,1,1,2,2,2,0,0,0,0,1,1,0,0,4,1,0,0,0,0,0,0,0,0,0,0,0,0,0,0,1,0,0,0,0,0,0,0,0,0,0,0,0,0,0,0,0,0,0
4792,0,2,21,15,0,0,9,22,1,6,1,2,0,0,0,2,1,2,0,0,0,0,2,0,0,0,1,0,2,0,0,0,0,0,0,0,0,3,0,1,0,2,1,0,0,0,0,0,1,0,0,0,3,0,0,0,0,0,1,0,0,0,0,0,0,0,0,0,0,0,0,0,0,0,0,0
4793,0,3,12,3,0,0,3,1,0,0,0,0,0,0,0,1,0,0,0,0,0,1,1,0,0,0,0,0,0,0,0,0,0,0,0,0,0,0,0,0,0,0,0,0,0,0,0,0,0,0,0,0,0,0,0,0,0,0,0,0,0,0,0,0,0,0,0,0,0,0,0,0,0,0,0,0
4794,0,2,13,10,0,5,22,23,3,2,0,2,0,0,2,1,1,4,0,2,0,0,4,0,4,0,2,0,2,0,0,0,0,0,0,0,0,4,0,0,0,3,0,0,0,0,0,0,0,0,0,0,0,0,0,0,0,0,1,0,0,0,0,0,0,0,0,0,0,0,0,0,0,0,0,0
4795,0,2,7,3,0,0,3,11,1,1,0,3,0,0,0,0,0,1,0,0,2,0,1,0,0,0,0,0,0,0,0,4,2,0,0,3,0,0,0,0,0,0,0,0,0,0,0,0,0,0,0,0,0,0,1,0,0,0,0,0,0,0,0,0,0,0,0,0,0,0,0,0,0,0,0,0
4797,0,1,1,0,0,0,12,4,0,1,0,2,0,0,0,0,0,1,0,0,0,0,2,0,0,0,1,3,0,0,1,0,0,1,0,0,0,3,0,0,0,0,0,0,0,0,0,0,0,0,0,0,1,0,0,0,0,0,0,0,0,0,0,0,0,0,0,0,0,0,0,0,0,0,0,0
4798,0,0,12,12,0,0,1,2,0,1,0,3,0,0,0,1,0,0,1,0,0,0,1,0,0,0,0,0,0,0,0,1,0,0,0,0,0,0,0,0,0,0,0,0,0,0,0,0,0,0,0,0,1,0,0,0,0,0,0,0,0,0,0,0,0,0,0,0,0,0,0,0,0,0,0,0
4799,0,0,11,4,0,3,11,21,1,4,4,0,0,0,0,2,1,2,0,0,0,1,1,0,0,0,2,0,0,0,0,1,1,0,0,0,0,3,0,2,0,0,0,0,0,0,0,1,0,0,0,0,0,0,3,0,0,0,0,0,0,0,0,0,1,0,0,0,0,0,0,0,0,0,0,0
4800,0,2,27,8,0,0,1,1,0,2,1,0,0,0,0,6,0,0,1,0,0,0,2,0,0,0,0,0,1,0,0,0,1,0,0,0,0,1,0,0,0,0,0,0,0,0,0,0,0,0,0,0,1,0,0,0,0,0,0,0,0,0,0,0,0,0,0,0,0,0,0,0,0,0,0,0
4801,0,3,6,6,0,0,5,21,2,1,1,0,0,0,0,2,0,0,2,0,1,0,0,0,0,0,0,1,2,1,0,1,0,1,0,2,0,1,0,0,0,2,0,0,0,0,0,0,0,0,0,0,2,0,0,0,0,0,2,0,0,0,0,0,0,0,0,0,0,0,0,0,0,0,0,0
4802,0,9,31,15,0,1,14,5,1,3,1,4,0,1,1,3,2,5,0,0,0,0,7,0,1,0,0,1,1,0,1,0,0,3,0,0,0,4,0,0,0,0,0,0,0,0,0,0,0,0,0,0,2,0,0,0,1,0,3,0,1,0,0,0,0,0,0,0,0,0,0,0,0,0,0,0
4803,0,2,8,4,0,0,3,6,0,3,0,1,0,0,0,1,0,1,0,0,1,1,0,0,0,0,0,0,0,0,0,0,0,0,0,1,0,0,1,1,0,1,0,1,0,0,0,0,0,0,0,0,0,0,0,0,0,0,0,0,0,0,0,1,0,0,0,0,0,0,0,0,0,0,0,0
4804,0,2,29,14,0,0,5,1,0,3,2,3,0,0,0,1,0,1,1,0,0,0,8,0,0,0,0,0,0,0,1,0,0,1,0,0,0,1,0,0,0,0,1,0,0,0,0,1,0,0,0,0,3,0,0,0,0,0,0,0,0,0,0,0,0,0,0,0,0,0,0,0,0,0,0,0
4805,0,1,9,5,0,0,0,0,1,0,0,0,0,0,0,1,0,0,0,0,0,0,1,0,0,0,0,0,0,0,0,1,0,0,0,0,0,0,0,0,0,0,1,0,0,0,0,1,0,0,0,0,0,0,0,0,0,0,0,0,0,0,0,0,0,0,0,0,0,0,0,0,0,0,0,0
4806,0,3,23,2,0,1,7,7,2,0,0,2,0,0,0,2,1,4,1,0,0,0,1,0,1,1,0,2,0,0,0,0,0,1,0,0,0,0,0,0,0,3,0,3,0,0,0,0,0,0,0,0,0,0,0,0,0,0,0,0,0,0,0,0,0,0,0,0,0,0,0,0,1,0,0,0
4807,0,4,14,12,0,0,4,3,2,3,0,0,0,0,0,2,0,1,0,0,0,0,0,0,1,0,1,0,0,0,2,1,0,2,0,0,0,3,0,1,0,0,0,2,0,0,1,0,0,0,0,0,0,0,0,0,0,0,0,0,0,0,0,0,0,0,0,0,0,0,0,0,0,0,0,0
4808,0,0,0,0,0,0,2,6,2,0,0,1,0,0,0,3,0,0,0,0,0,0,0,0,0,0,0,0,0,0,0,0,0,1,0,0,0,2,0,0,0,0,0,0,0,0,0,0,2,0,0,0,2,0,0,0,0,0,0,0,0,0,0,0,0,0,0,0,0,0,0,0,0,0,0,0
4809,0,6,41,20,0,2,12,4,1,2,0,4,0,0,0,3,1,3,1,0,2,1,2,0,0,0,0,3,5,0,2,0,0,0,0,0,0,0,0,0,0,0,1,1,0,0,0,1,0,0,0,0,1,0,0,0,0,0,0,1,0,0,0,0,0,0,0,0,0,0,0,0,0,0,0,0
4810,1,6,17,10,0,0,4,4,2,2,0,3,0,0,0,0,0,0,0,0,0,0,2,0,0,1,0,1,0,0,3,0,0,1,0,0,0,3,0,1,0,0,0,0,0,0,0,2,0,0,0,0,1,0,0,0,0,0,0,0,0,0,0,0,1,0,0,0,0,0,0,0,0,0,0,0
4811,1,2,15,11,0,5,18,9,4,3,1,0,0,0,0,4,3,3,0,0,0,0,2,0,0,1,0,0,0,0,2,0,0,3,0,0,0,6,0,0,0,6,2,0,1,0,1,0,0,0,0,0,0,0,1,0,1,0,0,0,0,0,0,0,0,0,0,0,0,0,0,0,0,0,0,0
4812,0,0,7,5,0,1,10,3,1,1,0,3,1,0,0,0,0,3,0,0,0,1,2,0,0,0,0,0,0,0,1,0,0,0,0,0,0,3,0,0,0,1,0,0,0,0,0,0,0,0,0,0,1,0,0,0,0,0,0,2,0,0,0,0,0,0,0,0,0,0,0,0,0,0,0,0
4814,0,0,1,0,0,0,8,3,4,2,0,1,0,0,0,0,0,0,0,0,0,1,0,0,0,0,0,3,0,0,2,0,0,0,0,0,0,2,0,0,0,1,0,0,0,0,0,0,0,0,0,0,1,0,1,0,0,0,0,0,0,0,0,0,0,0,0,0,0,0,0,0,0,0,0,0
4815,0,0,9,2,0,0,7,1,0,0,1,2,0,0,0,0,1,0,0,0,0,0,0,0,0,0,0,0,0,0,0,0,0,0,0,0,0,1,0,0,0,1,0,0,0,0,0,0,0,0,0,0,0,0,0,0,0,0,0,0,0,0,0,0,0,0,0,0,0,0,0,0,0,0,0,0
4816,0,0,1,2,0,2,9,3,0,3,0,0,0,0,0,2,0,0,0,0,0,0,1,0,1,0,0,0,0,0,0,0,0,0,0,2,0,3,0,0,0,0,1,0,0,0,0,0,0,0,0,0,1,0,0,0,0,0,1,1,1,0,0,0,0,0,0,0,0,0,0,0,0,0,0,0
4817,0,0,8,3,0,2,1,3,0,0,0,2,0,0,0,0,0,1,0,0,0,0,0,0,2,0,0,0,0,0,0,0,0,0,0,0,0,1,0,0,0,0,0,0,0,0,0,0,0,0,0,0,0,0,0,0,0,0,0,0,0,0,0,0,0,0,0,0,0,0,0,0,0,0,0,0
4818,0,0,3,0,0,0,7,3,2,0,0,4,0,0,0,3,3,4,1,0,0,0,0,0,0,1,0,0,1,0,0,0,0,0,0,0,0,1,0,0,0,3,0,0,0,0,0,0,0,0,0,0,0,0,0,0,0,0,0,0,0,0,0,0,0,0,0,0,0,0,0,0,0,0,0,0
4819,0,3,9,8,0,15,23,4,1,2,0,2,0,0,0,3,4,1,0,1,0,0,3,0,0,0,0,0,1,0,0,1,0,3,0,0,0,1,1,0,0,0,0,0,0,0,0,0,0,0,0,0,0,0,0,0,0,1,1,1,0,0,0,0,0,0,0,0,0,0,0,0,3,0,0,0
4837,0,3,6,1,0,0,5,1,2,4,0,3,0,0,0,0,2,2,0,0,0,0,2,0,0,0,0,0,0,0,0,0,1,0,0,0,0,2,0,1,0,7,0,0,0,0,0,0,0,0,0,0,1,0,0,0,0,0,1,0,0,0,0,0,0,0,0,0,0,0,0,0,0,0,0,0
4838,0,6,9,4,0,0,13,10,0,1,1,0,0,0,0,0,1,4,0,0,1,0,1,0,0,0,1,1,2,1,1,0,0,0,0,0,0,1,0,0,0,2,0,0,0,0,0,0,0,0,0,0,1,0,0,0,0,0,0,0,0,0,0,0,0,0,0,0,0,0,0,0,0,0,0,0
4839,0,10,41,24,0,0,2,10,1,0,0,11,0,0,0,4,0,3,1,0,0,1,2,0,0,2,1,2,1,1,0,0,1,1,0,0,1,0,0,0,0,0,1,4,0,0,0,0,0,0,0,0,0,0,0,0,0,0,0,0,0,0,0,0,0,0,2,0,0,0,0,0,0,0,0,0
4840,1,0,1,0,0,2,9,11,1,1,1,3,0,0,0,1,1,1,0,0,0,0,0,0,0,0,0,1,4,0,0,0,0,0,0,0,0,0,0,0,0,0,0,0,0,0,0,0,0,0,0,0,0,0,0,0,0,0,0,0,0,0,0,0,0,0,0,0,0,0,0,0,0,0,0,0
4841,0,12,43,35,0,17,23,60,1,8,3,7,0,0,1,2,4,8,0,1,0,1,9,0,4,1,2,1,2,3,2,1,1,0,0,0,1,4,0,0,0,3,3,1,0,0,0,1,0,0,0,0,1,0,0,0,0,0,4,0,0,0,0,0,1,0,0,0,0,0,0,0,0,0,0,0
4843,6,11,27,38,26,0,11,46,2,0,0,19,0,0,2,0,2,1,1,1,2,0,0,6,1,0,2,6,4,0,1,12,1,0,1,6,4,0,3,0,0,2,1,1,0,0,0,0,0,0,1,0,0,0,1,0,0,0,0,0,0,0,0,0,0,0,1,0,0,0,2,0,0,0,0,0
4844,0,0,3,4,0,2,4,10,0,2,1,2,0,0,0,0,1,0,0,0,0,0,0,0,1,0,0,0,0,0,0,2,0,0,0,0,0,0,1,0,0,0,0,0,0,0,0,0,0,0,0,0,0,0,0,0,0,0,0,0,0,0,0,0,0,0,0,0,0,0,0,0,0,0,1,0
4845,0,1,5,4,0,0,2,7,0,4,0,2,0,0,0,1,0,1,0,0,0,2,0,0,0,0,1,0,0,0,0,0,0,1,0,0,0,0,0,0,0,1,1,1,0,0,0,0,0,0,0,0,0,0,0,0,0,0,1,0,0,0,0,0,0,0,0,0,0,0,0,0,0,0,0,0
4846,6,1,28,8,0,4,1,2,2,0,0,4,0,0,1,2,1,1,0,0,0,0,0,0,1,0,1,3,0,0,0,1,0,0,0,3,0,0,0,1,0,2,1,0,0,0,0,0,0,0,0,0,0,0,0,0,0,0,0,0,0,0,0,0,0,0,0,1,0,0,0,0,0,0,0,0
4848,1,5,20,13,0,0,5,13,0,1,0,4,0,0,0,1,0,1,0,0,0,0,2,0,1,0,0,0,0,1,2,1,0,0,0,0,0,4,0,1,0,1,0,0,0,0,0,0,0,0,0,0,1,1,0,0,0,0,0,0,0,0,0,0,0,0,1,0,0,0,0,0,0,0,0,0
4849,0,2,24,17,0,0,2,6,2,2,0,1,0,0,0,1,0,1,0,0,0,0,0,0,0,0,1,0,0,0,2,0,0,1,0,0,0,0,0,0,0,1,0,0,0,0,0,0,0,0,0,0,2,0,0,0,0,0,0,0,0,0,0,0,0,0,0,0,0,0,1,0,0,0,0,0
4851,0,1,7,2,0,0,6,4,0,0,0,3,0,0,0,0,0,1,0,0,0,1,0,0,0,2,2,0,3,0,0,0,0,0,0,0,0,0,0,0,0,0,0,1,0,0,0,0,0,0,0,0,0,0,0,0,0,0,0,0,0,0,0,0,0,0,0,0,0,0,0,0,0,0,0,0
4852,0,6,28,8,0,1,10,13,1,5,0,1,0,0,0,10,2,3,0,1,0,0,1,0,0,0,0,0,1,0,0,0,0,0,0,0,0,2,0,0,0,0,0,1,0,0,0,2,0,0,0,0,0,0,0,0,0,0,0,1,0,0,0,0,0,0,2,0,0,0,0,0,0,0,0,0
4854,0,1,4,1,0,0,12,4,1,4,0,1,0,0,0,2,0,2,0,0,0,0,0,0,1,0,0,1,0,0,0,0,1,1,2,0,0,1,1,0,0,2,0,0,0,0,0,0,0,0,0,0,0,0,0,0,0,0,0,0,0,0,0,0,0,0,0,0,0,0,0,0,0,0,0,0
4855,1,3,7,12,0,0,0,2,0,3,1,2,0,0,0,3,1,3,0,0,0,0,0,0,0,1,0,0,0,1,1,1,1,1,0,1,0,0,0,0,0,0,0,0,5,0,0,0,1,0,0,0,0,0,0,0,0,0,0,2,0,0,0,0,0,0,0,0,0,0,0,0,0,0,0,0
4856,0,0,11,3,0,2,6,5,0,1,1,0,0,0,0,0,0,4,0,0,0,0,0,0,0,0,0,0,0,0,1,1,1,0,0,0,0,0,0,0,0,0,0,0,0,0,0,0,0,0,0,0,0,0,0,0,0,0,0,0,0,0,0,0,0,0,0,0,0,0,0,0,0,0,0,0
4857,1,5,16,10,0,0,6,9,0,7,0,2,0,0,0,4,2,0,0,0,0,1,2,0,0,0,2,2,0,0,1,1,0,1,0,0,0,2,0,0,0,4,1,2,0,0,0,0,0,0,0,0,1,0,0,0,0,0,0,0,0,0,0,0,0,0,0,0,0,0,0,0,0,0,0,0
4858,0,3,15,4,0,1,7,1,2,5,0,2,0,0,0,4,0,1,0,0,0,3,0,0,1,0,0,0,0,0,1,0,0,2,0,0,0,2,0,0,0,0,0,0,0,0,0,0,0,0,0,0,1,0,0,0,0,1,0,0,0,0,0,0,0,0,0,0,0,0,0,0,0,0,0,0
4859,0,1,14,3,0,0,3,3,0,2,0,1,0,0,0,0,1,0,0,0,0,1,0,0,2,0,0,1,0,0,1,1,0,2,0,2,0,1,0,0,0,0,0,0,0,0,0,0,0,0,0,0,0,0,1,0,0,0,0,0,0,0,0,0,0,0,0,0,0,0,0,0,0,0,0,0
4860,0,2,16,13,0,0,9,12,1,3,0,3,0,0,0,5,2,2,0,0,0,1,3,0,1,0,0,0,0,0,1,1,1,6,0,0,1,3,0,0,0,2,1,1,0,0,0,0,1,0,0,0,2,0,0,0,0,0,0,0,0,0,0,0,0,0,0,0,0,0,0,0,0,0,0,0
4861,0,0,4,4,0,0,3,9,0,0,1,2,0,0,0,0,0,1,0,0,0,0,0,0,0,7,0,1,0,2,0,3,0,0,0,0,1,0,0,2,0,1,0,0,2,0,0,0,0,0,0,7,1,0,0,0,0,0,0,0,0,0,0,1,0,0,0,0,0,1,0,0,0,0,0,0
4862,1,4,23,10,0,0,23,0,2,4,0,0,0,0,0,1,0,1,1,0,0,0,2,0,0,1,1,0,0,0,2,0,1,2,0,0,0,6,0,0,0,1,0,0,0,0,0,0,0,0,0,0,0,0,0,0,0,0,0,1,0,0,0,0,0,0,0,0,0,0,0,0,0,0,0,0
4863,15,8,37,8,0,7,15,14,1,1,0,8,2,0,0,3,1,2,0,1,0,1,4,1,1,0,4,10,0,0,1,5,1,0,0,3,0,4,1,0,0,1,0,0,0,0,0,1,1,0,0,0,1,0,0,0,0,0,0,1,0,0,0,1,0,0,0,0,0,0,1,0,1,0,0,0
4864,0,0,1,1,0,4,6,4,0,0,0,1,0,0,0,0,0,0,0,0,0,1,1,0,0,0,0,0,0,0,1,0,0,0,0,0,0,2,0,1,0,0,0,0,0,0,0,0,0,0,0,0,0,0,0,0,0,0,0,0,0,0,0,0,0,0,0,0,0,0,0,0,0,0,0,0
4865,0,1,13,10,0,2,4,3,1,0,0,2,0,0,0,2,1,0,0,0,0,0,0,0,0,0,0,0,0,0,0,0,1,0,0,0,0,0,0,0,0,1,0,1,0,0,0,0,0,0,0,0,0,0,0,0,0,0,0,0,0,0,0,0,0,0,0,0,0,0,0,0,0,0,0,0
4866,0,8,13,7,0,1,6,4,0,5,0,4,0,0,0,4,2,2,1,0,0,0,3,0,0,0,0,0,0,0,0,0,0,1,0,0,1,1,0,0,0,2,0,0,0,0,0,1,0,0,0,0,3,0,0,0,0,0,0,0,0,0,0,0,0,0,0,0,0,0,0,0,0,0,0,0
4867,0,8,13,10,0,0,7,0,4,2,0,4,0,0,0,1,0,3,1,1,0,1,0,0,1,1,0,2,0,0,0,0,1,1,0,0,0,2,0,0,0,0,1,0,0,0,0,0,0,0,0,0,1,0,0,0,0,0,0,1,0,0,0,0,0,0,1,0,0,0,0,0,0,0,0,0
4888,0,5,17,10,5,0,16,10,1,6,1,0,0,0,0,0,0,1,0,0,0,0,0,0,0,0,0,0,0,0,5,0,1,1,0,0,0,1,1,1,0,4,0,0,0,0,0,0,1,0,0,0,0,0,0,0,0,1,1,0,0,0,0,0,0,0,0,0,0,0,0,0,0,0,0,0
4889,0,3,5,1,0,0,0,25,1,0,0,15,0,0,1,1,0,0,2,0,3,0,0,2,0,0,0,3,1,0,1,6,0,0,1,4,0,0,0,0,0,1,2,0,0,0,0,0,0,0,1,0,0,0,1,0,0,0,1,1,0,1,0,0,0,0,0,0,0,0,0,0,0,0,0,0
4890,0,2,1,3,0,0,15,4,0,2,0,0,0,0,0,0,2,0,0,0,0,1,2,0,0,0,1,0,0,0,0,0,0,0,0,0,0,0,0,0,0,1,0,1,0,0,0,0,0,0,0,0,0,0,0,0,0,0,0,0,0,0,0,0,0,0,0,0,0,0,0,0,0,0,0,0
4891,1,10,23,15,10,0,1,19,2,1,1,5,0,0,2,4,0,2,0,1,0,2,0,0,1,0,1,2,0,1,0,3,2,0,1,2,1,1,0,0,0,1,0,0,1,0,0,0,0,0,2,0,1,0,2,1,0,0,0,1,0,0,0,0,0,0,1,1,0,2,0,0,0,0,0,0
4893,0,2,6,5,0,0,0,5,0,3,0,0,0,0,0,0,0,0,0,0,0,0,0,0,0,0,1,0,0,0,0,0,0,0,0,0,0,0,1,0,0,0,0,0,0,0,0,0,0,0,0,0,0,0,0,0,0,0,0,0,0,0,0,0,0,0,0,0,0,0,0,0,0,0,0,0
4894,0,0,3,1,0,2,6,10,2,1,0,2,0,0,0,0,2,0,0,0,0,1,0,0,0,0,0,0,2,0,0,0,0,1,0,0,0,0,0,0,0,1,0,0,0,0,0,0,0,0,0,0,1,0,0,0,0,0,0,1,0,0,0,0,0,0,0,0,0,0,0,0,0,0,0,0
4895,0,5,35,10,0,11,4,13,4,2,2,2,0,0,0,1,2,0,0,1,0,0,0,0,2,0,0,0,1,0,0,0,0,1,0,0,0,1,0,0,0,2,0,0,0,0,0,0,0,0,0,0,2,0,1,0,0,0,0,0,0,0,0,0,0,0,0,0,0,0,0,0,0,0,1,0
4896,0,4,11,5,0,6,3,1,0,0,1,3,0,0,0,0,1,0,0,0,0,0,5,0,1,0,2,0,1,0,0,0,0,0,0,0,0,0,0,0,0,0,1,0,0,0,0,0,0,0,0,0,0,0,0,0,0,0,0,1,0,0,0,0,0,0,0,0,0,0,0,0,0,0,0,0
4897,0,1,2,0,0,2,11,8,1,0,0,1,0,0,0,1,0,1,0,0,0,0,0,0,0,1,1,1,2,0,0,1,0,0,0,0,0,0,0,0,0,0,0,0,0,0,0,0,0,0,0,0,0,0,0,0,0,0,0,0,0,0,0,0,0,0,0,0,0,0,0,0,0,0,0,0
4898,0,2,5,2,0,1,3,10,0,0,0,2,0,0,0,0,0,3,0,1,0,0,1,0,2,1,1,0,1,0,0,0,0,0,0,0,0,0,0,0,0,0,0,0,0,0,0,0,0,0,0,0,0,1,0,0,0,0,0,0,0,0,0,0,0,0,0,0,0,0,0,0,0,0,0,0
4899,0,2,11,7,0,3,1,3,0,3,1,5,0,0,0,0,0,0,0,1,0,0,2,0,1,0,1,0,1,0,1,0,0,0,0,0,0,0,0,0,0,0,0,0,0,1,0,0,0,0,0,0,0,0,0,0,0,0,0,2,0,0,0,0,0,0,0,0,0,0,0,0,0,0,0,0
4900,0,4,12,6,0,0,4,4,0,0,3,2,0,0,2,1,1,0,0,0,0,0,1,0,3,0,0,0,1,1,0,0,0,0,0,0,0,0,0,0,0,1,0,0,0,0,0,0,0,0,0,0,0,0,0,0,0,0,1,0,0,0,0,0,0,0,0,0,0,0,0,0,0,0,0,0
4901,0,6,16,15,0,1,3,28,5,2,3,6,0,0,0,1,0,2,0,0,0,1,1,0,0,1,3,0,1,0,1,0,0,0,0,0,0,1,0,1,0,0,1,1,0,0,0,0,0,1,0,0,0,0,0,0,0,0,2,1,0,0,0,0,0,0,0,0,0,0,0,0,0,0,0,0
4902,0,10,11,9,0,4,2,12,0,2,0,4,0,0,0,3,2,3,0,1,0,0,0,0,4,0,1,0,2,0,0,0,0,0,0,0,0,2,0,0,0,1,0,0,1,0,0,0,0,0,0,0,0,0,0,0,0,0,0,0,0,0,0,0,0,0,0,0,0,0,0,0,1,0,0,0
4903,0,1,4,4,0,2,7,10,3,3,0,2,0,0,0,0,0,4,0,1,0,1,3,0,0,0,0,1,2,0,0,0,1,0,0,0,0,0,0,0,0,0,0,0,0,0,0,1,0,0,0,0,2,0,0,0,0,0,0,0,0,0,0,0,0,0,0,0,0,0,0,0,0,0,0,0
4905,1,1,4,3,7,0,0,5,1,2,0,3,0,0,0,0,0,0,0,0,0,0,0,0,0,1,0,2,0,0,1,0,0,0,0,1,1,0,0,0,0,1,0,0,0,0,0,0,0,1,0,0,0,0,1,0,0,0,0,0,0,0,0,3,0,0,0,0,0,0,0,0,0,0,0,0
4906,0,2,11,14,0,0,5,0,0,2,0,1,0,0,1,0,1,1,0,0,0,0,2,1,0,0,0,0,0,0,1,1,0,2,0,0,0,0,0,0,0,0,0,0,0,0,0,1,0,0,0,0,1,0,1,0,0,1,0,0,0,0,0,0,0,0,0,0,0,0,0,0,1,0,0,0
4907,0,3,23,13,0,1,3,10,0,4,4,1,0,0,0,2,1,0,0,1,0,0,1,0,0,0,0,0,0,0,1,0,0,1,0,0,0,1,0,0,1,0,0,0,0,0,0,0,0,0,0,0,1,0,0,0,0,0,1,0,0,0,0,0,0,0,0,0,0,0,0,0,0,0,0,0
4908,0,0,6,6,0,0,7,13,2,6,0,3,2,0,0,2,0,3,2,0,0,1,5,0,0,0,0,0,0,0,0,0,0,0,0,0,0,5,0,0,0,0,0,0,0,0,0,2,0,0,0,0,0,0,0,0,0,0,0,0,0,0,0,0,0,0,0,0,0,0,0,0,0,0,0,0
4909,0,1,12,5,0,0,0,1,0,0,0,2,0,0,0,1,0,1,0,0,0,0,0,0,0,0,0,0,0,0,0,0,0,1,0,0,0,1,0,0,0,0,1,0,0,0,0,0,0,0,0,0,0,0,0,0,0,0,0,0,0,0,0,0,0,0,0,0,0,0,0,0,0,0,0,0
4910,0,5,16,12,0,1,12,17,1,3,0,2,0,0,0,5,1,0,0,0,0,1,1,0,0,0,0,0,0,0,1,1,1,3,0,0,0,4,0,0,0,2,0,0,0,0,0,0,0,0,0,0,1,0,0,0,0,0,0,0,0,0,0,0,0,0,0,0,0,0,0,0,0,0,0,0
4911,0,5,10,8,0,2,5,4,4,1,0,1,0,0,0,3,0,0,0,0,0,0,0,0,0,0,0,0,0,0,0,0,0,1,0,0,0,1,0,0,0,0,0,0,0,0,0,0,0,0,0,0,1,0,0,0,0,0,0,0,0,0,0,0,0,0,0,0,0,0,0,0,1,0,0,0
4912,4,3,19,14,9,0,9,18,1,3,0,11,0,0,0,2,0,0,1,1,1,0,1,1,1,0,0,5,0,0,2,2,2,0,2,1,0,1,0,1,0,2,0,0,0,0,0,0,0,0,0,1,2,0,2,0,0,0,1,0,0,0,0,0,0,0,0,0,0,0,0,0,0,0,0,0
4913,0,8,54,33,0,2,34,8,10,6,0,1,0,0,0,8,3,4,0,1,0,4,3,0,1,1,1,0,0,0,10,0,2,6,0,0,0,4,1,0,0,1,0,0,0,0,1,1,1,0,0,0,2,0,0,0,0,1,0,0,0,0,0,0,0,0,0,0,0,0,0,0,0,0,0,0
4914,0,7,27,8,0,1,17,14,3,5,0,5,0,0,0,3,2,4,1,0,0,1,1,0,1,0,1,0,0,0,1,1,0,0,0,0,0,3,0,0,0,3,1,0,0,0,0,0,0,0,0,0,2,0,0,0,0,0,0,1,0,0,0,0,0,0,0,0,0,0,0,0,1,0,0,0
4937,0,4,9,6,0,1,14,11,1,4,1,4,0,0,0,3,1,2,0,0,0,0,2,0,0,1,0,0,0,0,0,0,0,0,0,1,0,1,0,0,0,8,2,3,0,0,0,0,0,0,0,0,0,0,0,0,0,0,0,0,0,0,0,0,1,0,0,0,0,0,0,0,0,0,0,0
4938,0,0,1,2,8,0,0,10,0,0,0,0,0,0,0,0,1,0,0,0,0,0,0,0,0,0,0,3,0,2,0,3,0,0,0,2,1,0,0,0,0,0,0,0,0,0,0,0,0,1,0,0,0,0,1,0,0,1,0,0,0,0,0,0,0,0,0,0,0,1,0,0,0,0,0,0
4939,0,3,32,23,2,2,6,52,0,5,2,14,0,0,0,0,0,1,1,1,8,0,5,5,0,0,0,6,2,0,0,19,2,0,0,9,2,1,1,3,0,1,0,0,0,0,0,0,0,0,3,0,0,0,2,0,0,0,0,0,0,0,0,0,0,0,0,0,0,0,0,1,0,0,0,0
4940,0,5,19,17,0,0,4,16,1,2,0,1,0,0,0,3,1,3,0,0,0,1,5,0,2,0,0,0,0,0,1,0,0,1,0,0,0,0,1,0,0,2,0,1,0,0,0,0,1,0,0,0,0,0,0,0,0,0,0,0,0,0,0,0,0,0,0,0,1,0,1,0,0,0,0,0
4941,0,1,5,2,0,0,2,8,0,4,1,3,0,0,1,1,1,0,0,0,0,0,3,0,2,1,0,0,1,0,0,1,0,0,1,0,0,0,0,0,0,0,0,0,0,0,0,0,0,0,0,0,0,0,0,0,0,0,1,0,0,0,0,0,0,0,0,0,0,0,0,0,0,0,0,0
4942,1,0,6,1,0,5,11,20,0,5,0,4,0,0,1,0,2,1,0,0,0,2,1,1,0,0,1,2,0,1,0,2,0,0,0,1,0,1,0,0,0,2,0,0,0,0,0,1,1,1,0,0,1,1,0,0,0,0,1,0,0,0,0,1,0,0,0,0,0,0,0,0,0,0,0,0
4943,0,6,29,24,0,3,6,4,2,1,0,5,0,0,0,0,0,0,0,0,0,0,2,0,0,0,2,2,4,0,1,0,0,0,0,0,0,1,0,0,0,1,0,1,0,0,0,0,0,0,0,0,0,0,0,0,0,0,0,1,0,0,0,0,0,0,0,0,0,0,0,0,0,0,0,0
4944,0,7,16,20,0,2,10,31,3,6,1,2,0,0,0,3,0,2,0,1,0,0,6,0,2,0,1,0,1,0,1,0,1,0,0,0,0,5,0,0,0,1,0,0,0,0,0,0,0,0,0,0,3,0,0,0,0,0,0,0,0,1,0,0,0,0,0,0,0,0,0,0,0,0,0,0
4945,0,3,6,3,1,0,2,2,0,2,0,0,0,0,0,1,0,2,0,1,0,0,1,0,1,0,1,1,0,0,2,0,0,2,1,0,0,0,0,1,0,1,0,0,0,0,0,0,0,0,0,0,0,0,0,0,0,0,0,0,0,0,0,0,0,0,0,0,0,0,0,0,0,0,0,0
4946,0,13,12,16,2,2,2,27,2,1,4,4,0,0,2,2,1,1,1,0,0,1,4,0,0,1,0,1,0,0,1,0,0,1,0,0,1,3,0,0,0,2,0,0,0,0,0,0,0,0,0,0,1,0,0,0,0,0,0,0,0,0,0,0,0,0,0,0,0,0,0,0,0,0,0,0
4947,0,2,12,5,0,1,2,0,1,1,0,0,0,0,0,0,2,0,0,0,0,0,0,0,0,0,0,0,1,0,0,0,0,0,0,0,0,0,0,0,0,1,0,0,0,0,0,0,0,0,0,0,0,0,0,0,0,0,0,0,0,0,0,0,0,0,0,0,0,0,0,0,2,0,0,0
4948,0,3,9,5,0,2,4,31,0,2,2,13,0,0,0,0,0,2,0,0,5,0,1,1,0,0,1,4,2,1,4,5,0,0,0,4,0,0,3,0,0,0,0,0,0,0,0,0,0,0,0,0,1,0,1,0,0,0,0,0,0,0,0,0,0,0,0,0,0,1,0,0,0,0,0,0
4949,0,2,30,12,0,0,2,8,1,2,1,9,0,0,0,0,0,1,0,1,0,0,1,1,0,0,2,0,2,0,1,0,0,0,1,0,0,2,0,2,0,0,1,2,0,0,0,0,0,0,0,1,0,0,0,0,0,0,1,0,0,0,0,1,0,0,1,0,0,0,0,0,0,0,0,0
4950,1,9,23,15,0,2,8,19,1,4,3,2,0,0,0,1,0,2,0,3,0,1,4,0,2,1,2,3,1,0,3,1,0,0,0,2,3,4,0,1,1,2,1,1,0,0,0,1,0,0,0,11,1,0,0,0,0,0,1,1,0,0,0,0,0,0,1,0,0,1,0,0,1,0,0,0
4951,0,8,25,17,0,0,4,7,0,1,2,4,0,0,0,2,0,4,0,0,0,1,2,0,0,0,1,0,3,1,2,0,0,0,0,0,0,1,0,2,0,0,0,0,0,0,0,0,0,0,0,1,0,0,1,0,0,0,0,0,0,0,0,0,0,0,0,0,0,0,0,0,0,0,0,0
4952,0,0,8,6,1,4,7,22,2,0,1,1,0,0,0,2,1,6,0,1,0,1,4,1,0,0,0,2,3,1,0,0,1,0,0,1,0,0,0,0,0,0,1,1,0,0,0,0,0,0,0,0,0,0,0,0,0,0,0,2,0,0,0,0,0,0,0,0,0,0,0,0,0,0,0,0
4953,0,1,4,0,0,7,9,39,1,1,1,7,0,0,0,0,1,7,0,0,0,2,1,0,1,0,0,0,2,0,2,0,1,0,0,0,0,0,1,0,0,4,0,0,0,0,0,0,0,0,0,0,3,0,1,0,0,0,3,0,0,0,0,0,0,0,1,0,0,0,0,0,0,0,0,0
4954,0,2,15,4,2,0,8,24,1,0,1,1,0,0,0,1,0,3,0,1,0,2,0,0,0,0,1,0,4,0,0,0,0,0,0,1,0,2,0,1,0,1,2,0,0,0,1,0,0,0,0,0,1,0,0,0,1,1,0,0,1,0,0,0,0,0,0,0,0,0,0,0,0,0,0,0
4956,0,2,5,3,0,4,1,4,0,0,0,0,0,0,0,0,0,1,0,0,0,0,1,0,0,1,0,0,0,0,0,0,0,0,0,0,0,0,0,0,0,1,0,0,0,0,0,0,0,0,0,0,0,0,0,0,0,0,0,0,0,0,0,0,0,0,0,0,0,0,0,0,0,0,0,0
4957,0,1,1,1,1,0,3,3,1,1,2,0,0,0,0,0,1,0,0,1,0,0,4,0,0,0,1,0,0,0,0,0,0,0,0,0,2,0,0,0,0,1,0,0,0,0,0,0,0,0,0,0,1,0,0,0,0,0,1,0,0,0,0,0,0,0,0,0,0,0,0,0,0,0,0,0
4958,1,9,11,10,6,1,0,15,0,1,1,6,0,0,5,0,0,1,0,1,0,1,0,0,0,0,0,1,0,0,2,0,0,0,0,3,2,0,0,0,0,0,0,0,0,0,0,0,0,1,2,0,1,0,2,0,0,2,0,1,0,0,0,0,0,0,0,0,0,0,0,0,0,0,0,0
4959,0,0,1,0,0,0,4,14,2,3,1,4,0,0,0,5,2,3,0,0,0,1,1,0,0,1,0,1,0,0,3,2,0,0,0,0,1,5,0,0,0,0,1,0,0,0,0,0,0,0,0,0,0,0,0,0,0,0,0,0,0,0,0,0,0,0,0,0,0,0,0,0,0,0,0,0
4960,0,9,18,12,0,0,6,5,3,6,2,4,1,0,0,1,2,1,0,0,1,1,2,0,0,2,0,2,0,0,2,0,0,2,0,2,0,0,0,0,0,0,0,0,0,0,0,1,0,0,0,0,0,0,0,0,0,0,2,0,0,0,0,0,0,0,0,0,0,0,0,0,0,0,0,0
4961,0,3,17,4,0,0,1,0,2,0,0,5,0,0,0,0,0,0,0,0,0,0,1,0,0,0,0,0,0,0,0,0,0,0,0,0,0,1,0,2,0,0,0,0,0,0,0,0,1,0,0,0,0,0,0,0,0,0,0,0,0,0,0,0,1,0,0,0,0,0,0,0,0,0,0,0
4962,0,2,13,6,0,2,18,6,0,6,0,1,0,0,0,5,2,1,0,0,0,2,1,0,0,0,0,0,0,2,1,0,0,1,0,0,0,1,0,0,0,3,0,1,0,0,0,1,0,0,0,0,0,0,0,0,0,0,0,2,0,0,0,0,0,0,0,0,0,0,0,0,2,0,0,0
4963,0,5,15,12,0,3,20,6,4,5,0,1,0,0,0,2,1,3,0,0,0,2,4,0,0,1,0,0,0,1,5,0,0,4,0,0,0,4,0,1,0,4,1,0,0,0,0,0,1,0,0,0,1,0,0,0,0,1,0,0,0,1,0,0,0,0,0,0,0,0,0,0,1,0,0,0
4964,0,1,9,12,0,0,5,3,2,2,0,1,1,0,0,1,0,1,0,0,0,0,1,0,0,1,1,0,0,0,0,0,0,2,0,0,0,3,0,0,0,1,2,0,0,0,0,0,0,0,0,0,1,0,0,0,0,0,0,0,0,0,0,0,0,0,0,0,0,0,0,0,0,0,0,0
4965,0,0,13,1,1,6,20,3,2,5,1,4,2,0,0,2,2,5,0,0,0,1,0,0,2,0,1,1,0,0,0,1,0,1,0,0,0,3,0,2,0,1,0,0,0,0,0,0,0,0,0,0,1,0,1,0,0,0,0,2,0,0,0,0,0,0,0,0,0,0,1,0,0,0,0,0
4987,0,1,12,3,0,0,5,4,2,4,0,2,1,0,0,0,0,2,1,0,1,0,1,0,1,0,0,0,0,0,1,0,1,0,0,0,0,2,0,0,0,1,0,2,0,0,0,0,0,0,0,0,0,0,0,0,0,0,0,0,0,0,0,0,0,0,0,0,0,0,0,0,0,0,0,0
4988,0,3,19,7,0,1,0,4,6,3,0,6,0,0,0,0,0,1,0,1,0,1,0,0,0,0,0,0,4,0,0,0,0,0,0,1,0,3,1,0,0,2,1,0,0,0,0,0,0,0,0,0,0,0,0,0,0,0,0,1,0,0,0,0,0,0,0,0,0,0,0,0,0,0,0,0
4989,0,0,5,1,0,5,16,53,0,3,0,11,0,0,1,0,1,3,0,0,0,1,7,0,2,0,1,1,0,1,2,0,1,1,0,0,0,0,0,0,0,2,1,3,0,0,1,0,0,0,0,0,0,0,0,0,0,0,1,1,0,0,0,0,0,0,0,0,0,0,0,0,0,0,0,0
4990,0,2,12,15,0,2,16,16,1,0,1,5,0,0,0,0,0,1,0,0,0,1,2,0,2,0,1,0,1,0,1,1,0,0,0,2,0,0,0,0,0,1,0,0,0,1,0,0,0,0,0,0,0,0,0,0,0,0,0,2,0,0,0,0,0,0,0,0,0,0,1,0,0,0,0,0
4991,0,2,8,6,0,0,4,8,0,2,0,1,0,0,0,1,0,5,0,2,0,0,1,0,0,0,0,0,1,0,0,0,0,3,0,0,0,0,0,0,0,1,0,0,0,0,0,0,0,0,0,0,1,0,0,0,0,0,0,1,0,0,0,0,0,0,0,0,0,0,0,0,0,0,0,0
4992,0,1,13,7,0,7,14,17,1,1,1,5,0,0,1,2,1,1,0,0,2,0,3,0,1,0,4,0,5,0,2,0,1,0,0,0,0,0,1,0,0,0,0,0,0,0,0,0,0,0,0,0,0,0,0,0,0,0,1,0,0,0,0,0,0,0,2,0,0,0,0,0,0,0,0,0
4993,1,2,12,2,0,3,9,26,0,1,2,12,0,0,1,1,0,2,0,1,0,2,0,0,2,0,0,1,2,0,0,1,0,0,0,2,0,2,0,0,0,1,0,0,0,0,0,0,0,0,0,0,0,0,0,0,0,0,0,0,0,0,0,0,0,0,0,0,0,0,0,0,0,0,0,0
4994,0,3,21,10,0,1,9,6,3,3,0,1,0,0,0,4,4,2,0,0,0,0,3,0,0,1,0,1,1,0,1,0,1,2,0,0,1,4,0,1,0,3,0,1,0,0,0,0,0,0,0,0,2,0,0,0,0,0,0,0,0,0,0,0,0,0,0,0,0,0,1,0,0,0,0,0
4995,0,3,9,1,0,0,1,5,2,0,0,0,0,0,0,1,1,0,1,0,0,0,0,0,0,1,0,0,0,0,0,0,0,0,0,0,0,1,0,0,0,0,0,1,0,1,0,0,0,0,0,0,3,0,0,0,0,0,0,0,0,0,0,0,0,0,2,0,0,0,0,0,0,0,0,0
4996,0,5,12,7,0,0,9,17,1,5,2,0,0,0,0,0,1,2,1,0,0,0,1,0,2,0,0,1,2,0,1,0,0,1,0,0,0,2,0,0,0,7,2,0,2,0,0,1,0,0,0,0,2,0,0,0,0,0,0,0,0,1,0,0,0,0,0,0,0,0,1,0,0,0,0,0
4997,0,12,29,16,0,0,12,27,0,11,5,3,0,0,0,2,3,4,0,1,0,1,5,0,2,0,0,0,2,1,3,2,0,0,0,0,0,3,0,1,0,2,1,0,0,0,0,0,1,0,0,0,0,0,0,0,0,0,2,0,0,0,0,0,2,0,0,0,0,0,0,0,0,0,0,0
4998,0,6,34,8,0,1,12,23,6,3,3,6,0,0,0,5,4,5,0,0,0,1,0,0,0,1,2,0,2,0,1,0,0,1,0,0,0,1,0,0,0,0,0,4,0,0,0,3,0,0,0,0,2,0,0,0,0,0,0,0,0,0,0,0,0,0,1,0,0,0,0,0,0,0,0,0
4999,0,0,1,1,0,5,6,4,0,0,1,1,0,0,0,0,2,1,0,0,1,0,0,0,3,0,1,0,1,1,0,0,0,0,0,0,0,0,0,0,0,0,0,0,0,0,0,0,0,0,0,0,0,0,0,0,0,0,0,0,0,0,0,0,0,0,0,0,0,0,0,0,0,0,0,0
5000,0,2,3,9,0,2,4,0,0,0,0,1,0,0,0,0,1,1,0,0,0,0,1,0,0,0,0,0,1,0,0,0,0,0,0,0,0,0,0,0,0,0,0,2,0,0,0,0,0,0,0,0,0,0,0,0,0,0,0,0,0,0,0,0,0,0,0,0,0,0,0,0,0,0,0,0
5001,0,1,7,6,0,0,4,2,0,0,0,3,1,0,0,1,0,0,0,0,0,1,4,1,2,1,1,0,0,0,0,0,0,0,0,0,0,1,0,0,0,0,0,2,0,0,0,0,0,0,0,0,0,0,0,0,0,0,0,1,0,0,0,0,0,0,1,0,0,0,0,0,0,0,0,0
5002,0,1,3,3,0,1,9,9,1,1,0,2,0,0,0,1,0,5,0,0,0,1,0,0,0,1,1,1,3,0,0,1,0,0,0,0,0,0,0,0,0,1,0,0,0,0,0,0,1,0,0,0,1,0,0,0,0,0,1,0,0,0,0,0,0,0,0,0,0,0,0,0,0,0,0,0
5003,0,9,33,24,0,1,20,26,1,3,1,4,0,0,0,4,1,1,0,0,0,0,4,0,0,0,1,0,4,0,1,0,0,3,0,0,0,1,1,0,0,0,0,0,0,0,0,0,0,0,0,0,2,0,0,0,0,0,1,2,0,0,0,0,0,0,0,0,0,1,0,0,0,0,0,0
5004,0,2,9,2,0,0,1,4,0,3,0,3,0,0,0,5,0,3,0,0,0,0,4,0,0,0,0,0,1,0,1,0,0,2,0,0,2,0,0,1,0,1,0,0,0,0,0,0,0,0,0,0,2,0,0,0,0,0,0,0,0,0,0,0,0,0,0,0,0,0,0,0,0,0,0,0
5005,0,5,17,8,0,0,4,3,2,0,1,0,0,0,0,1,0,2,0,1,0,1,1,0,0,0,0,1,1,0,1,0,0,0,0,0,0,3,0,0,0,1,1,0,0,0,0,0,0,0,0,0,1,0,0,0,0,0,0,1,0,0,0,0,0,0,0,0,0,0,0,0,1,0,0,0
5006,0,0,1,1,0,0,6,6,2,1,0,2,0,0,0,2,0,2,0,0,0,1,2,0,0,0,0,0,0,0,0,0,0,1,0,0,1,0,0,0,0,0,0,0,0,0,0,0,0,0,0,0,0,0,0,0,0,0,0,1,0,0,0,0,0,0,0,0,0,0,0,0,0,0,0,0
5007,1,4,16,5,0,0,15,10,0,6,2,1,1,0,0,3,1,4,0,0,0,1,4,0,0,0,0,0,0,0,0,0,0,1,0,0,0,5,0,1,0,3,3,0,0,0,0,0,0,0,0,0,1,0,0,0,0,0,1,2,0,1,0,0,0,0,0,0,0,0,0,0,1,0,0,0
5008,0,0,7,3,0,1,15,2,1,1,0,2,0,0,0,2,1,2,0,0,0,0,1,0,0,0,0,1,0,0,0,0,3,0,0,0,0,1,0,0,0,2,1,0,0,0,0,0,0,0,0,0,0,0,0,0,0,0,0,0,0,0,0,0,0,0,0,0,0,0,0,0,0,0,0,0
5009,0,4,22,7,0,0,5,1,2,1,0,0,0,0,0,1,1,2,0,0,0,1,4,0,0,1,1,0,0,1,0,0,0,1,0,0,0,2,0,0,0,0,0,5,0,0,0,0,0,0,0,0,2,0,0,0,0,0,0,1,1,0,0,0,0,0,0,0,0,0,0,0,0,0,0,0
5011,1,3,29,10,0,0,15,8,4,2,0,2,0,0,0,1,1,1,0,0,0,0,2,0,0,3,0,0,1,0,1,0,1,2,0,0,0,0,0,0,0,2,0,5,0,0,0,0,0,0,0,0,1,0,0,0,0,0,0,0,0,0,0,0,0,0,1,0,0,0,0,0,1,0,0,0
5014,0,0,2,0,1,2,6,5,0,3,0,0,0,0,0,1,1,2,0,0,0,0,3,0,1,0,0,0,0,0,1,0,0,0,0,0,0,0,0,0,0,0,0,0,0,0,0,0,0,0,0,0,0,0,0,0,0,0,0,0,0,0,0,0,0,0,0,0,0,0,0,0,0,0,0,0
5042,0,0,3,1,0,0,6,4,0,1,0,2,0,0,0,0,0,3,1,0,1,0,2,0,0,0,0,0,0,0,0,0,0,0,0,0,0,0,0,0,0,2,0,0,0,0,0,0,0,0,0,0,1,0,0,0,0,0,0,0,0,0,0,0,0,0,0,0,0,0,0,0,0,0,0,0
5043,0,3,23,14,0,1,3,6,0,1,0,1,0,0,0,0,1,1,0,0,0,0,1,0,0,0,1,1,0,1,0,1,0,0,0,0,0,0,0,0,0,0,1,1,1,0,1,0,0,0,0,0,0,0,0,0,0,0,0,1,0,0,0,0,0,0,0,0,0,0,0,0,0,0,0,0
5044,0,5,13,5,0,5,0,0,0,5,1,0,0,0,0,1,1,3,0,0,0,0,2,0,0,0,1,0,3,1,0,0,1,0,0,0,0,0,0,0,0,0,1,0,0,0,0,0,0,0,0,0,0,0,0,0,0,0,0,0,0,0,0,0,0,0,0,0,0,0,0,0,0,0,0,0
5045,0,1,9,1,0,1,6,3,1,3,0,1,0,0,0,4,1,1,0,0,0,1,3,0,0,1,1,0,0,0,4,0,0,0,0,0,0,3,0,0,0,4,1,0,0,0,0,0,0,0,0,0,0,0,0,0,0,0,0,0,0,0,0,0,0,0,0,0,0,0,0,0,0,0,0,0
5046,0,3,19,12,0,0,11,13,7,2,0,11,0,0,0,1,1,2,0,0,3,3,3,1,1,0,1,1,2,0,0,1,0,0,0,0,0,0,2,0,0,3,2,3,0,0,0,0,0,0,0,0,1,0,0,0,0,0,0,0,0,0,0,0,0,0,2,0,0,0,0,0,0,0,0,0
5047,0,2,14,9,0,2,3,11,2,5,4,2,0,0,0,4,1,6,0,0,0,1,3,0,0,0,1,0,2,0,0,0,1,0,0,0,0,1,0,0,0,3,1,0,0,0,0,0,1,0,1,0,3,0,0,0,0,0,0,0,0,0,0,0,0,0,0,0,0,0,0,0,0,0,0,0
5048,0,0,5,1,0,0,1,13,0,6,4,2,0,0,0,0,1,1,0,0,0,1,0,0,1,0,0,0,1,1,2,1,0,0,0,0,1,0,0,0,0,2,0,0,0,0,0,0,0,0,0,0,0,0,0,0,0,0,1,0,0,0,0,0,0,0,0,0,0,0,0,0,0,0,0,0
5049,0,5,7,6,0,1,0,3,10,2,0,2,0,0,0,4,0,0,0,0,0,1,0,0,0,0,2,1,3,0,0,0,0,0,0,0,0,1,0,0,0,0,0,0,0,0,0,0,0,0,0,0,0,0,0,0,0,0,0,0,0,0,0,0,0,0,2,0,0,0,0,0,0,0,0,0
5050,0,1,9,4,0,0,1,6,1,0,0,9,0,0,0,0,0,0,0,0,0,0,0,0,0,0,0,0,0,0,0,0,0,0,0,0,1,0,0,0,0,0,0,1,0,0,0,0,0,0,0,0,0,0,0,0,0,0,0,0,0,0,0,0,0,0,0,0,0,0,0,0,0,0,0,0
5051,0,0,8,5,0,4,11,25,2,5,0,7,0,0,2,0,1,2,0,0,0,1,6,0,1,0,1,2,4,0,0,1,0,0,0,0,0,0,0,0,0,0,0,1,0,0,0,0,0,0,0,0,0,0,0,0,0,0,4,0,0,0,0,0,0,0,0,1,0,0,0,0,0,0,0,0
5052,0,4,9,1,0,3,18,7,1,1,3,1,0,0,0,0,1,3,0,0,1,0,1,0,1,0,0,1,0,0,0,0,0,0,0,0,0,2,1,0,0,0,0,0,0,0,0,0,0,0,0,0,0,0,0,0,0,0,0,0,0,0,0,0,0,0,0,0,0,0,0,0,0,0,0,0
5053,0,0,13,3,0,0,1,8,6,2,0,0,0,0,0,2,0,0,0,0,0,0,0,0,0,0,0,0,1,0,0,1,0,0,0,0,0,1,0,0,0,0,0,0,0,0,0,0,0,0,0,0,0,0,0,0,0,0,1,2,0,0,0,0,0,0,1,0,0,0,0,0,0,0,0,0
5054,0,2,4,0,2,0,3,11,1,0,0,5,0,0,0,2,0,1,1,0,0,0,0,0,0,0,0,3,0,1,0,4,0,0,0,2,0,0,2,3,0,0,0,0,0,0,0,0,0,1,0,0,0,0,1,0,0,0,0,0,0,0,0,0,0,0,0,0,0,0,0,0,0,0,0,0
5055,0,3,16,6,0,0,4,7,6,2,0,2,0,0,0,3,0,4,1,0,0,1,1,0,0,1,1,0,1,0,0,0,1,0,0,0,0,1,0,0,0,0,1,0,0,0,0,0,0,0,0,0,0,0,0,0,0,0,0,0,0,0,2,0,0,0,1,0,0,0,0,0,0,0,0,0
5056,0,0,7,1,0,0,3,6,1,0,0,1,0,0,0,0,1,0,0,0,0,0,0,0,0,0,0,2,0,0,0,0,1,1,0,0,0,0,0,0,0,0,0,0,0,0,0,0,0,0,1,0,0,0,0,0,0,0,0,0,0,0,0,0,0,0,0,0,1,0,0,0,0,0,0,0
5057,0,3,29,16,1,0,21,11,2,7,1,0,0,0,0,2,0,2,0,0,0,0,5,0,1,0,0,0,0,1,3,1,0,1,0,0,0,4,0,0,0,0,0,0,0,0,0,0,0,0,0,0,3,0,0,0,0,0,0,0,0,1,0,0,0,0,0,0,0,0,0,0,1,0,0,0
5058,0,0,2,1,0,0,0,9,0,0,0,2,0,0,0,0,1,0,0,0,0,0,0,0,0,0,0,2,0,0,1,1,0,0,0,2,0,1,1,0,0,1,0,0,0,0,0,0,0,0,1,0,0,0,0,0,0,0,0,0,0,0,0,0,0,0,0,0,0,0,0,0,0,0,0,0
5059,0,3,23,20,0,0,3,4,3,0,0,3,0,0,0,0,1,0,0,0,0,0,0,1,0,0,0,0,0,0,1,0,1,1,0,0,0,0,0,1,0,3,4,0,0,0,0,0,0,0,0,0,2,0,0,0,0,0,0,1,0,0,0,0,0,0,0,0,0,0,0,0,0,0,0,0
5060,0,5,11,8,0,2,10,8,1,1,1,8,0,0,0,1,0,3,0,0,0,0,1,0,1,0,1,0,0,0,1,0,1,0,0,0,0,4,0,0,0,1,0,0,0,0,0,0,0,0,0,0,1,0,0,0,0,0,0,0,0,0,0,0,0,0,0,0,0,0,0,0,0,0,0,0
5061,0,3,2,1,0,4,2,1,0,0,0,2,0,0,0,2,0,0,0,0,0,0,1,0,0,0,0,0,0,0,0,0,0,0,0,0,0,0,0,0,0,2,0,0,0,0,0,0,0,0,0,0,0,0,0,0,0,0,0,0,0,0,0,0,0,0,0,0,0,0,0,0,1,0,0,0
5062,0,10,34,18,0,2,5,12,6,0,0,2,1,0,0,4,3,3,1,0,0,1,2,0,1,0,1,0,0,0,3,2,1,4,0,0,0,3,0,0,0,1,0,1,0,0,0,1,0,0,0,0,1,0,0,0,0,0,1,0,0,0,0,0,1,0,0,0,0,0,0,0,0,0,0,0
5063,0,5,18,10,0,0,6,0,2,4,1,0,0,0,0,4,1,0,0,0,0,1,3,4,1,0,0,0,0,0,1,0,0,1,0,0,0,3,0,0,0,3,0,0,1,0,0,1,0,0,0,0,0,0,0,0,0,0,2,3,0,1,0,0,0,0,0,0,0,0,0,0,0,0,0,0
5064,0,5,12,6,2,0,2,14,0,2,0,1,0,0,2,0,0,0,0,0,0,1,0,0,0,0,0,1,0,0,0,0,2,0,0,0,1,0,0,0,0,0,1,0,0,0,0,0,0,0,0,0,0,0,0,0,0,0,0,0,0,0,0,0,0,0,0,0,0,0,0,0,0,0,0,0
5065,0,1,32,11,0,0,23,4,1,8,0,2,1,0,1,2,2,6,1,1,0,0,4,0,0,0,0,1,0,0,1,0,0,3,0,0,0,2,0,0,0,1,1,1,0,0,0,1,0,0,0,0,0,0,1,0,0,0,0,0,0,0,0,0,1,0,0,0,0,0,0,0,0,0,0,0
5066,1,2,11,11,0,0,1,0,0,0,1,0,0,0,0,0,0,0,0,0,0,0,1,0,0,1,0,0,1,0,1,0,0,1,0,0,0,0,0,0,0,0,0,0,0,0,0,0,0,0,0,0,0,0,0,0,0,0,0,1,0,0,0,0,0,0,0,0,0,0,0,0,1,0,0,0
5067,0,13,39,24,0,3,16,24,0,2,0,6,0,0,0,4,0,1,0,0,2,0,0,1,0,0,0,0,0,0,0,7,0,0,0,0,1,2,2,0,0,2,2,0,0,0,0,1,0,0,1,0,4,0,0,0,0,0,1,0,0,0,0,0,0,0,0,0,0,0,1,0,2,0,0,0
5068,0,6,28,17,0,0,2,2,1,0,0,4,0,0,0,3,0,0,0,2,0,0,1,0,1,0,0,1,0,0,0,0,0,0,0,0,1,0,0,0,0,0,0,2,0,0,0,0,0,0,0,0,0,0,0,0,0,0,0,0,0,0,0,0,0,0,0,0,0,0,0,0,0,0,0,0
5069,0,3,27,10,0,2,16,12,2,6,0,2,2,0,0,0,3,2,0,0,0,0,2,0,0,0,0,1,0,0,1,1,0,2,0,0,1,5,1,1,0,5,2,0,0,0,0,0,0,0,0,0,0,0,0,0,0,0,0,1,0,1,0,0,0,0,0,0,0,0,0,0,1,0,0,0
5095,0,1,1,0,0,0,6,9,0,6,1,0,0,0,1,0,0,1,0,0,0,0,2,0,0,0,0,0,0,0,0,0,0,0,0,0,0,1,0,0,0,1,2,0,0,0,0,0,0,0,0,0,1,0,0,0,0,0,0,0,0,0,0,0,0,0,0,0,0,0,0,0,0,0,0,0
5096,0,0,10,0,8,0,1,6,0,0,0,0,0,0,1,1,0,1,0,0,0,0,0,1,0,0,0,0,0,0,3,1,0,0,0,1,0,0,0,0,0,1,0,0,0,0,0,0,0,0,0,0,0,0,0,0,0,0,0,0,0,0,0,0,0,0,0,0,0,0,0,0,0,0,0,0
5097,0,5,21,16,1,0,21,18,3,2,0,4,0,0,0,1,0,8,0,0,0,0,5,0,1,0,0,0,0,0,1,0,0,1,0,1,0,2,0,1,1,4,4,2,0,0,0,0,1,0,1,0,1,0,0,0,0,0,1,1,0,0,0,0,0,0,0,0,0,0,0,0,0,0,0,0
5098,0,1,6,2,0,0,6,14,1,1,0,5,0,0,0,3,0,2,0,0,0,1,1,0,0,0,0,2,0,1,1,0,0,0,0,1,0,1,0,0,0,1,0,0,4,0,0,0,0,0,0,0,0,0,0,0,0,0,0,0,0,0,0,0,0,0,0,0,0,0,0,0,0,0,0,0
5099,0,4,2,1,0,0,0,7,0,1,1,4,0,0,0,0,0,2,0,0,0,0,0,0,0,0,0,1,0,0,0,0,2,0,0,0,0,0,0,0,0,0,0,0,0,0,0,0,0,0,0,0,0,1,0,0,0,0,0,0,0,0,0,0,0,0,0,0,0,0,0,0,0,0,0,0
5100,0,3,9,6,0,4,2,5,1,0,1,2,0,0,0,3,0,2,0,0,0,0,1,0,0,1,0,0,1,0,0,0,0,0,0,0,0,0,0,0,1,0,0,0,0,0,0,0,0,0,0,0,2,0,0,0,0,0,1,0,0,0,0,0,0,0,0,0,0,0,0,0,0,0,0,0
5101,0,1,29,15,0,2,0,13,0,1,0,15,0,0,0,0,1,0,1,0,0,0,0,0,0,2,0,3,0,1,0,3,0,1,0,0,0,1,0,0,0,1,0,2,1,0,0,0,1,0,0,0,0,2,0,0,0,0,1,0,0,0,0,0,0,0,4,0,0,0,0,0,1,0,0,0
5102,1,6,19,8,2,5,10,31,0,3,1,5,0,0,0,2,1,3,0,0,0,2,5,0,0,0,2,0,1,1,0,0,0,0,0,0,0,0,0,0,0,2,0,0,0,0,0,0,0,0,0,0,2,0,0,0,0,0,0,0,0,0,0,0,0,0,0,0,0,0,0,0,0,0,0,0
5103,0,1,17,5,0,4,6,6,2,1,2,6,0,0,1,0,0,3,0,0,0,0,3,0,2,1,0,0,2,0,1,0,0,0,0,0,0,0,0,0,0,1,0,0,0,0,0,0,0,0,0,0,1,0,0,0,0,0,0,0,0,0,0,0,0,0,0,0,0,0,0,0,0,0,0,0
5104,1,4,8,2,0,2,5,27,1,5,3,7,0,0,1,0,3,6,1,0,0,1,4,0,4,0,0,0,3,1,0,0,2,0,0,0,0,1,1,0,0,4,1,0,1,0,0,0,0,0,0,0,1,0,1,0,0,0,2,0,0,0,0,0,0,0,0,0,0,0,0,0,0,0,0,0
5105,0,5,29,8,0,2,3,10,4,0,1,2,0,0,1,6,0,3,0,0,0,0,0,0,0,0,0,0,0,0,1,1,1,0,0,0,0,0,0,0,0,1,0,2,0,0,0,0,0,0,0,0,0,0,0,0,0,0,0,0,0,0,0,0,0,0,1,0,0,0,0,0,0,0,0,0
5106,0,4,13,3,0,0,8,12,0,0,0,4,0,0,0,1,0,0,0,0,1,0,4,0,1,0,0,0,0,0,0,0,1,0,0,0,0,0,0,0,0,4,0,0,0,0,0,0,0,0,0,0,0,0,1,0,0,0,0,0,0,0,0,0,0,0,0,0,0,0,0,0,0,0,0,0
5107,0,9,23,13,0,1,20,20,1,6,2,7,0,0,0,3,0,3,1,0,0,3,6,0,0,0,2,0,0,0,2,1,1,2,0,1,1,2,0,3,0,0,0,0,6,0,0,1,0,0,0,0,0,0,0,0,0,1,1,0,0,0,0,0,0,0,0,0,0,0,0,0,0,0,0,0
5108,0,3,16,3,0,1,4,4,0,3,0,1,0,0,0,1,0,3,0,0,0,0,0,0,0,0,0,0,0,0,1,1,2,0,0,0,0,0,0,0,0,1,2,0,0,0,0,0,0,1,0,0,0,0,0,0,0,0,1,1,0,0,0,0,0,0,0,0,0,0,0,0,0,0,0,0
5109,0,1,8,11,0,0,3,10,1,2,1,1,0,0,0,0,0,0,0,0,4,0,0,2,0,0,0,6,0,0,0,2,0,0,1,0,0,0,0,0,0,0,0,0,0,0,0,0,0,0,0,0,1,0,0,0,0,0,0,0,0,0,0,0,0,0,1,0,0,0,0,0,0,0,0,0
5111,0,0,14,4,0,0,8,3,0,5,0,1,0,0,0,1,0,2,0,2,0,1,1,0,0,0,1,0,0,0,0,0,0,0,0,0,0,1,1,0,0,0,1,0,0,0,0,0,0,0,0,0,0,0,0,0,0,0,1,0,0,0,0,0,0,0,0,0,0,0,0,0,0,0,0,0
5112,0,10,28,16,0,5,23,31,8,8,1,4,0,0,0,4,2,9,1,1,0,0,8,0,0,1,1,2,4,0,1,0,0,2,0,0,0,3,1,0,0,1,2,3,1,0,0,2,1,0,0,0,1,0,0,0,0,1,4,1,0,0,0,0,0,0,2,0,0,0,0,0,0,0,0,0
5113,0,9,27,10,0,0,9,5,2,2,1,2,0,0,0,6,1,1,0,0,0,0,0,0,0,1,0,1,0,0,1,0,1,1,0,0,0,1,0,0,0,1,2,1,1,0,0,1,0,1,0,0,0,0,0,0,0,0,0,2,0,0,0,0,0,0,1,0,0,0,0,0,0,0,0,0
5114,0,0,2,1,6,0,1,9,0,0,0,7,0,0,0,1,0,0,0,0,0,1,0,1,0,0,0,1,0,0,1,0,0,0,1,0,0,0,1,0,0,0,0,0,0,0,0,0,0,0,2,0,1,0,1,0,0,0,0,0,0,0,0,2,0,0,0,0,0,0,0,0,1,0,0,0
5115,0,4,3,5,0,1,5,3,1,2,1,7,1,1,0,1,1,3,0,1,0,1,3,0,0,0,0,1,0,0,0,0,0,1,0,0,0,0,0,2,0,0,0,4,0,0,0,0,0,0,0,0,0,0,0,0,0,0,1,0,0,0,0,0,0,0,0,0,0,0,0,0,0,0,0,0
5116,0,0,2,0,0,0,10,2,0,2,0,0,1,0,0,0,0,0,0,0,0,0,1,0,0,0,0,0,0,0,0,0,0,0,0,0,1,2,1,0,0,2,0,3,0,0,0,0,0,0,0,0,0,0,0,0,0,0,0,0,0,0,0,0,0,0,0,0,0,0,0,0,0,0,0,0
5117,0,10,34,21,0,3,26,7,2,2,1,2,0,0,0,13,3,1,4,0,0,1,1,0,0,2,0,1,0,0,2,0,0,2,0,0,0,4,0,0,0,3,0,0,0,0,0,1,0,0,0,0,4,0,0,0,0,0,1,1,0,0,0,0,0,0,0,0,0,0,0,0,0,0,0,0
5118,0,8,15,10,0,1,17,5,0,3,0,4,0,0,0,5,2,1,0,0,0,2,3,0,0,0,0,0,0,0,0,1,1,4,0,0,0,1,0,0,0,3,1,0,0,0,0,1,0,0,0,0,0,0,1,0,0,0,0,1,0,0,0,0,0,0,0,0,0,0,0,0,0,0,0,0
5119,0,2,9,5,0,1,7,7,1,0,0,1,0,0,0,2,0,1,0,0,0,1,0,0,0,0,0,0,0,0,0,0,0,0,0,0,0,2,0,0,1,0,0,0,0,0,0,0,0,0,0,0,2,0,0,0,0,0,0,0,0,0,0,0,0,0,0,0,0,0,0,0,1,0,0,0
5120,2,2,25,9,1,1,5,8,4,6,1,2,0,0,0,3,2,3,0,0,0,0,1,0,0,0,0,0,0,0,3,1,2,1,0,0,0,5,0,0,0,1,1,0,0,0,0,0,1,0,0,0,0,0,0,0,0,0,0,1,0,0,0,0,0,0,0,0,0,0,0,0,0,0,0,0
5121,0,4,6,4,0,0,6,20,0,1,0,6,0,0,0,0,1,1,0,1,2,0,0,0,0,0,1,8,0,0,0,8,0,1,0,7,0,0,1,2,0,0,1,0,0,0,0,0,0,0,0,0,0,0,0,0,0,0,0,0,0,0,0,0,0,0,0,0,0,0,0,0,0,0,0,0
5122,0,1,17,8,0,1,5,10,3,1,0,6,0,0,0,0,1,2,1,0,0,0,0,0,0,0,0,1,0,0,0,5,0,1,0,1,0,4,0,1,0,1,0,0,0,0,0,0,0,0,0,0,0,1,2,0,0,1,0,0,0,0,0,0,0,0,0,0,0,0,0,0,0,0,0,0
5123,0,2,8,6,0,0,8,3,0,0,0,2,0,0,0,3,1,0,0,0,1,1,0,0,0,0,0,1,0,0,0,0,0,1,0,0,0,2,0,0,0,0,0,0,0,0,0,0,0,0,0,0,2,0,0,0,0,0,0,0,0,0,0,0,0,0,0,0,0,0,0,0,0,0,0,0
5151,0,4,16,12,0,0,3,3,3,1,0,1,0,0,0,1,0,0,0,0,0,0,1,0,0,0,0,1,0,0,0,0,0,2,0,0,0,1,0,1,0,2,1,0,0,0,0,0,0,0,0,0,0,0,0,0,0,0,0,0,0,0,0,0,0,0,0,0,0,0,0,0,0,0,0,0
5152,0,5,15,3,0,1,4,4,1,5,3,0,0,0,0,2,1,5,0,0,0,0,2,0,0,1,0,0,1,0,0,0,0,0,0,0,0,4,0,0,0,6,1,0,0,0,0,0,1,0,0,0,1,0,0,0,0,0,1,0,0,0,0,0,0,0,0,0,0,0,0,0,0,0,0,0
5153,0,2,8,5,0,0,0,0,1,1,0,1,0,0,0,1,0,0,1,0,0,1,0,0,0,0,0,1,0,0,0,0,0,0,0,0,0,0,0,0,0,2,0,0,0,0,0,0,0,0,0,0,0,0,0,0,0,1,0,0,0,0,0,0,0,0,0,0,0,0,0,0,0,0,0,0
5154,3,5,18,17,6,1,25,21,14,4,2,11,0,0,1,6,2,3,0,0,0,0,3,0,1,3,0,0,0,0,5,0,1,0,0,2,1,0,0,1,0,5,0,4,0,0,0,0,0,0,0,1,3,0,0,0,0,0,0,3,0,1,0,0,0,0,7,0,0,1,0,0,0,0,0,0
5155,0,0,6,0,0,0,4,2,0,1,1,1,0,0,0,0,0,0,1,1,0,0,1,0,1,0,0,0,0,0,0,0,1,0,0,0,0,4,0,1,0,5,0,0,0,0,0,0,0,0,0,0,0,0,0,0,0,0,1,0,0,1,0,0,0,0,0,0,0,0,0,0,0,0,0,0
5156,0,0,0,0,0,0,10,4,1,0,2,1,0,0,0,1,0,0,0,0,0,0,0,0,0,0,0,0,0,0,0,0,0,1,0,0,0,0,0,0,0,1,0,0,0,0,0,0,0,1,0,0,0,0,0,0,0,0,0,0,0,1,0,0,0,0,0,0,0,0,0,0,0,0,0,0
5157,0,6,18,13,0,0,1,3,0,0,2,0,0,0,0,1,0,0,0,0,0,0,2,0,1,0,1,0,1,1,0,0,0,0,0,0,0,1,0,0,0,1,0,0,0,0,0,0,0,0,0,0,1,0,0,0,0,0,0,0,0,0,0,0,0,0,0,0,0,0,0,0,0,0,0,0
5158,0,0,5,7,0,0,4,7,1,1,0,0,0,0,0,2,2,0,0,1,0,1,1,0,1,0,1,0,0,1,0,0,0,0,0,0,0,1,0,1,0,2,0,3,0,0,0,0,0,0,0,0,0,0,0,0,0,0,0,0,0,0,0,0,0,0,0,0,0,0,1,0,0,0,0,0
5159,0,1,2,0,0,0,4,6,1,4,0,2,0,0,0,0,0,1,1,0,0,1,1,0,1,0,2,1,0,0,0,1,0,0,0,0,0,0,1,0,0,0,0,0,0,0,0,0,0,0,0,0,0,0,0,0,0,0,0,0,0,0,0,0,0,0,0,0,0,0,0,0,0,0,0,0
5160,0,8,35,15,0,0,9,30,3,6,7,4,0,0,0,2,1,5,0,0,0,3,1,6,0,0,0,0,2,0,0,0,1,0,0,0,0,1,0,0,0,3,0,0,0,0,0,0,0,0,0,0,0,0,0,0,0,0,0,0,0,0,0,0,0,0,0,0,0,0,0,0,0,0,0,0
5161,0,4,5,0,0,1,3,5,1,1,1,0,0,0,0,3,1,1,0,0,0,0,0,0,1,0,0,0,0,2,0,1,0,0,0,0,0,2,0,0,0,0,0,0,0,0,0,0,0,0,0,0,0,0,0,0,0,0,0,0,0,0,0,0,0,0,0,0,0,0,0,0,0,0,0,0
5162,0,5,24,12,0,0,4,14,0,2,4,5,0,0,0,4,0,1,0,0,0,0,2,0,2,0,0,3,1,0,1,0,0,1,0,0,0,2,0,0,0,1,0,0,1,0,0,0,0,0,0,0,2,0,0,0,0,0,0,0,0,0,0,0,0,0,0,0,0,0,0,0,0,0,0,0
5163,0,0,3,1,0,0,2,13,0,0,0,2,0,0,0,1,0,0,0,0,1,0,1,2,0,0,0,3,0,0,0,1,0,0,1,0,0,2,1,0,0,1,0,1,0,0,0,0,0,0,1,0,0,0,0,0,0,0,1,0,0,1,0,0,0,0,0,0,0,0,0,0,0,0,0,0
5164,0,1,10,13,0,0,1,24,1,0,0,7,0,0,0,0,0,2,1,1,4,0,0,2,0,0,0,10,2,1,0,10,0,0,0,5,0,0,5,0,1,0,0,2,0,0,0,0,0,1,1,0,0,0,0,0,0,0,1,0,0,0,0,0,0,0,0,0,0,0,1,0,0,0,0,0
5165,0,1,14,5,0,0,6,14,4,0,0,0,0,0,0,3,0,0,0,0,0,0,2,0,0,0,0,0,1,0,1,0,0,0,0,0,0,4,0,0,0,0,0,0,0,1,0,1,0,0,0,0,0,0,0,0,0,0,0,0,0,0,0,0,0,0,0,0,0,0,0,0,0,0,0,0
5166,0,4,23,16,0,0,5,11,0,1,2,5,0,0,0,0,1,2,0,1,0,1,2,0,0,1,1,1,0,0,2,0,0,4,0,0,0,4,0,0,0,0,0,0,0,0,0,0,0,0,0,0,0,0,0,0,0,0,0,0,0,0,0,0,0,0,0,0,0,0,0,0,0,0,0,0
5167,1,0,10,2,0,0,2,2,0,1,0,1,0,0,0,1,0,1,0,0,0,3,0,0,0,0,1,1,2,0,0,1,1,0,0,0,0,0,0,0,0,0,0,0,0,0,0,0,0,0,0,0,0,0,0,0,0,0,0,0,0,0,0,1,0,0,3,0,0,0,0,0,0,0,0,0
5169,0,1,3,3,0,0,6,3,0,2,0,0,0,0,0,1,1,2,0,0,0,1,2,0,0,0,1,0,1,0,0,0,0,1,0,0,0,3,0,0,0,0,1,0,0,0,0,0,0,0,0,0,0,0,0,0,0,0,0,0,0,0,0,0,0,0,0,0,0,0,0,0,0,0,0,0
5171,0,4,9,4,0,0,0,2,0,2,0,2,0,0,0,2,0,2,0,1,0,0,1,0,0,0,0,0,0,0,0,1,0,0,0,0,0,0,0,0,0,0,0,0,0,0,0,1,0,0,0,0,0,0,0,0,0,0,0,0,0,0,0,0,0,0,0,0,0,0,0,0,0,0,0,0
5172,0,5,24,17,4,0,7,8,2,1,0,3,0,0,0,2,1,1,0,0,0,0,0,0,0,1,0,1,0,0,1,3,0,3,0,0,0,2,0,0,0,0,0,0,0,0,0,0,0,0,1,0,0,0,0,0,0,0,0,0,0,0,0,0,0,0,0,0,0,0,0,0,0,0,0,0
5173,0,1,3,7,0,0,0,5,1,1,0,1,0,0,0,3,1,0,0,0,0,0,1,0,0,0,0,0,0,0,1,0,0,0,0,0,1,1,0,0,0,0,0,0,0,0,0,0,0,0,0,0,0,0,0,0,0,0,0,0,0,0,0,0,0,0,0,0,0,0,0,0,0,0,0,0
5174,0,0,3,1,0,0,13,1,0,2,0,0,0,0,0,2,1,0,0,0,0,0,3,0,0,0,0,0,2,0,1,0,0,5,0,0,0,0,0,0,0,1,0,0,0,0,0,0,0,0,0,0,2,0,0,0,0,0,0,0,0,0,0,0,0,0,0,0,0,0,0,0,0,0,0,0
5175,0,5,19,8,0,0,11,8,5,4,0,1,1,0,0,5,1,1,0,0,0,0,0,0,1,0,0,0,0,0,2,0,1,3,0,0,0,1,0,0,0,6,1,0,0,0,0,0,0,0,0,0,0,0,0,0,0,0,0,0,0,0,0,0,0,0,0,0,0,0,1,0,1,0,0,0
5176,0,3,15,6,0,0,1,3,0,0,0,5,0,0,0,0,0,1,0,0,0,1,0,0,0,1,0,1,1,0,0,0,1,0,0,1,0,3,0,0,0,0,0,0,0,0,0,0,0,0,0,0,1,0,0,0,0,0,0,0,0,0,0,0,0,0,0,0,0,0,0,0,0,0,0,0
5177,0,0,16,5,0,0,6,0,0,4,0,0,1,0,0,2,1,0,0,0,0,0,1,0,0,0,0,0,0,0,4,0,0,1,0,0,0,0,0,0,0,2,1,0,0,0,0,0,0,0,0,0,1,0,0,0,0,0,1,0,0,0,0,0,0,0,0,0,0,0,0,0,0,0,0,0
5178,0,5,19,6,0,3,5,4,4,0,0,4,0,0,0,1,0,0,1,0,0,0,0,0,0,1,0,0,0,0,0,1,1,2,0,0,0,0,0,0,0,0,1,0,0,0,0,0,0,0,0,0,0,0,0,0,0,0,0,0,0,0,0,0,0,0,0,0,0,0,1,0,0,0,0,0
5179,1,2,6,3,0,2,14,13,0,1,0,0,0,0,0,1,2,1,0,0,0,1,1,0,0,1,0,5,0,0,1,0,0,0,0,0,0,5,0,0,0,1,0,0,0,0,0,0,0,0,0,0,0,0,0,0,0,0,0,1,0,0,0,0,0,0,0,0,0,0,0,0,1,0,0,0
5205,1,0,13,5,0,0,22,18,2,5,3,3,0,0,0,0,1,2,0,0,0,0,1,0,1,0,1,1,0,0,0,1,0,0,0,0,0,2,1,0,0,4,1,0,0,0,0,0,1,0,0,0,0,0,0,0,0,0,0,0,0,0,0,0,0,0,0,0,0,0,0,0,0,0,0,0
5206,0,6,21,9,0,1,8,8,1,0,0,3,0,0,0,0,1,2,0,0,0,0,0,0,0,1,0,0,1,1,2,0,2,0,0,0,0,2,0,0,0,4,0,1,0,0,0,0,0,0,0,0,0,0,0,0,0,0,0,1,0,0,0,0,0,0,0,0,0,0,0,0,0,0,0,0
5207,1,3,15,10,0,0,17,21,4,10,0,4,1,0,0,1,4,5,0,0,0,0,3,0,1,0,0,1,0,2,1,0,0,0,0,0,0,1,0,0,0,4,1,0,0,0,0,0,0,0,0,0,0,0,1,0,0,0,1,1,0,0,0,0,0,0,0,0,0,0,0,0,0,0,0,0
5208,0,4,22,13,0,0,14,23,1,1,0,3,0,0,0,3,1,1,1,0,1,0,0,0,0,0,0,2,0,1,0,5,1,0,0,2,0,0,0,0,0,2,0,0,0,0,0,0,0,0,0,0,0,0,0,0,0,0,1,0,0,0,0,0,1,0,0,0,0,0,0,0,0,0,0,0
5209,0,2,0,0,0,0,13,5,0,2,0,2,0,0,0,1,1,2,0,1,0,0,0,0,0,0,0,0,0,0,0,0,0,0,0,0,0,4,0,0,0,4,1,0,0,0,0,0,0,0,0,0,0,0,0,0,0,0,0,0,0,0,0,0,0,0,0,0,0,0,0,0,0,0,0,0
5210,0,4,24,19,0,0,9,7,0,1,1,1,0,0,0,0,0,3,0,0,0,0,2,0,0,0,0,1,0,0,0,0,1,0,0,0,0,0,1,0,0,3,0,0,0,0,0,0,0,0,0,0,1,0,0,0,0,0,0,0,0,0,0,0,1,0,0,0,0,0,0,0,0,0,0,0
5212,1,5,9,8,0,1,4,9,0,4,1,5,0,0,0,0,1,2,0,0,0,1,1,1,0,0,0,1,0,0,0,1,0,0,0,0,0,1,0,0,0,3,0,0,0,0,0,0,0,0,0,0,0,0,1,0,0,0,0,0,0,0,0,0,0,0,0,0,0,0,0,0,0,0,0,0
5213,0,4,17,12,0,0,11,4,1,4,0,3,0,0,0,0,3,1,0,0,0,0,0,0,1,1,1,1,0,0,1,2,0,0,0,0,0,1,0,0,0,3,1,0,0,0,0,0,0,0,0,0,0,0,0,0,0,0,1,0,0,1,0,0,0,0,0,0,0,0,0,0,0,0,0,0
5214,0,0,7,3,0,0,4,1,0,2,0,0,0,0,0,0,0,1,0,0,0,0,0,0,0,0,0,0,0,0,2,0,0,0,0,0,0,2,0,0,0,0,0,0,0,0,0,0,0,0,0,0,1,0,0,0,0,0,0,0,0,0,0,0,0,0,0,0,0,0,0,0,0,0,0,0
5215,1,2,26,10,0,0,4,16,0,7,1,0,0,0,1,3,1,5,0,0,0,0,4,0,0,2,0,0,3,2,1,0,0,2,0,0,0,1,2,0,0,4,1,0,0,0,0,1,0,0,0,0,4,0,0,0,0,0,1,0,0,0,0,0,0,0,0,0,0,0,0,0,0,0,0,0
5216,0,1,10,9,0,0,1,11,3,0,0,7,1,0,0,2,0,2,0,0,0,2,0,0,0,1,0,0,0,0,0,0,0,0,0,0,0,1,0,0,0,0,1,0,0,0,0,0,0,0,0,0,0,1,0,0,0,0,0,0,0,0,0,0,0,0,0,0,0,0,0,0,0,0,0,0
5217,0,1,16,14,0,1,16,22,2,7,3,1,0,0,0,3,0,5,0,0,0,0,2,0,2,0,1,0,2,1,3,3,1,1,0,0,0,1,0,1,0,3,2,1,0,0,0,0,0,0,0,0,1,1,0,0,0,0,0,0,0,0,0,1,0,0,0,0,0,0,0,0,0,1,0,0
5218,0,0,14,4,0,1,2,18,1,2,0,3,0,0,0,3,1,2,1,0,1,0,0,1,0,1,0,5,0,1,0,3,0,0,0,7,1,0,1,0,0,0,0,0,0,0,0,0,0,0,0,0,0,0,0,0,0,0,1,0,0,0,0,0,0,0,0,0,0,0,0,0,0,0,0,0
5219,0,0,8,0,0,1,1,6,1,0,0,2,0,0,0,2,2,1,1,0,0,0,2,0,2,0,0,0,1,0,0,0,0,1,0,0,0,1,0,0,0,0,0,0,0,0,0,0,0,0,0,0,1,0,0,0,0,0,0,0,0,0,0,0,0,0,0,0,0,0,0,0,0,0,0,0
5220,0,2,29,16,2,4,0,7,0,0,0,2,0,0,0,1,0,0,0,0,0,0,0,0,1,0,0,1,0,0,0,0,0,0,0,1,0,0,0,0,0,0,2,0,0,0,0,0,1,0,0,0,0,0,0,0,0,0,0,0,0,0,0,0,0,0,0,0,0,0,0,0,0,0,0,0
5221,0,2,16,10,0,1,7,6,0,2,0,1,0,0,0,2,0,1,0,3,0,0,3,0,0,0,0,0,1,0,0,0,0,0,0,0,0,3,0,0,0,2,0,0,0,0,0,0,0,0,0,0,0,0,0,0,0,1,1,2,0,0,0,0,0,0,1,0,0,0,0,0,0,0,0,0
5222,0,1,11,5,0,0,10,8,1,3,1,3,0,0,0,3,1,2,0,0,0,0,3,0,0,0,1,0,1,0,0,0,0,0,0,0,0,2,1,0,0,1,0,1,0,0,0,2,0,0,0,0,0,0,0,0,0,0,3,0,0,0,0,0,0,0,0,0,0,0,0,0,0,0,0,0
5223,0,1,3,0,0,5,2,1,0,0,0,0,0,0,0,0,0,0,0,0,0,0,2,0,1,0,0,0,4,0,0,0,0,0,0,0,0,0,0,0,0,1,2,0,0,0,0,0,0,0,0,0,0,0,0,0,0,0,1,0,0,0,0,0,0,0,0,0,0,0,0,0,0,0,0,0
5224,0,2,13,5,0,1,2,5,1,0,0,0,1,0,0,2,1,1,2,0,0,1,0,0,0,0,0,0,0,0,1,1,1,0,0,0,0,0,0,0,0,0,0,0,0,0,0,0,0,0,0,0,0,0,0,0,0,0,0,0,0,0,0,0,0,0,0,0,1,0,1,0,0,0,0,0
5225,0,0,7,0,0,1,1,4,0,2,0,2,0,0,0,3,0,2,0,1,0,1,1,0,0,0,1,1,2,1,0,0,1,1,0,0,3,0,0,0,0,0,0,2,0,0,0,0,1,0,0,0,0,0,0,0,0,0,1,0,0,0,0,0,0,0,1,0,0,0,0,0,0,0,0,0
5226,0,5,19,6,0,0,9,6,0,2,2,1,0,0,0,1,1,4,0,0,0,0,0,0,0,0,0,0,0,0,0,0,0,1,0,1,0,1,0,0,0,0,1,0,0,0,0,0,0,0,0,0,2,0,0,0,0,0,1,0,0,0,0,0,0,0,0,0,0,0,0,0,0,0,0,0
5227,0,3,7,4,0,2,5,27,2,1,1,12,0,0,0,1,1,0,0,0,3,2,0,0,0,0,1,5,0,0,0,4,0,0,0,3,0,0,0,3,0,2,2,1,0,0,0,0,0,1,0,0,0,0,0,0,0,0,0,0,0,0,0,0,0,0,0,0,0,0,0,0,0,0,0,0
5228,0,0,4,3,0,0,0,0,0,3,0,1,0,0,0,0,1,0,0,0,1,0,0,0,0,0,0,2,0,0,0,1,0,0,0,0,0,0,0,1,0,0,2,0,0,0,0,0,0,0,1,0,0,0,0,0,0,0,0,0,0,0,0,1,0,0,0,0,0,0,0,0,0,0,0,0
5229,0,4,36,20,0,1,26,8,2,9,0,1,1,0,0,4,3,0,0,0,0,1,3,0,0,0,0,0,0,0,2,0,2,3,0,0,0,7,0,0,0,3,1,0,0,0,0,2,2,0,0,0,1,0,0,0,0,0,1,1,0,0,0,0,0,0,0,0,0,0,0,0,0,0,0,0
5230,0,11,27,13,0,0,12,13,1,4,3,2,0,0,0,3,2,4,0,0,0,0,0,0,0,0,0,2,0,1,5,0,0,2,0,0,0,4,1,0,0,4,0,0,2,0,1,0,1,0,0,0,1,0,0,0,0,0,0,0,0,0,0,0,0,0,0,0,0,0,0,0,2,0,0,0
5231,0,0,2,1,5,0,2,10,0,0,0,0,0,0,1,1,0,1,0,0,0,0,0,0,0,0,0,0,0,0,0,0,0,0,0,4,0,0,0,0,0,0,0,0,0,0,0,0,0,0,1,0,0,0,1,0,0,0,0,0,0,0,0,1,0,0,0,0,0,0,0,0,0,0,0,0
5232,0,3,12,5,0,0,14,1,0,2,0,1,1,0,0,0,1,7,0,0,0,1,3,0,0,0,0,0,0,0,1,0,0,0,0,0,0,3,0,0,2,0,0,0,0,0,0,0,0,0,0,0,0,0,0,0,0,0,1,0,0,0,0,0,0,0,0,0,0,0,0,0,1,0,0,0
5233,3,3,13,14,0,2,19,3,2,4,1,2,0,0,0,6,1,0,0,0,0,2,4,0,0,0,0,0,0,0,0,3,0,4,0,0,0,5,0,0,0,0,0,0,0,0,0,0,0,0,0,0,0,0,0,0,0,3,0,0,0,0,0,0,0,0,0,0,0,0,0,0,0,0,0,0
5234,0,1,13,10,0,0,1,2,1,4,1,0,0,1,1,2,2,1,1,0,0,1,2,0,0,0,0,2,0,0,0,0,0,2,0,0,0,1,0,0,0,0,0,1,0,0,0,1,0,0,0,0,1,0,0,0,0,0,0,0,0,0,0,0,0,0,0,0,0,0,0,0,0,0,0,0
5261,0,6,21,12,0,1,2,2,1,0,0,12,0,0,0,0,0,2,0,0,0,3,1,0,1,0,1,0,0,0,0,0,1,0,0,1,0,2,0,0,0,3,0,1,0,0,0,0,1,0,0,0,1,0,0,0,0,0,0,0,0,0,0,0,0,0,0,0,0,0,0,0,0,0,0,0
5262,0,4,11,8,0,0,0,3,0,0,0,2,0,0,0,1,0,1,0,0,0,0,0,0,0,0,1,0,0,0,0,0,0,0,0,0,0,0,0,0,0,0,0,0,1,0,0,0,0,0,0,0,0,0,0,0,0,0,0,0,0,0,0,0,0,0,0,0,0,0,0,0,0,0,0,0
5263,0,6,12,6,0,0,2,30,0,0,0,8,0,0,0,0,0,3,0,0,2,0,0,2,0,0,0,5,2,0,0,2,0,0,0,6,0,0,3,0,0,0,0,0,0,0,0,0,0,1,0,0,0,0,0,0,0,0,0,0,0,0,0,1,0,0,0,0,0,0,0,0,0,0,0,0
5264,0,2,8,7,0,0,0,0,0,1,0,0,0,0,0,0,0,0,0,0,0,0,0,0,1,0,0,0,0,0,0,0,1,1,0,0,0,0,0,0,0,0,0,0,0,0,0,0,0,0,0,0,0,0,0,0,0,0,0,0,0,0,0,0,0,0,0,0,0,0,0,0,0,0,0,0
5265,0,2,5,0,0,3,6,3,0,0,2,2,0,0,0,0,0,0,0,0,0,0,0,0,1,4,0,0,0,0,0,0,0,0,0,1,0,1,0,0,0,0,0,0,0,0,0,0,0,0,0,0,1,0,0,0,0,0,0,0,0,0,0,0,0,0,0,0,0,0,0,0,0,0,0,0
5267,0,1,10,5,0,1,0,1,0,0,0,0,0,0,0,0,0,0,0,0,0,0,0,0,0,0,1,1,0,0,0,0,0,0,0,0,0,0,0,0,0,0,0,0,0,1,0,0,0,0,0,1,0,0,0,0,0,0,0,0,0,0,0,0,0,0,0,0,0,0,1,0,0,0,0,0
5268,0,1,7,4,0,0,5,6,0,2,1,0,0,0,0,1,0,3,0,0,1,1,0,0,0,0,0,0,1,0,0,0,0,0,0,0,0,1,0,1,0,1,1,0,0,1,0,0,0,0,0,1,1,0,0,0,0,0,0,0,0,0,0,0,0,0,0,0,0,0,0,0,0,0,0,0
5269,0,0,10,2,0,1,5,6,2,0,1,4,0,0,0,2,0,1,1,0,0,0,1,0,2,1,0,0,1,0,0,0,0,0,0,0,0,4,0,1,0,0,0,1,0,0,0,0,0,0,0,0,1,0,0,0,0,0,0,0,0,0,0,0,0,0,0,0,0,0,0,0,0,0,0,0
5270,0,4,18,6,0,3,13,18,2,1,3,10,0,0,0,0,0,5,0,0,0,1,3,0,1,0,0,1,2,2,1,0,0,0,0,0,0,0,1,0,0,1,1,0,0,0,0,0,0,0,0,0,0,0,0,0,0,0,0,0,0,0,0,0,0,0,0,0,0,0,0,0,0,0,0,0
5271,0,2,1,4,0,0,1,3,0,3,0,1,0,0,0,1,0,0,0,0,0,1,0,1,0,0,0,0,0,0,0,0,0,0,0,1,2,0,0,0,0,0,0,0,2,0,0,0,0,0,1,0,0,0,0,0,0,1,0,0,0,0,0,0,0,0,0,0,0,0,0,0,0,0,0,0
5272,1,1,3,3,0,0,5,10,0,2,0,3,0,0,0,0,0,2,0,0,0,0,1,0,0,0,0,1,0,0,0,1,1,0,0,0,0,3,1,0,0,0,0,1,0,0,0,0,0,0,0,0,0,0,0,0,0,0,1,1,0,0,0,0,0,0,0,0,0,0,0,0,0,0,0,0
5273,0,5,21,9,0,3,10,11,0,2,1,8,0,0,0,1,2,2,0,1,0,1,4,0,1,0,2,0,1,0,2,0,0,1,0,0,1,4,0,0,0,0,0,0,0,0,0,0,0,0,0,0,2,0,0,0,0,0,1,0,0,0,0,0,0,0,0,0,0,0,0,0,0,0,0,0
5275,0,3,17,4,0,0,6,16,0,3,0,7,0,0,1,1,1,6,0,1,2,0,1,2,0,0,0,2,0,0,0,1,0,0,0,4,0,2,0,0,0,0,0,0,0,0,0,0,0,0,0,0,0,0,1,0,0,0,1,0,0,0,0,1,0,0,0,0,0,0,0,0,0,0,0,0
5276,0,4,47,21,0,0,17,4,4,1,0,5,0,0,0,4,1,3,3,0,0,2,0,0,0,0,1,0,2,0,0,0,2,2,0,0,0,2,0,0,0,1,1,0,0,0,0,0,0,0,0,1,1,0,0,0,0,0,0,0,0,0,0,0,0,0,0,0,0,0,0,0,2,0,0,0
5277,0,5,18,9,0,0,11,6,2,2,0,2,1,0,0,3,3,0,0,0,0,1,0,0,0,0,0,0,0,0,0,0,0,2,0,0,0,1,0,0,0,5,0,0,0,0,0,0,0,0,0,0,0,0,0,0,0,0,0,2,0,0,0,0,0,0,0,0,0,0,0,0,0,0,0,0
5278,0,7,14,5,0,0,14,3,2,1,0,7,0,0,0,7,3,3,0,1,1,2,1,0,1,0,0,1,0,0,0,0,0,2,0,0,0,3,0,0,0,1,0,0,0,0,0,0,0,0,0,0,1,0,0,0,0,0,0,0,0,0,0,0,0,0,0,1,0,0,0,0,1,0,0,0
5279,2,4,45,19,0,1,26,8,4,2,0,1,1,0,0,7,2,2,0,0,0,0,4,0,1,0,0,0,0,0,0,0,1,1,0,0,1,4,0,0,0,2,1,0,0,0,0,1,0,0,0,0,2,0,0,0,0,0,0,2,0,0,0,0,0,0,0,0,0,0,0,0,0,0,0,0
5280,0,6,23,10,0,4,34,16,2,8,0,6,0,0,0,6,5,3,0,1,0,1,5,0,1,0,0,1,0,0,5,0,1,2,0,0,0,0,1,0,0,2,0,0,0,0,0,0,0,0,0,0,2,0,0,0,0,0,0,1,0,1,0,0,0,0,0,0,0,0,0,0,0,0,0,0
5281,0,6,14,9,0,0,4,2,1,0,0,2,0,0,0,1,0,0,0,0,0,0,0,0,1,0,0,0,0,0,1,0,0,0,0,1,0,1,0,0,0,2,0,0,0,0,0,0,0,0,0,0,0,0,0,0,0,0,0,0,0,1,0,0,0,0,0,0,0,0,0,0,0,0,0,0
5301,0,3,5,0,0,1,4,2,1,1,1,0,0,0,0,2,0,1,0,0,0,0,1,0,0,3,0,0,0,0,0,0,1,0,0,0,0,0,0,1,0,0,1,0,0,0,0,0,0,0,0,0,0,0,0,0,0,0,0,0,0,0,0,0,0,0,0,0,0,0,0,0,0,0,0,0
5302,0,6,20,11,0,0,6,6,2,7,1,10,0,0,0,2,0,1,0,0,1,0,2,2,0,0,0,1,0,1,0,2,0,0,0,1,0,0,0,0,0,1,0,1,0,0,0,0,1,0,1,0,1,0,2,0,0,0,0,1,0,0,0,0,0,0,0,0,0,0,0,0,0,0,0,0
5303,3,6,24,25,0,0,28,22,1,11,3,7,0,0,0,4,1,1,0,1,0,0,4,0,0,1,0,0,0,0,1,1,1,1,0,0,0,5,0,2,0,12,0,1,0,0,0,0,0,0,0,0,1,0,0,0,0,0,0,1,0,0,0,0,0,0,3,0,0,0,0,0,0,0,0,0
5304,0,5,23,19,1,0,4,26,1,0,1,5,0,0,1,0,0,4,0,1,0,0,1,2,0,0,1,8,1,2,1,6,0,0,0,4,1,0,3,1,0,2,1,0,0,0,1,0,0,0,3,0,0,0,0,0,0,0,1,0,0,0,0,0,0,0,0,0,0,0,0,0,0,0,0,0
5305,0,4,9,11,0,0,1,43,1,1,0,10,0,0,0,0,1,1,0,1,3,0,2,0,0,1,0,8,0,2,0,7,1,0,0,3,0,0,1,2,0,0,0,0,0,0,0,0,0,1,2,0,1,0,0,0,0,0,0,0,0,0,0,1,0,0,1,0,0,0,0,0,0,0,0,0
5306,0,3,8,12,0,2,1,11,2,1,1,5,0,0,0,1,0,0,0,0,0,0,1,0,0,0,0,0,0,1,1,0,0,0,0,0,0,2,0,0,0,0,1,0,0,0,0,0,1,0,1,0,0,0,0,0,0,1,0,0,0,0,0,0,0,0,0,0,0,0,0,0,0,0,0,0
5307,0,3,23,12,0,1,1,7,0,4,3,3,0,0,0,0,0,2,0,0,0,2,1,0,1,0,0,0,0,0,1,0,0,0,0,0,0,1,0,0,0,0,0,0,0,0,0,0,0,0,0,0,0,0,0,0,0,0,0,0,0,0,0,0,0,0,0,0,0,0,0,0,0,0,0,0
5308,0,3,12,4,0,0,2,1,0,0,0,0,0,0,0,1,0,1,0,1,0,0,0,0,1,0,0,0,0,0,0,0,0,0,0,0,0,0,0,0,0,1,0,0,0,0,0,0,0,0,0,0,0,0,0,0,0,0,0,0,0,0,0,0,0,0,0,0,0,0,0,0,0,0,0,1
5309,0,10,24,12,0,3,9,26,1,4,5,4,0,0,1,1,3,7,0,0,0,0,3,0,0,0,3,0,2,0,0,0,1,0,0,0,0,2,0,0,0,2,0,2,0,0,0,0,0,0,0,0,1,0,0,0,0,0,0,0,0,0,0,0,0,0,0,0,0,0,0,0,2,0,0,0
5310,0,1,13,13,1,1,7,18,0,0,2,7,0,0,4,2,2,1,0,0,0,0,0,3,0,1,0,5,3,4,2,1,1,0,1,6,0,2,0,1,0,0,1,0,0,0,0,0,0,0,0,0,0,0,0,0,0,0,1,0,0,0,1,0,0,0,0,0,0,2,1,0,0,0,0,0
5311,0,3,20,11,10,2,0,16,0,1,0,0,0,0,0,1,1,2,0,1,0,1,1,1,0,0,0,2,0,0,0,1,2,0,0,2,0,1,0,2,0,0,3,0,0,0,0,0,0,0,3,0,0,3,0,0,0,0,0,0,0,0,0,0,0,0,0,0,0,1,0,0,0,0,0,0
5312,0,1,8,9,1,0,4,14,0,6,1,1,0,0,0,2,0,2,0,0,0,0,3,0,0,0,0,0,0,0,0,0,1,2,0,0,0,0,0,0,0,1,0,2,0,0,0,1,0,0,0,0,0,0,1,0,0,0,0,0,0,0,0,0,0,0,0,0,0,0,0,0,0,0,0,0
5313,0,2,9,2,1,0,7,5,0,0,3,0,0,0,0,1,0,4,0,1,0,0,0,0,1,0,0,0,0,0,0,0,0,0,0,0,0,1,0,0,0,0,2,0,0,0,0,0,0,1,0,0,0,0,0,0,0,0,0,0,0,0,0,0,0,0,0,0,0,0,0,0,0,0,0,0
5314,0,4,11,8,0,0,1,5,0,4,0,1,0,0,0,2,0,4,0,0,0,0,0,0,1,0,0,0,0,0,1,0,0,1,0,0,0,0,0,0,0,1,0,0,0,0,0,1,0,0,0,0,1,0,0,0,0,0,0,0,0,0,0,0,0,0,0,0,0,0,0,0,0,0,0,0
5316,0,1,4,3,0,0,1,7,0,1,0,1,0,0,0,0,0,1,0,0,0,0,0,0,1,0,0,0,0,0,1,0,0,0,0,0,0,0,0,0,1,0,0,0,0,0,0,0,0,0,0,0,0,0,0,0,0,0,0,1,0,0,0,0,0,0,0,0,0,0,0,0,0,0,0,0
5318,0,1,6,6,0,0,0,5,0,1,0,0,0,0,0,0,0,0,1,0,0,0,0,0,0,0,0,0,0,0,0,1,0,0,0,0,0,0,0,1,0,0,0,0,0,0,0,0,0,0,0,0,0,0,0,0,0,0,0,0,0,0,0,0,0,0,0,0,0,0,0,0,0,0,0,0
5319,0,1,4,0,0,0,3,12,0,2,0,1,0,0,0,2,0,4,0,0,0,0,0,0,1,0,0,2,0,0,1,0,0,0,0,0,0,6,0,0,0,1,1,0,0,0,0,0,0,0,0,0,2,0,0,0,0,0,0,0,0,0,0,0,0,0,0,0,0,0,0,0,0,0,0,0
5320,0,8,33,13,0,4,14,23,2,3,0,8,0,0,0,10,5,4,0,0,0,3,3,0,0,2,0,1,0,0,4,2,1,3,0,0,0,3,0,0,0,0,1,0,0,0,0,0,1,0,0,0,0,0,0,0,0,0,1,0,0,0,0,0,0,0,0,0,0,0,0,0,0,0,0,0
5321,0,4,0,4,0,1,5,1,2,0,0,1,0,0,0,1,1,0,0,0,0,2,0,0,0,0,0,0,0,0,0,0,0,0,0,0,0,0,0,0,0,1,0,0,0,0,0,1,0,0,0,0,0,0,0,0,0,1,0,0,0,0,0,0,0,0,0,0,0,0,0,0,0,0,0,0
5322,0,2,1,0,0,0,4,1,2,0,0,5,0,0,0,3,0,1,0,0,0,1,2,0,0,0,0,0,0,0,0,0,0,3,0,0,0,0,0,3,0,0,0,0,0,0,0,0,1,0,0,0,0,0,1,0,0,2,0,0,0,0,0,0,0,0,0,0,0,0,0,0,0,0,0,0
5323,0,10,44,30,0,3,35,23,8,5,3,6,0,0,0,5,8,1,0,0,0,1,6,0,1,0,0,1,2,0,5,0,0,5,0,0,0,4,0,0,0,4,1,0,0,0,0,0,0,0,0,0,0,0,0,0,0,0,0,3,0,0,0,0,0,0,0,0,0,0,0,0,0,0,0,0
5325,0,0,10,7,0,0,4,3,1,0,0,0,0,0,0,4,1,1,1,1,0,0,0,0,0,0,0,0,0,0,0,0,0,0,0,0,0,0,0,0,0,0,0,0,0,0,0,0,0,0,0,0,2,0,0,0,0,0,0,0,0,0,0,0,0,0,0,0,0,0,0,0,0,0,0,0
5349,0,1,12,14,0,0,6,1,0,2,0,1,0,0,0,0,1,2,0,0,0,0,1,0,0,0,0,1,0,0,0,0,0,0,0,0,0,1,0,0,0,1,0,0,0,0,0,0,0,0,0,0,2,0,0,0,0,0,0,0,0,0,0,0,0,0,0,0,0,0,0,0,0,0,0,0
5350,0,2,7,3,0,4,25,18,0,8,2,4,0,0,0,1,1,4,0,1,0,0,1,0,0,1,1,0,0,1,1,0,0,0,0,0,1,1,0,0,0,2,0,1,1,1,0,0,0,0,0,0,2,0,0,0,0,0,0,0,0,1,0,0,0,0,0,0,0,0,0,0,0,0,0,0
5351,0,3,17,12,0,0,16,5,3,6,0,3,0,0,0,0,4,1,0,0,0,0,4,0,0,1,1,0,0,0,0,0,2,0,0,0,0,3,3,0,0,5,1,0,0,0,0,0,0,0,0,0,3,0,0,0,0,0,0,0,0,0,0,0,0,0,0,0,0,0,0,0,0,0,0,0
5353,0,8,27,17,0,0,1,24,1,3,0,10,0,0,0,3,0,0,0,0,0,1,2,2,0,0,0,6,0,0,0,7,1,0,0,11,0,0,0,1,0,0,2,0,0,0,0,0,0,0,2,0,1,0,1,0,0,0,0,0,0,0,0,1,1,0,1,0,0,0,0,0,0,0,0,0
5354,0,5,22,13,0,0,7,9,1,5,0,1,0,0,0,0,1,3,1,0,0,0,3,1,0,1,1,0,2,0,1,1,1,0,0,0,0,0,0,0,0,3,1,0,0,0,0,0,0,0,0,0,0,0,0,0,0,0,2,0,0,1,0,0,1,0,0,0,0,0,0,0,0,0,0,0
5355,0,1,7,4,0,0,5,5,1,2,0,1,0,0,0,1,3,1,0,0,0,1,1,0,0,0,0,1,0,0,0,0,0,0,0,1,0,1,0,1,0,5,0,0,0,0,0,0,1,0,0,0,1,0,0,0,0,0,0,0,0,0,0,0,0,0,0,0,0,0,0,0,0,0,0,0
5356,0,1,22,6,0,1,1,5,0,2,0,3,0,0,0,1,0,3,0,0,0,0,5,0,0,1,0,1,1,0,0,0,0,1,0,0,0,1,0,0,0,0,0,0,1,0,0,0,0,0,0,0,0,0,0,0,0,0,0,0,0,1,0,0,0,0,0,0,0,0,0,0,0,0,0,0
5357,0,4,14,8,0,1,18,9,2,4,1,3,0,0,0,2,0,0,0,0,1,0,1,0,0,0,0,0,1,0,1,0,0,0,0,0,0,0,1,0,0,5,0,0,0,0,0,0,0,0,0,0,0,0,0,0,0,0,0,0,0,0,0,0,0,0,0,0,0,1,0,0,0,0,0,0
5358,0,10,50,24,0,2,14,20,2,7,1,6,0,0,0,2,2,2,0,0,1,0,8,0,4,0,0,1,0,1,0,2,0,0,0,0,0,5,1,0,0,1,1,0,0,0,0,0,0,0,0,0,0,0,0,0,0,0,0,0,0,0,0,0,0,0,1,0,0,0,0,0,0,0,0,0
5359,0,2,4,2,0,0,4,1,0,0,0,3,0,0,0,1,1,1,0,0,0,0,0,0,0,0,1,0,0,0,0,0,0,0,0,0,0,0,0,1,0,1,0,0,0,0,0,0,0,0,0,0,0,0,0,0,0,0,0,0,0,0,0,0,0,0,0,0,0,0,0,0,0,0,0,0
5360,0,1,10,5,0,0,6,4,0,2,1,4,0,0,0,1,1,1,0,1,0,1,0,0,0,0,0,0,1,0,0,0,1,0,0,0,0,0,0,0,0,0,0,0,11,0,0,0,0,0,0,0,0,0,0,0,0,0,0,0,0,0,0,0,0,0,0,0,0,0,0,0,0,0,0,0
5361,0,2,16,10,0,3,0,2,0,1,1,3,0,0,0,1,1,1,0,0,0,0,0,0,0,2,0,0,0,0,0,0,0,1,0,0,0,0,0,0,0,0,1,0,1,0,0,0,0,0,0,0,7,0,0,0,0,0,0,0,0,0,0,0,0,0,0,0,0,0,0,0,0,0,0,0
5362,0,0,1,1,0,1,2,3,0,1,0,3,0,0,0,1,0,1,1,0,0,0,0,0,0,0,1,2,1,0,0,0,0,0,1,0,0,0,1,0,0,0,0,0,0,0,0,0,0,0,0,0,1,0,0,0,0,0,0,0,0,0,0,0,0,0,0,0,0,0,0,0,0,0,0,0
5363,0,4,8,6,0,0,5,5,0,0,1,1,0,0,0,3,0,1,0,0,0,0,1,0,0,0,3,1,1,1,0,1,0,0,0,1,0,0,0,0,0,1,0,1,0,0,0,0,0,0,0,0,0,0,0,0,0,0,0,0,0,0,0,0,0,0,0,0,0,0,0,0,0,0,0,0
5364,0,3,13,5,8,0,12,25,4,8,2,4,0,0,0,9,0,2,0,0,0,1,0,1,0,0,0,4,2,3,0,3,3,0,0,2,0,2,0,1,0,0,1,1,0,0,0,0,0,2,0,0,0,0,0,0,0,0,0,0,1,0,0,0,0,0,0,0,0,0,0,0,0,0,0,0
5365,0,1,2,4,1,1,5,3,1,2,0,2,0,0,0,1,2,0,0,0,0,0,1,0,1,0,0,0,1,1,0,1,0,0,0,0,0,3,0,3,0,2,0,0,0,0,0,0,0,0,0,0,0,0,0,0,0,0,0,0,0,0,0,0,0,0,0,0,0,0,0,0,0,0,0,0
5366,0,3,40,25,0,2,1,17,2,3,1,8,0,0,0,4,0,0,1,0,1,0,0,0,0,0,0,3,1,0,0,4,0,2,0,0,0,2,2,0,0,2,0,0,0,0,0,0,0,0,0,0,2,0,0,0,0,0,0,0,0,0,0,0,0,0,0,0,0,0,0,0,1,0,0,0
5367,0,2,13,3,0,1,3,2,0,1,1,6,0,0,0,1,0,2,0,0,0,1,1,0,0,0,0,0,0,0,0,0,0,0,0,0,0,1,0,0,0,0,1,0,0,0,0,0,1,0,0,0,0,0,0,0,0,0,0,0,0,0,0,0,0,0,0,0,0,0,0,0,0,0,0,0
5369,1,6,21,9,0,2,11,11,4,4,0,8,0,0,1,0,1,2,0,1,0,0,5,0,0,0,2,0,2,1,3,0,2,0,0,0,0,0,0,0,0,1,1,0,0,0,0,0,0,0,0,0,0,0,0,0,0,0,1,0,0,0,0,0,0,0,0,0,0,0,0,0,0,0,0,0
5370,0,3,5,5,0,1,5,14,3,5,1,4,0,0,1,0,0,1,0,0,0,1,3,0,1,0,0,0,1,0,1,0,0,0,0,1,0,0,1,0,0,1,1,0,0,0,0,0,0,0,0,0,0,0,0,0,0,0,0,0,0,0,0,0,0,0,0,0,0,0,0,0,0,0,1,0
5371,0,9,12,11,0,0,10,8,2,5,2,1,0,0,0,0,0,3,0,0,0,0,2,0,0,0,0,0,0,0,1,1,1,0,0,0,0,1,0,1,0,3,0,0,0,0,0,0,0,0,0,0,1,0,0,0,0,0,0,0,0,0,0,0,0,0,0,0,0,0,0,0,0,0,0,0
5372,0,2,12,2,0,1,6,25,0,3,1,4,0,0,1,5,0,0,0,0,0,0,0,0,3,0,1,0,0,1,0,1,0,0,0,0,0,1,0,0,0,1,0,2,0,0,0,0,0,0,0,0,3,0,0,0,0,0,0,0,0,0,0,1,0,0,0,0,0,0,0,0,0,0,0,0
5374,5,3,26,12,16,0,4,13,2,5,0,2,0,0,3,4,1,2,0,1,0,0,2,1,0,0,0,0,0,0,2,0,0,1,1,0,2,2,1,0,0,0,0,0,1,0,0,0,0,1,0,0,0,0,0,0,0,1,1,1,0,0,0,1,0,0,0,0,0,2,0,0,0,0,0,0
5375,0,0,5,0,0,0,5,5,1,3,1,4,0,0,1,3,2,1,0,0,0,0,0,0,0,0,0,0,0,0,3,0,0,0,0,0,0,4,0,0,0,1,0,0,0,0,0,1,0,0,0,0,0,0,0,0,0,0,0,0,1,0,0,0,0,0,0,0,0,0,0,0,0,0,0,0
5376,0,0,4,4,0,1,1,0,8,1,0,1,0,0,0,1,0,0,0,0,0,0,0,0,0,0,0,1,0,0,1,0,0,0,0,0,1,0,0,0,0,1,1,4,0,0,0,0,0,0,0,1,2,0,0,0,0,0,0,0,0,1,0,0,0,0,2,0,0,0,0,0,0,0,0,0
5377,0,4,22,12,0,1,9,10,1,4,0,1,1,0,0,0,0,0,0,0,0,2,3,0,0,0,0,1,0,0,1,0,0,0,0,1,0,4,0,0,0,4,1,0,0,0,0,0,0,0,0,0,0,0,0,0,0,0,1,0,0,0,0,0,0,0,0,0,0,0,0,0,1,0,0,0
5378,0,0,8,4,0,0,14,1,2,3,0,0,0,0,0,0,0,0,0,0,0,0,1,0,0,0,0,0,0,0,0,0,0,3,0,0,0,0,0,0,0,1,0,0,0,0,0,1,0,0,0,0,0,0,0,0,0,0,0,1,0,0,0,0,0,0,0,0,0,0,0,0,0,0,0,0
5398,1,6,31,15,5,2,23,33,1,3,4,6,0,2,1,2,2,7,0,0,1,1,7,0,0,0,1,0,1,1,0,1,0,0,1,3,1,2,1,0,0,4,0,1,0,1,0,0,0,0,1,0,1,0,0,0,0,0,0,5,0,0,0,0,0,0,0,1,0,0,0,0,0,1,0,0
5399,0,1,6,9,1,1,15,13,0,3,1,6,0,0,0,1,2,3,0,0,0,0,3,0,0,1,3,1,0,0,0,0,0,0,0,1,0,2,0,0,0,0,0,0,0,0,0,0,0,0,0,0,0,0,0,0,0,0,0,0,0,0,0,1,0,0,1,0,0,0,0,0,0,0,0,0
5400,0,4,14,6,0,7,24,16,0,3,5,2,0,0,0,3,2,5,0,0,0,1,2,0,0,0,1,1,0,0,0,0,0,0,0,0,0,0,1,0,0,0,1,1,0,1,0,0,1,0,0,0,1,0,0,0,0,0,0,1,0,0,0,0,0,0,0,0,0,0,0,0,0,0,0,0
5401,0,7,25,12,0,0,22,21,1,5,1,7,0,0,0,3,1,1,0,0,0,2,3,0,1,0,0,0,0,0,0,0,1,0,0,0,0,1,0,1,0,5,1,0,0,0,0,0,1,0,0,0,0,0,0,0,0,0,0,0,0,0,0,0,0,0,0,0,0,0,0,0,0,0,0,0
5403,0,1,0,0,0,1,3,5,0,1,0,4,0,0,1,1,0,0,0,0,0,0,0,0,0,1,1,0,0,1,0,0,0,0,0,2,0,0,0,0,0,0,0,0,0,0,0,0,0,1,0,0,0,0,0,0,0,0,0,0,0,0,0,0,0,0,0,0,0,0,0,0,0,0,0,0
5404,0,9,18,6,0,1,2,9,0,2,0,2,0,0,0,1,1,5,0,2,0,2,2,1,0,0,2,0,1,0,0,1,0,0,0,0,0,1,0,0,0,0,0,0,0,0,0,0,0,0,0,0,0,0,0,0,0,0,0,1,0,0,0,0,0,0,0,0,0,0,0,0,0,0,0,0
5405,0,2,9,1,0,0,5,5,1,4,2,2,0,0,0,1,1,1,0,0,0,1,9,0,3,0,0,0,0,0,2,0,0,0,0,0,0,3,0,0,0,0,0,0,0,0,0,0,0,0,0,0,0,0,0,0,0,0,0,0,0,0,0,0,0,0,0,0,0,0,0,0,0,0,0,0
5406,0,3,0,0,0,0,3,4,0,4,3,0,0,0,0,1,0,0,0,0,0,1,0,0,0,0,0,0,0,0,0,0,1,0,0,0,0,0,0,0,0,0,0,0,0,0,0,0,0,0,0,0,0,0,0,0,0,0,0,0,0,0,0,0,0,0,1,0,0,0,0,0,0,0,0,0
5407,0,1,5,5,0,0,2,9,1,2,3,1,0,0,0,0,3,2,0,0,0,0,1,1,0,0,1,0,2,0,0,0,0,0,0,0,0,3,0,0,0,0,0,1,0,0,0,0,0,0,0,0,1,0,0,0,0,0,1,0,0,0,0,0,0,0,0,0,0,0,0,0,0,0,0,0
5408,0,4,9,5,5,1,3,14,1,3,1,5,0,0,2,1,0,1,0,0,0,1,0,0,0,1,2,5,0,0,0,2,0,0,2,0,0,3,0,0,0,0,1,2,0,0,0,0,0,0,0,0,0,0,0,0,0,0,0,0,0,0,0,0,0,0,0,0,0,0,0,0,0,0,0,0
5409,0,10,26,14,1,7,19,20,1,2,0,8,0,0,1,0,2,0,0,2,0,0,1,0,0,0,0,1,2,0,1,0,1,0,0,1,0,1,1,0,0,4,0,0,0,0,0,0,0,0,0,0,1,0,0,0,0,0,1,0,0,1,0,0,0,0,1,0,0,1,0,0,0,0,1,0
5410,0,0,3,0,0,4,7,18,1,1,0,7,0,0,0,0,2,2,0,0,0,0,3,0,0,0,0,0,1,0,0,1,0,0,0,0,0,2,0,0,0,1,0,0,1,0,0,0,0,0,0,0,0,0,0,0,0,0,0,0,0,0,0,0,0,0,0,0,0,0,0,0,0,0,0,0
5411,0,2,1,1,0,2,11,13,1,4,1,0,0,0,0,0,0,0,0,0,0,0,0,0,2,0,0,0,0,0,1,0,0,0,0,0,0,2,0,0,0,1,0,0,0,0,0,0,0,0,0,0,0,0,0,0,0,0,0,0,0,0,0,0,0,0,0,0,0,0,0,0,0,0,0,0
5412,0,4,35,23,0,9,18,45,3,2,2,9,0,0,3,2,3,7,0,1,0,1,3,0,0,0,1,2,6,1,3,0,1,0,0,0,2,1,1,2,0,2,0,0,0,0,0,0,0,0,0,0,1,0,0,0,0,0,0,0,1,0,0,0,1,0,0,0,1,0,1,0,0,0,0,0
5413,0,2,11,0,0,5,6,17,0,0,0,4,0,0,0,1,1,0,0,0,0,0,0,0,1,0,0,1,0,0,0,0,0,0,0,0,0,0,1,0,0,0,0,0,0,0,0,0,1,0,0,0,0,0,0,0,0,0,0,0,0,0,0,0,0,0,0,0,0,0,0,0,0,0,0,0
5414,0,3,17,9,0,2,7,22,0,2,1,9,0,0,1,0,2,1,0,0,1,3,3,1,0,0,1,0,1,1,0,2,0,0,1,2,0,0,2,0,0,0,0,0,0,0,0,0,0,0,0,0,1,0,0,0,0,0,2,0,0,0,0,0,0,0,0,0,0,0,0,0,0,0,0,0
5415,0,1,4,0,0,1,13,20,0,3,2,5,0,0,0,1,0,0,0,0,0,0,2,0,1,0,0,0,2,0,0,0,0,2,0,0,0,0,0,0,0,0,0,0,0,0,0,0,0,0,0,0,1,0,0,0,0,0,0,0,0,0,0,0,0,0,0,0,0,0,0,0,0,0,0,0
5416,0,4,18,8,0,1,4,30,2,1,1,14,0,0,0,1,1,1,0,1,2,0,0,4,2,0,0,3,1,0,0,7,0,0,0,0,0,1,0,3,0,2,0,0,0,0,0,0,0,0,0,0,0,0,1,0,0,0,0,0,0,0,0,0,1,0,0,0,0,0,0,0,0,0,0,0
5417,0,0,20,10,6,0,19,30,0,4,1,7,0,0,9,4,0,5,0,1,0,1,3,0,1,2,2,3,1,0,1,0,0,0,0,0,1,2,0,0,0,1,1,0,1,0,0,0,0,0,1,0,1,0,2,0,0,2,0,1,0,0,0,0,0,0,0,0,0,1,0,0,0,0,0,0
5418,0,2,5,6,0,0,4,4,1,0,1,1,0,0,0,0,0,0,0,1,0,0,0,1,0,0,0,2,0,0,0,2,0,0,0,0,0,0,0,0,0,1,0,0,0,0,0,0,0,0,0,0,0,0,0,0,0,0,0,0,0,0,0,0,0,0,0,0,0,0,0,0,0,0,0,0
5419,1,0,18,3,0,0,3,2,5,0,1,0,0,0,0,2,0,1,0,0,0,2,0,0,0,0,0,1,0,0,0,0,0,0,0,0,0,1,0,0,0,0,0,1,0,0,0,0,0,0,0,0,0,0,0,0,0,0,0,0,0,0,0,0,0,0,1,1,0,0,0,0,0,0,0,0
5420,0,9,22,12,0,3,14,21,2,4,1,2,0,0,0,1,0,0,0,0,0,1,1,0,1,0,0,0,1,0,1,0,1,1,0,2,0,1,0,1,0,0,2,0,0,0,0,0,0,0,0,0,1,0,0,0,0,1,3,1,0,0,0,0,0,0,0,0,0,0,0,0,0,0,0,0
5421,0,10,17,22,0,1,16,20,1,8,1,1,0,0,2,3,2,1,0,0,0,0,1,0,1,0,0,2,0,0,0,2,0,1,0,0,0,6,0,0,0,2,0,0,0,0,0,0,0,0,0,0,1,0,0,0,0,0,0,0,0,0,0,0,0,0,0,0,0,0,0,0,0,0,0,0
5422,0,1,10,5,0,0,0,2,0,2,1,1,0,0,0,1,0,2,1,0,0,2,1,0,0,0,0,1,0,0,0,0,0,1,0,0,0,1,0,0,0,0,0,0,0,0,0,1,0,0,0,0,0,0,0,0,0,0,0,0,0,0,0,0,0,0,0,0,0,0,0,0,0,0,0,0
5423,0,4,18,6,0,0,12,9,0,3,0,1,0,0,0,9,2,1,0,3,0,3,9,0,0,0,0,0,0,0,0,1,0,4,0,0,0,6,0,0,0,1,0,0,0,0,0,2,0,0,0,0,0,0,0,0,0,0,0,0,0,0,0,0,0,0,0,0,0,0,1,0,0,0,0,0
5424,0,5,10,8,0,0,2,1,2,0,0,3,0,0,0,0,0,1,0,0,0,0,0,0,0,0,0,0,0,0,0,1,0,0,0,0,0,0,0,0,0,0,0,0,0,0,0,0,0,0,0,0,1,0,1,0,0,0,0,0,0,0,0,0,0,0,0,0,0,0,0,0,0,0,0,0
5425,0,2,8,1,0,0,6,1,0,1,0,1,0,0,0,1,1,0,0,0,0,0,1,0,0,0,0,0,0,0,0,0,0,0,0,0,0,0,0,0,0,0,0,0,0,0,0,0,0,0,0,0,0,0,0,0,0,0,0,0,0,0,0,0,0,0,0,0,0,0,0,0,2,0,0,0
5426,0,4,10,6,0,1,9,3,0,2,0,4,0,0,0,1,1,0,0,0,0,0,0,0,0,0,0,0,0,0,1,0,0,0,0,0,0,3,0,1,0,0,0,0,0,0,0,1,0,0,0,0,0,0,0,0,0,0,0,0,0,0,0,0,0,0,0,0,0,0,0,0,0,0,0,0
5450,0,4,13,2,0,0,14,14,0,8,2,6,0,0,0,3,0,10,1,1,0,0,2,0,0,0,3,0,0,0,1,0,0,0,0,0,0,5,2,0,1,11,1,0,0,0,1,0,1,0,0,0,1,0,0,0,0,0,0,0,0,0,0,0,0,0,0,0,0,0,1,0,0,0,0,0
5451,0,0,0,1,0,0,1,12,0,0,0,2,0,0,0,0,2,0,0,0,1,0,0,1,0,1,0,0,1,0,0,2,0,0,0,1,0,1,0,1,0,0,0,1,0,0,0,0,0,0,1,0,0,0,1,0,0,0,1,0,0,0,0,0,0,0,0,0,0,0,0,0,0,0,0,0
5452,0,2,12,11,1,1,13,15,0,2,1,8,0,0,0,2,0,3,0,0,1,0,1,1,0,0,0,3,0,0,0,0,0,0,0,5,1,0,0,0,0,0,1,1,0,0,0,2,0,0,0,0,0,1,0,0,0,0,0,2,0,0,0,0,0,0,0,0,0,0,0,0,0,0,0,0
5453,0,2,6,3,0,1,14,10,1,8,2,1,0,0,0,1,1,3,0,0,0,0,0,0,0,0,2,0,0,0,0,0,0,0,0,0,0,2,0,0,1,3,1,0,0,0,0,0,0,0,0,0,0,0,0,0,0,0,1,0,0,1,0,0,0,0,0,0,0,0,0,0,0,0,0,0
5454,1,6,17,13,0,0,3,2,1,1,0,2,0,0,0,1,0,2,0,1,0,0,2,0,3,0,0,0,0,0,0,0,0,0,0,0,0,1,0,0,0,3,0,1,0,0,0,0,0,0,0,0,0,0,0,0,0,0,2,2,0,0,0,0,0,0,0,0,0,0,0,0,0,0,0,0
5455,0,6,9,5,0,2,4,13,0,3,0,1,0,0,0,1,0,2,2,0,0,0,2,0,0,0,1,0,0,0,0,0,1,0,0,0,0,0,0,0,0,1,0,0,0,1,0,0,0,0,0,0,1,0,0,0,0,0,0,0,0,0,0,0,0,0,0,0,0,0,0,0,0,0,0,0
5456,0,0,2,1,0,1,4,5,0,2,0,0,0,0,0,1,1,3,0,0,0,0,1,0,0,0,0,0,0,0,1,1,0,0,0,0,0,0,0,0,0,0,0,0,0,0,0,0,0,0,0,0,0,0,1,0,0,0,0,0,0,0,0,1,0,0,0,0,0,0,0,0,0,0,0,0
5457,0,11,25,23,0,0,10,31,8,5,1,8,0,0,0,1,3,4,0,0,0,4,2,1,0,0,2,6,4,3,2,0,2,0,2,3,0,2,0,0,0,8,1,2,0,0,0,0,0,0,0,0,0,0,2,0,0,0,0,0,0,0,0,0,0,0,1,0,0,0,0,0,0,0,0,0
5458,0,2,1,0,0,0,4,1,1,0,1,0,0,0,0,2,0,0,0,1,0,0,3,0,0,2,0,0,0,0,1,0,0,0,0,0,0,0,0,1,0,0,1,0,1,0,0,0,0,0,0,0,0,0,0,0,0,0,0,0,0,0,0,0,1,0,0,0,0,0,0,0,0,0,0,0
5459,0,12,45,32,7,2,15,24,2,5,3,2,0,0,3,3,2,3,0,2,0,2,2,3,1,1,0,0,0,2,2,4,2,0,0,3,8,0,1,0,0,3,0,0,0,0,0,0,1,0,1,0,0,0,2,0,0,0,0,1,0,0,0,3,0,0,0,0,0,1,0,0,0,0,0,0
5460,0,1,1,3,0,1,0,4,0,1,2,1,1,0,0,1,3,3,0,1,0,0,0,0,0,0,0,0,1,0,0,1,1,0,0,0,0,0,0,0,0,2,0,0,1,0,0,0,0,0,0,0,0,0,0,0,0,0,0,0,0,0,0,0,0,0,0,0,0,0,0,0,0,0,0,0
5461,1,3,5,4,0,0,9,13,1,1,0,1,0,0,1,1,0,0,0,0,0,1,0,1,2,0,1,0,0,0,0,1,0,0,0,0,0,0,0,0,0,0,1,0,0,0,1,0,0,0,0,0,0,1,0,0,0,1,1,1,0,0,0,0,0,0,0,0,0,0,0,0,0,0,0,0
5462,0,3,4,0,0,3,9,36,0,2,0,6,0,0,2,3,0,3,0,1,1,0,0,0,0,0,1,0,1,0,1,0,1,0,0,0,0,1,3,0,0,0,0,0,0,0,0,0,0,0,0,0,0,0,0,0,0,0,0,0,0,0,0,0,2,0,0,0,0,0,0,0,0,0,0,0
5463,0,9,28,11,1,6,9,30,1,0,3,9,0,0,2,0,1,2,1,0,0,0,6,0,1,1,1,0,1,0,1,1,1,2,0,0,0,0,1,0,0,0,0,0,0,0,0,0,0,0,0,0,1,0,0,0,0,0,1,0,0,1,0,0,0,0,0,0,0,0,0,0,0,0,0,0
5464,0,7,12,5,0,0,6,8,0,3,0,2,0,0,0,1,2,1,0,0,0,0,0,0,0,0,1,0,3,1,1,0,0,1,0,0,0,1,0,0,0,1,0,0,0,0,0,0,0,0,0,0,0,0,0,0,0,0,0,0,0,0,0,0,0,0,0,0,0,0,0,0,0,0,0,0
5465,1,4,19,13,0,0,0,1,0,1,2,2,0,0,0,1,0,2,0,0,0,0,1,0,1,0,0,0,1,0,0,0,0,0,0,1,0,0,0,0,0,2,0,1,0,0,0,0,0,0,0,0,0,0,0,0,0,0,0,1,0,0,0,0,0,0,0,0,0,0,1,0,0,0,0,0
5467,0,3,13,8,0,9,11,29,4,3,2,8,1,0,0,2,2,3,0,0,0,0,1,0,0,0,1,1,5,0,1,1,0,0,0,0,0,0,0,0,0,1,0,1,0,0,0,0,0,0,0,0,2,0,0,0,0,0,0,0,0,1,0,0,0,0,0,0,0,0,0,0,0,0,0,0
5468,0,2,10,4,0,9,12,22,1,1,0,5,0,0,2,0,1,2,0,0,0,0,3,0,1,0,0,1,1,0,4,0,1,0,0,0,0,1,0,0,0,1,1,0,0,0,0,0,0,0,0,0,2,0,0,0,0,0,2,0,0,0,0,0,0,0,0,0,0,0,1,0,0,0,0,0
5469,0,8,16,15,0,8,7,25,4,3,1,3,0,0,0,0,1,0,0,1,0,1,3,0,2,1,0,3,0,0,1,1,1,0,0,2,0,0,0,2,0,1,0,0,0,0,0,0,0,0,0,0,0,0,0,0,0,0,0,0,0,0,0,0,0,0,0,0,0,0,0,0,0,0,0,0
5470,0,2,15,5,0,1,3,2,1,2,0,5,0,0,0,0,0,0,0,0,0,0,0,0,0,0,0,0,1,0,0,0,0,0,0,0,0,0,0,0,0,0,0,0,0,0,0,0,0,0,0,0,0,0,0,0,0,0,1,0,0,0,0,1,0,0,0,0,0,0,0,0,0,0,0,0
5472,0,3,9,3,0,6,9,10,1,0,1,1,0,0,0,0,1,3,0,1,0,1,0,0,0,0,0,0,0,1,1,0,0,0,0,0,0,0,0,0,0,1,0,0,0,0,0,0,0,0,0,0,0,0,0,0,0,0,0,0,0,0,0,0,0,0,0,0,0,0,0,0,0,0,0,0
5473,0,0,6,3,0,3,2,22,0,1,0,3,0,0,0,1,3,1,0,0,0,0,1,0,1,0,3,0,1,0,1,0,2,0,0,0,0,1,0,0,0,0,0,0,0,0,0,0,0,0,0,0,0,0,0,0,0,0,1,0,0,0,0,0,0,0,0,0,0,0,0,0,0,0,0,0
5474,0,10,32,15,0,1,3,49,2,7,0,18,0,0,0,2,0,5,0,0,4,2,0,5,2,1,0,1,1,0,0,5,0,0,0,4,1,2,2,2,0,0,0,0,0,0,0,0,1,0,1,0,0,2,1,0,0,0,2,0,0,0,0,1,0,0,0,0,0,0,0,0,0,0,0,0
5475,0,2,13,8,0,0,0,1,1,0,0,2,0,0,0,0,1,0,0,0,1,0,0,0,0,2,0,2,0,0,0,0,0,0,0,0,0,1,0,0,0,0,0,0,0,0,0,0,0,0,0,0,1,0,0,0,0,0,0,0,0,0,0,0,0,0,0,0,0,0,0,0,0,0,0,0
5476,0,3,19,3,10,0,3,25,0,2,2,8,0,0,0,0,2,4,0,0,2,5,0,0,0,0,0,6,1,0,2,6,1,0,0,8,3,1,1,0,0,0,0,0,0,0,0,0,0,1,1,0,0,0,3,0,0,0,1,0,0,0,0,2,0,0,0,0,0,0,0,0,0,0,0,0
5477,0,2,4,0,0,0,8,5,1,4,0,0,0,0,0,0,1,1,0,0,0,0,1,0,0,0,1,0,0,0,0,0,0,4,0,0,0,2,0,0,0,1,0,0,0,0,0,1,0,0,0,0,0,0,0,0,0,0,0,0,0,0,0,0,0,0,0,0,0,0,0,0,0,0,0,0
5478,0,0,3,0,0,0,8,6,0,3,0,1,0,0,0,0,0,1,0,0,1,0,1,0,0,0,1,0,1,0,2,0,0,2,0,0,0,1,1,0,0,0,0,0,0,0,0,1,0,0,0,0,0,0,0,0,0,0,0,2,0,0,0,0,0,0,0,0,0,0,0,0,0,0,0,0
5480,0,2,20,14,1,0,17,11,0,3,0,4,0,0,0,1,1,2,0,0,0,3,0,0,0,0,0,0,0,0,2,2,0,3,0,0,0,0,0,0,0,1,1,0,0,0,0,1,0,1,0,0,0,0,0,0,0,2,1,0,0,0,0,0,0,0,0,0,0,0,0,0,0,0,0,0
5481,0,2,0,0,1,1,5,6,0,3,0,0,0,0,0,1,1,1,0,0,0,1,1,0,0,0,0,0,1,1,0,0,1,0,0,0,0,0,0,0,0,3,0,0,0,0,0,0,0,0,0,0,0,0,0,0,0,0,0,0,0,0,0,0,0,0,0,0,0,0,0,0,0,0,0,0
5482,0,1,16,14,0,0,3,3,0,0,0,1,0,0,0,0,0,1,1,1,0,0,0,0,0,0,0,0,0,0,0,1,0,0,0,0,0,0,0,0,0,0,1,1,0,0,0,0,0,0,0,0,0,0,0,0,0,0,0,0,0,0,0,0,0,0,0,0,0,0,0,0,0,0,0,0
5484,0,2,7,7,0,0,7,3,2,2,1,5,0,0,0,1,0,3,0,1,0,0,2,0,0,1,0,0,1,0,0,0,0,3,0,0,0,2,0,2,0,2,0,0,0,0,0,0,0,0,0,0,0,0,0,0,0,0,0,1,0,0,0,0,0,0,0,0,0,0,0,0,0,0,0,0
5505,0,3,13,6,0,1,7,9,1,4,0,7,0,0,0,0,0,5,0,0,0,0,3,0,1,0,1,0,0,0,0,0,0,0,0,0,0,6,0,0,2,4,0,4,0,0,0,0,0,0,0,0,0,0,0,0,0,0,0,1,1,1,0,0,2,0,0,0,0,0,0,0,0,0,0,0
5506,0,3,2,4,0,2,2,2,0,0,0,3,0,0,0,1,0,1,0,0,0,1,3,1,1,0,2,0,0,0,0,0,0,0,0,0,0,0,0,0,0,0,0,0,0,0,0,0,0,0,0,0,0,0,0,0,0,0,1,2,0,0,0,0,0,0,0,0,0,0,0,0,0,0,0,0
5507,0,5,15,8,0,0,18,7,0,7,0,2,0,0,0,1,1,2,0,0,0,0,5,0,0,0,0,1,0,0,0,0,0,0,0,0,0,2,0,0,0,5,2,1,0,0,0,0,0,0,0,0,2,0,0,0,0,0,1,0,0,1,0,0,1,0,0,0,0,0,0,0,0,0,0,0
5509,0,1,22,10,0,0,14,6,1,1,1,7,0,0,0,2,1,1,0,0,0,1,4,0,1,0,0,0,0,0,1,0,0,0,0,0,0,2,0,0,0,3,1,0,3,0,1,0,0,0,0,0,0,0,0,0,0,0,0,0,0,0,0,1,0,0,0,0,0,0,0,0,0,0,0,0
5510,0,3,7,2,0,0,11,10,2,2,0,3,0,0,0,0,0,5,0,0,0,0,2,0,0,0,1,0,0,0,1,0,1,0,0,0,0,0,0,0,0,0,0,0,0,0,0,0,0,0,0,0,0,0,0,0,0,0,0,0,0,0,0,0,0,0,0,0,0,0,0,0,0,0,0,0
5511,0,0,3,1,0,0,2,4,0,3,0,1,0,0,0,0,0,3,1,0,0,0,2,0,0,0,0,1,0,0,0,0,0,0,0,0,0,1,0,0,0,2,0,1,1,0,0,0,0,0,0,0,0,0,0,0,0,0,0,0,0,0,0,0,0,0,0,0,0,0,0,0,0,0,0,0
5512,1,7,15,17,0,4,9,16,3,4,3,3,0,0,0,1,0,2,0,0,0,2,5,0,0,0,1,1,5,2,1,2,2,0,0,0,0,2,0,0,0,2,0,1,0,0,0,0,0,0,0,0,0,0,1,0,0,0,1,0,0,2,1,1,0,0,0,1,0,0,0,0,0,0,0,0
5513,0,1,11,8,0,0,10,5,2,5,1,1,0,0,0,3,3,1,0,0,0,2,1,0,0,1,0,1,0,0,1,0,1,1,0,0,0,0,0,0,0,1,0,0,1,0,0,1,0,0,0,0,0,0,0,0,0,0,0,0,0,0,0,0,0,0,0,0,0,0,0,0,0,0,0,0
5514,2,8,34,22,9,0,11,14,3,1,0,1,0,0,4,1,1,0,0,0,0,0,1,1,0,2,0,6,0,0,2,6,1,0,0,3,3,0,0,1,0,3,3,2,0,0,0,0,0,0,1,0,0,0,1,0,0,0,0,0,0,0,1,1,0,0,2,0,0,0,0,0,0,0,0,0
5515,0,5,9,6,0,8,2,7,0,0,0,2,0,0,1,1,0,1,0,0,0,1,0,0,0,0,0,0,2,0,0,0,0,0,0,0,0,0,0,0,0,1,0,0,0,0,0,0,0,0,0,0,1,0,0,0,0,0,0,0,0,0,0,0,0,0,0,0,0,0,0,0,0,0,1,0
5516,0,2,9,7,0,0,1,11,1,3,0,1,1,0,0,0,0,0,0,0,0,0,0,0,0,0,0,0,0,0,0,0,0,0,0,0,0,1,0,0,0,1,0,0,0,0,0,0,0,0,0,0,0,0,0,0,0,0,0,0,0,1,0,0,0,0,0,0,0,0,0,0,0,0,0,0
5517,0,3,14,16,0,13,24,54,0,0,1,12,0,0,1,0,3,7,0,0,0,0,0,1,0,0,0,0,1,0,3,0,1,0,0,0,0,0,0,0,0,0,0,0,0,0,0,0,0,0,0,0,1,0,0,0,0,1,1,0,0,0,0,0,0,0,0,0,0,0,0,0,0,0,0,0
5518,0,0,0,0,0,2,2,8,1,1,1,2,0,0,1,0,0,1,0,0,0,1,0,0,0,0,2,1,0,0,0,1,1,0,0,0,0,1,0,0,0,1,0,0,0,0,0,0,0,0,0,0,0,0,0,0,0,0,0,0,0,0,0,0,0,0,0,0,0,0,0,0,0,0,0,0
5519,0,1,0,0,0,0,5,13,0,0,1,4,0,0,0,0,0,1,0,0,1,0,0,0,0,0,0,0,1,0,0,0,0,1,1,1,0,0,0,0,0,0,0,0,0,0,0,0,0,0,0,0,0,1,0,0,0,0,0,0,0,0,0,0,0,0,0,0,0,0,0,0,0,0,0,0
5521,0,3,4,2,0,0,3,10,5,11,1,4,0,0,0,0,0,3,0,2,0,0,2,1,0,0,0,3,2,0,0,0,0,1,0,0,0,6,1,0,0,2,1,0,3,0,0,0,0,0,0,0,1,0,0,0,0,1,0,0,0,0,0,0,0,0,0,0,0,0,0,0,0,0,0,0
5522,0,5,20,8,0,0,5,9,0,4,0,0,0,0,0,3,2,1,0,0,0,0,0,0,2,1,0,1,0,0,1,0,1,2,0,1,0,2,0,0,0,2,0,0,1,0,0,0,1,0,0,0,0,0,0,0,0,0,0,0,0,0,0,0,0,0,0,0,0,0,0,0,0,0,0,1
5523,0,2,23,9,0,0,1,3,0,2,1,2,0,0,0,1,1,0,0,0,0,0,1,0,0,0,0,0,0,0,0,1,0,1,0,0,0,2,0,0,0,1,0,0,0,0,0,0,0,0,0,0,4,0,0,0,0,0,2,0,0,0,0,0,0,0,0,0,0,0,0,0,0,0,0,0
5524,0,0,9,1,0,0,9,4,0,1,0,1,0,0,0,1,0,0,0,0,0,0,2,0,1,0,0,0,0,0,0,0,0,2,0,0,0,1,0,0,0,0,0,0,0,0,0,0,0,0,0,0,0,0,0,0,0,2,0,0,0,0,0,0,0,0,0,0,0,0,1,0,1,0,0,0
5525,0,3,5,6,0,0,10,6,0,0,0,3,1,0,0,1,0,0,0,0,0,0,1,0,0,0,0,1,0,1,1,0,0,2,0,0,0,4,0,0,0,2,0,0,0,0,0,0,0,0,0,0,0,0,0,0,0,0,0,0,0,0,0,0,0,0,0,0,0,0,0,0,0,0,0,0
5544,0,3,2,0,0,0,7,13,0,4,1,3,0,0,0,2,1,3,0,0,0,0,0,0,1,0,0,0,3,0,0,1,0,0,0,0,0,0,0,0,0,0,0,2,0,0,0,0,0,0,0,0,0,0,0,0,0,0,0,0,0,0,0,0,0,0,0,0,0,0,0,0,0,0,0,0
5545,0,3,27,16,0,4,6,13,0,3,3,5,0,0,0,4,0,2,0,0,0,0,2,0,0,0,2,0,1,0,1,1,1,0,0,0,0,0,0,0,0,8,1,1,0,1,0,0,0,0,0,0,1,0,0,0,1,0,2,0,0,0,0,0,0,0,0,0,0,0,0,0,0,0,0,0
5546,0,5,9,4,0,0,9,6,0,1,2,0,1,0,0,1,0,2,0,1,0,0,0,0,0,1,1,0,0,0,0,1,0,0,0,0,0,2,0,0,1,1,0,0,0,0,0,0,0,0,0,0,1,0,0,0,0,0,0,0,0,0,0,0,0,0,0,0,0,0,0,0,0,0,0,0
5547,0,4,22,4,0,0,12,6,0,6,1,7,0,0,0,5,0,4,0,0,0,2,0,0,0,1,1,0,0,0,3,0,0,0,0,0,0,3,0,0,1,1,0,1,0,0,0,0,1,0,1,0,0,0,0,0,0,0,0,0,0,0,0,0,0,0,0,0,0,0,0,0,0,1,0,0
5548,0,2,9,2,0,0,1,2,0,1,1,0,0,0,0,2,0,0,0,1,0,0,1,0,0,0,0,0,0,0,0,0,0,0,0,0,0,0,0,3,0,1,0,0,0,0,0,1,0,0,0,0,0,0,0,0,0,0,0,1,0,0,0,0,0,0,0,0,0,0,0,0,0,0,0,0
5549,0,0,6,6,0,0,10,7,2,1,1,2,0,0,0,0,0,1,0,1,0,0,0,0,0,0,0,0,1,1,0,0,0,0,0,1,0,0,0,0,0,5,0,0,0,0,0,0,0,0,0,0,1,0,0,0,0,0,0,0,0,0,0,0,0,0,0,0,0,0,0,0,0,0,0,0
5550,1,2,16,7,0,0,7,5,1,4,0,1,0,0,0,1,0,4,0,0,0,0,1,0,1,0,2,0,0,0,0,0,1,0,0,0,0,2,0,0,1,3,1,0,0,0,0,1,0,0,0,0,0,0,0,0,0,0,0,0,0,0,0,0,0,0,0,0,0,0,0,0,0,0,0,0
5552,0,0,0,0,0,1,7,6,0,6,1,3,0,0,1,0,0,0,1,0,0,0,0,0,0,0,0,0,0,0,0,0,0,0,0,0,0,1,0,0,0,1,0,0,0,0,0,0,0,0,0,0,0,0,0,0,0,0,0,0,0,0,0,0,0,0,0,0,0,0,0,0,0,0,0,0
5553,0,3,22,14,0,1,14,4,0,2,2,1,0,0,0,0,0,2,0,0,0,2,1,0,1,0,1,1,0,0,0,0,0,0,0,0,0,1,0,0,0,2,0,0,0,1,0,0,0,0,1,0,0,0,0,0,0,0,0,0,0,0,0,0,1,0,0,0,0,0,0,0,1,0,0,0
5554,0,8,24,25,0,0,8,14,1,4,0,5,0,0,0,1,2,4,0,0,1,0,5,1,0,0,3,2,0,1,1,0,0,1,0,0,0,0,0,0,0,4,0,0,2,0,0,0,0,0,1,0,1,0,0,0,0,0,0,0,0,0,0,0,0,0,0,0,0,0,1,0,0,0,0,0
5555,0,4,22,10,0,0,4,11,0,0,0,8,0,0,0,0,0,0,0,0,0,0,1,1,0,0,1,3,1,0,1,2,0,0,1,0,0,0,1,0,0,0,0,0,0,0,0,0,0,0,0,0,0,0,1,0,0,1,0,0,0,0,0,0,0,0,0,0,0,0,0,0,0,0,0,0
5556,0,6,39,37,0,5,14,12,1,3,1,3,0,0,0,2,2,1,0,2,0,1,0,0,2,0,2,0,2,1,3,0,0,0,0,0,0,0,0,1,0,3,0,0,0,0,0,0,0,0,0,0,1,0,0,0,0,0,0,0,0,0,0,0,0,0,0,0,0,0,0,0,0,0,0,0
5557,5,8,47,37,17,5,13,51,3,9,4,20,0,0,6,1,0,5,0,0,0,0,5,1,1,0,5,4,4,2,5,2,3,3,0,1,1,4,0,1,0,3,1,2,0,0,0,0,0,1,0,0,6,0,0,0,0,0,0,0,0,0,0,1,0,0,0,0,0,0,0,0,0,0,0,0
5558,0,2,9,4,0,0,1,3,0,2,1,1,0,0,0,1,0,0,0,0,0,0,5,0,2,0,0,0,2,0,0,0,0,0,0,0,0,3,0,0,0,0,0,0,0,0,0,1,0,0,0,0,0,0,0,0,0,0,2,0,0,0,0,0,0,0,0,0,0,0,0,0,0,0,0,0
5560,0,4,13,10,0,0,3,4,2,1,0,0,0,0,0,3,2,3,1,0,0,0,2,0,0,0,0,0,0,1,0,0,0,0,0,0,0,0,0,0,0,1,0,0,0,0,0,1,0,0,0,0,0,0,0,0,0,0,0,0,0,0,0,0,0,0,0,0,0,0,0,0,0,0,0,0
5561,1,6,24,19,1,6,19,35,0,3,4,6,0,0,2,0,1,2,1,1,1,0,4,0,0,1,4,0,5,1,0,1,1,0,0,0,0,0,2,0,0,0,1,0,0,0,0,0,0,0,0,0,0,0,0,0,0,0,0,0,0,0,0,0,0,0,0,0,0,0,0,0,0,0,0,0
5563,0,6,10,6,0,1,7,28,1,0,1,10,0,0,0,2,0,3,0,0,3,0,1,1,0,0,0,3,0,0,0,8,0,1,0,8,0,0,1,0,0,1,0,0,0,0,0,0,0,2,0,0,0,0,0,0,0,1,0,0,0,0,0,0,0,0,0,0,0,0,1,0,0,0,0,0
5564,0,1,9,7,0,6,10,24,1,5,0,1,0,0,1,0,3,1,0,1,0,1,4,0,0,0,1,0,1,1,1,0,1,0,0,0,0,3,0,0,0,1,0,0,0,0,0,0,0,0,0,0,2,0,1,0,0,0,0,0,0,0,0,0,1,0,0,0,0,0,0,0,0,0,0,0
5566,0,4,15,10,0,3,9,23,2,4,2,6,0,0,0,1,0,8,0,0,0,1,2,0,0,2,1,3,3,2,1,0,1,0,0,1,0,1,0,0,0,3,0,1,0,0,0,0,0,0,0,0,0,0,0,0,0,1,0,0,0,0,0,0,0,0,0,0,0,0,0,0,0,0,0,0
5567,0,1,12,4,0,0,2,2,0,2,2,2,0,0,0,0,0,1,0,1,0,0,1,0,1,0,0,0,0,0,0,0,0,0,0,0,0,1,0,0,0,2,0,0,0,0,0,0,0,0,0,0,0,0,0,0,0,0,0,0,0,0,0,0,0,0,1,0,0,0,0,0,0,0,0,0
5568,0,6,28,26,0,5,20,37,4,9,1,9,0,0,2,1,3,4,0,0,2,4,3,2,1,0,2,3,2,0,2,5,1,0,0,3,0,1,2,0,0,0,1,2,0,1,0,0,0,0,1,0,0,0,0,0,0,0,0,0,0,0,0,0,0,0,0,0,0,0,0,0,0,0,0,0
5570,0,8,15,17,0,0,9,11,2,0,0,2,0,0,0,0,0,0,0,0,0,0,1,0,0,0,0,1,0,0,1,4,1,1,0,1,0,1,0,0,0,0,1,1,0,0,0,0,1,0,1,0,1,0,0,0,0,0,2,0,0,0,0,0,0,0,0,0,0,0,0,0,0,0,0,0
5572,0,0,4,4,7,0,1,1,0,0,1,4,0,0,1,1,0,0,0,1,0,0,0,0,0,0,2,1,0,0,0,0,0,0,0,0,0,0,0,0,0,0,0,0,0,0,0,0,0,0,0,0,0,0,1,0,0,0,0,0,0,0,0,0,0,0,0,0,0,0,0,0,0,0,0,0
5573,0,0,0,0,2,0,5,1,0,2,0,2,0,0,1,0,0,1,0,0,0,0,0,0,0,1,0,0,0,0,1,0,0,0,0,3,0,0,0,1,0,0,0,0,0,0,0,0,0,0,0,0,0,0,0,0,0,1,1,0,0,0,0,1,0,0,0,0,0,0,0,0,0,0,0,0
5574,0,4,20,9,0,0,2,1,10,1,0,4,0,0,0,7,0,1,0,0,0,1,0,0,0,0,0,0,0,0,0,0,0,0,0,0,0,0,0,0,0,2,0,3,0,0,0,1,0,0,0,0,0,0,0,0,0,0,0,0,0,0,0,0,0,0,4,0,0,0,0,0,0,0,0,0
5575,0,2,16,5,0,0,4,0,5,2,0,1,0,0,0,0,0,0,3,0,0,0,2,0,0,2,0,1,0,1,1,0,1,0,0,0,0,3,0,0,0,1,0,1,0,0,0,0,0,0,0,0,4,2,0,0,0,0,0,0,0,0,0,0,0,0,0,0,0,0,0,0,0,0,0,0
5596,0,4,12,10,0,0,20,26,0,12,0,3,0,0,0,1,0,5,0,0,0,0,4,0,1,0,0,0,0,1,1,2,0,0,0,0,0,10,1,0,0,6,4,1,0,0,0,0,0,0,0,0,0,0,0,0,0,0,0,0,0,0,0,0,1,0,0,0,0,0,0,0,0,0,0,0
5597,0,1,5,15,0,0,6,7,0,6,3,1,0,0,0,0,0,2,0,0,0,0,3,0,0,0,0,1,0,0,0,0,0,0,0,0,0,1,0,0,0,4,3,0,0,1,0,0,0,0,0,0,0,0,0,0,0,0,0,0,0,0,0,0,1,0,0,0,0,0,0,0,0,0,0,0
5598,0,3,18,12,0,1,8,6,0,2,1,3,0,0,0,1,1,2,0,0,0,2,1,0,0,0,1,0,0,0,0,0,0,0,0,0,0,0,0,0,0,0,1,2,0,0,0,0,0,0,0,0,0,0,0,0,0,0,2,0,0,0,0,0,1,1,0,0,0,0,0,0,0,0,0,0
5599,0,8,11,9,0,0,5,4,0,0,0,3,0,0,0,1,4,2,0,1,0,0,2,0,0,0,0,0,0,0,0,0,0,0,0,0,0,0,0,0,0,0,0,1,0,0,0,0,0,0,0,0,1,0,0,0,0,0,0,0,0,0,0,0,0,0,1,0,0,0,0,0,0,0,0,0
5600,0,3,32,11,0,1,35,13,1,5,0,8,0,0,0,4,3,9,0,0,0,1,1,0,0,1,0,0,0,0,1,0,0,0,0,0,0,1,1,0,0,12,0,0,0,0,0,0,0,0,0,0,0,0,0,0,0,0,0,0,0,0,0,0,0,0,0,0,0,0,0,0,0,0,0,0
5601,1,2,15,6,0,1,3,2,0,0,0,1,0,0,0,1,0,0,0,0,0,0,2,0,0,0,0,0,0,0,0,1,0,0,0,0,0,0,0,0,0,5,1,2,0,0,0,0,0,0,0,0,0,0,0,0,0,0,0,0,0,0,0,0,1,0,0,0,0,0,0,0,0,0,0,0
5602,1,2,7,2,0,1,12,21,0,0,0,6,0,0,0,0,0,3,0,1,0,0,1,4,0,1,0,8,0,0,0,8,0,0,0,6,0,1,0,0,0,1,1,0,0,0,0,0,1,0,1,0,0,0,2,0,0,0,0,0,0,1,0,0,0,0,0,0,0,0,0,0,0,0,0,0
5603,0,2,12,6,0,3,7,7,0,0,0,2,0,0,0,0,0,3,0,0,0,1,2,0,0,0,1,0,0,1,0,0,0,0,0,0,0,1,1,0,0,0,0,0,0,0,0,0,0,0,0,0,0,0,0,0,0,0,1,1,0,0,0,0,0,0,0,0,0,0,0,0,0,0,1,0
5605,7,10,32,12,23,0,2,40,6,7,3,10,0,0,2,3,0,2,0,2,0,4,0,1,1,0,0,5,1,3,0,5,0,1,0,7,1,1,0,1,0,0,0,1,0,1,0,0,0,0,1,0,0,0,3,0,0,0,0,0,0,0,0,0,0,0,0,0,0,0,0,0,0,0,0,0
5606,0,0,3,0,0,0,2,3,0,1,0,1,0,0,0,2,1,1,0,0,0,0,3,0,0,0,0,1,0,0,0,0,0,1,0,0,0,2,0,0,0,0,0,0,0,0,0,0,0,0,0,0,1,0,0,0,0,0,0,0,1,0,0,0,0,0,0,0,0,0,0,0,0,0,0,0
5607,0,5,26,13,0,1,6,6,1,4,4,5,0,0,0,4,0,1,0,0,0,1,4,0,2,0,0,1,0,0,0,0,1,1,0,0,0,1,0,0,0,3,1,1,0,0,0,0,0,0,0,0,1,0,0,0,0,0,2,0,0,0,0,0,0,0,1,0,0,0,0,0,0,0,0,0
5608,0,3,13,7,0,1,5,5,3,1,2,0,0,0,0,2,5,0,1,1,0,0,3,0,2,1,0,0,1,0,2,0,0,1,0,0,0,1,0,0,0,4,0,0,0,0,0,0,0,0,0,0,0,0,0,0,0,0,4,0,0,0,0,0,0,0,0,0,0,0,0,0,0,0,0,0
5609,0,22,46,19,0,8,6,36,2,6,1,8,0,0,2,5,3,5,0,1,0,1,5,0,0,0,1,2,0,3,3,0,1,3,0,0,1,3,0,0,0,4,1,2,1,0,0,0,0,0,0,0,1,0,0,0,0,0,0,0,0,0,0,0,0,0,0,0,0,0,1,0,0,0,0,0
5610,0,1,12,3,0,1,2,2,1,1,1,1,0,0,0,0,0,0,2,0,0,1,0,0,0,0,2,0,1,0,0,0,0,0,0,0,0,0,0,0,0,0,0,0,0,0,0,0,0,0,0,0,0,0,0,0,0,0,0,0,0,0,0,0,0,0,0,0,0,0,0,0,0,0,0,0
5611,0,1,22,10,0,2,9,23,5,2,1,1,0,0,1,1,0,1,1,0,0,0,1,0,2,0,0,1,0,0,5,0,0,0,0,0,1,0,0,0,0,0,3,0,0,0,0,1,0,0,0,0,2,0,0,0,0,0,0,0,0,0,0,0,0,0,0,0,0,0,0,0,0,0,0,0
5614,1,7,40,32,1,8,17,20,3,2,0,9,0,0,0,2,0,2,3,1,0,0,6,0,1,0,0,5,0,0,0,0,1,1,0,0,0,0,0,1,0,1,0,0,0,0,0,0,0,0,0,1,3,0,0,0,0,0,1,0,0,0,0,0,0,0,0,0,0,0,0,0,0,0,0,0
5615,0,4,6,8,0,7,12,25,2,6,1,7,0,0,0,0,2,4,0,1,0,0,6,0,2,0,0,0,1,3,0,0,1,0,0,0,1,4,1,0,0,1,0,1,0,0,0,0,0,0,0,0,1,0,0,0,0,0,0,0,1,0,0,0,0,0,0,0,0,0,0,0,0,0,0,0
5616,2,2,8,1,0,0,7,2,0,3,0,1,0,0,0,6,1,0,0,0,0,0,2,0,0,0,0,0,0,1,0,1,0,1,0,0,0,3,0,0,0,0,0,0,0,0,0,0,0,0,0,0,0,0,0,0,0,0,0,0,0,0,0,0,0,0,0,0,0,0,0,0,0,0,0,0
5617,1,4,23,18,0,0,3,5,2,3,0,3,0,0,0,5,1,0,1,0,0,0,0,0,0,0,0,1,0,0,1,0,0,1,0,0,0,3,0,0,0,0,1,0,0,0,0,0,0,0,0,2,0,0,0,0,0,0,0,0,0,0,0,0,0,0,0,0,0,1,0,0,0,0,0,0
5619,0,10,17,10,0,1,6,1,1,1,0,0,0,0,0,4,2,1,1,0,0,0,1,0,0,0,0,0,0,1,0,0,0,1,0,0,0,0,0,0,0,0,0,0,0,0,0,1,0,0,0,0,0,0,0,0,0,0,0,0,0,0,0,0,0,0,0,0,0,0,0,0,0,0,0,0
5620,2,4,10,12,20,0,4,5,0,1,0,6,0,0,5,1,0,0,1,0,0,0,0,5,0,0,0,2,0,0,1,3,0,2,2,3,1,2,0,0,0,3,0,2,0,0,0,0,1,0,0,0,0,2,2,0,1,0,0,0,0,0,1,1,0,0,0,0,0,0,0,0,0,0,0,0
5621,0,13,28,12,0,3,7,8,3,1,1,2,0,0,1,3,0,2,1,0,0,0,0,0,0,1,0,3,1,0,0,0,2,0,0,0,1,1,0,0,0,0,1,0,0,0,0,3,0,0,0,0,0,0,0,0,0,0,0,0,0,0,0,0,0,0,0,0,0,0,0,0,0,0,0,0
5622,0,11,25,6,0,0,12,12,2,4,2,2,0,0,0,1,0,4,0,4,0,0,0,0,0,1,0,0,0,0,0,0,3,1,0,0,1,7,0,0,0,1,1,0,0,0,0,0,0,0,0,0,2,0,0,0,0,0,0,4,0,0,0,0,0,0,0,0,0,0,0,0,0,0,0,0
5623,0,6,24,10,0,1,15,11,7,4,0,0,0,0,0,1,3,4,0,0,0,0,2,0,2,0,0,0,0,0,3,0,1,2,0,0,0,2,0,0,0,1,2,1,0,0,0,0,0,0,0,0,1,0,0,0,0,0,0,0,0,1,0,0,0,0,0,0,0,0,0,0,0,0,0,0
5646,0,8,25,19,0,0,21,8,2,3,1,3,0,0,0,2,3,4,0,1,0,1,1,0,1,0,0,0,0,0,0,0,1,0,0,0,0,2,0,0,1,5,1,0,0,0,0,0,0,0,0,0,2,0,0,0,0,0,2,0,0,0,0,0,0,0,0,0,0,0,0,0,0,0,0,0
5647,0,2,0,0,0,0,3,8,0,0,0,1,0,0,0,1,1,1,0,2,0,0,0,0,0,0,0,0,0,0,0,0,0,0,0,0,0,0,1,0,0,0,0,0,0,0,0,0,0,0,0,1,0,0,0,0,0,0,1,0,0,0,0,0,0,0,0,0,0,0,0,0,0,0,0,0
5648,0,8,45,25,0,2,45,45,4,10,2,11,0,0,0,1,2,5,0,2,2,1,7,1,2,0,0,0,0,2,1,4,0,0,0,1,0,4,0,0,0,3,1,0,0,0,0,0,1,0,0,1,2,0,0,0,1,0,1,3,0,0,0,0,0,0,0,0,0,0,0,0,0,0,1,0
5649,0,2,10,2,0,0,3,2,0,1,1,0,0,0,0,0,1,1,0,0,0,0,1,0,0,0,1,0,0,0,0,1,0,0,0,0,1,3,0,0,0,0,0,0,0,0,0,0,0,0,0,0,0,0,0,0,0,0,0,0,0,0,0,0,0,0,0,0,0,0,0,0,0,0,0,0
5650,0,5,26,18,0,1,16,6,0,4,0,5,0,0,0,1,0,4,0,1,0,0,2,0,1,0,0,0,1,0,0,1,0,0,0,0,0,3,0,0,0,1,0,0,0,0,0,0,0,0,0,0,0,0,0,0,0,0,0,0,0,0,0,0,0,0,0,0,0,0,0,0,0,0,0,0
5651,0,1,18,10,0,0,16,8,0,5,0,0,0,0,0,1,3,3,0,2,0,0,6,0,0,0,0,0,0,0,0,1,1,0,0,0,0,0,0,0,0,6,0,1,0,0,0,0,0,0,0,0,1,0,0,0,0,0,0,0,0,0,0,0,2,0,0,0,0,0,0,0,0,0,0,0
5652,0,2,11,8,0,0,5,3,0,2,1,1,0,0,0,0,2,3,0,1,0,0,1,0,1,0,0,0,0,0,0,0,0,0,0,0,0,0,0,0,0,2,0,0,0,0,0,0,0,0,0,0,2,0,0,0,0,0,0,0,0,1,0,0,0,0,0,0,0,0,0,1,0,0,0,0
5653,0,8,19,18,0,0,7,8,1,0,1,6,0,0,0,0,0,0,0,0,0,0,3,0,1,0,1,2,0,2,1,1,0,0,0,1,0,2,0,0,0,4,0,0,0,0,0,0,0,0,0,0,0,0,0,0,0,0,0,0,0,0,0,0,0,0,1,0,0,0,1,0,0,0,0,0
5656,0,3,15,15,0,0,10,11,3,6,1,1,0,0,0,0,2,0,0,0,0,2,5,0,1,1,0,0,1,0,0,0,0,0,0,0,0,1,0,0,0,5,1,1,0,0,0,0,0,0,0,0,0,0,0,0,0,0,0,0,0,0,0,0,0,0,0,0,0,0,0,0,0,0,0,0
5657,0,1,2,3,0,0,0,0,1,0,1,2,0,0,0,0,0,0,1,0,0,0,2,1,0,1,1,0,0,0,0,0,0,0,0,0,0,6,0,0,0,0,0,0,0,0,0,0,0,0,0,0,0,0,0,0,0,0,0,0,0,0,0,0,0,0,0,0,0,0,0,0,0,0,0,0
5658,0,0,2,0,0,0,11,7,1,1,0,1,0,0,0,0,0,1,0,1,0,0,1,0,0,0,0,0,0,0,0,0,0,0,0,0,0,0,0,0,0,1,0,0,0,0,0,0,0,0,0,0,0,0,0,0,0,0,0,0,0,0,0,0,0,0,0,0,0,0,0,0,0,0,0,0
5659,0,0,2,0,1,1,0,9,0,2,1,2,0,0,0,0,1,1,0,1,0,0,1,0,1,0,0,0,1,0,0,0,1,0,0,0,0,0,0,1,0,0,0,0,0,0,0,0,0,0,0,0,0,0,0,0,0,0,0,0,0,0,0,0,0,0,0,0,0,0,0,0,0,0,0,0
5660,2,0,8,5,2,2,12,15,2,3,0,3,0,0,0,0,0,4,0,0,0,0,2,0,1,0,0,0,0,1,0,1,1,0,0,0,3,0,0,0,0,1,0,0,0,0,0,0,0,0,0,0,2,0,1,0,0,0,1,3,0,0,0,0,0,0,0,0,0,0,0,0,0,0,0,0
5661,0,3,4,7,0,0,0,15,3,0,0,4,0,1,0,0,0,0,0,0,0,2,1,0,3,0,0,0,0,0,0,3,1,0,0,1,0,0,0,1,3,1,0,0,1,0,0,0,1,0,0,11,1,0,0,0,0,0,0,0,0,0,0,0,0,0,0,0,0,1,0,0,0,0,0,0
5662,0,0,3,2,0,0,1,10,0,0,0,2,0,0,1,1,0,0,1,2,0,0,0,0,0,0,0,4,0,1,0,1,1,0,0,6,0,0,1,1,0,1,0,0,0,0,0,0,0,0,1,0,1,2,1,0,0,0,0,1,0,0,0,0,0,0,0,0,0,0,0,0,0,0,0,0
5663,0,2,1,9,0,0,2,7,0,2,1,3,0,0,0,1,1,6,0,0,0,0,1,0,1,0,0,0,0,0,0,0,0,0,0,0,0,0,0,0,0,1,0,0,0,0,0,0,0,0,0,0,0,0,0,0,0,0,1,0,0,0,0,1,0,0,0,0,0,0,0,0,0,0,0,0
5664,0,0,1,2,0,2,6,11,0,0,1,2,0,0,3,0,0,2,0,1,0,0,4,0,2,0,4,1,1,2,2,0,0,0,0,0,0,0,0,0,0,0,0,2,0,0,0,0,0,0,0,0,0,0,0,0,0,0,1,0,0,0,0,0,0,0,0,0,0,0,0,0,0,0,0,0
5665,0,2,10,3,0,7,5,16,3,0,0,4,0,0,0,3,0,3,0,0,0,0,3,0,2,0,1,0,2,0,0,1,0,0,0,0,0,1,1,1,0,0,0,4,0,0,0,0,0,0,0,0,0,0,0,0,0,0,1,0,0,0,0,0,0,0,1,0,0,0,0,0,0,0,0,0
5666,0,2,16,15,0,1,2,3,1,0,0,0,0,0,0,1,0,1,0,1,0,1,2,0,0,0,0,1,2,0,0,0,0,0,0,0,0,0,0,0,0,1,0,0,2,0,0,0,0,0,0,0,0,0,0,0,0,0,0,0,0,0,0,0,0,0,0,0,0,0,0,0,0,0,0,0
5667,0,3,21,2,0,0,8,20,1,6,0,7,0,0,0,2,1,2,0,0,0,0,3,0,0,2,0,1,0,1,2,0,0,1,0,0,0,0,0,0,0,2,0,0,0,0,0,1,0,0,0,0,1,0,0,0,0,0,1,0,0,0,0,0,0,0,0,0,0,0,0,0,0,0,0,0
5668,0,1,21,11,4,0,0,15,1,2,1,3,0,0,1,2,0,2,1,2,0,1,0,0,0,0,2,3,2,2,0,1,0,0,3,2,2,1,0,0,0,0,0,0,1,0,0,0,0,0,1,0,1,1,0,0,0,0,0,0,0,0,0,0,0,0,0,0,0,0,0,0,0,0,0,0
5669,0,4,13,4,0,0,2,10,1,1,0,3,0,0,0,2,0,0,0,2,0,1,1,0,0,0,1,0,4,0,0,1,0,0,0,0,0,0,0,0,0,0,1,0,0,0,0,0,0,0,0,0,0,1,1,0,0,0,0,0,0,0,0,0,0,0,0,0,0,0,0,0,0,0,0,0
5670,0,4,4,4,0,0,5,18,2,5,4,5,0,0,0,2,0,0,0,0,0,1,5,0,1,0,0,0,0,1,0,1,0,1,0,0,0,3,0,0,0,0,0,0,0,0,0,0,0,0,0,0,2,0,1,0,0,0,0,0,0,0,0,0,0,0,0,0,0,0,0,0,0,0,0,0
5671,0,7,43,29,0,0,15,19,7,12,2,2,1,0,0,7,1,3,0,1,0,2,6,0,0,1,0,0,0,0,1,0,1,1,0,1,1,1,0,0,0,4,0,0,0,0,0,2,0,0,0,0,0,0,1,0,1,0,0,1,0,0,0,1,0,0,0,0,0,0,0,0,0,0,0,0
5672,0,6,39,18,0,4,1,12,0,2,2,7,0,0,1,3,1,3,0,0,0,0,3,1,1,1,1,3,2,0,0,1,0,1,0,1,0,0,0,0,0,0,0,0,0,0,0,0,0,0,0,0,0,0,0,0,0,0,0,1,0,0,0,0,0,0,0,0,0,0,1,0,1,0,0,0
5673,2,4,10,1,0,4,19,11,2,3,0,0,0,0,0,2,1,3,0,2,0,1,4,0,0,1,0,0,0,0,1,1,1,4,0,0,0,1,0,0,0,2,1,0,0,0,0,1,1,0,0,0,2,0,0,0,0,0,0,0,0,0,0,0,0,0,0,0,0,0,0,0,0,0,0,0
5703,0,7,20,12,0,2,6,9,1,2,2,3,0,0,0,3,1,1,0,1,0,0,4,0,1,0,1,0,0,2,0,1,0,1,0,0,0,3,2,0,0,4,0,1,0,0,0,0,0,0,0,0,1,0,0,0,0,0,1,1,0,0,0,0,0,0,0,0,0,0,0,0,0,0,0,0
5704,0,1,36,28,1,5,26,27,2,5,0,1,0,0,0,0,3,11,0,2,0,2,2,0,3,0,0,0,2,1,2,0,0,0,0,0,0,2,1,0,0,6,0,2,2,0,0,0,0,0,0,0,2,0,0,0,0,0,1,0,0,0,0,0,0,0,0,0,0,0,0,0,0,0,0,0
5706,0,4,16,10,0,2,10,6,3,0,0,2,0,0,0,0,0,0,0,1,0,0,0,0,2,1,1,0,0,1,0,0,0,2,0,0,0,0,0,0,0,0,0,3,1,0,0,0,0,0,0,0,1,0,0,0,0,0,1,0,0,0,0,0,0,0,0,0,0,0,0,0,0,0,0,0
5707,0,5,14,15,0,0,25,26,0,7,0,6,0,0,0,1,1,8,3,1,0,0,2,0,0,1,0,3,1,2,0,1,0,0,0,0,0,0,0,0,0,7,1,0,0,0,0,0,0,0,0,0,1,0,0,0,0,0,3,0,0,1,0,0,1,0,0,0,0,0,0,0,0,0,0,0
5708,0,7,21,14,0,0,25,13,3,5,1,3,0,0,0,2,4,3,0,1,0,1,0,0,0,0,3,2,2,0,0,1,0,0,0,0,0,2,1,2,0,0,0,7,0,1,0,0,0,0,0,0,2,0,0,0,0,0,0,0,0,1,0,0,0,0,3,0,0,0,0,0,0,0,0,0
5709,0,1,13,6,0,3,3,1,0,1,1,7,0,0,0,0,1,3,1,0,0,0,0,0,0,1,2,1,0,0,0,0,0,0,0,0,0,0,0,0,0,0,0,1,0,1,0,0,0,0,0,0,0,0,0,0,0,0,0,0,0,0,0,0,0,0,0,0,0,0,0,0,0,0,0,0
5710,4,6,14,11,0,0,5,32,2,1,0,5,0,0,0,2,1,1,0,1,4,0,3,3,1,0,0,9,0,0,0,1,0,0,0,6,1,0,2,1,1,0,0,0,0,0,0,0,0,0,1,0,0,0,4,0,0,0,0,0,0,0,0,0,0,0,0,0,0,0,0,0,0,0,0,0
5712,0,4,25,13,0,0,12,9,2,8,2,3,0,0,0,0,1,4,0,1,0,0,6,0,0,1,0,5,0,0,1,0,1,0,0,0,0,3,0,0,0,5,4,2,0,0,0,0,0,0,0,0,1,0,0,0,0,0,0,0,0,0,0,0,0,0,0,0,0,0,0,0,0,0,0,0
5713,0,2,15,9,0,0,7,6,1,1,1,3,0,0,0,0,0,1,0,0,0,1,1,0,0,0,3,1,1,0,0,0,1,0,0,0,0,4,0,0,0,5,0,1,0,0,0,0,0,0,0,0,1,0,0,0,0,0,0,0,1,0,0,0,0,0,0,0,0,0,0,0,0,0,0,0
5714,0,2,14,5,0,0,5,8,2,1,3,3,0,0,0,0,1,0,0,0,0,0,0,1,0,0,0,0,0,0,0,0,0,0,0,0,0,0,0,0,0,0,0,0,0,0,0,0,1,0,0,0,0,1,0,0,0,0,0,0,0,0,0,0,0,0,0,0,0,0,0,0,0,0,0,0
5715,1,5,9,7,2,0,9,11,0,2,2,5,0,0,0,1,1,3,1,0,0,0,1,1,0,0,0,3,0,0,1,1,0,0,1,0,0,1,0,0,1,2,2,0,0,0,0,0,0,0,2,0,0,0,0,0,0,0,0,0,0,0,0,0,1,0,0,0,0,0,0,0,0,0,0,0
5716,0,7,18,8,0,2,9,12,2,5,0,5,0,0,0,0,4,5,1,4,0,0,5,0,1,0,4,1,0,0,0,0,1,1,0,0,0,5,0,0,0,3,0,1,0,0,0,0,0,0,0,0,1,0,0,0,0,0,0,1,0,0,0,0,1,0,0,0,0,0,0,0,0,0,1,0
5717,1,1,8,3,0,2,9,23,1,3,0,9,0,0,1,0,0,1,1,1,1,1,1,0,2,15,1,3,0,16,1,3,0,0,1,6,1,1,0,1,0,0,1,0,0,0,0,0,0,0,0,0,0,0,1,0,0,0,1,1,0,0,3,4,0,0,0,0,0,0,0,0,0,0,0,0
5718,0,5,24,28,0,2,9,33,0,5,0,1,0,0,0,4,0,0,0,2,0,0,0,0,2,0,0,0,1,1,2,0,1,0,0,0,0,2,0,0,2,4,0,0,0,0,0,0,0,0,0,2,2,0,0,0,0,0,0,0,0,0,0,0,0,0,0,0,0,0,1,0,0,0,0,0
5719,0,1,5,7,0,0,3,1,0,1,0,0,0,0,0,0,0,1,0,0,0,0,3,0,0,0,0,0,0,0,0,0,0,0,0,0,0,0,0,0,0,0,0,0,0,0,0,0,0,0,0,0,1,0,0,0,0,0,0,0,0,0,0,0,0,0,0,0,0,0,0,0,0,0,0,0
5720,0,0,3,3,0,1,2,4,0,0,2,0,0,1,0,3,0,2,0,0,0,0,1,0,3,0,0,0,0,1,0,0,0,0,0,0,0,0,0,0,0,2,0,0,0,0,0,0,0,0,0,0,0,0,0,0,0,0,0,0,0,0,0,0,0,0,0,0,0,0,0,0,0,0,0,0
5721,0,0,9,3,0,0,1,0,0,0,1,1,0,0,0,0,0,1,0,0,0,0,0,0,1,0,0,0,0,0,0,0,0,0,0,0,0,1,0,0,0,0,3,0,0,0,0,0,0,0,0,0,0,0,0,0,0,0,0,1,0,0,0,0,0,0,0,0,0,0,0,0,0,0,0,0
5722,0,3,16,4,0,0,0,2,0,0,0,9,0,0,0,0,0,0,0,0,0,0,0,0,0,1,0,0,0,0,0,0,1,0,0,0,0,0,0,0,0,0,0,0,0,0,0,1,0,0,0,0,1,0,0,0,0,0,0,0,0,0,0,0,0,0,0,0,0,0,0,0,0,0,0,0
5723,0,4,17,11,0,1,5,22,0,5,1,2,0,0,1,1,0,3,0,2,2,0,0,2,2,2,2,3,0,1,0,6,1,0,1,2,0,2,2,2,0,1,1,0,0,0,0,0,0,0,0,0,2,0,2,0,0,0,2,0,0,0,0,0,0,0,0,0,0,0,0,0,1,0,0,0
5724,0,2,12,10,0,3,11,23,4,10,3,0,0,0,0,4,1,2,1,1,0,0,3,0,1,0,0,1,1,2,2,0,0,0,0,0,0,5,0,0,0,0,0,1,0,0,0,0,0,0,0,0,0,0,0,0,0,0,1,0,0,0,0,0,0,0,0,0,0,0,1,0,0,0,0,0
5725,0,1,8,0,0,0,2,6,1,0,2,3,0,0,0,0,1,0,0,0,0,0,0,0,0,0,0,0,0,0,0,1,0,0,0,0,0,1,0,0,0,0,1,1,0,0,0,0,0,0,0,0,1,0,0,0,0,0,0,0,0,0,0,0,0,0,0,0,0,0,0,0,0,0,0,0
5726,0,5,7,7,0,0,3,2,0,0,0,2,0,0,0,0,0,2,0,0,0,0,0,0,0,0,2,0,1,0,0,0,0,0,0,0,0,0,0,0,0,0,0,0,0,0,0,0,0,0,0,0,0,0,0,0,0,0,0,0,0,0,0,0,0,0,0,0,0,0,0,0,0,0,0,0
5727,0,2,6,1,0,8,6,15,0,2,0,4,0,0,2,0,0,0,0,0,0,1,0,0,0,0,1,0,1,0,0,0,0,0,0,0,0,0,0,0,0,0,0,0,0,0,0,0,0,0,0,0,1,0,0,0,0,0,0,0,0,0,0,0,0,0,0,0,0,0,0,0,0,0,0,0
5728,0,2,9,7,0,1,6,23,0,1,0,3,0,0,1,0,0,2,0,1,0,0,3,0,1,0,0,1,2,0,1,0,3,0,0,0,0,0,0,0,0,0,1,1,0,0,0,0,0,0,0,0,1,0,0,0,0,0,0,0,0,0,0,0,0,0,0,0,0,0,0,0,0,0,0,0
5729,0,10,38,15,0,5,7,5,1,3,3,8,0,0,0,4,0,1,0,0,0,0,2,0,1,0,1,1,1,0,3,0,1,0,0,0,0,1,0,1,0,1,0,0,0,0,0,0,0,0,0,0,1,0,0,0,0,0,0,1,0,0,0,0,0,0,0,0,0,0,0,0,0,0,0,0
5730,0,6,18,14,0,1,5,1,2,2,1,0,0,0,1,0,2,1,0,0,0,1,2,0,0,0,3,0,1,0,0,1,0,0,0,0,0,0,0,0,0,0,0,0,0,0,0,0,0,0,0,0,0,0,0,0,0,0,0,1,0,0,0,0,0,0,1,0,0,0,1,0,0,0,0,0
5731,0,7,16,10,0,0,4,6,1,1,0,0,0,0,1,1,0,1,0,0,0,0,0,0,0,1,0,0,2,0,0,0,1,2,0,0,0,1,0,0,0,0,0,0,0,0,0,0,0,0,0,0,0,0,0,0,0,0,0,0,0,0,0,0,0,0,0,0,0,0,0,0,0,0,0,0
5732,0,3,15,9,0,1,26,21,1,4,0,7,0,0,1,6,1,6,0,1,0,3,6,0,0,1,2,1,0,0,2,0,0,0,1,0,3,1,0,0,0,3,1,0,0,0,0,2,1,0,1,0,0,0,0,0,0,0,0,1,0,0,0,0,0,0,0,0,0,0,0,0,0,0,0,0
5733,0,0,14,6,0,2,7,0,1,0,1,2,0,0,1,0,0,1,1,0,0,0,0,0,0,0,0,0,0,0,0,0,0,0,0,0,0,0,0,0,0,0,0,0,0,0,0,0,0,0,0,0,0,0,0,0,0,0,0,0,0,0,0,0,0,0,0,0,0,0,0,0,0,0,0,0
5734,0,4,10,5,0,0,1,9,0,0,0,0,1,0,0,2,0,0,0,0,0,0,0,0,0,0,1,0,0,0,0,0,0,0,0,0,0,0,0,0,0,0,1,0,0,0,0,0,0,0,0,0,0,0,0,0,0,0,0,0,0,0,0,0,0,0,0,0,0,0,0,0,0,0,0,0
5757,0,0,8,6,0,0,1,0,0,1,0,1,0,0,0,0,0,0,0,1,0,0,0,0,0,0,0,0,0,0,0,0,0,0,0,0,0,0,0,0,0,0,0,2,0,0,0,0,0,0,0,0,0,0,0,0,0,0,0,0,0,0,0,0,1,0,6,0,0,0,0,0,0,0,0,0
5758,0,1,5,1,0,3,22,13,5,2,0,0,0,0,0,1,0,4,0,0,0,0,0,0,0,0,3,0,2,0,0,0,0,0,0,0,0,2,2,0,0,3,0,0,0,1,0,0,1,0,0,0,1,0,0,0,0,0,1,0,0,0,0,0,0,0,0,0,0,1,0,0,0,0,0,0
5759,0,2,11,3,0,0,11,16,1,1,0,4,0,0,0,3,0,3,0,0,1,0,0,0,0,0,0,0,0,0,0,0,3,0,0,0,1,1,0,0,0,0,1,1,0,0,0,0,0,1,0,0,0,0,0,0,0,0,0,0,0,0,0,0,1,1,0,0,0,0,0,0,0,0,0,0
5760,0,3,2,12,0,0,6,13,1,1,0,4,0,0,0,1,0,1,0,0,0,0,0,2,0,0,0,7,0,2,0,5,1,0,1,3,0,0,6,1,0,3,0,0,0,1,0,0,0,0,0,0,0,0,0,0,0,0,0,0,0,0,0,0,0,0,0,0,0,0,0,0,0,0,0,0
5761,0,1,7,13,0,1,0,1,0,3,0,1,0,0,0,0,0,0,0,0,0,0,1,0,0,0,0,0,0,0,2,0,1,0,0,0,0,0,0,0,0,0,1,0,0,0,0,0,0,0,0,0,0,0,0,0,0,0,0,0,0,0,0,0,0,0,0,0,0,0,0,0,0,0,0,0
5762,0,3,16,8,0,2,13,7,2,2,1,3,0,0,0,2,1,4,0,1,0,2,2,0,0,0,0,0,0,0,0,0,0,0,0,0,0,1,0,0,0,3,2,0,0,0,0,0,0,0,0,0,0,0,0,0,0,0,0,0,0,0,0,0,0,0,0,0,0,0,0,0,0,0,0,0
5763,0,8,26,9,0,3,19,15,3,1,2,7,1,0,0,1,1,5,0,0,0,4,2,0,1,0,0,0,0,0,0,3,0,2,0,0,0,6,0,1,0,4,0,1,1,0,0,0,0,0,0,0,0,0,0,0,1,0,0,1,0,0,0,0,0,0,0,0,0,0,0,0,0,0,0,0
5764,0,1,3,2,0,0,7,5,0,2,0,1,0,0,0,0,0,2,1,1,0,1,0,1,0,0,0,0,0,0,0,0,1,0,0,0,0,0,0,0,0,4,1,0,0,0,0,0,0,0,0,0,0,0,0,0,0,0,0,0,0,0,0,0,0,0,0,0,0,0,0,0,0,0,0,0
5765,0,6,21,13,0,0,12,29,2,3,1,7,0,0,1,1,0,0,0,2,0,2,1,5,0,1,0,6,0,3,0,3,0,0,0,5,0,2,0,0,0,3,2,1,0,1,0,0,0,0,0,0,0,0,0,0,0,0,0,0,0,0,0,2,0,0,0,0,0,0,0,0,0,0,0,0
5766,0,3,19,15,0,0,4,10,2,1,0,0,1,0,0,1,0,1,0,1,0,0,0,0,0,0,1,0,0,0,0,0,0,0,0,0,0,1,1,0,0,3,0,0,0,0,0,0,0,0,0,0,0,0,0,0,0,0,0,0,0,0,0,0,0,0,0,0,0,0,0,0,0,0,0,0
5767,0,2,18,10,0,0,2,0,0,0,0,3,0,0,0,0,0,0,0,0,0,1,0,0,0,0,0,0,0,0,0,0,1,0,0,0,0,0,0,0,1,0,0,0,0,0,0,0,0,0,0,0,0,0,0,0,0,0,0,0,0,0,0,0,0,0,0,0,0,0,0,0,0,0,0,0
5768,0,1,6,0,0,5,9,24,3,7,7,4,0,0,0,0,2,3,0,0,0,2,0,0,2,0,1,0,3,0,1,1,0,0,0,0,0,0,0,0,0,0,0,0,0,0,0,0,0,0,0,0,2,0,0,0,0,0,1,0,0,0,0,0,0,0,0,0,0,0,0,0,0,0,0,0
5769,0,1,2,0,0,0,0,7,1,1,2,3,0,0,0,1,0,1,0,0,0,0,0,0,0,0,1,0,0,0,0,1,0,0,0,0,0,0,0,0,0,1,0,0,0,0,0,0,0,0,0,0,0,0,0,0,0,0,0,0,0,0,0,0,0,0,0,0,0,0,0,0,0,0,0,0
5770,0,3,13,0,0,0,1,3,1,1,1,0,0,0,0,0,1,0,0,0,0,0,0,0,0,0,1,0,1,0,0,0,0,1,0,0,0,0,0,0,0,0,0,0,0,0,0,0,0,0,0,0,1,0,0,0,0,0,0,0,0,0,0,0,0,0,0,0,0,0,0,0,0,0,0,0
5771,0,4,12,4,0,6,9,21,1,6,6,6,0,0,0,1,1,5,0,0,0,0,1,0,1,0,0,1,2,0,0,0,2,0,0,0,0,2,1,0,0,1,0,0,0,0,0,1,1,0,0,0,1,0,1,0,0,0,0,0,0,0,0,0,0,0,1,0,0,0,0,0,0,0,0,0
5772,0,2,2,3,0,0,1,11,1,2,0,4,0,0,0,1,1,0,0,0,0,1,1,0,0,0,0,0,1,0,1,0,0,1,0,0,0,1,0,0,0,0,0,0,0,0,1,0,0,0,0,0,0,0,0,0,0,0,0,0,0,0,0,0,0,0,0,0,0,0,0,0,0,0,0,0
5773,0,4,28,15,0,0,8,22,0,2,2,2,0,0,0,1,2,1,0,0,0,0,1,0,0,0,0,0,0,1,0,0,1,0,0,0,0,1,0,0,0,1,0,1,0,0,0,0,0,0,0,0,0,0,0,0,0,0,0,0,0,0,0,0,0,0,0,0,0,0,1,0,0,0,0,0
5775,0,9,29,14,0,4,16,16,6,3,1,2,0,0,0,6,6,5,0,1,0,0,3,0,0,2,1,2,0,0,2,1,0,1,0,0,0,3,0,0,0,1,1,0,0,0,0,0,0,0,0,0,2,1,0,0,0,0,1,1,0,0,0,0,0,0,0,0,0,0,0,0,0,0,0,0
5776,0,3,8,3,0,1,5,13,2,0,0,5,0,0,0,1,0,3,0,0,1,0,0,0,0,0,0,0,5,2,0,0,2,0,0,0,0,2,0,0,0,2,1,0,0,0,0,0,0,1,0,0,0,0,0,0,0,0,1,0,0,0,0,0,0,0,3,0,0,0,0,0,0,0,0,0
5777,0,1,6,9,0,0,6,10,1,1,0,0,0,0,0,0,1,1,0,0,0,0,0,0,0,0,0,0,0,0,2,0,1,1,0,0,0,1,0,0,0,0,1,0,0,0,0,0,0,0,0,0,1,0,0,0,0,0,0,0,0,0,0,0,0,0,0,0,0,0,0,0,0,0,0,0
5778,0,0,4,2,0,0,6,2,2,0,0,0,0,0,0,0,0,0,0,0,0,0,0,0,1,0,0,0,0,0,1,0,0,1,0,0,0,1,0,0,0,0,1,0,0,0,0,0,0,0,0,0,1,0,0,0,0,0,1,0,0,1,0,0,0,0,0,0,0,0,0,0,0,0,0,0
5779,0,2,0,5,0,0,7,9,0,3,0,1,0,0,0,0,0,0,0,0,0,0,4,0,0,0,0,0,0,0,1,0,0,1,0,0,0,0,0,1,1,0,0,0,0,0,0,0,0,0,0,0,0,0,0,0,0,0,0,0,0,0,0,0,0,0,0,0,0,0,0,0,0,0,0,0
5780,0,0,3,1,0,2,5,5,0,0,0,0,0,0,0,1,0,4,0,0,0,0,0,0,0,0,0,0,1,0,0,0,0,0,0,0,0,0,0,0,0,0,0,0,0,0,0,0,0,0,0,0,0,0,0,0,0,0,0,0,0,0,0,0,0,0,0,0,0,0,0,0,1,0,0,0
5781,0,1,0,0,0,1,4,1,1,1,0,1,0,0,0,1,1,2,0,2,0,0,0,0,0,0,0,0,0,0,0,0,0,0,0,0,0,0,0,0,0,0,2,0,0,0,0,1,0,0,0,0,2,0,0,0,0,0,0,0,1,0,0,0,0,0,2,0,0,0,0,0,0,0,0,0
5782,0,2,7,2,0,0,4,1,0,1,0,2,0,0,0,1,1,1,0,0,0,1,0,0,0,0,0,0,0,0,0,0,0,0,0,0,0,0,0,0,0,0,0,0,0,0,0,0,1,0,0,0,0,0,0,0,0,0,0,0,0,0,0,0,0,0,0,0,0,0,0,0,0,0,0,0
5807,0,4,8,3,0,0,1,3,0,0,2,1,0,0,0,0,0,0,0,0,0,0,0,0,0,0,0,0,0,0,0,0,0,0,0,0,0,2,0,0,0,0,0,0,0,0,0,0,0,0,0,0,0,0,0,0,0,0,0,0,0,0,0,0,0,0,0,0,0,0,0,0,0,0,0,0
5808,0,0,10,1,0,0,4,3,0,3,0,2,0,0,0,0,0,1,0,0,0,1,0,0,0,0,1,0,0,1,0,1,1,0,0,0,0,0,0,2,0,3,1,0,0,1,0,0,1,0,0,0,0,0,0,0,0,0,0,0,0,0,0,0,0,0,0,0,0,0,0,0,0,0,0,0
5809,0,1,9,4,0,0,2,5,0,0,3,1,0,0,0,0,2,2,0,0,0,0,0,0,0,0,0,0,0,1,0,0,0,0,0,0,0,0,0,0,0,0,0,0,0,1,0,0,0,0,0,0,2,0,0,0,0,0,0,0,0,0,0,0,0,0,0,0,0,0,0,0,0,0,0,0
5810,1,3,20,11,0,3,34,16,7,14,5,7,0,0,0,2,4,6,0,0,0,0,13,0,0,0,2,0,1,1,1,4,0,2,0,0,0,7,1,0,0,6,0,0,0,0,0,0,1,0,0,0,2,0,0,0,0,0,0,0,0,1,0,0,1,0,0,0,0,0,0,0,0,0,0,0
5811,0,0,1,1,0,2,3,3,0,1,0,4,0,0,0,0,0,0,0,0,0,0,1,0,1,0,0,0,0,0,0,0,0,1,0,0,0,0,0,0,0,0,0,1,0,2,0,0,0,0,0,0,0,0,0,0,0,0,0,0,0,0,0,0,0,0,0,0,0,0,0,0,0,0,0,0
5812,0,2,10,11,0,1,8,8,1,4,0,2,0,0,0,1,1,1,0,0,0,1,0,0,0,0,1,0,0,0,0,0,1,0,0,0,0,0,0,0,0,1,0,1,0,0,0,0,0,0,0,0,0,0,1,0,0,0,1,0,0,0,0,0,0,0,0,0,0,0,0,0,0,0,0,0
5813,0,2,4,7,0,0,3,4,0,0,0,2,0,0,0,0,0,0,0,0,0,0,0,0,0,0,0,0,0,0,0,0,0,0,0,0,0,2,0,0,0,3,1,1,0,0,0,0,0,0,0,0,0,0,0,0,0,0,1,0,0,0,0,0,0,0,0,0,0,0,0,0,0,0,0,0
5814,1,5,22,20,1,0,9,33,1,10,1,11,0,0,0,0,0,5,0,0,3,1,0,0,0,0,3,12,0,0,0,9,0,0,0,8,0,2,1,1,0,1,1,1,0,0,0,0,0,0,1,0,3,0,0,0,0,0,2,1,0,0,0,0,0,0,0,0,0,0,0,0,0,0,0,0
5816,0,12,19,9,0,0,4,2,9,1,0,4,0,0,0,2,0,2,0,0,0,0,0,0,0,0,0,1,0,0,0,1,0,0,0,0,0,0,0,0,0,0,0,1,0,0,0,0,0,0,0,0,0,0,0,0,0,0,1,0,0,0,0,0,0,0,0,0,0,0,0,0,0,0,1,0
5817,1,0,0,1,0,0,5,3,0,2,0,1,0,0,0,0,0,1,0,1,0,0,2,0,0,0,1,0,0,0,0,0,0,0,0,1,0,0,0,1,0,0,0,2,0,0,0,0,0,0,0,0,0,0,0,0,0,0,0,0,0,0,0,0,0,0,0,0,0,0,0,0,0,0,0,0
5818,0,1,11,3,0,0,3,2,0,0,1,2,0,0,0,0,1,3,0,1,0,2,0,0,0,0,1,0,0,0,0,0,0,0,0,0,0,0,0,0,0,0,0,1,0,0,0,0,0,0,0,0,1,0,0,0,0,0,0,0,0,0,0,0,0,0,0,0,0,0,0,0,0,0,0,0
5821,0,1,6,1,0,2,2,22,0,0,1,5,0,0,0,1,0,0,0,2,0,0,3,0,0,0,1,0,3,0,1,0,0,0,0,0,0,1,0,0,0,1,1,0,0,0,0,0,1,0,0,0,2,0,0,0,0,0,0,0,0,0,0,0,0,0,0,0,0,0,0,0,0,0,0,0
5822,0,1,2,1,0,0,6,14,0,2,0,3,0,0,0,1,0,1,0,0,0,0,0,0,1,0,1,0,0,0,0,0,0,0,0,0,0,4,0,1,0,1,0,0,1,0,1,0,0,0,0,0,0,0,0,0,0,0,0,0,0,0,0,0,0,0,0,0,1,0,0,0,0,0,0,0
5823,0,6,14,12,0,0,9,8,1,1,1,2,0,0,1,2,0,5,0,4,0,0,1,0,1,0,1,0,1,0,0,0,0,0,0,0,0,0,0,0,1,1,0,0,0,0,0,0,0,0,0,0,0,1,0,0,0,0,1,0,0,0,0,0,0,0,0,0,0,0,0,0,0,0,0,0
5824,0,2,14,9,0,0,5,4,2,3,0,2,0,0,0,3,2,1,0,0,0,1,3,0,0,0,0,0,1,0,1,0,0,0,0,0,0,2,0,1,0,1,1,0,0,0,0,0,1,0,0,0,0,0,0,0,0,0,0,0,0,0,0,0,0,0,0,0,0,0,0,0,0,0,0,0
5825,0,2,9,3,0,0,1,5,1,0,0,3,0,0,0,0,0,0,0,0,0,1,0,0,0,0,0,1,0,0,0,0,0,0,0,0,0,1,0,0,0,0,0,0,0,0,0,0,0,0,0,0,0,0,0,0,0,0,0,0,0,0,0,0,0,0,0,0,0,0,0,0,0,0,0,0
5826,0,6,28,8,0,10,15,16,0,4,0,4,0,0,1,3,6,1,0,3,0,1,3,0,0,1,1,0,3,0,1,0,0,0,0,0,1,1,0,1,0,1,0,1,0,0,0,0,0,0,1,0,0,0,0,0,0,0,0,0,0,0,0,0,0,0,0,0,0,0,1,0,0,0,0,0
5827,0,7,24,18,5,1,4,16,0,0,2,6,0,0,0,0,4,6,1,0,0,0,1,1,0,0,0,3,0,0,0,3,1,0,0,3,2,0,0,0,0,0,0,0,1,0,1,1,0,2,0,0,0,0,0,0,0,1,0,0,0,0,0,0,0,0,0,0,0,1,0,0,0,0,0,0
5828,0,5,13,14,0,0,9,8,2,1,1,2,0,0,0,4,5,1,0,1,0,0,0,0,1,0,1,1,0,0,0,0,0,0,0,0,0,3,0,0,0,1,0,0,0,0,0,1,0,0,0,0,2,0,1,0,0,0,1,0,0,0,0,0,0,0,0,0,0,0,0,0,0,0,0,0
5829,0,12,18,14,0,3,19,27,0,9,1,1,0,0,0,0,0,2,0,3,0,3,5,0,1,0,0,1,1,1,2,0,1,2,0,1,0,3,0,0,0,2,4,0,0,0,0,0,1,0,0,0,1,0,0,0,0,0,0,0,0,0,0,0,0,0,0,0,0,0,1,0,0,0,0,0
5830,0,7,11,6,0,0,1,16,0,1,0,8,0,0,0,0,0,1,0,1,2,0,0,0,0,0,0,7,1,0,0,9,0,0,1,3,0,0,2,2,0,0,0,0,0,0,0,0,0,0,0,0,0,2,0,0,0,0,0,0,0,0,0,0,0,0,0,0,0,1,0,0,0,0,0,0
5831,1,1,16,0,0,1,14,12,1,11,0,2,0,0,0,7,0,1,0,1,0,3,3,0,0,1,0,1,0,0,0,0,0,0,0,0,0,2,1,0,0,0,0,0,0,0,0,1,0,0,0,0,1,0,0,0,0,0,0,1,0,0,0,0,0,0,0,0,0,0,0,0,0,0,0,0
5833,1,7,16,5,0,0,7,16,0,4,0,2,0,0,0,2,1,1,0,2,0,1,2,0,0,0,0,1,0,0,0,3,0,0,0,1,0,3,0,1,0,0,1,0,0,0,0,2,0,0,0,0,2,0,0,0,0,0,0,0,0,0,0,1,0,0,0,0,0,0,0,0,0,0,0,0
5834,0,3,6,3,0,1,4,6,1,0,0,1,1,0,0,3,0,1,0,0,2,0,2,0,0,0,0,0,1,0,0,3,0,0,0,0,0,0,0,0,0,1,0,0,0,0,0,2,0,0,0,0,0,0,0,0,0,0,0,0,0,0,0,0,0,0,0,0,0,0,0,0,0,0,0,0
5835,0,1,17,17,1,1,11,5,2,2,1,2,0,1,0,6,1,1,0,0,0,0,2,0,0,1,1,0,1,0,3,0,1,5,0,0,0,5,0,0,0,2,0,0,0,0,0,1,0,0,0,1,0,0,0,0,0,0,2,0,0,0,0,0,0,0,0,0,0,0,0,0,1,0,0,0
5836,0,6,19,10,0,0,2,1,2,0,0,4,0,0,0,1,0,0,0,0,0,1,1,0,0,0,0,1,0,0,0,0,1,0,0,0,0,1,0,0,0,0,1,5,0,0,0,0,1,0,0,0,0,0,0,0,0,0,0,0,0,0,0,0,0,0,1,0,0,0,0,0,0,0,0,0
5858,0,9,32,14,0,1,5,5,1,2,2,5,0,0,0,1,0,1,0,0,0,0,1,1,0,1,2,1,1,0,0,0,0,0,0,0,0,0,0,0,0,1,1,0,1,1,0,0,0,0,0,0,0,0,0,0,0,0,1,1,0,0,0,0,0,0,0,0,0,0,0,0,0,0,0,0
5859,0,3,16,8,0,0,2,11,0,6,1,3,0,0,0,1,0,3,1,0,0,0,2,0,0,0,0,0,0,0,3,0,0,0,0,0,0,0,0,0,0,3,0,1,0,0,0,0,0,0,0,0,1,0,0,0,0,0,0,1,0,0,0,0,0,0,0,0,0,0,0,0,0,0,0,0
5860,1,0,3,3,0,1,9,3,0,1,1,0,0,0,0,0,0,0,0,1,0,0,2,0,0,0,1,1,3,0,0,0,0,0,0,0,0,0,0,0,0,0,0,0,0,0,0,0,0,0,0,0,0,0,0,0,0,0,0,0,0,0,0,0,0,0,0,0,0,0,0,0,0,0,0,0
5861,0,5,18,8,0,2,9,7,0,2,3,3,0,0,0,2,1,1,0,0,1,0,1,0,1,0,2,0,0,0,0,0,0,0,0,0,0,0,0,0,0,1,0,0,0,0,0,0,0,0,0,0,1,0,0,0,0,0,0,1,0,1,0,0,0,0,0,0,0,0,0,0,0,0,0,0
5863,0,10,10,6,0,0,5,1,1,1,1,1,0,0,0,0,2,0,0,0,0,0,0,0,0,0,0,0,0,0,0,0,0,0,0,0,0,1,0,0,0,0,0,2,0,0,0,0,0,0,0,0,0,0,0,0,0,0,0,0,0,0,0,0,0,0,0,0,0,0,0,0,0,0,0,0
5864,0,7,19,17,2,0,5,17,0,4,2,12,0,0,1,0,3,2,0,0,1,0,3,4,1,0,1,2,0,1,2,4,1,0,0,5,3,2,0,0,0,5,0,2,0,1,0,1,0,0,0,0,1,0,1,0,0,0,0,0,0,0,0,0,0,0,0,0,0,0,0,0,0,0,0,0
5866,0,0,2,5,0,1,5,12,0,0,0,5,0,0,0,0,1,0,0,1,1,1,2,0,0,0,1,0,0,2,0,1,0,0,0,1,0,1,0,1,0,0,0,0,0,1,0,0,0,0,0,0,0,0,0,0,0,0,0,0,0,0,0,0,0,0,0,0,0,0,0,0,0,0,0,0
5867,0,1,14,4,0,4,0,2,0,0,1,3,0,0,0,0,1,0,0,0,0,1,0,0,0,0,1,0,0,0,0,0,1,0,0,0,0,0,0,0,0,1,0,0,0,1,0,0,0,0,0,0,0,0,0,0,0,0,0,2,0,0,0,0,0,0,0,0,0,0,0,0,0,0,0,0
5868,1,2,15,2,0,0,11,6,0,3,1,1,0,0,0,0,1,2,0,1,0,0,0,0,0,0,0,1,0,0,2,0,1,0,0,0,0,4,0,0,2,3,1,0,0,0,0,0,0,0,0,0,1,0,0,0,0,0,0,2,0,0,0,0,0,0,0,0,0,0,0,0,0,0,0,0
5869,0,2,8,3,3,0,3,5,0,1,0,1,0,0,2,0,0,1,0,0,0,0,0,0,0,0,0,1,0,0,0,0,0,1,0,1,0,0,1,0,0,0,0,1,0,0,0,0,0,0,1,0,0,0,0,0,0,0,0,0,0,0,0,0,0,0,0,0,0,0,0,0,0,0,0,0
5870,0,0,2,2,0,0,10,2,0,1,0,0,0,0,0,0,1,1,0,0,0,0,3,0,0,0,0,0,0,0,1,0,0,0,0,0,0,2,0,0,1,4,0,0,0,0,0,0,0,0,0,0,0,0,0,0,0,0,0,0,0,1,0,0,0,0,0,0,0,0,0,0,0,0,0,0
5871,1,0,3,1,0,0,2,1,0,2,0,0,0,0,0,1,3,1,0,0,0,0,2,1,0,0,1,1,0,0,0,0,0,0,0,0,0,1,0,0,0,4,0,1,0,0,0,0,0,0,0,1,0,0,0,0,0,0,0,0,0,0,0,0,0,0,0,0,0,0,0,0,0,0,0,0
5872,0,2,8,8,0,0,5,3,2,1,0,0,0,0,0,0,0,1,0,0,0,0,3,1,0,1,0,0,0,0,0,1,0,0,0,0,0,0,0,1,0,2,0,0,1,0,0,0,0,0,0,0,0,0,0,0,0,0,1,0,0,0,0,0,0,0,0,0,0,0,0,0,0,0,0,0
5873,0,1,2,5,0,0,1,2,1,0,0,0,0,0,0,0,0,0,0,1,0,0,3,0,1,0,0,0,2,0,0,0,1,0,0,0,0,0,0,1,0,1,1,0,0,0,0,0,0,0,0,1,0,0,0,0,0,0,0,0,0,0,0,0,0,0,0,0,0,0,0,0,0,0,0,0
5874,1,5,14,10,0,0,4,17,2,0,0,2,0,0,0,1,1,1,0,0,2,0,0,0,0,0,0,4,0,2,0,4,0,0,2,2,0,0,1,0,0,1,0,3,0,0,0,0,0,0,0,0,0,1,0,0,0,0,0,0,0,0,0,0,0,0,2,0,0,0,0,0,0,0,0,0
5875,0,1,0,0,1,0,6,8,0,2,1,0,0,0,0,3,2,0,0,0,0,0,3,1,0,0,0,1,0,1,2,0,1,0,0,0,0,2,0,0,0,1,0,0,0,0,0,0,0,0,0,0,0,0,0,0,0,0,0,0,0,0,0,0,0,0,0,0,0,0,0,0,0,0,0,0
5876,0,1,10,2,0,0,8,8,0,3,0,1,0,0,1,2,3,2,0,0,0,0,2,0,0,0,1,0,0,0,0,1,0,0,0,0,0,3,0,0,0,0,0,0,0,0,0,0,0,0,0,0,0,0,0,0,0,0,0,0,0,0,0,0,0,0,0,0,0,0,0,0,0,0,0,0
5877,0,1,7,4,0,1,2,3,0,1,2,0,0,0,0,1,0,4,0,0,0,0,0,0,1,1,1,0,0,0,0,0,0,0,0,0,0,1,0,0,0,0,0,0,0,0,0,0,0,0,0,0,0,0,0,0,0,0,0,0,0,0,0,0,0,0,0,0,0,0,0,0,0,0,0,0
5878,0,1,10,9,0,0,1,0,1,1,0,1,0,0,0,1,0,0,0,0,0,0,0,0,0,0,0,0,0,0,0,0,0,1,0,0,1,0,0,0,0,0,0,0,0,0,0,0,0,0,0,0,0,0,0,0,0,0,0,0,0,0,0,0,0,0,0,0,0,0,0,0,0,0,0,0
5879,0,3,57,32,0,2,21,16,2,8,0,4,0,0,0,1,1,3,0,2,2,1,5,2,0,0,0,6,0,0,3,3,4,1,0,4,0,5,0,0,0,2,1,0,0,0,0,0,0,0,0,0,0,1,1,0,0,0,0,2,0,0,0,0,0,0,0,0,0,1,0,0,0,0,0,0
5880,0,6,14,5,0,0,6,5,4,2,0,0,0,0,0,7,0,0,0,2,0,0,0,0,1,1,0,0,1,0,1,0,0,0,0,0,0,9,0,0,0,0,0,2,0,0,0,0,0,0,1,0,1,0,0,0,0,0,0,0,0,0,0,0,0,0,1,1,0,0,0,0,0,0,0,0
5881,0,3,17,4,0,0,10,3,2,4,1,1,0,0,0,0,2,1,0,0,0,1,1,0,1,1,0,0,0,1,0,0,0,0,0,0,0,1,0,0,0,1,0,0,0,0,0,2,0,0,0,0,0,0,0,0,0,0,1,0,0,0,0,0,0,0,0,0,0,0,0,0,1,0,0,0
5908,0,4,23,11,0,3,20,12,0,5,2,4,0,0,0,1,1,4,1,0,0,2,1,0,2,0,1,0,0,0,0,0,0,0,0,0,0,2,1,0,0,1,1,2,0,1,0,0,0,0,0,0,4,0,0,0,0,0,0,0,0,1,0,0,0,0,0,0,0,1,0,0,0,0,0,0
5909,0,1,4,5,0,0,3,10,0,1,0,0,0,0,0,0,0,0,0,1,0,0,3,0,0,0,1,0,1,0,0,1,0,0,0,0,0,0,0,0,0,9,0,0,0,0,0,0,0,0,0,0,0,0,0,0,0,0,0,1,0,0,0,0,0,0,0,0,0,0,0,0,0,0,0,0
5910,0,0,8,5,0,1,20,17,0,8,2,3,0,0,0,0,1,4,0,1,0,1,1,0,1,0,0,0,3,0,0,2,1,0,0,0,0,2,0,0,1,3,0,2,0,0,0,0,0,0,0,0,0,0,0,0,0,0,0,0,0,0,0,0,0,0,0,0,0,0,0,0,0,0,0,0
5911,0,2,9,13,0,0,6,3,0,0,1,2,0,0,0,0,0,1,1,0,0,0,0,0,0,0,1,0,0,0,0,1,0,0,0,0,0,0,0,0,0,0,0,1,0,0,0,0,0,0,0,0,0,0,0,0,0,0,0,1,0,0,0,0,0,0,0,0,0,0,1,0,0,0,0,0
5912,0,4,17,8,0,0,15,10,1,3,0,1,0,0,0,0,0,2,0,0,0,0,0,0,1,0,0,0,0,0,0,0,0,0,0,0,0,1,0,0,0,6,0,0,0,0,0,0,0,0,0,0,1,0,0,0,0,0,4,0,0,0,0,0,0,0,0,0,0,0,0,0,0,0,0,0
5913,0,1,10,3,0,1,8,1,0,0,0,0,0,0,0,0,0,1,0,0,0,0,1,0,0,0,0,0,0,0,0,0,0,0,0,0,0,0,0,0,0,3,0,0,0,0,0,0,0,0,0,0,1,0,0,0,0,0,0,0,0,0,0,0,0,0,0,0,0,0,0,0,0,0,0,0
5914,0,2,12,7,0,1,13,17,0,5,2,3,0,0,0,0,1,0,0,0,1,1,3,0,0,0,1,0,0,0,0,0,0,0,0,1,0,0,0,0,0,2,0,0,0,4,0,1,0,0,0,0,0,0,0,0,0,0,2,0,0,0,0,0,0,0,0,0,0,0,0,0,0,0,0,0
5915,1,8,12,7,0,6,26,24,0,8,0,2,0,0,0,0,3,4,0,0,0,0,1,0,0,0,2,0,1,0,0,0,0,0,1,0,0,3,0,0,0,0,0,1,0,1,0,0,0,0,0,1,0,0,0,0,0,0,2,0,0,0,0,0,0,1,0,0,0,0,0,0,0,0,0,0
5917,1,5,21,12,0,0,19,17,5,6,1,8,0,0,0,1,3,0,0,0,0,1,3,0,0,0,2,0,0,3,3,1,0,0,0,0,0,2,0,0,2,4,2,0,0,0,0,0,0,0,0,0,0,0,0,0,0,0,1,0,0,1,0,0,2,0,0,0,0,0,0,0,0,0,0,0
5918,0,4,13,9,0,0,10,3,1,3,0,3,0,0,0,0,0,2,0,0,0,0,3,0,0,0,2,1,0,3,0,0,0,0,0,0,0,4,0,0,0,5,2,0,0,0,0,0,0,0,1,0,0,0,0,0,0,0,0,0,0,0,0,0,2,0,0,0,0,0,0,0,0,0,0,0
5919,0,4,11,10,0,1,4,5,0,0,1,1,0,0,0,1,1,0,0,0,0,0,0,0,0,0,0,0,0,0,0,0,0,0,0,0,0,0,0,0,0,0,0,1,0,0,0,0,0,0,0,0,0,0,0,0,0,0,1,1,0,0,0,0,0,0,0,0,0,0,0,0,0,0,0,0
5920,0,3,21,7,0,0,9,6,0,2,1,3,0,0,0,0,2,1,0,0,0,0,4,0,0,0,1,0,1,0,0,0,0,0,0,0,0,2,0,0,0,0,2,1,0,0,0,0,0,0,0,0,0,0,0,0,0,0,0,0,0,0,0,0,0,0,0,0,0,0,0,0,0,0,0,0
5921,0,0,4,10,0,0,6,10,0,0,1,2,0,0,0,0,0,1,0,0,0,0,0,0,0,0,0,0,2,0,0,1,0,0,0,0,0,3,0,0,0,0,0,0,0,0,0,0,0,0,0,0,1,0,0,0,0,0,0,0,0,0,0,0,0,0,0,0,0,0,0,0,0,0,0,0
5922,0,3,12,6,0,0,4,3,0,1,0,1,0,0,0,0,0,1,0,0,0,0,1,0,2,0,0,0,0,0,1,0,1,0,0,0,0,0,0,0,0,2,0,0,0,0,0,0,1,0,0,0,0,0,0,0,0,0,0,0,0,0,0,0,0,0,0,0,0,0,0,0,0,0,0,0
5923,0,1,11,11,0,0,8,14,1,3,3,1,1,0,0,1,0,2,0,0,0,1,1,0,0,0,0,1,0,0,2,0,0,0,0,0,0,4,0,0,0,3,2,0,0,0,0,0,0,0,1,0,1,0,0,0,0,0,1,0,0,1,0,0,0,0,0,0,0,0,0,0,0,0,0,0
5925,0,11,40,26,0,0,7,12,2,5,3,7,0,0,0,0,4,2,0,0,0,0,3,3,1,1,1,1,5,0,0,1,0,0,0,0,1,4,0,0,0,2,0,1,0,0,0,0,0,0,0,0,0,0,0,0,0,0,0,0,0,0,1,1,0,0,0,0,0,0,0,0,0,0,0,0
5926,0,1,22,7,0,6,2,25,4,2,2,5,0,0,1,1,2,2,0,0,0,0,3,0,3,0,2,0,7,1,0,0,0,0,0,0,0,0,0,0,0,0,1,0,0,0,0,0,0,0,0,0,1,0,0,0,0,0,0,0,0,0,0,0,0,0,0,0,0,0,0,0,0,0,0,0
5927,0,4,5,1,0,0,7,2,0,0,1,1,0,0,0,1,0,0,0,0,0,0,0,0,0,0,0,0,0,0,0,0,0,0,0,0,0,0,0,0,0,0,0,0,0,0,0,0,0,0,0,0,0,0,0,0,0,0,0,0,0,0,0,0,0,0,0,0,0,0,0,0,0,0,0,0
5928,0,5,32,18,0,2,13,32,12,10,3,11,0,0,1,6,0,4,0,2,0,1,3,0,0,0,2,0,0,0,3,1,0,0,0,0,0,0,1,0,1,5,3,3,0,0,0,0,0,0,0,0,3,1,0,0,0,0,0,1,0,1,0,0,0,0,2,0,0,0,0,0,0,0,0,0
5929,0,1,12,5,0,2,5,18,2,1,0,5,0,0,0,0,1,1,1,0,0,0,3,0,2,1,0,1,0,0,1,0,2,0,0,0,0,1,0,1,0,0,0,0,0,0,0,0,0,0,0,0,1,0,0,0,0,0,1,0,0,1,0,0,0,0,0,0,0,0,0,0,0,0,0,0
5930,0,4,14,6,0,1,0,4,1,0,0,2,0,0,0,2,0,1,1,0,0,0,3,0,0,0,1,0,1,0,0,0,1,0,0,0,0,0,0,0,0,0,0,0,0,0,0,0,0,0,0,0,0,0,0,0,0,0,0,0,0,0,0,0,0,0,0,0,0,0,0,0,0,0,0,0
5931,2,5,13,2,0,2,14,18,2,6,2,6,0,0,0,4,0,3,1,0,0,3,4,0,0,0,0,0,1,0,0,0,0,2,0,0,0,3,0,0,0,1,3,1,0,0,0,0,1,0,0,0,0,0,1,0,0,0,1,0,0,0,0,0,0,0,0,0,0,0,0,0,0,0,0,0
5932,1,2,13,2,0,1,1,1,1,0,0,3,0,0,0,3,0,0,0,0,0,0,1,0,0,0,0,0,0,0,0,0,0,0,0,0,0,2,0,1,0,0,0,0,0,0,0,0,0,0,0,0,1,0,0,0,0,0,0,0,0,0,0,0,0,0,0,0,0,0,0,0,0,0,0,0
5934,0,10,38,27,0,0,7,14,3,0,2,2,0,0,0,3,2,0,0,1,0,0,2,0,2,0,0,0,0,1,1,0,0,1,0,0,0,3,0,1,0,3,1,1,0,0,0,0,2,0,0,0,0,0,0,0,0,0,1,1,0,0,0,0,2,0,0,0,0,0,0,0,0,0,0,0
5935,0,1,3,5,0,0,0,4,1,3,0,0,0,0,0,0,1,1,0,0,0,0,1,0,1,1,0,0,0,1,0,0,0,0,0,0,0,1,0,0,0,0,1,0,0,0,0,0,0,0,0,0,1,0,0,0,0,0,0,0,0,0,0,0,0,0,0,0,0,0,0,0,0,0,0,0
5936,0,0,6,1,0,3,10,18,1,1,1,2,0,0,3,0,0,1,1,2,0,2,1,0,0,0,0,2,1,0,0,0,0,0,0,0,0,4,0,0,0,0,0,0,0,0,0,0,0,0,0,0,1,0,0,0,0,0,1,0,0,0,0,0,0,0,0,0,0,0,0,0,0,0,0,0
5937,1,3,23,10,6,0,2,27,1,0,0,6,0,0,0,0,0,1,0,0,2,0,0,0,0,1,0,4,0,1,0,4,0,0,0,7,0,0,2,2,0,0,0,0,0,0,0,0,0,2,0,3,0,0,1,0,0,0,1,0,0,0,0,2,0,0,0,0,0,0,0,0,0,0,0,0
5938,0,6,6,18,0,0,2,2,2,0,0,2,0,0,0,3,0,0,0,0,0,2,0,0,0,0,1,0,0,1,2,2,0,0,0,3,3,0,0,0,0,0,0,0,0,0,0,3,0,0,0,17,0,0,0,0,0,0,0,0,0,0,0,0,0,0,0,0,0,1,0,0,0,0,0,0
5939,0,7,37,24,0,0,6,5,3,2,1,5,0,0,0,0,0,2,0,1,0,0,0,0,0,0,0,3,0,0,0,0,1,2,0,0,0,3,0,0,0,2,0,1,0,0,0,0,0,0,2,0,0,0,0,0,0,0,0,0,0,0,0,1,0,0,2,0,0,0,0,0,0,0,0,0
5940,0,10,19,6,0,3,7,10,2,4,3,0,1,0,0,3,0,3,1,0,0,0,2,0,0,0,2,0,0,0,0,1,0,0,0,0,0,1,0,0,0,0,1,0,0,0,0,0,0,0,0,0,0,0,0,0,0,0,0,0,0,1,0,0,1,0,0,0,0,0,0,0,0,0,0,0
5942,0,12,32,13,0,0,9,5,2,3,2,5,0,0,0,0,0,4,0,1,0,1,0,0,0,0,1,0,0,0,3,0,0,1,0,0,0,6,0,0,0,4,2,0,0,0,0,3,1,0,0,0,1,0,0,0,0,0,0,0,0,0,0,0,0,0,0,0,0,0,0,0,0,0,0,0
5943,0,8,21,25,0,1,3,5,2,3,0,5,0,0,0,4,1,2,2,0,0,1,4,0,0,0,1,1,0,0,1,0,1,0,0,0,0,2,1,0,0,0,3,0,0,0,0,0,0,0,0,0,0,0,0,0,0,0,0,0,0,0,0,1,0,0,2,0,0,0,0,0,1,0,0,0
5965,1,3,12,6,0,0,17,10,2,6,0,0,0,0,0,0,0,1,0,0,0,3,2,0,0,0,3,0,0,0,0,0,0,0,0,0,0,4,0,0,0,0,0,0,0,0,0,0,0,0,0,0,0,0,0,0,0,0,0,1,0,0,0,0,0,0,0,0,0,0,0,0,0,0,0,0
5966,0,3,12,8,0,2,8,18,1,2,0,2,0,0,0,0,2,1,0,0,1,0,6,0,3,0,0,0,0,1,1,1,1,0,1,0,0,1,1,0,1,2,0,0,0,0,0,0,0,1,0,0,0,0,0,0,0,0,1,1,0,0,0,0,0,0,0,0,0,0,0,0,0,0,0,0
5967,0,1,5,5,0,0,0,7,0,2,0,4,0,0,0,0,1,2,0,1,2,0,0,0,0,0,0,2,0,0,0,1,0,0,0,1,0,0,0,0,0,0,0,0,0,0,0,0,0,0,0,0,0,0,0,0,0,0,0,0,0,0,0,0,0,0,0,0,0,0,0,0,0,0,0,0
5968,1,1,6,2,0,0,2,3,1,0,0,3,0,0,1,0,1,1,1,0,0,0,0,0,0,0,1,1,0,0,0,1,0,0,0,0,2,0,0,0,0,0,0,0,0,0,0,0,0,0,0,0,0,0,0,0,0,0,0,1,0,0,0,0,0,0,0,0,0,0,0,0,0,0,0,0
5969,0,2,23,14,1,0,12,18,2,5,0,3,0,0,0,1,3,1,0,2,0,1,5,0,0,0,0,0,0,1,0,3,4,0,0,0,0,3,0,0,2,4,1,0,0,0,0,0,0,0,0,0,2,0,0,0,0,0,0,1,0,0,0,0,0,0,0,0,1,0,0,0,0,0,0,0
5970,0,6,5,3,0,0,13,8,0,7,0,0,0,0,0,0,2,1,0,0,0,0,0,0,0,0,0,0,0,0,0,0,0,0,0,0,0,0,0,0,1,1,2,0,0,0,0,0,0,0,0,0,0,0,0,0,0,0,1,0,0,0,0,0,0,0,0,0,0,0,0,0,0,0,0,0
5971,0,2,12,6,0,0,7,13,1,1,0,5,0,0,0,1,2,1,0,2,0,1,1,0,2,1,1,0,0,2,0,1,0,1,0,0,0,1,0,0,0,0,0,0,0,0,0,0,0,0,0,0,1,0,0,0,0,0,1,1,0,1,0,0,0,0,0,0,0,0,0,0,0,0,0,0
5972,0,1,18,6,0,0,8,20,1,7,1,1,0,0,0,1,0,3,0,0,0,1,1,2,0,0,0,0,1,0,1,1,0,0,0,0,0,0,0,0,0,3,0,1,0,0,0,0,0,0,0,2,0,0,0,0,0,0,0,0,0,0,0,0,0,0,0,0,0,0,0,0,0,0,0,0
5973,0,2,13,10,0,0,15,12,2,5,0,2,0,0,0,0,0,1,1,0,0,1,1,0,0,2,0,0,3,0,0,0,0,0,0,0,0,0,0,0,0,1,2,1,1,0,0,0,0,0,2,0,0,0,0,0,0,0,1,0,0,0,0,0,1,0,0,0,0,0,0,0,0,0,0,0
5974,1,16,21,23,0,4,10,25,3,3,2,7,0,0,1,2,6,4,1,2,0,2,3,0,0,0,4,0,1,0,1,0,0,0,0,0,0,2,0,0,0,4,1,0,0,0,0,0,1,0,0,0,6,0,0,0,0,0,0,1,0,0,0,0,0,0,0,0,0,0,0,0,0,0,0,0
5976,0,3,7,6,0,0,4,40,0,6,1,8,0,0,0,1,0,3,0,6,4,0,2,2,0,0,0,1,3,0,0,3,0,1,0,0,0,1,0,0,0,2,2,0,0,0,0,0,0,0,0,0,1,0,0,0,0,0,1,0,0,0,0,0,0,0,0,0,0,1,0,0,0,0,0,0
5977,0,1,0,1,0,0,2,11,1,1,1,1,0,0,0,0,0,3,0,0,0,1,2,1,0,0,0,0,1,0,0,0,0,0,0,0,0,2,1,0,0,0,0,1,0,0,0,0,0,0,0,0,1,0,0,0,1,0,0,0,0,0,0,1,0,0,0,0,0,0,0,0,0,0,0,0
5978,0,0,1,4,0,1,3,8,2,2,1,4,0,0,0,0,0,4,0,0,0,0,0,0,0,0,0,0,0,0,1,1,0,0,0,0,0,1,0,0,0,0,0,0,0,0,0,0,0,0,0,0,0,0,0,0,0,0,0,0,0,0,0,0,0,0,0,0,0,0,0,0,0,0,0,0
5979,0,3,5,7,0,17,21,33,6,4,1,9,0,0,2,1,1,5,0,1,0,0,0,0,1,0,1,0,3,1,0,0,0,0,0,0,0,1,0,0,0,1,0,0,0,1,0,0,0,0,1,0,0,0,0,0,0,0,0,0,0,0,0,0,0,0,2,0,0,0,0,0,0,0,0,0
5980,0,1,9,3,0,4,5,29,0,4,0,1,0,0,0,3,1,4,0,0,0,0,1,0,1,0,1,0,0,0,2,0,0,2,1,0,0,1,0,0,0,0,0,0,0,0,0,0,0,0,0,0,0,0,1,0,0,0,1,1,0,0,0,0,0,0,0,0,0,0,0,0,0,0,0,0
5981,0,1,4,2,0,0,5,16,0,0,0,6,0,0,0,0,0,1,0,0,1,0,0,0,0,2,0,3,0,0,0,5,0,0,0,4,0,2,0,1,0,0,0,1,0,0,0,1,0,0,0,0,0,0,0,0,0,0,0,0,0,0,0,2,0,0,0,0,0,0,0,0,0,0,0,0
5982,0,3,1,0,0,1,6,4,0,5,1,0,0,0,0,0,1,4,0,2,0,0,0,0,0,1,0,0,0,0,0,0,0,2,0,0,0,1,2,0,0,1,0,0,0,0,0,0,0,0,0,0,1,0,0,0,0,0,0,0,0,0,0,0,0,0,0,0,0,0,0,0,0,0,0,0
5983,0,1,13,10,0,0,8,10,2,4,1,1,0,0,0,2,1,1,0,0,0,0,4,1,0,0,1,1,1,0,1,1,1,0,0,0,1,2,0,1,0,2,0,0,0,0,0,0,0,0,0,0,0,0,0,0,0,0,0,0,0,0,0,1,0,0,0,0,0,0,0,0,1,0,0,0
5985,0,4,8,4,0,1,4,16,2,2,1,2,0,0,0,0,1,1,0,1,0,1,4,0,0,0,0,0,0,0,0,2,0,0,0,0,0,2,0,0,0,2,0,1,0,0,0,0,0,0,0,0,0,0,0,0,0,0,1,2,0,0,1,0,0,0,0,0,0,1,0,0,0,0,0,0
5986,0,1,2,0,0,0,5,1,1,3,0,0,1,0,1,3,0,0,0,0,0,0,3,0,0,0,0,0,0,0,0,0,0,1,0,0,0,3,1,0,0,0,0,0,0,0,0,0,0,0,0,0,0,0,0,0,0,0,0,0,0,0,0,0,0,0,0,0,0,0,0,0,0,0,0,0
6014,0,0,24,15,0,2,13,2,2,0,2,2,0,0,0,0,0,1,0,0,0,0,2,0,0,1,2,1,0,0,0,0,1,2,0,0,0,0,0,1,0,2,2,0,0,2,0,0,0,0,0,0,0,0,0,0,0,0,1,0,0,0,0,0,0,0,0,0,0,0,0,0,0,0,0,0
6015,0,6,24,10,0,2,9,3,3,5,0,3,0,0,0,0,0,0,0,0,0,0,0,0,0,0,0,0,1,0,1,0,0,0,0,0,0,0,0,0,0,0,0,0,0,0,0,0,0,0,0,0,0,0,0,0,0,0,0,1,0,0,0,0,0,0,0,0,0,0,0,0,0,0,0,0
6016,1,3,0,0,0,2,8,13,0,2,6,4,0,0,0,0,0,3,0,0,0,0,2,0,0,1,1,0,0,1,0,0,0,0,0,0,0,1,0,0,0,0,0,1,0,0,0,0,0,0,0,0,0,0,0,0,0,0,0,0,0,0,0,0,0,0,0,0,0,0,0,0,0,0,0,0
6017,0,0,8,4,2,3,11,4,0,2,1,5,0,0,0,0,0,0,0,0,0,1,1,0,1,0,0,0,0,0,0,0,1,0,0,0,0,1,0,0,0,0,0,1,0,1,0,0,0,0,0,0,0,0,1,0,0,0,0,0,0,0,0,0,0,0,0,0,0,0,0,0,0,0,0,0
6019,0,6,12,19,0,3,14,18,0,9,1,4,0,0,0,1,1,0,0,0,0,1,5,0,1,0,0,1,0,10,0,0,0,0,0,0,0,1,0,1,0,7,1,2,0,0,0,0,0,0,0,0,1,0,0,0,0,0,1,0,0,0,0,1,2,0,0,0,0,0,0,0,0,0,0,0
6020,0,6,10,6,0,2,6,1,0,0,0,0,0,0,0,0,1,1,0,1,0,0,0,0,0,0,0,0,0,1,0,0,0,0,0,0,0,1,0,0,0,1,1,0,0,0,0,0,0,0,0,0,0,0,0,0,0,0,0,2,0,0,0,0,0,0,0,0,0,0,0,0,0,0,0,0
6021,0,6,25,9,0,0,6,2,0,4,3,1,0,0,0,0,0,3,0,1,0,0,2,0,0,0,2,0,1,0,0,1,0,0,0,0,0,1,0,0,0,0,0,0,0,1,0,0,1,0,0,0,0,0,0,0,0,0,1,0,0,2,0,0,0,0,0,0,0,0,0,0,0,0,0,0
6022,0,1,17,12,0,3,19,10,2,9,1,7,0,0,0,0,1,5,0,0,1,0,3,0,3,0,1,0,0,0,0,0,2,0,0,0,0,1,1,0,0,2,1,0,0,1,0,0,0,0,0,0,3,0,0,0,0,0,1,0,0,1,0,1,0,0,0,0,0,0,0,0,0,0,0,0
6023,0,2,20,8,0,1,1,7,2,0,0,1,0,0,0,2,0,0,0,1,0,1,1,0,1,0,0,1,1,0,0,0,0,0,0,0,0,1,0,1,0,0,0,0,0,0,0,0,0,0,0,0,1,0,0,0,0,0,0,0,0,0,0,0,0,0,2,0,0,0,0,0,0,0,0,0
6024,0,3,9,3,0,0,9,13,1,7,0,3,0,0,0,0,0,6,0,0,0,0,1,0,1,0,0,1,0,3,0,0,0,0,0,0,0,1,0,0,0,3,0,0,0,0,0,0,0,0,0,0,3,0,0,0,0,0,0,1,0,0,0,0,1,0,0,0,0,0,0,0,0,0,0,0
6025,0,6,11,8,0,1,23,18,2,8,0,4,0,0,0,0,1,0,0,2,1,2,7,0,0,0,0,1,0,3,0,0,0,1,0,1,0,0,0,0,0,5,1,0,0,0,0,0,0,0,0,0,1,0,1,0,0,0,1,0,0,1,0,0,1,0,0,0,0,0,0,0,0,0,0,0
6026,0,2,17,10,0,0,10,6,0,2,1,1,0,0,0,1,1,2,0,0,0,1,4,0,0,0,0,0,0,0,1,0,1,0,0,0,0,1,0,0,0,3,1,8,0,0,0,0,0,0,1,0,1,0,0,0,0,0,0,0,0,1,0,0,0,0,1,0,0,0,0,0,0,0,0,0
6027,0,2,4,8,0,0,12,24,0,5,0,7,0,0,0,0,1,2,0,3,0,0,2,0,1,0,0,0,0,2,2,0,0,0,0,0,0,2,0,0,0,2,0,0,0,0,0,1,0,0,0,0,0,0,0,0,0,0,0,1,0,0,0,0,0,0,0,0,0,0,0,0,0,0,0,0
6028,0,12,30,20,0,1,37,36,5,12,0,5,0,0,0,3,3,2,0,2,0,1,4,1,0,1,0,1,0,0,1,0,2,1,0,0,0,3,3,0,0,11,3,0,1,0,0,0,0,0,0,0,2,0,0,0,0,0,1,0,0,0,0,0,1,0,0,0,1,0,0,0,0,0,0,0
6029,0,2,8,5,0,1,1,1,0,0,1,1,0,0,0,0,0,0,0,0,0,0,1,0,0,0,0,0,0,0,0,0,0,0,0,0,0,0,0,0,0,0,0,0,0,0,0,0,1,0,0,0,0,0,0,0,0,0,0,0,0,1,0,0,0,0,0,0,0,0,0,0,0,0,0,0
6030,0,2,7,11,0,0,1,0,0,0,0,2,0,0,0,0,0,0,0,0,0,0,0,0,0,0,0,1,0,0,0,0,0,0,0,0,0,0,0,0,0,0,0,1,1,0,0,0,0,0,0,0,0,0,0,0,0,0,0,0,0,0,0,0,0,0,0,0,0,0,0,0,0,0,0,0
6031,0,2,15,4,0,1,8,15,1,4,2,5,0,0,0,0,0,4,0,0,0,0,0,0,0,0,0,0,1,0,0,0,0,1,0,0,0,1,0,0,0,0,0,1,0,1,0,0,0,0,0,0,0,1,0,0,0,1,0,0,0,0,0,0,0,0,0,0,0,0,1,0,0,0,0,0
6032,0,4,2,1,0,0,7,7,0,4,0,2,0,0,0,1,1,2,0,0,1,0,4,0,2,0,1,0,0,0,0,0,0,0,0,0,0,6,0,0,0,4,0,2,0,0,0,0,1,0,0,0,1,0,0,0,0,0,0,1,0,0,0,0,1,0,0,0,0,0,0,0,0,0,0,0
6033,0,2,8,8,0,0,1,0,1,1,1,1,0,0,0,0,0,1,0,0,0,0,1,0,0,0,0,0,0,0,0,0,0,0,0,0,0,0,0,0,0,1,0,0,2,0,0,0,0,0,0,0,0,0,0,0,0,0,0,2,0,0,0,0,0,0,0,0,0,0,0,0,0,0,0,0
6034,0,2,9,3,0,0,5,5,2,2,0,3,0,0,0,0,0,0,0,0,0,0,0,0,0,0,0,0,0,0,0,0,0,0,0,0,0,0,0,0,0,0,0,1,0,0,0,0,0,0,0,0,0,0,0,0,0,0,0,0,0,0,0,0,0,0,4,0,0,0,0,0,0,0,0,0
6035,0,5,6,5,0,0,3,3,0,0,1,1,0,0,0,0,0,0,0,0,0,0,0,0,1,0,0,0,0,0,0,0,0,0,0,0,0,0,0,2,0,3,0,0,0,0,0,0,0,0,0,0,1,0,0,0,0,0,0,0,0,0,0,0,0,0,0,0,0,0,0,0,0,0,0,0
6036,0,3,12,1,0,0,10,9,1,3,0,1,0,0,0,1,0,1,0,0,0,0,1,0,0,0,0,0,0,0,2,0,0,0,0,0,0,1,0,0,0,0,0,0,0,0,0,0,0,0,0,0,1,0,0,0,0,0,0,0,0,0,0,0,0,0,1,0,0,0,0,0,0,0,0,0
6038,0,1,8,3,0,0,6,10,1,3,3,3,0,0,0,0,1,1,2,1,0,0,2,0,0,0,0,1,0,1,1,0,0,0,0,0,1,1,0,0,0,3,0,1,0,0,0,0,0,0,0,0,0,0,0,0,0,0,0,3,0,0,0,0,0,0,0,0,0,0,0,0,0,0,0,0
6039,0,8,37,14,0,2,15,19,2,2,3,3,2,0,0,1,1,4,5,1,0,1,0,0,1,2,1,2,2,0,0,1,0,3,0,0,0,1,0,2,0,2,2,0,0,0,0,0,0,0,0,0,1,0,0,0,0,0,0,0,0,0,0,0,0,0,0,0,0,0,0,0,0,0,0,0
6040,0,0,0,1,0,0,1,12,0,1,0,3,0,0,0,1,0,0,0,0,0,0,0,0,0,0,1,0,2,0,0,0,0,0,0,0,0,0,0,2,0,1,0,0,0,0,0,0,0,0,0,0,1,0,0,0,0,0,0,0,0,0,0,0,0,0,0,0,0,0,0,0,0,0,0,0
6041,0,5,25,14,0,0,7,2,2,1,1,2,0,0,1,3,3,1,0,0,0,2,2,0,1,0,1,0,2,0,0,0,1,0,0,0,0,0,2,1,0,0,0,5,0,0,0,0,0,0,0,0,0,0,0,0,0,0,0,0,0,0,0,0,0,0,0,0,0,0,0,0,0,0,0,0
6042,1,4,16,10,0,1,1,5,0,4,2,5,0,0,0,1,1,2,0,0,0,1,1,3,0,0,2,0,2,0,0,1,1,0,0,0,0,1,0,0,0,1,0,1,0,0,0,0,0,0,0,0,0,0,0,0,0,0,0,0,0,0,0,0,0,0,0,0,0,0,0,0,0,0,0,0
6043,0,0,1,0,0,3,12,17,0,3,2,2,0,0,0,0,0,4,0,1,0,1,0,0,0,0,1,0,4,0,0,1,0,0,0,0,0,1,0,0,0,0,0,0,0,0,0,0,0,0,0,1,0,0,0,0,0,0,1,1,0,0,0,0,0,0,0,0,0,0,0,0,0,0,0,0
6044,0,1,9,7,0,0,5,1,1,0,0,0,0,0,0,0,0,2,0,0,0,0,0,0,0,0,0,0,0,0,0,0,1,0,0,0,0,0,1,0,0,2,0,0,0,0,0,0,0,0,0,0,0,0,0,0,0,0,0,0,0,0,0,0,0,0,0,0,0,0,0,0,0,0,0,0
6045,0,1,14,17,0,0,6,26,1,3,1,1,0,0,0,1,0,2,0,0,5,2,1,0,0,0,0,4,1,0,0,5,1,1,0,1,0,0,2,0,0,3,1,0,0,0,0,0,0,0,0,0,0,0,2,0,0,0,0,0,0,0,0,1,0,0,0,0,0,0,0,0,0,0,0,0
6046,0,1,7,3,0,0,0,3,1,1,2,3,0,0,0,1,0,0,0,0,0,1,2,0,1,0,0,0,0,0,0,0,1,0,0,0,0,1,0,0,0,0,1,0,0,0,0,0,0,0,0,0,1,0,0,0,0,0,0,0,2,1,0,0,0,0,0,0,0,0,0,0,0,0,0,0
6047,0,2,7,6,0,0,1,6,3,0,1,0,0,0,0,4,0,1,0,1,0,0,3,0,1,1,0,0,0,0,0,0,0,0,0,0,0,1,0,0,0,1,2,1,0,0,0,0,0,0,0,0,2,0,0,0,0,0,0,0,0,0,0,0,0,0,0,0,0,0,0,0,0,0,0,0
6077,0,2,7,2,0,0,3,3,0,1,1,0,0,0,0,0,0,3,0,0,0,0,1,0,0,0,0,0,0,0,0,0,1,0,0,0,0,1,0,0,0,1,0,0,0,1,0,0,0,0,0,0,0,0,0,0,0,0,0,0,0,0,0,0,0,0,0,0,0,0,0,0,0,0,0,0
6078,2,2,17,10,0,1,12,10,1,6,0,1,0,0,0,2,3,5,0,0,0,0,4,0,0,0,1,1,0,0,0,1,1,0,0,1,0,3,0,1,1,2,1,0,0,0,0,0,0,0,0,0,1,0,0,0,0,0,0,0,0,0,0,0,0,0,0,0,0,0,0,0,0,0,0,0
6079,0,2,8,0,0,0,6,5,0,0,0,3,0,0,0,0,3,2,0,1,0,0,1,0,0,1,0,0,0,0,0,0,0,0,0,0,0,0,0,0,0,0,0,0,0,0,0,0,0,0,0,0,0,0,0,0,0,0,0,0,0,0,0,0,0,0,0,1,0,0,0,0,0,0,0,0
6081,0,0,3,5,0,2,5,7,0,1,0,5,0,0,0,0,0,2,0,0,0,0,0,0,1,0,0,0,0,0,0,0,0,0,0,0,0,1,0,0,0,0,0,1,0,0,0,0,0,0,0,0,0,0,0,0,0,0,0,0,0,0,0,0,0,0,0,0,0,0,0,0,0,0,0,0
6082,0,3,18,22,0,2,8,4,0,0,0,4,0,0,0,3,1,0,0,2,1,0,0,0,0,0,0,0,2,0,0,0,1,0,0,1,0,0,0,0,0,0,0,1,0,0,0,0,0,0,0,0,0,0,0,0,0,0,0,0,0,0,0,0,0,0,0,0,0,0,0,0,0,0,0,0
6083,0,0,4,1,3,0,0,4,1,0,1,1,0,0,0,2,0,0,0,0,0,0,0,0,0,1,0,0,0,0,0,0,0,0,0,0,0,0,0,0,0,0,0,0,0,0,0,0,0,0,0,0,0,0,0,0,0,0,0,0,0,0,0,0,0,0,0,0,0,0,0,0,0,0,0,0
6084,0,0,0,0,0,0,4,4,0,4,0,0,0,0,1,0,0,1,0,1,0,0,0,0,0,0,0,0,0,0,0,0,0,0,0,0,0,0,0,1,0,1,0,0,1,0,0,0,0,0,0,0,0,0,0,0,0,0,0,1,0,0,0,0,0,0,0,0,0,0,0,0,0,0,0,0
6085,0,1,7,3,0,1,11,2,0,1,0,2,0,1,0,1,2,0,0,0,0,2,0,0,0,1,1,0,0,0,0,0,0,0,0,0,0,0,0,0,0,1,0,0,1,1,0,0,0,0,0,0,0,0,0,0,0,0,0,1,0,1,0,0,0,0,0,0,0,0,0,0,0,0,0,0
6086,1,8,21,20,0,6,9,5,1,1,0,1,0,0,0,0,2,1,0,1,0,0,1,0,0,0,0,0,0,0,0,2,1,0,0,0,0,1,1,0,0,1,0,0,0,2,0,0,1,0,0,0,0,0,0,0,0,0,0,0,0,0,0,0,0,0,0,0,0,0,0,0,0,0,0,0
6087,1,3,2,7,0,0,9,15,0,3,0,0,0,0,0,0,2,3,0,0,0,0,3,0,0,0,1,1,0,0,0,0,0,0,0,0,0,3,0,0,2,1,0,1,0,1,0,0,1,0,0,0,1,0,0,0,0,0,0,0,0,0,0,0,5,0,0,0,0,0,0,0,0,0,0,0
6088,0,3,7,8,0,0,1,1,0,0,1,0,0,0,0,3,0,0,0,0,0,0,0,0,0,0,0,1,1,0,0,0,0,0,0,0,0,0,0,0,0,0,0,0,0,0,0,0,0,0,0,0,0,0,0,0,0,0,0,0,0,0,0,0,0,0,1,0,0,0,0,0,0,0,0,0
6089,0,4,12,7,0,1,7,10,1,2,1,1,0,0,0,0,2,4,1,3,0,1,1,0,0,0,0,0,0,2,0,0,0,0,0,0,1,3,0,0,0,4,0,1,0,0,0,0,0,0,0,0,0,0,0,0,0,0,0,0,0,0,0,0,0,0,0,0,0,0,0,0,0,0,0,0
6091,0,1,8,5,0,0,0,0,0,1,0,0,0,0,0,0,0,1,0,0,0,0,1,0,0,0,0,1,0,0,0,0,1,0,0,0,0,0,0,0,0,0,0,0,0,0,0,0,0,0,0,0,0,0,0,0,0,0,0,1,0,0,0,0,0,0,0,0,0,0,0,0,0,0,0,0
6092,10,4,15,18,10,1,0,6,4,1,3,3,0,0,3,0,0,0,0,2,0,3,1,5,0,0,2,2,0,1,1,6,0,0,0,3,5,0,1,0,0,2,0,1,0,1,0,1,0,0,0,0,0,0,0,0,0,0,3,0,0,0,0,1,1,0,0,0,0,0,0,0,0,0,0,0
6093,1,5,24,28,0,0,6,19,0,3,0,4,0,0,0,9,1,4,0,0,0,1,1,0,0,1,1,3,0,29,3,8,1,0,0,7,2,0,2,0,0,7,4,0,0,0,0,2,0,0,0,0,0,0,0,0,0,1,1,3,0,1,0,2,0,0,1,0,0,0,0,0,0,0,0,0
6094,0,4,9,7,0,0,2,0,0,0,0,0,0,0,0,0,1,1,0,0,0,0,0,0,0,0,0,0,0,1,1,0,0,1,0,0,0,0,0,0,0,1,0,0,0,0,0,0,0,0,0,0,0,0,0,0,1,0,1,0,0,1,0,0,0,0,0,0,0,0,0,0,0,0,0,0
6095,0,1,8,5,0,0,7,1,0,1,0,1,0,0,0,0,2,4,0,0,0,1,1,0,0,0,0,0,0,0,1,0,0,0,0,0,0,1,0,0,0,1,0,1,0,0,0,0,0,0,0,0,1,0,0,0,0,0,0,0,0,0,0,0,0,0,0,0,0,0,0,0,0,0,0,0
6096,0,3,8,7,0,0,5,0,0,0,2,3,0,0,0,0,0,0,0,0,0,0,4,0,0,0,0,0,0,0,0,0,0,0,0,0,0,1,0,0,0,0,0,0,0,0,0,0,0,0,0,0,0,0,0,0,0,0,0,0,0,1,0,0,0,0,0,0,0,0,0,0,0,0,0,0
6097,0,0,4,1,0,0,5,6,0,3,1,1,0,0,0,0,1,1,0,0,0,0,1,0,0,0,0,0,0,0,2,0,0,0,0,0,0,4,0,1,0,0,1,0,0,1,0,0,0,0,0,0,1,0,0,0,0,0,0,1,0,0,0,0,0,0,0,0,0,0,0,0,0,0,0,0
6098,0,4,2,6,0,0,10,9,1,2,3,3,0,0,0,1,0,1,0,0,0,0,3,0,0,0,0,0,0,0,0,0,0,0,0,0,0,0,0,0,0,0,1,0,0,0,0,0,0,0,0,0,1,0,0,0,0,0,0,0,0,0,0,0,0,0,0,0,0,0,0,0,0,0,0,0
6099,0,3,14,5,0,0,2,1,6,1,0,1,0,0,0,3,0,0,0,0,0,1,0,0,0,0,0,0,2,0,0,1,0,0,0,0,0,0,0,0,0,0,1,4,0,0,0,0,0,0,0,0,0,0,0,0,0,0,0,0,0,0,0,0,0,0,1,0,0,0,0,0,0,0,0,0
6100,0,0,13,2,0,0,13,3,0,1,1,2,0,0,1,1,0,1,0,0,0,0,0,0,0,0,1,0,0,0,1,0,0,0,0,0,0,1,0,1,0,0,1,0,1,0,0,0,0,0,0,0,0,0,0,0,0,0,0,0,0,0,0,0,0,0,0,0,0,0,0,0,0,0,0,0
6101,0,1,10,14,0,3,2,16,1,1,2,5,0,0,0,0,0,0,0,0,0,1,0,0,0,1,1,1,0,0,0,1,1,0,0,1,0,0,0,0,0,0,1,0,0,0,0,0,0,0,0,0,0,0,0,0,0,0,0,1,0,0,0,0,0,0,0,0,0,0,0,0,0,0,0,0
6102,0,4,24,9,0,2,4,11,0,0,1,2,0,0,0,3,0,2,0,1,0,0,0,0,2,0,0,0,0,0,0,0,0,0,0,0,0,0,0,0,0,0,0,0,1,0,0,0,0,0,0,0,0,0,0,0,0,0,0,0,0,0,0,0,0,0,0,0,0,0,0,0,0,0,0,0
6103,0,1,12,5,0,1,1,3,1,0,0,4,0,0,0,0,1,1,0,0,0,0,1,0,0,0,0,0,1,0,0,0,0,0,0,0,0,0,0,0,0,0,0,0,0,0,0,0,0,0,1,0,1,0,0,0,0,0,0,0,0,0,0,0,0,0,0,0,0,0,0,0,0,0,0,0
6104,1,0,1,1,0,1,4,16,0,0,0,3,0,0,0,0,0,1,0,0,1,2,2,0,0,0,1,1,0,0,0,0,0,0,0,1,0,0,0,0,0,0,0,0,0,0,0,0,0,0,0,0,0,0,0,0,0,0,1,0,0,0,0,0,0,0,0,0,0,0,0,0,0,0,0,0
6105,1,1,14,1,0,2,4,3,4,1,2,1,0,0,0,0,2,1,0,0,0,0,2,0,0,0,0,0,1,0,0,0,0,0,0,1,0,1,0,0,0,0,1,0,0,0,0,1,0,0,0,0,0,0,0,0,0,0,0,0,0,0,0,0,0,0,0,0,0,1,0,0,0,0,0,0
6106,0,1,8,3,0,1,3,19,0,3,1,9,0,0,0,0,2,1,1,0,1,0,1,0,1,1,0,3,2,0,0,7,0,0,1,2,0,1,0,0,0,2,0,0,0,0,0,0,2,0,1,0,0,0,0,0,0,0,0,0,0,0,0,0,0,0,0,0,0,0,0,0,0,0,0,0
6107,0,4,16,8,0,1,7,7,3,4,1,5,0,0,0,1,0,3,0,0,0,1,6,0,1,0,0,0,1,0,0,0,0,0,0,0,1,2,0,1,0,1,2,0,0,0,0,0,0,1,0,0,1,0,0,0,0,0,0,0,0,0,0,0,0,0,0,0,0,0,0,0,0,0,0,0
6108,0,2,10,9,0,0,10,11,3,4,0,2,1,0,0,7,4,3,0,0,0,2,4,0,1,0,0,1,1,1,0,1,0,2,0,0,0,5,0,1,0,1,1,0,0,0,0,1,0,0,0,0,1,0,1,0,0,0,2,0,0,0,0,0,1,0,0,0,0,0,0,0,0,0,0,0
6109,0,0,3,1,0,0,3,22,1,1,1,11,0,0,0,0,1,0,0,0,5,0,0,0,0,0,0,7,1,0,0,6,0,3,0,0,0,1,1,5,0,0,0,1,0,0,0,0,0,0,0,0,0,0,0,0,0,0,0,0,0,0,0,0,2,0,1,0,0,2,0,0,0,0,0,0
6110,0,2,3,2,0,0,4,11,0,3,0,0,0,0,0,1,0,1,0,0,0,1,1,0,0,0,0,0,0,0,0,0,0,1,0,0,0,0,0,0,0,2,0,0,0,0,0,0,0,0,0,0,0,0,0,0,0,0,0,0,0,0,0,0,0,0,0,0,0,0,0,0,0,0,0,0
6111,0,2,13,10,0,1,3,0,0,0,0,0,0,0,0,1,0,1,0,0,0,0,1,0,0,0,0,0,0,1,0,0,0,0,0,0,0,1,0,1,0,0,2,0,0,0,0,0,1,0,0,0,0,0,0,0,0,0,0,0,0,0,0,0,0,0,0,0,0,0,0,0,0,0,0,0
6132,0,2,19,13,0,4,6,11,0,4,2,5,0,0,0,0,0,3,0,0,0,0,0,0,0,1,2,1,3,0,0,0,0,0,0,0,0,0,0,0,0,0,0,1,0,0,0,1,0,0,0,0,0,0,0,0,0,0,2,0,0,0,0,0,0,0,0,1,0,0,0,0,0,0,0,0
6133,0,2,3,2,0,1,18,4,3,2,1,2,0,0,0,0,0,2,0,1,0,1,3,0,1,0,0,0,0,4,0,0,0,0,0,0,0,0,1,0,0,7,0,4,0,1,0,0,1,0,0,0,2,0,0,0,0,0,0,0,0,0,0,0,0,0,0,0,0,0,0,0,0,0,0,0
6134,0,10,33,40,0,1,14,21,2,6,2,3,0,0,0,0,1,8,0,0,0,2,3,1,1,0,1,0,0,0,0,1,1,0,0,0,0,4,0,0,0,1,2,2,0,1,0,0,0,0,0,0,0,0,0,0,0,0,0,0,0,1,0,0,0,0,0,0,0,1,0,0,0,0,0,0
6135,0,6,9,6,0,0,2,1,0,0,0,1,0,0,0,0,0,3,0,0,0,0,0,0,0,0,0,0,0,0,0,1,0,0,0,0,0,0,1,0,0,0,0,0,0,0,0,0,0,0,0,0,0,0,0,0,0,0,0,0,0,0,0,0,0,0,0,0,0,0,0,0,0,0,0,0
6136,0,0,5,3,0,0,1,11,0,0,2,7,0,0,0,0,1,1,0,1,0,1,0,0,0,0,1,1,0,0,0,3,0,0,0,2,0,1,2,1,0,0,0,1,0,0,0,0,0,0,0,0,0,0,0,0,0,0,0,0,0,0,0,0,0,0,0,0,0,1,0,0,0,0,0,0
6137,0,4,16,12,0,2,9,6,2,6,3,4,0,0,0,3,0,2,0,0,0,2,0,0,0,0,0,0,0,0,0,0,1,0,0,0,1,0,1,0,0,1,0,4,0,0,0,0,0,0,0,0,0,0,0,0,0,0,0,1,0,0,0,0,0,0,1,0,0,0,0,0,0,0,0,0
6138,0,1,10,3,0,2,6,7,0,3,0,1,0,0,0,1,1,3,0,0,0,0,0,0,0,0,1,0,0,0,0,0,0,0,0,0,0,0,0,0,0,1,0,1,0,0,0,0,1,0,0,0,0,0,0,0,0,0,0,0,0,0,0,0,0,0,0,0,0,0,0,0,0,0,0,0
6139,0,1,4,1,0,0,9,10,1,5,3,1,0,0,0,0,0,0,0,0,0,1,1,0,0,0,1,0,0,0,0,0,0,0,0,0,0,1,0,0,0,0,0,0,0,0,0,0,0,0,0,0,0,0,0,0,0,0,1,0,0,0,0,0,0,0,0,0,0,0,0,0,0,0,0,0
6140,0,0,6,0,0,3,6,2,0,0,3,0,0,0,0,0,2,3,0,0,0,0,1,0,0,0,0,0,0,0,0,0,0,0,0,0,0,0,0,0,0,1,0,1,0,0,0,0,1,0,0,1,1,0,0,0,0,0,0,0,0,0,0,0,0,0,0,0,0,0,0,0,0,0,0,0
6141,0,3,16,4,0,0,14,4,0,6,3,4,0,0,0,1,0,3,0,0,0,1,0,0,0,2,1,0,0,0,0,3,1,0,0,0,0,0,0,0,0,0,0,0,0,3,0,0,0,0,0,0,0,0,0,0,0,0,0,0,0,0,0,0,0,0,0,0,0,0,0,0,0,0,0,0
6142,2,2,2,3,0,0,11,8,0,1,1,0,0,0,0,0,0,2,0,0,0,0,1,0,0,0,0,0,0,0,1,0,0,0,0,0,0,0,0,0,0,0,1,0,0,0,0,0,0,0,0,0,1,0,0,0,0,0,1,1,0,0,0,0,0,0,0,0,0,0,0,0,0,0,0,0
6143,2,0,0,0,0,0,7,5,0,1,0,0,0,0,0,0,0,0,0,1,0,0,1,0,0,0,0,0,0,0,0,0,0,0,0,0,1,0,0,0,0,2,1,0,0,0,0,0,0,0,0,0,0,0,0,0,0,0,0,0,0,0,0,0,0,0,0,0,0,0,0,0,0,0,0,0
6146,30,4,15,17,13,5,1,24,0,1,0,2,0,0,4,0,0,1,0,1,0,1,0,4,1,0,0,9,0,4,8,11,1,0,0,6,0,0,0,1,0,1,1,0,1,0,0,1,0,2,3,0,0,0,2,0,0,0,1,0,0,0,0,2,0,0,0,0,0,0,1,0,0,0,0,0
6147,0,0,4,1,0,0,7,4,1,1,0,0,0,0,1,0,0,1,0,1,0,0,0,0,0,0,1,0,0,0,0,0,0,0,0,0,0,1,0,0,0,1,0,0,0,0,0,0,0,0,0,0,0,0,0,0,0,0,0,0,0,0,0,0,0,0,0,0,0,0,0,0,0,0,0,0
6148,0,9,15,12,0,0,14,9,0,15,0,1,0,0,0,1,2,1,0,1,0,0,0,0,1,0,0,0,0,1,0,1,0,0,0,0,0,2,0,0,0,4,0,0,0,0,0,0,0,0,0,0,1,0,0,0,0,0,0,0,0,0,0,0,1,0,0,0,0,0,0,0,0,0,0,0
6149,1,6,31,22,0,0,11,13,2,5,2,5,0,0,0,1,0,3,0,2,0,0,4,0,1,0,0,1,2,0,1,1,0,2,0,0,0,1,0,0,0,4,0,0,0,0,0,0,0,0,0,0,0,0,0,0,0,0,0,0,0,0,0,0,0,0,0,0,0,0,0,0,0,0,0,0
6150,0,1,5,7,0,0,10,12,0,2,1,2,0,0,0,2,1,2,0,0,0,0,1,0,1,0,0,0,0,0,1,1,0,0,0,0,0,1,0,0,0,4,0,0,0,0,0,0,0,0,0,0,0,0,0,0,0,0,0,0,0,0,0,0,0,0,0,0,0,0,0,0,0,0,0,0
6151,3,10,31,24,0,2,19,18,3,4,5,8,0,0,0,1,0,3,1,1,0,0,2,3,1,0,0,0,2,0,0,2,3,1,0,0,0,2,0,0,0,2,0,1,0,0,0,0,0,0,0,0,0,0,0,0,0,0,1,0,0,1,0,1,0,0,0,0,0,0,0,0,0,0,0,0
6152,0,0,10,5,0,0,0,1,1,3,0,2,0,0,0,0,0,0,1,0,0,1,0,0,1,0,0,0,1,0,0,2,0,0,0,0,0,0,0,0,0,0,0,0,1,0,1,0,0,0,0,0,0,0,0,0,0,0,2,0,0,0,0,0,0,0,0,0,0,0,0,0,0,0,0,0
6153,0,7,14,11,1,0,5,5,0,1,0,7,0,0,0,0,1,4,0,0,0,0,1,0,0,0,0,1,0,0,0,0,0,0,0,0,1,0,0,0,0,1,0,0,0,0,0,0,0,0,1,0,0,0,0,0,0,0,0,1,0,0,0,0,0,0,0,0,0,0,0,0,0,0,0,0
6155,0,2,16,12,0,0,2,1,0,1,0,2,0,0,0,1,0,1,0,0,0,0,2,0,0,0,1,0,0,0,0,0,0,0,0,0,0,0,0,0,0,1,1,0,0,0,0,0,0,0,0,0,1,0,0,0,0,0,0,0,0,1,0,0,0,0,0,0,0,0,0,0,0,0,0,0
6156,0,3,4,3,0,0,2,1,0,1,1,0,0,0,0,1,0,0,0,0,0,0,2,0,0,0,0,2,0,0,1,0,1,0,0,0,0,0,0,0,0,2,1,1,0,0,0,0,0,0,0,0,0,0,0,0,0,0,0,0,0,1,0,0,0,0,0,0,0,0,0,0,0,0,0,0
6157,0,7,20,12,4,0,8,18,1,4,0,2,0,0,1,1,3,2,0,0,1,0,2,0,0,0,0,1,0,1,0,1,0,0,0,1,0,1,0,0,0,1,1,0,0,0,0,0,0,0,1,0,0,0,0,0,0,0,0,0,0,0,0,0,0,0,0,0,0,0,0,0,0,0,0,0
6158,0,1,14,7,1,0,2,2,0,2,0,2,0,0,0,0,0,1,0,0,0,1,2,0,0,0,1,0,0,0,0,0,0,0,0,0,0,1,0,0,0,1,0,0,0,0,0,0,0,0,0,0,1,0,0,0,0,0,1,0,0,0,0,0,0,0,0,0,0,0,0,0,0,0,0,0
6159,2,7,23,6,8,0,5,12,0,2,1,3,0,0,0,2,0,1,0,0,0,1,1,3,0,0,0,5,1,0,2,0,0,1,0,5,1,0,0,0,0,0,1,0,0,0,0,0,0,0,1,0,0,0,0,0,0,1,0,0,0,0,0,0,0,0,0,0,0,0,0,0,0,0,0,0
6160,0,4,17,11,0,9,15,53,0,5,2,8,0,0,0,2,3,0,0,2,1,2,6,0,1,1,1,0,3,0,2,2,0,0,0,0,0,3,0,3,0,7,1,1,0,0,0,0,1,0,0,0,1,0,0,0,0,0,0,0,0,0,0,0,0,0,0,0,0,0,0,0,0,0,0,0
6161,0,3,2,4,0,0,5,7,0,4,0,2,0,0,0,5,1,0,0,0,0,0,5,0,0,0,0,0,0,1,0,0,0,1,0,0,0,5,0,0,0,0,0,0,0,1,0,0,0,0,0,0,0,0,0,0,0,0,0,0,0,0,0,0,0,0,0,0,0,0,0,0,0,0,0,0
6162,0,1,8,5,0,0,3,10,1,0,0,1,0,0,0,0,0,1,0,0,0,0,0,0,0,0,0,0,0,0,0,0,0,0,0,0,0,0,0,0,0,4,0,0,0,0,0,0,0,0,0,0,1,0,0,0,0,0,0,0,0,0,0,0,0,0,0,0,0,0,0,0,0,0,0,0
6163,0,1,5,1,0,0,3,7,0,0,0,2,0,0,0,0,0,0,0,0,0,0,1,0,0,0,0,0,0,0,1,0,0,0,0,0,0,0,0,0,0,1,0,0,0,0,0,0,0,0,0,0,0,0,0,0,0,0,0,1,0,0,0,0,0,0,0,0,0,0,0,0,0,0,0,0
6190,0,3,6,3,0,0,10,10,0,4,3,3,0,0,1,0,1,5,0,0,0,0,0,0,0,0,0,0,0,1,0,0,0,0,0,0,0,0,0,0,0,0,0,0,0,2,0,0,0,0,1,0,0,0,0,0,0,0,0,0,0,1,0,0,0,0,0,0,0,0,0,0,0,0,0,0
6192,0,1,6,4,0,7,13,7,0,5,0,1,0,0,0,0,1,3,0,0,0,1,1,0,1,1,0,0,0,0,0,0,0,1,0,0,0,1,0,1,0,0,0,0,0,0,0,0,0,0,0,0,0,0,0,0,0,0,1,0,0,1,0,0,0,0,0,0,0,0,0,0,0,0,0,0
6194,0,0,3,0,0,0,6,2,0,5,0,2,0,0,0,0,0,1,0,1,0,0,0,0,0,0,0,0,0,1,0,0,0,0,0,0,0,0,0,0,1,2,0,0,0,0,0,0,0,0,0,0,0,0,1,0,0,0,0,1,0,0,0,0,0,0,0,0,0,0,0,0,0,0,0,0
6195,0,3,20,8,0,3,17,13,1,2,2,4,0,0,0,1,2,4,1,0,0,0,1,1,1,0,0,4,0,0,0,4,1,0,1,1,0,2,0,0,0,2,1,1,0,2,0,0,0,0,0,0,2,0,0,0,0,0,0,0,0,0,0,1,0,0,0,0,0,0,0,0,0,0,0,0
6196,0,0,2,3,0,0,9,12,0,8,1,0,0,0,0,0,0,1,0,2,0,0,1,0,0,0,1,0,0,0,2,0,0,0,0,0,0,5,0,0,0,8,0,1,0,0,0,0,0,0,0,0,0,0,0,0,0,0,1,0,0,0,0,0,0,0,0,0,0,0,0,0,0,0,0,0
6197,0,7,29,15,0,2,31,12,0,7,0,5,0,0,0,0,6,12,2,1,0,1,6,0,0,0,4,1,4,1,0,2,0,0,0,1,1,3,0,0,0,7,3,1,0,0,0,0,1,0,0,1,1,0,0,0,0,0,0,0,0,0,0,0,1,0,0,0,0,0,0,0,0,0,0,0
6198,0,4,8,18,0,2,16,20,2,2,4,3,0,0,0,1,4,7,0,1,0,0,3,0,0,1,1,1,0,1,3,1,1,0,0,0,0,2,3,0,0,5,0,1,0,0,0,0,0,0,0,0,0,0,0,0,0,0,4,0,0,0,0,0,0,0,0,0,0,0,0,0,0,0,0,0
6199,0,0,0,0,0,0,4,2,0,6,1,0,0,0,0,0,1,1,0,0,0,0,0,0,1,0,0,0,0,0,0,1,0,0,0,0,0,0,0,0,0,2,0,0,0,0,0,0,0,0,0,0,2,0,0,0,0,0,0,0,0,0,0,0,0,0,0,0,0,0,0,0,0,0,0,0
6200,4,5,13,20,1,3,24,40,4,3,0,15,0,0,0,0,0,4,0,0,3,0,7,1,0,0,0,5,0,0,0,7,1,0,0,6,1,1,0,2,0,6,2,0,0,0,0,0,0,0,0,0,0,0,3,0,0,0,0,0,0,0,0,0,0,0,0,0,0,0,0,0,0,0,0,0
6201,0,3,11,9,0,0,2,0,0,1,1,3,0,0,2,0,0,1,0,0,0,0,1,0,0,0,0,0,0,0,0,0,0,0,0,0,0,0,0,1,0,0,1,0,0,0,1,0,0,0,0,0,0,0,0,0,0,0,0,0,0,0,0,0,0,0,0,0,0,0,0,0,0,0,0,0
6202,0,0,16,10,0,0,6,4,0,3,1,5,0,0,0,0,3,5,0,0,0,0,2,0,0,0,0,0,0,0,0,0,0,0,0,0,0,0,1,1,0,7,1,0,0,0,0,0,0,0,0,0,0,0,0,0,0,0,0,0,0,0,0,0,0,0,0,0,0,0,0,0,0,0,0,0
6203,0,2,14,2,0,0,7,8,1,2,1,3,0,0,0,0,1,5,0,0,0,0,1,0,0,0,0,0,0,1,0,0,0,0,0,0,0,3,0,0,0,3,0,0,0,0,0,0,1,0,0,0,4,0,0,0,0,0,0,0,0,0,0,0,0,0,0,0,0,0,0,0,0,0,0,0
6204,1,7,32,15,1,0,3,2,7,1,0,3,0,0,0,2,1,3,0,0,0,0,0,0,0,0,0,2,0,1,0,0,0,0,0,0,0,2,1,0,0,4,3,7,0,0,0,0,0,0,0,0,1,0,0,0,0,0,1,0,0,0,0,0,0,0,3,0,0,0,0,0,0,0,0,0
6205,1,5,22,16,0,1,17,17,2,7,0,3,0,0,0,0,1,5,0,0,0,0,3,0,0,0,2,0,0,0,1,1,2,0,0,0,0,1,0,0,0,4,2,0,0,0,0,0,1,0,0,0,1,0,0,0,0,0,1,0,0,0,0,0,0,0,0,0,0,0,0,0,0,0,0,0
6208,0,2,6,4,0,1,15,21,0,6,2,8,0,0,0,1,1,3,0,1,0,1,5,0,2,0,1,1,4,0,1,0,0,0,0,0,0,1,0,0,0,1,1,0,0,0,0,0,0,0,0,0,1,0,0,0,0,0,0,1,0,0,0,0,0,0,0,0,0,0,0,0,0,0,0,0
6210,0,2,14,2,0,0,1,0,0,0,0,2,0,0,0,1,0,0,0,0,0,0,1,0,0,0,0,0,0,0,0,0,1,0,0,0,0,0,0,1,0,0,0,0,0,0,0,0,0,0,0,0,0,0,0,0,0,0,0,0,0,0,0,0,0,0,0,0,0,0,0,0,0,0,0,0
6211,0,2,7,1,0,0,4,2,0,2,0,1,0,0,0,2,1,0,0,0,0,0,1,0,0,0,0,0,2,0,1,0,0,0,0,0,0,0,0,0,0,0,0,0,0,0,0,0,0,0,0,0,0,0,0,0,0,0,0,0,0,0,0,0,0,0,0,0,0,0,1,0,0,0,0,0
6212,0,2,15,4,1,0,4,15,1,3,1,0,0,0,0,6,1,3,0,1,0,0,3,0,0,0,0,1,0,0,0,0,1,0,0,0,0,0,1,0,0,1,0,0,0,0,1,0,0,0,0,0,1,0,0,0,0,0,0,0,0,0,0,0,0,0,0,0,0,1,0,0,0,0,0,0
6213,0,1,1,5,0,1,4,12,0,0,0,3,0,0,1,0,0,1,0,1,0,0,0,0,0,0,1,0,1,0,2,0,0,1,0,0,0,0,0,0,0,1,1,0,0,0,0,0,0,0,0,0,0,0,0,0,0,0,0,0,0,0,0,0,0,0,0,0,0,0,0,0,0,0,0,0
6239,0,4,6,0,0,0,3,11,0,1,1,2,0,0,0,2,1,7,0,1,0,0,0,0,1,0,1,0,2,2,0,0,0,0,0,0,0,0,0,0,0,0,0,0,0,1,0,0,0,0,0,0,0,0,0,0,0,0,1,2,0,0,0,0,0,0,0,0,0,0,0,0,0,0,0,0
6241,0,2,14,6,0,0,11,5,0,1,1,1,0,0,0,0,1,4,0,1,0,0,0,0,1,0,3,0,0,0,0,0,2,0,0,0,0,4,0,0,0,1,1,0,0,0,0,0,0,0,0,0,0,0,1,0,0,0,0,1,0,0,0,0,0,0,0,0,0,0,0,0,0,0,0,0
6242,1,3,23,15,0,4,16,26,5,5,0,7,0,0,0,1,2,4,2,0,2,0,8,0,0,1,0,1,1,1,0,6,0,0,0,0,0,2,1,0,0,2,1,0,1,1,0,0,1,0,0,0,0,0,0,0,0,0,0,0,0,0,0,0,0,0,0,0,0,0,0,0,0,0,0,0
6243,0,1,18,7,0,0,8,10,2,1,2,8,0,0,0,0,0,0,0,0,0,0,1,0,0,0,0,2,0,0,0,3,0,0,0,0,0,0,0,0,0,0,0,0,0,0,0,0,0,0,0,0,0,0,0,0,0,0,0,0,0,0,0,0,0,0,0,0,0,0,0,0,0,0,0,0
6244,0,12,50,42,0,0,22,50,7,15,5,12,0,0,0,2,3,5,0,0,3,0,3,4,1,0,1,15,0,3,0,14,1,0,1,10,0,2,1,0,1,12,1,2,0,0,0,1,0,3,1,0,1,1,4,0,0,0,0,0,0,0,0,1,0,0,1,0,0,0,0,0,0,0,0,0
6245,0,2,15,12,0,1,14,5,1,3,2,3,0,0,0,0,2,8,0,1,1,1,1,0,0,0,0,0,0,0,0,0,0,0,0,0,0,2,1,0,0,1,0,0,0,0,0,0,0,0,0,0,0,0,0,0,0,0,0,0,0,0,0,0,0,0,0,0,0,0,0,0,0,0,0,0
6246,0,3,23,13,0,1,12,16,1,11,2,3,0,0,0,0,1,1,0,1,0,2,4,0,0,0,2,0,0,1,0,1,0,0,0,0,0,2,0,1,0,1,0,0,0,0,0,1,0,0,0,1,0,0,0,0,0,0,0,0,0,0,0,0,0,0,0,0,0,0,1,0,0,0,0,0
6247,0,2,13,3,0,0,9,7,0,6,0,0,0,0,0,0,1,5,0,1,0,0,1,0,0,0,0,0,0,3,0,1,0,1,0,0,0,1,0,0,0,1,1,0,0,1,0,0,0,0,0,0,0,0,0,0,0,0,1,0,0,0,0,0,0,0,0,0,0,0,0,0,0,0,0,0
6248,0,2,12,5,1,0,9,7,2,4,0,1,0,0,0,3,1,4,0,0,0,0,1,0,0,2,0,1,0,0,0,0,0,0,0,0,0,0,0,0,0,1,1,4,0,0,0,0,0,0,0,0,0,0,0,0,0,0,0,0,0,0,0,0,0,0,0,0,0,0,0,0,0,0,0,0
6249,0,0,0,0,0,0,7,3,0,0,2,1,0,0,0,2,1,2,0,0,0,2,1,0,0,0,1,0,0,0,0,0,0,0,0,0,0,1,0,0,0,2,0,0,0,0,0,0,0,0,0,0,0,0,0,0,0,0,0,1,0,0,0,0,0,0,0,0,0,0,0,0,0,0,0,0
6250,0,1,17,13,0,2,7,4,0,6,0,5,0,0,0,1,0,2,0,0,0,0,0,0,0,0,0,0,0,0,3,0,1,0,0,0,1,1,0,0,0,2,0,1,0,0,0,0,0,0,0,0,0,0,0,0,0,0,0,1,0,0,0,0,0,0,0,0,0,0,0,0,0,0,0,0
6251,0,5,21,12,0,0,6,2,1,6,1,4,0,0,0,2,1,3,0,0,0,0,1,0,3,0,0,0,0,0,0,0,0,1,0,0,0,3,0,0,1,1,1,1,0,0,0,0,0,0,0,0,1,0,0,0,0,0,0,1,0,0,0,0,0,0,0,0,0,0,0,0,0,0,0,0
6252,0,3,11,8,0,3,12,25,0,7,2,7,0,0,0,0,0,5,0,0,0,0,1,0,1,0,2,0,3,0,0,0,0,0,0,0,0,1,1,1,0,3,1,1,0,0,0,0,0,0,0,0,0,0,0,0,0,0,0,1,0,1,0,0,0,0,0,0,0,0,0,0,0,0,0,0
6253,0,9,10,5,0,0,19,10,0,4,1,4,0,0,0,2,2,5,1,1,0,0,1,0,0,0,0,0,0,0,0,1,1,0,0,0,0,1,2,0,0,3,2,0,0,0,0,0,0,0,0,0,3,0,0,0,0,0,0,1,0,0,0,0,0,0,0,0,0,0,0,0,0,0,0,0
6254,0,2,11,6,0,0,17,1,0,2,0,4,0,0,0,3,1,0,0,0,0,1,2,0,0,0,0,0,0,0,0,0,0,1,0,0,0,1,0,0,0,2,1,0,0,0,0,0,0,0,0,0,0,0,0,0,0,0,0,0,0,0,0,0,0,0,0,0,0,0,0,0,0,0,0,0
6255,1,5,11,10,0,1,24,6,1,5,1,6,0,0,0,1,0,1,0,0,0,2,3,0,2,0,0,0,0,0,2,0,1,1,0,0,0,0,1,0,0,4,1,0,1,0,0,0,0,0,0,0,1,0,1,0,0,0,0,0,0,0,0,0,0,0,0,0,0,0,0,0,0,0,0,0
6256,0,3,16,9,0,1,3,3,2,0,3,3,0,0,0,1,0,0,0,0,0,0,1,0,0,0,0,0,1,0,0,0,0,0,0,0,0,0,0,0,0,0,0,2,0,1,0,0,0,1,0,0,0,1,0,0,0,0,1,1,0,0,0,0,0,0,0,0,0,0,0,0,0,0,1,0
6257,0,1,7,4,0,3,15,8,1,4,0,2,0,0,1,2,1,3,1,1,0,0,2,0,1,0,0,0,1,0,0,0,0,0,0,0,0,1,0,0,0,4,0,0,0,0,0,0,0,0,0,0,0,0,0,0,0,0,0,0,0,1,0,0,0,0,0,0,0,0,0,0,0,0,0,0
6258,2,0,1,0,0,0,3,9,0,2,0,5,0,0,0,5,0,1,0,1,0,1,0,0,0,0,0,3,3,0,0,0,0,0,0,1,0,0,0,1,0,0,0,1,0,0,0,0,0,0,0,0,0,0,0,0,0,0,0,0,0,0,0,0,0,0,0,0,0,0,0,0,0,0,0,0
6259,0,0,1,3,0,1,6,5,0,1,2,1,0,0,0,0,0,0,0,1,0,1,0,0,0,1,1,0,0,0,0,1,0,0,0,0,0,0,0,0,0,0,0,0,0,0,0,0,0,0,0,0,0,0,0,0,0,0,0,0,0,0,0,0,0,0,0,0,0,0,0,0,0,0,0,0
6260,1,5,25,13,0,9,19,28,2,9,3,6,1,0,0,3,2,1,0,1,0,0,8,1,1,0,1,0,3,2,0,0,2,1,0,0,1,4,0,0,0,5,0,2,1,0,0,0,0,0,0,0,2,0,0,0,0,0,2,0,0,0,0,0,0,0,0,0,0,0,0,0,0,0,0,0
6261,0,1,1,2,0,1,6,8,1,0,0,3,0,0,0,1,1,0,0,0,0,0,5,0,0,0,0,0,0,0,1,0,0,0,0,0,0,0,0,0,0,0,0,0,0,0,0,0,0,0,0,0,0,0,0,0,0,0,1,0,0,0,0,0,0,0,0,0,0,0,0,0,0,0,0,0
6262,0,1,14,3,0,1,15,17,0,5,2,5,0,0,0,2,0,6,0,0,0,0,7,0,1,0,1,0,2,0,0,1,1,0,0,0,0,1,0,1,0,1,1,0,0,0,0,0,0,0,0,0,0,0,0,0,0,0,1,0,0,0,0,0,0,0,0,0,0,0,0,0,0,0,0,0
6263,0,1,10,3,0,1,3,7,0,0,0,1,0,0,0,1,0,2,0,0,0,0,1,0,0,0,0,0,0,0,0,0,0,0,0,0,0,2,0,0,0,1,0,0,0,0,0,1,0,0,0,0,0,0,0,0,0,0,0,0,0,0,0,0,0,0,0,0,0,0,0,0,0,0,0,0
6294,0,3,4,0,0,1,5,2,0,1,0,1,0,0,0,0,0,0,0,0,0,0,0,0,1,0,0,0,0,0,0,0,0,0,0,0,0,0,0,0,0,0,0,0,0,0,0,0,0,0,0,0,0,0,0,0,0,0,0,0,0,0,0,0,0,0,0,0,0,1,0,0,0,0,0,0
6295,0,2,5,7,0,0,5,4,1,4,0,0,0,0,0,0,0,3,0,0,0,0,3,0,0,0,0,0,0,1,0,1,1,0,0,0,0,0,0,0,0,1,0,0,0,0,0,0,0,0,0,1,0,0,0,0,0,0,1,0,0,0,0,0,0,0,0,0,0,0,0,0,0,0,0,0
6296,0,9,20,16,0,9,13,17,0,4,2,10,0,0,0,1,1,8,0,2,0,0,1,0,0,0,0,0,0,0,0,1,0,0,0,0,0,3,0,0,0,0,0,4,0,0,0,0,0,0,0,0,2,0,0,0,0,0,0,1,0,1,0,0,0,0,0,0,0,0,0,0,0,0,0,0
6297,0,1,13,6,0,0,0,10,3,3,0,0,0,0,0,0,0,3,0,0,0,0,1,0,0,0,2,0,1,0,0,0,2,0,0,0,0,0,0,0,0,0,0,1,0,0,0,0,0,0,0,0,0,1,0,0,0,0,0,0,0,0,0,0,0,0,0,0,0,0,0,0,0,0,0,0
6298,1,7,23,12,0,0,5,3,0,1,0,7,0,0,2,0,2,0,0,1,0,0,0,0,1,1,2,2,0,0,0,0,0,0,1,0,0,0,0,0,0,2,1,1,0,3,0,0,0,0,0,0,0,0,0,0,0,0,0,0,0,1,0,0,0,0,0,0,0,0,0,0,0,0,0,0
6299,0,0,12,7,0,2,10,3,1,1,0,2,0,0,0,1,0,2,0,0,0,3,2,0,0,0,0,0,0,0,0,1,0,0,0,0,0,0,0,0,0,0,1,0,1,0,0,0,0,0,0,0,3,0,0,0,0,0,0,5,0,0,0,0,0,0,0,0,0,0,0,0,0,0,0,0
6300,0,1,7,2,0,1,4,1,0,2,0,2,0,0,0,2,0,2,1,0,0,0,0,0,1,0,0,1,0,0,0,0,0,0,0,0,0,3,0,0,0,0,0,0,1,0,0,0,0,0,0,0,0,0,0,0,0,0,1,0,0,0,0,0,0,0,0,0,0,0,0,0,0,0,0,0
6301,0,1,1,1,0,0,4,4,1,0,1,5,0,0,0,1,0,4,0,0,0,0,1,0,0,0,0,2,1,0,0,2,0,0,0,0,0,0,0,1,0,1,0,2,0,0,0,0,0,0,0,0,1,0,1,0,0,0,0,0,0,0,0,0,0,0,0,0,0,0,0,0,0,0,0,0
6302,2,10,25,21,0,1,6,45,2,1,3,17,0,0,1,0,2,8,0,2,6,0,1,1,2,0,2,9,4,2,0,15,1,0,1,7,0,5,2,1,0,1,2,0,0,0,0,0,0,0,0,0,0,0,3,0,0,0,0,2,0,0,0,0,0,0,0,0,0,0,1,1,0,0,0,0
6303,1,1,8,15,0,1,4,7,1,1,0,0,0,1,0,0,2,0,1,0,0,0,0,0,0,3,2,1,0,2,2,6,1,0,0,0,1,0,0,0,0,0,0,0,0,0,0,0,0,0,0,17,1,0,1,0,0,0,0,1,0,0,0,0,0,0,0,0,0,0,0,1,0,0,0,0
6304,0,9,25,19,0,3,16,21,0,2,4,6,0,0,0,1,2,3,0,0,0,0,0,0,0,0,1,1,0,0,0,2,0,0,0,0,0,0,0,0,0,2,0,0,0,1,0,0,0,0,0,0,0,0,0,0,0,0,0,0,0,0,0,0,0,0,0,0,0,0,0,0,0,0,0,0
6305,0,0,4,5,0,1,3,2,0,1,0,2,0,0,0,0,1,2,0,0,0,1,0,0,0,0,0,0,0,0,0,0,1,0,1,1,2,0,0,0,0,1,0,0,0,0,0,0,0,0,0,1,0,0,0,0,0,0,0,1,0,0,0,0,0,0,0,0,0,0,0,0,0,0,0,0
6306,1,11,28,11,0,3,16,18,1,4,0,7,0,0,0,0,1,2,0,1,0,0,2,0,1,0,1,2,1,0,0,0,1,0,0,1,0,0,0,0,0,0,0,4,0,1,0,0,1,0,0,0,1,1,0,0,1,0,1,1,0,2,0,0,0,0,2,0,0,0,0,0,0,0,0,0
6307,0,0,2,1,0,1,7,2,0,4,1,1,0,0,0,1,0,0,0,1,0,0,1,0,2,0,0,0,0,0,0,0,0,0,0,0,0,0,2,0,0,0,0,0,0,0,0,0,0,0,0,0,0,0,0,0,0,0,0,0,0,0,0,0,0,0,0,0,0,0,0,0,0,0,0,0
6309,0,7,13,5,0,0,7,3,0,1,1,1,0,0,0,0,0,2,0,0,0,0,0,0,0,0,0,0,0,0,2,0,0,0,0,0,0,0,0,2,0,0,0,0,0,0,0,0,0,0,0,0,1,0,0,0,0,0,0,0,0,0,0,0,0,0,0,0,0,0,0,0,0,0,0,0
6310,0,3,13,9,0,0,6,6,0,3,1,2,0,0,0,1,1,2,0,0,0,0,2,0,0,0,1,0,0,0,0,0,0,0,0,0,0,1,0,1,0,2,2,0,0,0,0,0,0,0,0,0,2,0,0,0,0,0,0,0,0,0,0,0,1,0,0,0,0,0,0,0,0,0,0,0
6311,0,0,6,0,0,0,2,2,0,3,0,0,0,0,0,0,0,2,0,0,0,0,0,0,1,2,0,0,0,0,0,0,0,0,0,0,0,0,0,0,0,2,0,1,0,0,0,0,1,0,0,0,0,0,0,0,0,0,0,1,0,0,0,0,0,0,0,0,0,0,0,0,0,0,0,0
6313,0,4,9,8,0,0,1,0,0,0,0,0,0,0,0,0,0,0,0,0,0,0,0,0,0,0,0,0,0,1,0,0,0,0,0,0,0,1,0,0,0,0,0,0,0,0,0,0,0,0,0,0,1,0,0,0,0,0,0,0,0,0,0,0,0,0,0,0,0,0,0,0,0,0,0,0
6314,0,0,8,2,0,2,1,6,1,1,1,3,0,0,0,1,2,0,0,0,0,0,0,0,0,0,1,0,1,0,0,0,1,0,0,0,0,1,0,0,0,0,0,0,0,0,0,0,1,0,0,0,0,0,0,0,0,0,0,0,0,0,0,0,0,0,0,0,0,0,0,0,0,0,0,0
6315,0,8,17,16,0,0,20,14,1,7,0,3,1,1,1,1,3,4,1,2,0,1,12,2,0,0,0,0,0,1,1,0,1,1,0,0,0,1,0,0,0,5,2,0,0,1,0,0,0,0,0,0,0,0,0,0,0,0,1,0,0,1,0,0,0,0,0,0,0,0,0,0,0,0,0,0
6316,0,1,3,3,0,0,7,2,1,4,0,2,0,0,0,1,0,1,0,0,0,1,1,0,0,0,1,0,0,0,2,0,0,0,0,1,0,6,0,0,0,3,0,0,0,0,0,0,0,0,0,0,0,0,0,0,0,0,0,0,0,0,0,0,0,0,0,0,0,0,0,0,0,0,0,0
6318,0,7,25,14,0,9,4,12,2,2,3,3,0,0,0,1,1,2,1,0,0,0,3,0,2,0,1,0,0,1,0,2,0,1,0,0,0,2,0,0,0,0,1,0,0,0,0,0,0,0,0,0,0,0,0,0,0,0,1,2,0,1,0,0,0,0,0,0,0,0,0,0,0,0,0,0
6319,0,0,3,0,0,0,2,22,1,0,0,3,0,0,0,1,0,4,0,1,0,0,2,0,1,0,0,0,0,0,0,0,0,0,0,0,0,0,0,1,0,0,0,0,0,0,0,0,0,0,0,0,0,0,0,0,0,0,0,0,0,0,0,0,0,0,0,0,0,0,0,0,0,0,0,0
6320,0,9,17,11,0,12,19,41,1,7,3,4,0,0,2,1,3,9,0,0,1,2,6,0,2,0,0,0,6,2,5,0,1,0,0,0,0,0,0,0,0,5,0,0,0,0,0,0,0,0,0,0,0,0,0,0,0,0,1,0,0,0,0,0,0,0,0,0,0,0,0,0,0,0,0,0
6321,0,0,3,2,0,1,2,11,3,2,0,0,0,0,0,1,0,3,0,0,0,0,1,0,1,0,0,0,2,0,0,1,0,0,0,0,0,1,1,0,0,0,0,0,0,0,0,0,0,0,0,0,0,0,0,0,0,0,1,0,0,0,0,0,0,0,0,0,0,0,0,0,0,0,0,0
6322,0,0,3,2,0,0,4,3,0,0,3,0,0,0,0,0,0,0,0,1,0,0,1,0,1,0,0,0,3,0,0,0,0,1,0,0,0,0,0,0,0,0,0,0,0,0,0,0,0,0,0,0,0,0,0,0,0,0,0,0,0,0,0,0,0,0,0,0,0,0,0,0,0,0,0,0
6323,0,4,17,8,0,0,0,9,0,5,3,7,0,0,0,0,0,1,1,0,0,2,0,0,0,0,0,1,1,0,0,0,0,0,2,0,0,2,0,0,0,1,2,2,0,0,0,0,0,0,0,0,0,0,0,0,0,0,0,0,0,0,0,0,0,0,0,0,0,0,0,0,0,0,0,0
6324,0,15,15,11,0,0,10,10,0,3,7,6,1,0,0,3,2,5,0,0,0,0,8,0,1,0,1,0,1,0,1,0,0,0,0,0,0,4,1,2,0,2,2,0,0,0,0,0,0,0,1,0,1,0,0,0,0,0,0,0,0,0,0,0,0,0,0,0,0,0,0,0,0,0,0,0
6325,0,1,5,2,0,2,18,6,1,0,0,5,0,0,0,0,1,3,2,1,0,0,1,0,0,0,1,0,1,0,1,1,0,0,0,0,0,0,0,0,0,2,0,0,0,0,0,0,0,0,0,0,2,0,0,0,0,0,0,0,0,0,0,0,0,0,0,1,0,0,0,0,0,0,0,0
6326,0,0,0,0,0,2,10,10,0,1,1,2,0,0,0,0,2,3,0,0,0,0,2,0,2,1,0,1,0,0,0,1,0,0,0,0,0,0,0,0,0,0,0,0,0,0,0,0,0,0,0,0,0,0,1,0,0,0,0,0,0,0,0,0,0,0,0,0,0,0,0,0,0,0,0,0
6327,0,0,7,2,0,0,6,5,1,5,2,0,0,0,0,0,0,4,0,0,0,0,0,0,0,0,0,0,0,0,0,0,0,0,0,0,1,0,0,0,0,3,2,0,0,0,0,0,0,0,0,0,0,0,1,0,0,0,0,0,0,0,0,0,0,0,0,0,0,0,0,0,0,0,0,0
6348,0,1,4,4,0,0,4,0,0,0,0,2,0,0,0,0,0,1,0,0,0,0,1,0,0,0,0,0,0,0,0,0,0,0,0,0,0,0,0,0,0,1,0,1,0,0,0,0,0,0,0,0,1,0,0,0,0,0,2,0,0,0,0,0,0,0,0,0,0,0,0,0,0,0,0,0
6349,0,1,5,6,0,0,4,0,1,0,1,4,0,0,0,0,0,1,0,0,0,1,2,0,0,0,1,0,0,0,0,0,0,0,0,0,0,0,2,0,0,1,0,0,0,0,0,0,0,0,0,0,0,0,0,0,0,0,0,0,0,0,0,0,0,0,0,0,0,0,0,0,0,0,0,0
6350,1,3,16,3,0,0,4,4,0,0,0,1,0,0,0,4,0,7,0,0,0,0,0,0,0,0,0,1,0,1,0,0,0,0,0,0,0,1,0,0,0,0,1,0,0,0,0,0,0,0,0,0,1,0,0,0,0,0,0,0,0,0,0,0,0,0,0,0,0,0,0,0,0,0,0,0
6351,0,2,12,6,1,2,16,15,0,9,0,8,0,0,0,1,2,5,0,0,0,2,0,0,0,0,1,0,0,0,0,0,0,0,0,0,0,3,0,0,0,1,0,2,0,0,0,0,1,0,0,0,0,0,0,0,0,0,0,0,0,0,0,0,0,0,0,0,0,0,0,0,0,0,0,0
6352,1,6,35,16,0,12,27,9,0,7,3,10,0,0,0,0,0,3,0,0,0,0,5,1,1,0,3,0,0,0,0,1,0,0,0,0,0,1,0,0,0,0,1,0,0,0,0,0,1,0,0,0,0,0,0,0,0,0,0,0,0,0,0,0,0,0,0,0,0,0,0,0,0,0,0,0
6353,0,0,1,0,0,1,2,7,1,0,1,2,0,0,0,0,2,2,0,0,1,1,0,2,1,0,1,0,0,0,0,3,1,2,0,0,0,0,0,0,0,1,0,0,0,0,0,0,0,1,0,0,0,0,1,0,0,0,0,0,0,0,0,0,0,0,0,0,0,0,0,0,0,0,0,0
6354,0,8,37,25,0,1,25,24,7,9,2,7,1,0,0,2,0,10,1,1,2,1,3,0,1,0,0,0,2,1,0,0,1,0,0,0,0,2,1,1,0,6,0,0,0,0,0,0,0,0,0,0,3,1,0,0,0,0,1,0,0,0,0,1,0,0,2,0,0,0,0,0,0,0,0,0
6356,3,4,35,21,9,0,33,30,3,4,3,5,0,2,1,2,2,9,0,0,0,1,1,1,0,0,1,1,0,0,1,0,0,0,2,1,4,4,0,1,0,4,3,0,0,0,0,0,0,2,0,1,0,0,1,0,0,0,0,0,0,0,0,0,0,0,0,0,0,1,0,0,0,0,0,0
6357,0,0,3,3,0,2,8,4,0,3,0,0,0,0,0,0,2,2,0,0,0,0,2,0,0,1,0,0,0,0,0,0,1,0,0,0,0,3,0,0,0,2,0,0,0,0,0,0,0,0,0,0,0,0,0,0,0,0,0,2,0,0,0,0,0,0,0,0,0,0,0,0,0,0,0,0
6358,0,0,10,9,0,1,10,31,1,7,1,7,0,0,0,0,2,1,0,0,0,0,0,0,1,0,0,1,0,2,0,1,0,0,0,2,0,1,0,0,0,4,3,1,0,0,0,0,0,0,1,0,1,0,0,0,0,0,0,0,0,1,0,0,0,0,0,0,0,0,1,0,0,0,0,0
6359,0,1,7,3,0,0,4,4,0,4,1,1,0,0,0,0,0,2,0,0,0,0,1,0,0,0,0,0,0,0,0,0,0,0,0,0,0,0,0,0,0,3,0,2,0,0,0,0,0,0,0,0,0,0,0,0,0,1,0,0,0,0,0,0,0,0,0,0,0,0,0,0,0,0,0,0
6360,0,7,14,21,0,6,20,26,4,10,2,4,0,0,0,0,3,5,0,1,1,0,6,0,1,0,6,0,2,0,0,0,1,0,0,0,0,4,0,0,0,1,0,2,0,1,0,0,0,0,0,0,2,0,0,0,0,0,2,0,0,0,0,0,2,0,0,0,0,0,0,0,0,0,0,0
6361,1,0,12,6,0,0,28,40,2,9,1,7,0,0,0,1,4,3,0,0,2,1,2,0,0,0,0,3,0,0,2,6,0,0,0,4,1,3,2,1,0,8,3,0,0,0,0,0,0,0,0,0,0,0,0,0,0,0,1,4,0,0,0,1,0,0,0,0,0,1,0,0,0,0,0,0
6362,0,8,44,25,0,3,19,11,4,3,1,5,0,0,0,2,2,3,0,0,0,0,3,0,1,0,1,0,1,0,0,0,1,0,0,1,0,0,0,0,0,0,4,0,0,1,0,1,0,0,1,0,2,0,0,0,0,1,0,1,0,0,0,0,1,0,0,0,0,0,0,0,0,0,0,0
6363,0,1,6,7,0,3,7,6,0,2,0,0,0,0,0,1,0,2,0,0,0,0,2,0,0,0,0,0,0,0,0,0,0,0,0,0,0,0,0,0,0,1,1,0,0,2,0,0,1,0,0,0,1,0,0,0,0,0,0,0,0,0,0,0,0,0,0,0,0,0,0,0,0,0,0,0
6364,0,4,24,8,0,0,22,8,0,5,1,5,0,0,0,0,0,7,0,2,0,1,0,0,0,0,0,0,0,0,0,0,1,0,0,3,0,4,1,0,0,6,0,2,0,0,0,0,0,0,0,0,0,0,0,0,0,0,0,1,0,0,0,0,0,0,0,0,0,0,0,0,0,0,0,0
6365,0,4,24,15,0,0,49,24,1,14,4,9,0,0,0,4,10,6,0,2,0,0,5,0,1,1,1,0,1,1,1,1,1,0,0,0,0,4,0,0,0,8,2,2,0,0,0,0,1,0,0,0,2,0,0,0,0,0,1,1,0,0,0,0,0,0,0,0,0,0,0,0,0,0,0,0
6366,0,8,7,3,1,1,3,2,1,1,0,1,0,0,0,1,0,1,0,1,0,0,0,0,1,0,0,0,0,0,0,0,0,0,0,0,0,0,0,1,0,3,1,0,0,1,0,0,0,0,0,0,0,0,0,0,0,0,0,0,0,0,0,0,0,0,0,0,0,0,0,0,0,0,0,0
6367,5,9,11,6,10,0,12,14,1,6,0,6,0,0,1,0,0,7,1,0,0,0,5,0,0,1,2,0,0,0,0,0,1,0,1,1,0,2,0,0,1,4,0,2,0,0,0,0,0,0,1,0,4,0,0,0,0,0,0,0,0,0,0,0,0,0,0,0,0,0,0,0,0,0,0,0
6368,0,2,7,9,0,0,8,12,5,4,2,1,0,0,0,1,1,1,1,1,0,0,3,0,1,0,0,0,0,2,0,2,1,0,0,0,0,1,0,1,0,5,0,2,0,0,0,0,0,0,0,0,0,0,0,0,0,0,2,0,0,0,0,0,0,0,0,0,0,0,0,0,0,0,0,0
6369,0,1,2,0,0,0,4,0,0,3,0,0,0,0,0,1,2,2,0,0,0,1,1,0,0,0,0,0,0,0,1,0,0,1,0,0,0,1,0,0,0,2,0,1,0,0,0,0,0,0,0,0,0,0,0,0,0,0,0,0,0,0,0,0,0,0,0,0,0,0,0,0,0,0,0,0
6370,0,8,27,15,0,10,9,32,1,7,5,9,0,0,3,0,0,5,2,0,0,0,1,0,3,0,2,1,3,0,4,2,1,0,0,0,0,0,0,2,0,0,0,0,0,1,0,0,0,0,0,0,2,0,0,0,0,0,1,0,0,2,0,0,0,0,0,0,0,0,0,0,0,0,0,0
6371,1,4,12,4,0,0,4,1,0,1,0,4,0,0,0,0,0,4,0,1,0,0,1,0,1,0,0,0,0,0,0,0,0,0,0,0,0,0,0,0,0,5,0,0,0,0,0,0,0,0,0,0,1,0,0,0,0,0,0,0,0,0,0,0,0,0,0,0,0,0,0,0,0,1,0,0
6372,0,2,5,0,0,0,1,3,0,1,1,0,0,0,0,3,0,2,0,0,0,0,0,0,0,0,0,0,0,0,0,1,0,0,0,0,0,0,0,0,0,1,0,0,0,0,0,0,0,0,0,0,0,0,0,0,0,0,0,0,0,0,0,0,0,0,0,0,0,0,0,0,0,0,0,0
6373,1,7,20,22,0,6,25,50,1,7,3,9,0,0,1,0,2,6,0,2,1,3,4,0,2,2,3,0,0,1,2,2,0,2,0,0,0,1,0,1,0,1,0,0,0,0,0,0,0,0,0,0,4,0,0,0,0,0,0,1,0,0,0,0,0,0,0,0,0,0,0,0,0,0,0,0
6374,0,0,2,1,0,3,3,14,0,0,0,1,0,0,0,0,1,1,0,0,1,0,1,0,0,0,0,0,0,0,0,0,0,0,0,0,0,0,1,0,0,1,0,0,0,0,0,0,0,0,0,0,0,0,0,0,0,0,0,0,0,0,0,0,0,0,0,0,0,0,0,0,0,0,0,0
6375,1,5,2,0,0,1,12,43,0,4,2,7,0,0,1,2,3,2,0,2,0,0,4,0,0,0,1,1,0,0,1,0,1,0,0,0,0,1,0,0,0,0,0,0,0,0,0,0,0,0,0,0,0,0,0,0,0,0,1,1,0,0,0,0,0,0,0,0,0,0,0,0,0,0,0,0
6376,0,0,3,0,0,0,7,10,2,4,3,0,0,0,0,3,1,1,0,0,0,2,0,0,0,0,1,0,0,0,0,0,0,1,0,0,0,1,0,0,0,0,1,0,0,0,0,0,0,0,0,0,3,0,0,0,0,0,0,0,0,0,0,0,0,0,0,0,0,0,0,0,0,0,0,0
6404,0,0,2,4,0,3,4,3,0,3,0,0,0,0,0,0,1,2,0,0,0,1,3,0,0,1,0,0,0,0,0,0,0,0,0,0,0,2,0,0,0,2,0,2,0,1,0,0,0,0,0,0,0,0,1,0,0,0,0,0,0,0,0,0,0,0,0,0,0,0,0,0,0,0,0,0
6405,1,1,24,14,0,2,5,6,0,2,0,2,0,0,0,1,1,2,0,0,0,0,0,0,1,0,1,0,1,0,0,0,0,0,0,0,0,1,0,0,0,2,0,0,0,0,0,0,0,0,0,0,1,0,0,0,0,0,0,1,0,0,0,0,1,0,0,0,0,0,0,0,0,0,0,0
6406,0,3,7,1,0,0,20,12,1,5,1,1,0,0,0,2,0,4,1,0,0,0,3,0,4,0,1,0,0,0,3,0,0,0,0,0,0,3,0,0,0,5,0,4,0,0,0,0,0,0,0,0,0,0,0,0,0,0,0,1,0,0,0,1,0,0,0,0,0,0,0,0,0,0,0,0
6407,0,1,12,2,0,0,9,3,0,1,0,4,0,0,0,0,2,5,0,0,0,0,2,0,1,0,0,1,1,1,0,0,0,0,0,0,0,2,0,0,0,1,0,0,0,0,0,0,0,0,0,0,0,0,0,0,0,0,2,0,0,0,0,0,0,0,0,0,0,0,0,0,0,0,0,0
6408,0,1,5,5,0,0,10,7,1,0,0,4,0,0,0,0,0,2,0,0,0,1,1,0,0,0,0,0,0,0,0,1,0,0,0,0,0,1,0,0,0,0,0,2,0,0,0,0,0,0,0,1,0,0,0,0,0,0,0,0,0,0,0,0,0,0,0,0,0,0,0,0,0,0,0,0
6409,0,6,20,18,0,1,10,17,0,2,7,5,0,0,0,0,3,4,0,0,0,0,2,0,0,0,2,0,0,0,0,0,0,0,0,1,0,3,0,1,0,2,2,4,0,1,0,0,0,0,0,0,0,0,0,0,0,0,2,0,0,0,1,0,0,0,0,0,0,0,0,0,0,0,0,0
6410,0,2,9,3,0,0,12,5,0,7,2,0,0,0,0,0,4,4,0,0,1,0,5,1,0,0,2,0,0,0,0,0,0,0,0,0,0,6,0,0,0,5,1,2,0,0,0,0,0,0,0,0,0,0,0,0,0,0,0,0,0,0,0,0,1,0,0,0,0,0,0,0,0,0,0,0
6411,1,4,10,8,0,1,6,10,0,1,3,2,0,0,0,3,1,5,0,0,0,0,1,0,1,0,0,2,0,0,0,0,0,0,0,2,0,0,0,1,0,0,0,0,0,0,0,0,0,0,0,0,0,0,0,0,0,0,0,0,0,0,0,0,0,0,0,0,0,0,0,0,0,0,0,0
6412,0,1,20,7,1,5,18,15,2,3,0,5,0,0,0,2,5,6,0,1,0,0,4,0,0,1,2,0,0,0,0,1,0,0,0,0,0,3,0,0,0,2,0,0,0,0,0,2,0,0,0,0,0,0,0,0,0,0,1,0,0,0,0,0,0,0,0,0,0,0,0,0,0,0,0,0
6413,0,1,13,14,0,0,17,5,3,2,0,2,0,0,0,0,1,3,0,0,0,2,1,0,0,0,1,0,1,0,4,0,0,0,0,0,0,1,0,0,0,2,0,3,0,0,0,0,0,0,0,0,0,0,0,0,0,0,0,1,0,0,0,0,0,0,0,0,0,0,0,0,0,0,0,0
6414,0,3,17,6,0,0,20,10,1,6,2,7,0,0,0,1,2,7,0,0,0,1,0,0,1,1,4,2,0,1,0,0,1,0,0,0,0,3,0,0,0,3,0,0,0,0,0,0,0,0,0,0,0,0,0,0,0,0,2,0,0,0,0,0,0,0,0,0,0,0,0,0,0,0,0,0
6416,0,3,8,5,0,1,13,4,0,2,2,1,0,0,0,0,2,9,0,1,0,0,0,0,1,0,1,0,2,0,0,0,0,0,0,0,0,0,1,0,0,0,0,0,0,0,0,0,2,0,0,0,3,0,0,0,0,0,0,1,0,0,0,0,0,0,0,0,0,0,2,0,0,0,0,0
6418,0,3,40,22,0,0,20,16,1,11,1,4,0,0,0,4,2,9,0,0,0,0,9,0,0,1,1,0,0,2,1,1,0,0,0,1,0,0,1,0,0,6,0,2,0,0,0,0,0,0,0,0,1,0,0,0,1,0,0,0,0,0,0,0,0,0,0,0,0,0,0,0,0,0,0,0
6419,0,3,16,8,0,0,2,7,0,0,0,9,0,0,0,0,0,0,0,0,0,0,0,0,0,0,0,0,0,0,1,0,0,0,0,0,1,0,0,0,0,1,1,0,0,0,0,2,0,0,0,0,0,0,0,0,1,0,0,0,0,0,0,0,0,0,0,2,0,0,0,0,0,0,0,0
6420,0,7,20,13,0,0,3,4,1,3,1,2,0,0,0,2,1,4,0,0,0,0,1,0,0,0,0,0,0,0,0,1,1,0,0,0,0,0,0,0,0,2,0,0,0,0,0,1,0,0,1,0,1,0,0,0,0,0,0,0,0,1,1,0,0,0,0,1,0,0,0,0,0,0,0,0
6421,0,2,16,6,0,0,2,3,1,0,1,8,0,0,0,0,1,1,0,0,0,0,0,0,0,0,0,0,1,0,0,1,0,0,0,0,0,1,0,0,0,0,1,0,0,0,0,0,0,0,0,0,0,0,0,0,0,0,0,0,0,0,0,0,0,0,0,0,0,0,0,0,0,0,0,0
6422,0,1,15,8,0,0,13,7,4,4,1,6,0,0,0,1,2,1,0,0,0,0,1,0,0,0,2,1,0,1,3,0,0,0,0,0,0,4,0,0,0,3,1,0,0,0,0,0,0,0,0,0,0,0,0,0,0,0,1,0,0,1,0,0,0,0,0,0,0,0,0,0,0,0,0,0
6423,0,2,13,10,11,0,0,5,0,0,1,5,0,0,2,0,0,0,0,0,0,2,0,0,0,0,0,6,0,1,0,2,0,0,0,3,0,0,0,1,0,0,0,0,0,0,0,0,0,0,0,0,0,0,1,0,0,1,0,0,0,0,0,0,0,0,1,0,0,1,0,0,0,0,0,0
6424,0,3,25,3,0,4,9,43,4,5,4,12,0,0,0,0,0,2,0,0,0,1,1,0,2,0,1,1,2,0,3,13,1,0,0,4,1,0,1,0,0,2,0,0,0,0,0,0,0,1,1,0,0,0,0,0,0,0,1,0,0,0,0,1,0,0,0,0,0,0,0,0,0,0,0,0
6425,0,4,10,9,1,7,12,28,5,2,5,5,0,0,3,1,2,1,0,1,0,0,5,0,1,0,1,0,2,0,3,2,2,0,1,0,0,2,0,0,0,0,1,1,0,0,0,0,0,0,0,0,0,0,0,0,0,0,0,0,0,0,0,0,0,0,0,0,0,2,0,0,0,0,0,0
6426,0,9,12,7,0,2,2,9,0,1,0,2,0,0,0,0,0,0,0,1,0,0,1,0,0,0,1,0,0,2,0,0,0,0,0,0,0,0,0,0,0,0,0,3,0,0,0,0,0,0,0,0,1,0,0,0,0,0,0,0,0,0,0,0,0,0,0,0,0,0,0,0,0,0,0,0
6427,0,5,33,9,0,12,34,69,1,7,2,8,0,0,1,2,5,6,0,0,1,4,5,1,1,1,1,3,4,1,3,2,1,0,2,1,0,0,1,0,0,0,2,1,0,0,0,0,0,0,0,1,0,0,0,0,0,0,2,0,0,0,0,0,0,0,0,0,0,0,0,0,0,0,0,0
6428,0,1,16,5,0,3,10,18,2,1,1,9,0,0,0,0,1,2,1,1,0,0,4,0,0,0,0,0,1,2,1,0,0,0,0,1,0,1,0,0,0,1,0,0,0,0,0,0,0,0,0,0,2,0,0,0,0,0,0,0,0,0,0,0,0,0,0,0,0,1,0,0,0,0,0,0
6429,1,4,11,7,0,8,14,44,0,10,4,8,0,0,1,2,1,6,1,0,0,1,0,0,1,1,1,2,5,2,1,0,0,0,0,0,0,0,0,0,0,1,0,0,0,0,0,0,0,0,0,0,3,0,0,0,0,0,0,0,0,0,0,0,0,0,0,0,0,0,0,0,0,0,0,0
6430,1,12,20,29,0,0,8,35,2,4,5,2,0,0,0,1,2,2,0,0,0,0,0,0,0,1,1,0,0,0,1,3,1,0,0,0,0,1,0,1,0,1,0,0,0,0,0,0,0,0,0,0,0,0,0,0,0,0,0,0,0,1,0,0,0,0,0,0,0,0,0,0,0,0,0,0
6431,1,7,24,24,1,1,11,14,1,1,1,3,0,0,0,1,0,3,0,1,0,0,5,0,0,0,1,3,0,1,0,3,0,2,1,1,1,0,0,1,0,5,0,0,0,0,0,0,0,0,0,0,0,0,1,0,0,0,1,0,0,0,0,0,0,0,0,0,0,0,1,0,0,0,0,0
6432,1,0,1,0,0,0,4,6,0,0,2,1,0,0,0,1,2,0,0,0,0,1,0,0,0,0,0,0,0,0,1,0,1,0,0,0,0,1,0,0,0,0,0,0,0,0,0,0,0,0,0,0,0,0,0,0,0,0,0,0,0,0,0,0,0,0,0,0,0,0,0,0,0,0,0,0
6452,0,2,15,13,0,0,13,8,0,3,2,7,0,0,1,0,1,1,0,0,0,0,2,0,0,1,2,1,0,4,1,2,0,0,0,0,0,3,0,0,0,3,0,0,0,1,0,0,0,0,0,8,0,0,0,0,0,0,1,0,0,0,0,0,0,0,0,0,0,0,0,0,0,0,0,0
6453,0,8,28,13,0,0,27,10,1,6,3,2,0,0,0,0,1,6,0,0,0,0,8,0,2,0,4,0,2,1,0,0,0,0,0,0,0,3,0,0,0,0,0,2,0,2,0,0,0,0,0,0,0,0,0,0,0,0,3,1,0,0,0,0,1,0,0,0,0,0,0,0,0,0,0,0
6454,1,11,27,12,0,1,23,18,0,5,2,11,0,0,0,1,6,9,1,2,0,1,4,0,1,0,2,0,0,0,0,1,0,0,0,0,0,0,1,0,0,0,0,1,0,1,0,1,0,0,0,0,0,0,0,0,0,0,3,2,0,0,0,0,0,0,0,0,0,0,0,0,0,0,0,0
6455,0,2,5,7,0,2,12,11,0,3,1,1,0,0,0,0,0,1,1,0,0,0,1,0,0,0,0,0,0,0,0,0,0,0,0,0,0,0,0,0,0,1,1,0,0,0,0,0,0,0,0,0,0,0,0,0,1,0,0,0,0,0,0,0,0,0,0,0,0,0,0,0,0,0,0,0
6456,0,1,4,6,0,0,6,5,1,7,0,2,0,0,0,0,0,7,1,1,0,0,0,0,0,0,0,0,0,0,0,0,0,0,0,0,0,0,0,0,0,3,0,0,0,0,0,0,0,0,0,0,0,0,0,0,0,0,0,2,0,0,0,0,0,0,0,0,0,0,0,0,0,0,0,0
6457,0,4,19,6,0,1,18,10,0,3,1,8,0,0,0,2,1,4,0,1,0,1,2,0,0,0,2,0,1,0,0,1,0,0,0,0,0,2,0,0,0,0,0,0,0,0,0,0,0,0,0,0,4,0,0,0,0,0,0,0,0,0,0,0,0,0,0,0,0,0,0,0,0,0,0,0
6458,0,13,26,15,0,1,19,11,1,3,0,4,0,0,0,3,0,9,0,1,0,3,3,0,2,0,1,0,0,0,0,0,0,0,0,1,0,2,0,0,0,2,0,1,0,0,0,0,0,0,0,0,0,0,0,0,1,0,2,1,0,0,0,0,0,0,0,0,0,0,0,0,0,0,0,0
6459,0,4,24,8,0,4,19,31,1,9,6,15,0,0,0,0,0,5,1,0,2,2,7,0,0,0,0,0,0,0,0,1,3,0,0,0,0,3,0,1,1,5,0,1,0,0,0,0,0,0,0,0,1,0,0,0,0,0,2,0,0,0,0,1,0,0,0,0,0,0,1,0,0,0,0,0
6460,0,0,18,5,0,1,17,5,0,7,1,1,0,0,0,1,0,0,0,0,1,0,2,0,0,2,1,2,0,0,0,0,0,0,0,0,0,2,0,0,0,0,0,0,0,0,0,0,0,0,0,0,1,0,1,0,0,0,0,0,0,0,0,0,0,0,0,0,0,0,0,0,0,0,0,0
6461,0,1,18,9,0,5,4,7,1,1,1,4,0,0,1,0,0,0,1,1,0,0,3,0,0,0,0,1,2,1,0,0,0,0,0,0,0,0,0,0,0,0,0,0,0,0,0,0,0,0,0,0,0,0,0,0,0,0,0,0,0,0,0,0,0,0,0,0,0,0,0,0,0,0,0,0
6462,0,4,11,5,0,0,9,5,0,1,2,2,0,0,0,2,1,1,0,1,1,1,1,0,0,0,1,1,0,0,0,0,1,0,0,0,0,0,0,0,0,0,0,2,0,1,0,0,1,0,0,0,0,0,0,0,0,0,0,0,0,0,0,0,0,0,0,0,0,0,0,0,0,0,0,0
6463,0,8,12,18,0,0,5,19,0,3,1,2,0,0,0,0,1,3,0,0,0,2,4,0,1,0,1,0,0,3,1,0,0,0,0,0,0,4,0,0,0,7,0,2,0,0,0,0,0,0,0,0,0,0,0,0,0,1,0,3,0,0,0,0,1,0,0,0,0,0,0,0,0,0,0,0
6464,0,7,31,28,0,0,17,36,5,7,4,9,0,0,0,3,4,10,0,0,4,1,0,1,0,0,0,1,1,1,0,2,0,0,1,2,1,4,2,1,0,0,0,2,0,1,0,0,0,0,0,0,1,1,0,0,0,0,0,0,0,0,0,1,0,0,1,0,0,0,1,0,0,0,0,0
6465,0,0,14,8,0,1,17,7,0,5,0,2,0,0,0,0,3,1,0,1,0,0,1,0,0,0,0,0,0,0,0,0,0,1,0,2,0,2,0,0,0,0,0,1,0,0,0,0,0,0,0,0,2,0,0,0,0,0,0,0,0,0,0,0,0,0,0,0,0,0,0,0,0,0,0,0
6466,0,4,14,10,0,0,1,7,0,5,2,8,0,0,0,3,4,1,2,1,1,1,4,0,1,0,0,0,0,0,0,0,0,0,0,0,0,1,0,0,0,1,1,0,0,0,0,1,0,0,0,0,0,0,0,0,0,0,0,0,0,0,0,0,0,0,0,0,0,0,0,0,0,0,0,0
6467,0,5,9,7,0,1,6,8,0,3,4,1,0,0,0,0,1,1,0,0,0,0,2,0,0,0,1,0,5,1,0,0,0,0,0,0,0,0,0,0,0,0,0,0,0,0,0,0,0,0,1,0,1,0,0,0,0,0,1,0,0,0,0,0,0,0,0,0,0,0,0,0,0,0,0,0
6468,0,0,9,4,0,2,17,14,2,6,1,4,0,0,0,2,2,1,0,2,0,0,2,0,0,1,0,0,0,1,0,1,0,0,0,0,0,1,0,0,0,2,0,1,0,0,0,0,0,0,0,0,1,0,0,0,0,0,0,0,0,0,0,0,0,0,1,0,0,0,0,0,0,0,0,0
6469,0,2,20,8,0,0,12,6,1,0,2,3,0,0,0,1,1,2,0,0,0,3,2,1,0,1,0,0,2,0,0,0,0,0,0,0,0,0,0,0,0,0,0,0,0,0,0,0,0,0,0,0,0,0,0,0,0,0,0,0,0,0,0,0,0,0,0,0,0,0,0,0,0,0,0,0
6470,0,8,15,8,0,0,2,7,0,1,0,0,0,0,0,0,0,3,0,0,0,1,0,0,0,0,0,0,0,0,0,0,0,0,0,0,0,0,1,0,0,3,0,0,0,0,0,0,0,0,0,0,1,0,0,0,0,0,0,0,0,0,0,0,0,0,0,0,0,0,0,0,0,0,0,0
6471,0,7,6,14,0,0,7,10,2,2,1,3,0,0,0,1,4,1,0,0,0,1,2,0,0,0,0,0,0,0,0,0,0,1,0,0,0,0,0,0,0,0,0,0,0,0,0,0,1,0,0,0,1,0,0,0,0,0,0,0,0,0,0,0,0,0,0,0,0,0,0,0,0,0,0,0
6472,1,5,38,24,5,0,2,41,4,0,5,23,1,0,1,0,0,1,0,1,2,0,2,3,0,1,0,4,1,0,0,8,0,0,1,5,0,4,3,1,0,0,4,0,0,0,0,0,1,1,1,0,0,0,0,0,0,0,2,0,0,0,0,2,0,0,0,0,0,0,0,0,0,0,0,0
6473,0,2,3,1,0,0,9,12,0,4,0,2,0,0,0,1,0,4,0,0,0,0,4,0,0,1,0,0,1,1,1,0,0,1,0,0,2,7,1,0,0,1,2,0,0,0,0,0,0,0,0,0,1,0,0,0,0,0,0,0,0,0,0,0,0,0,0,0,0,0,0,0,0,0,0,0
6474,0,3,20,14,0,2,4,1,1,3,1,1,0,0,0,1,1,0,1,0,0,0,1,0,0,1,0,2,0,0,0,0,0,1,0,0,0,0,0,0,0,0,0,0,0,0,0,0,0,0,0,0,2,0,0,0,0,0,0,0,0,0,0,0,0,0,0,0,0,0,0,0,0,0,0,0
6475,0,5,24,18,0,7,16,20,1,1,1,8,0,0,1,0,2,0,0,0,0,1,5,0,0,0,1,1,3,2,2,1,0,0,0,3,0,4,0,0,0,0,1,0,0,0,0,0,0,0,0,0,1,0,0,0,0,0,0,1,0,0,0,0,0,0,0,0,0,0,0,0,0,0,0,0
6476,0,5,16,11,0,4,1,7,0,1,1,1,0,0,1,0,0,0,0,0,0,3,2,0,0,0,2,0,2,4,0,0,0,0,0,0,0,1,0,0,0,1,0,0,0,0,0,0,0,0,0,0,0,0,0,0,0,0,0,0,0,0,0,0,0,0,0,0,0,0,0,0,0,0,0,0
6477,0,0,13,1,0,0,1,10,0,0,0,5,0,0,0,0,1,0,2,0,1,0,1,1,0,0,0,2,0,0,0,0,0,0,0,0,0,0,0,1,0,1,0,0,0,0,0,0,0,0,0,0,0,0,0,0,0,0,0,0,0,0,0,0,0,0,0,0,0,0,0,0,0,0,0,0
6478,0,8,11,9,0,0,6,5,0,2,1,5,0,0,0,4,0,3,0,1,0,0,0,0,0,0,0,0,0,1,0,0,0,0,0,0,0,3,0,0,0,0,0,0,0,0,0,0,0,0,0,0,0,0,0,0,0,0,0,0,0,0,0,0,0,0,0,0,0,0,0,0,0,0,0,0
6479,0,2,7,1,0,0,3,8,1,1,0,2,0,0,0,3,1,2,1,0,0,0,0,0,0,0,0,0,0,0,0,0,0,1,0,0,0,2,0,0,0,1,0,0,0,0,0,1,0,0,0,0,4,0,0,0,0,0,0,0,0,0,0,0,0,0,0,0,0,0,0,0,0,0,0,0
6480,0,1,9,2,0,0,4,5,0,7,0,1,0,0,0,1,0,0,0,0,0,2,4,0,1,0,1,1,0,1,1,1,0,1,0,0,0,1,0,0,0,0,0,0,0,0,0,0,0,0,0,0,2,0,0,0,0,0,0,0,0,0,0,0,0,0,0,0,0,0,0,0,0,0,0,0
6501,0,0,9,5,0,1,7,3,0,2,3,3,0,0,0,0,0,4,0,0,0,0,1,0,0,0,0,0,0,0,0,0,1,0,0,0,0,2,1,0,0,0,0,0,0,2,0,0,0,0,0,0,0,0,0,0,0,0,0,0,0,0,0,0,1,0,1,0,0,0,0,0,0,0,0,0
6502,0,1,6,0,0,2,6,4,0,2,1,1,0,0,0,0,0,0,0,1,0,0,1,0,0,0,0,0,0,0,0,0,0,0,0,0,0,0,0,0,0,0,0,1,0,0,0,0,0,0,0,0,0,0,0,0,0,1,0,0,0,1,0,0,0,0,0,0,0,0,0,0,0,0,0,0
6503,0,5,27,12,0,6,31,24,0,7,3,8,0,0,0,0,1,8,0,1,0,3,4,0,1,0,2,0,1,0,1,1,1,0,0,0,0,0,1,1,0,0,1,0,0,2,0,0,0,0,0,0,0,0,0,0,0,0,3,0,0,1,0,0,0,0,0,0,0,0,0,0,1,0,0,0
6504,0,2,21,7,0,4,15,14,2,6,0,7,0,0,0,1,3,1,0,0,0,3,2,0,1,0,1,0,3,1,1,0,0,0,0,0,0,0,0,1,0,1,0,1,0,0,0,0,0,0,0,0,0,0,0,0,0,0,1,0,0,0,0,0,0,0,0,0,0,0,0,0,0,0,0,0
6505,0,7,15,8,0,0,6,0,1,1,2,3,0,0,0,1,0,1,0,1,0,0,5,0,0,0,0,0,0,0,0,1,0,0,0,0,0,2,0,0,0,0,0,2,0,2,0,0,0,0,0,0,1,0,0,0,0,0,0,0,0,0,0,0,0,0,0,0,0,0,0,0,0,0,0,0
6506,0,8,17,8,1,1,16,17,2,9,2,7,0,0,1,1,4,3,0,0,0,0,3,0,0,0,2,0,2,0,0,0,0,0,0,0,0,1,0,0,0,5,1,0,0,0,0,0,1,0,0,0,1,0,1,0,0,0,0,1,0,0,0,0,0,0,0,0,0,0,0,0,0,0,0,0
6507,0,1,1,1,0,0,8,6,0,7,0,1,0,0,1,0,0,1,0,0,0,0,1,0,0,0,0,1,1,0,0,1,0,0,0,0,0,2,0,0,0,9,0,1,0,0,0,0,0,0,0,0,0,0,0,0,0,0,1,0,0,0,0,0,0,0,0,0,0,0,0,0,0,0,0,0
6508,0,1,5,3,0,1,16,8,0,6,1,2,0,0,0,0,0,3,0,0,0,0,0,0,0,0,0,0,0,0,1,0,0,0,0,0,0,0,0,0,0,1,1,0,0,1,0,0,0,0,0,0,1,0,0,0,0,0,2,0,0,0,0,0,0,0,0,0,0,0,0,0,0,0,0,0
6509,0,0,8,4,0,1,9,3,0,2,0,1,0,0,0,0,1,2,0,0,0,2,0,0,0,1,1,1,0,0,0,1,0,0,0,0,0,1,0,0,0,0,0,0,0,0,0,0,0,0,0,0,0,0,0,0,0,0,1,0,0,0,0,0,0,0,0,0,0,0,0,0,0,0,0,0
6510,0,0,0,0,0,2,8,1,0,3,0,0,1,0,0,1,0,0,0,0,0,0,1,0,2,0,0,0,0,0,0,0,0,0,0,0,0,0,0,0,0,2,0,1,0,0,0,0,0,0,0,0,0,0,0,0,0,0,0,0,0,0,0,0,0,0,0,0,0,0,0,0,0,0,0,0
6511,0,2,22,12,0,5,21,12,2,4,5,4,0,0,0,1,1,10,0,2,0,3,4,0,0,0,1,0,2,0,0,0,1,0,0,0,0,2,0,0,0,2,0,0,0,0,0,0,0,0,0,0,1,0,0,0,0,0,0,0,0,1,0,0,0,0,1,0,0,0,0,0,0,0,0,0
6512,0,13,32,27,0,4,11,9,0,2,2,1,0,0,0,0,2,6,0,0,0,1,3,0,0,0,6,0,0,0,0,0,1,0,0,0,0,2,0,1,0,2,2,1,0,1,0,0,0,0,0,0,0,0,0,0,0,0,0,2,0,1,0,0,0,0,0,0,0,0,0,0,0,0,0,0
6513,1,3,11,5,0,0,0,2,0,1,1,0,0,0,1,0,0,0,0,0,0,1,0,0,0,0,0,1,0,0,0,0,0,0,0,0,0,1,0,0,0,0,0,0,0,0,0,0,0,0,0,0,1,0,0,0,0,0,0,0,0,0,0,0,0,0,0,0,0,0,0,0,0,0,0,0
6514,0,1,7,1,1,0,12,9,0,3,3,5,0,0,0,1,1,4,0,0,0,0,0,0,2,1,0,0,0,0,0,0,0,0,1,0,0,0,0,0,0,6,2,0,0,0,0,0,0,0,0,0,3,0,0,0,0,0,0,0,0,0,0,1,0,0,0,0,0,0,0,0,0,0,0,0
6515,2,1,1,3,0,0,0,3,1,5,0,2,0,0,0,0,0,3,0,0,0,0,0,0,0,0,0,0,0,1,0,0,0,0,0,0,0,3,0,0,0,0,1,0,0,0,0,0,0,0,0,0,0,0,0,0,0,0,0,0,0,0,0,0,0,0,0,0,0,0,0,0,0,0,0,0
6517,0,1,0,0,0,0,1,6,0,1,0,1,0,0,0,0,0,1,0,0,0,0,2,3,0,0,0,0,0,0,2,0,1,0,0,0,0,0,0,0,0,2,0,0,0,0,0,0,0,0,0,0,1,0,0,0,0,0,0,0,0,0,0,0,0,0,0,0,0,0,0,0,0,0,0,0
6518,0,5,10,10,0,0,3,8,2,2,1,4,0,0,0,1,3,2,0,0,0,0,1,0,0,0,0,1,0,0,2,0,0,0,0,0,0,2,2,0,0,5,0,0,1,0,0,0,0,0,0,0,1,0,0,0,0,0,0,0,0,1,0,0,0,0,0,0,0,0,1,0,0,0,0,0
6519,0,3,4,5,0,0,10,3,1,2,0,2,0,0,0,1,0,1,0,0,0,1,1,0,0,0,3,0,0,0,1,0,0,0,0,0,0,2,0,0,0,0,0,0,0,0,0,0,0,0,0,0,0,0,0,0,0,0,1,0,0,0,0,0,1,0,0,0,0,0,0,0,0,0,0,0
6520,1,3,34,21,0,0,6,11,0,2,2,3,0,0,0,3,0,1,0,1,0,0,1,0,2,0,0,1,0,0,0,0,1,2,0,0,0,5,0,0,0,1,2,0,0,0,0,1,0,0,0,0,2,0,0,0,0,0,0,0,0,0,0,0,0,0,0,0,1,0,0,0,0,0,0,0
6521,1,6,19,16,0,0,18,8,2,4,2,6,0,0,0,1,3,1,1,0,1,1,0,0,0,0,0,0,0,0,0,1,0,1,0,0,2,1,0,1,0,5,3,0,0,0,0,0,0,0,0,0,3,0,0,0,0,0,0,0,0,0,0,0,0,0,0,1,0,0,0,0,0,0,0,0
6522,0,3,20,12,0,4,17,19,0,2,3,7,0,0,1,1,0,6,1,0,0,1,0,0,1,0,0,0,2,1,1,0,0,0,0,0,0,0,0,0,0,2,1,2,0,0,0,0,0,0,0,0,0,0,0,0,0,0,0,0,0,0,0,0,0,0,0,0,0,0,0,0,0,0,0,0
6523,0,3,9,9,0,1,11,7,0,5,0,0,0,0,0,0,1,0,0,0,0,0,0,0,0,0,0,2,0,0,0,1,1,0,0,0,0,1,0,0,0,4,0,0,0,0,0,0,0,0,0,0,1,0,0,0,0,0,0,0,0,0,0,0,0,0,0,0,0,0,0,0,0,0,0,0
6524,0,3,5,4,0,0,2,10,0,4,1,1,0,0,0,2,1,0,0,0,0,0,3,0,0,0,0,1,0,0,1,0,1,0,0,0,0,0,0,0,0,4,3,1,0,0,0,0,0,0,0,0,0,0,1,0,0,0,0,0,0,0,0,0,0,0,0,0,0,0,0,0,0,0,0,0
6525,0,0,2,2,0,0,8,8,0,0,0,3,0,0,0,2,0,1,0,0,0,0,1,0,0,0,1,0,0,0,0,1,0,0,0,0,0,0,0,0,0,0,0,1,0,0,0,0,0,0,0,0,0,0,0,0,0,0,0,0,0,0,0,0,0,0,0,0,0,0,0,0,0,0,0,0
6526,0,7,0,0,0,0,10,5,1,1,2,0,0,0,0,1,1,1,0,1,1,1,1,0,0,0,0,0,0,0,1,0,0,1,0,0,0,2,0,0,0,1,0,0,0,0,0,0,0,0,0,0,1,0,0,0,0,0,1,0,0,0,0,0,0,0,0,0,0,0,0,0,0,0,0,0
6527,0,0,5,3,0,3,12,21,2,7,0,4,0,0,0,1,1,3,0,0,0,1,6,0,1,0,0,1,1,0,2,0,1,1,0,0,0,0,0,0,0,0,0,0,0,0,0,0,0,0,0,0,1,0,0,0,0,0,0,0,0,0,0,0,0,0,0,1,0,0,0,0,0,0,0,0
6528,1,2,0,2,0,0,4,3,1,0,2,2,0,0,0,1,0,1,0,0,0,1,2,0,0,0,0,0,0,0,1,0,0,0,0,0,0,3,0,1,0,2,1,0,0,0,0,0,0,0,0,0,0,0,0,0,0,0,1,0,0,0,0,0,1,0,0,0,0,0,0,0,0,0,0,0
6529,0,1,10,3,0,0,5,7,2,0,1,2,0,0,0,1,0,0,0,0,0,1,1,0,0,0,0,0,0,0,0,0,0,0,0,0,0,1,0,1,0,0,0,0,0,0,0,1,1,0,0,0,0,0,0,0,0,0,0,0,0,0,0,0,0,0,1,0,0,0,0,0,0,0,0,0
6530,0,2,11,4,0,0,5,0,1,0,0,1,0,0,0,2,1,1,0,0,0,0,0,0,0,0,0,1,0,0,0,0,0,0,0,0,0,0,0,0,0,0,0,4,0,0,0,0,0,0,0,0,0,0,1,0,0,0,0,0,0,0,0,0,0,0,1,0,0,0,0,0,1,0,0,0
6551,0,0,14,15,0,0,11,14,2,2,3,1,0,0,0,0,1,4,0,0,0,0,6,1,1,0,1,0,0,0,0,0,0,0,0,0,0,1,0,0,0,0,0,2,0,1,0,0,0,0,0,0,0,0,0,0,0,0,0,0,0,0,0,0,0,0,1,0,0,0,0,0,0,0,0,0
6552,2,1,25,18,0,1,4,6,1,1,3,2,0,0,0,0,0,7,0,0,0,1,0,0,1,0,0,0,0,3,0,0,0,0,0,0,0,2,0,2,0,3,1,4,0,0,0,0,0,0,0,1,1,0,0,0,0,0,0,0,0,0,0,0,0,0,2,0,0,0,0,0,0,0,0,0
6553,0,0,20,11,0,3,4,3,1,1,1,2,0,0,0,0,1,1,0,0,0,0,0,0,0,0,0,1,0,0,0,0,0,1,0,0,0,0,0,1,0,1,0,0,0,0,0,0,0,0,0,0,0,0,0,0,0,0,0,0,0,0,0,0,1,0,0,0,0,0,0,0,0,0,0,0
6554,0,1,13,12,0,0,13,8,0,5,6,6,0,0,0,0,2,7,0,0,0,1,1,0,0,0,0,0,1,0,1,0,1,1,0,1,0,2,0,0,1,5,0,0,0,0,0,0,0,0,0,0,1,0,0,0,0,0,0,0,0,0,0,0,4,0,0,0,0,0,0,0,0,0,0,0
6555,0,2,5,2,0,0,8,5,0,2,0,0,0,0,0,0,0,2,0,0,0,0,1,0,0,0,0,0,0,0,0,0,0,0,0,0,0,0,0,0,0,4,0,0,0,0,0,0,0,0,0,0,0,0,0,0,0,0,0,0,0,0,0,0,0,0,0,0,0,0,0,0,0,0,0,0
6556,0,5,29,12,0,1,6,7,0,2,0,1,0,0,0,0,0,1,0,0,0,0,4,0,0,0,0,0,0,0,0,0,0,0,0,0,0,1,0,0,0,2,3,0,0,1,0,0,0,0,0,0,0,0,0,0,1,0,0,1,0,0,0,0,0,0,0,0,0,0,0,0,0,0,0,0
6557,0,1,8,3,0,0,4,5,0,1,1,0,0,0,0,0,2,3,0,1,0,1,1,0,1,0,0,0,1,0,0,1,0,0,0,0,1,3,0,0,0,0,0,0,0,1,0,0,0,0,1,0,1,0,0,0,0,0,0,0,0,0,0,0,0,0,0,0,0,0,0,0,0,0,0,0
6558,0,2,21,17,0,1,3,6,0,0,0,1,0,0,0,0,2,3,0,0,0,0,0,0,0,0,0,0,0,0,0,0,0,0,0,0,0,1,0,0,0,1,0,0,0,0,0,0,0,0,0,0,1,0,0,0,0,0,0,0,0,0,0,0,0,0,0,0,0,0,0,0,0,0,0,0
6559,0,4,12,15,0,2,17,9,1,11,3,2,0,0,0,0,2,1,0,0,0,0,4,0,0,0,0,0,0,0,2,0,0,0,0,0,0,1,0,0,0,3,1,0,0,0,0,0,0,0,0,0,0,0,0,0,0,0,0,1,0,0,0,0,0,0,0,0,0,0,0,0,0,0,0,0
6560,0,6,8,10,0,1,7,4,0,0,1,1,0,0,0,0,1,8,0,0,0,2,2,0,0,0,0,0,0,0,0,0,1,0,0,0,0,0,0,0,0,2,0,0,0,0,0,0,0,0,0,0,2,0,0,0,0,0,0,0,0,0,0,0,0,0,0,0,0,0,0,0,0,0,0,0
6562,0,6,17,13,0,2,19,13,2,6,0,1,0,0,0,0,0,2,0,0,0,1,4,0,1,0,1,0,0,0,0,0,0,0,0,0,0,0,0,0,0,0,0,0,0,1,0,0,0,0,0,0,1,0,0,0,0,0,1,3,0,0,0,0,0,0,0,0,0,0,0,0,0,0,0,0
6564,0,1,9,4,0,5,14,7,0,2,0,3,0,0,0,1,1,6,0,1,0,0,0,0,0,0,2,0,0,0,0,0,1,0,0,1,0,2,0,0,0,1,0,0,0,0,0,0,1,0,0,0,0,0,0,0,0,0,1,1,0,0,0,0,0,0,0,0,0,0,0,0,0,0,0,0
6565,0,3,9,4,0,0,5,2,0,0,0,1,0,0,0,0,0,0,0,0,0,0,2,0,1,0,0,0,0,0,0,1,0,0,0,0,0,0,0,0,0,0,0,0,0,0,0,0,0,0,0,0,0,0,0,0,0,0,0,0,0,0,0,0,0,0,0,0,0,0,0,0,0,0,0,0
6566,0,0,4,1,0,1,13,12,1,1,4,0,0,0,0,2,2,2,0,0,0,0,2,0,0,0,0,0,0,1,0,1,0,0,0,0,0,1,0,0,0,4,1,0,0,0,0,0,1,0,0,0,0,0,0,0,0,0,0,0,0,0,0,0,0,0,0,0,0,0,0,0,0,0,0,0
6569,0,0,8,6,0,0,4,6,0,3,1,4,0,0,0,2,0,2,0,0,0,1,3,0,0,0,0,0,0,0,0,0,0,0,0,0,0,3,0,1,0,2,5,0,0,0,0,0,0,0,0,0,3,0,0,0,0,0,0,0,0,0,0,0,0,0,0,0,0,0,0,0,0,0,0,0
6570,0,3,7,11,0,0,6,11,1,4,0,1,0,0,0,1,1,2,0,0,0,0,3,0,1,0,1,0,0,1,3,0,0,0,0,0,0,0,1,1,0,4,0,1,0,0,0,0,1,0,0,0,0,0,0,0,0,0,0,2,0,0,0,0,1,0,0,0,0,0,0,0,0,0,0,0
6571,0,12,28,14,0,0,12,12,2,3,3,8,0,0,0,2,1,3,2,1,0,0,6,0,3,1,1,1,0,0,1,0,0,0,0,0,0,1,0,0,1,5,0,1,0,0,0,0,0,0,0,0,1,0,0,0,0,0,0,2,0,0,0,0,0,0,0,0,0,0,0,0,0,0,0,0
6574,0,4,40,19,0,1,8,9,1,4,2,8,0,0,0,0,1,1,1,2,0,0,2,0,1,1,0,1,0,0,0,0,0,1,0,0,0,0,0,0,0,0,0,1,0,2,0,1,0,0,0,0,2,0,0,0,0,0,1,0,0,0,0,0,0,0,0,0,0,0,0,0,0,0,0,0
6575,0,2,8,8,0,0,12,4,0,4,0,1,0,0,0,0,1,2,1,0,0,0,1,0,0,0,0,3,0,0,0,1,0,0,0,1,0,0,0,0,0,0,0,0,0,0,0,0,0,1,0,1,0,0,0,0,0,0,0,0,0,0,0,0,0,0,0,0,0,0,0,0,0,0,0,0
6576,0,2,24,17,0,0,9,13,1,0,3,10,0,0,0,2,1,6,0,0,0,0,1,1,2,1,4,6,2,1,0,0,0,1,0,2,0,0,0,2,0,4,1,2,0,0,0,0,0,0,0,1,0,0,0,0,0,0,0,2,0,0,0,0,0,0,0,0,0,0,0,0,0,0,0,0
6577,0,0,2,0,0,1,4,19,0,3,0,3,0,0,0,1,0,2,2,0,2,0,0,1,0,0,0,0,0,1,0,0,1,0,1,0,0,0,0,0,0,0,0,0,0,0,0,0,0,0,0,0,0,1,0,0,0,0,0,0,0,0,0,0,0,0,0,0,0,0,0,0,0,0,0,0
6578,3,1,0,1,2,0,0,7,1,1,1,4,0,1,0,0,0,0,0,0,0,1,0,0,0,0,0,4,0,0,0,0,0,0,0,6,0,0,0,0,0,0,0,0,0,0,0,0,0,0,0,0,0,0,0,0,0,1,1,0,0,0,0,0,0,0,0,0,0,0,0,0,0,0,0,0
6579,0,0,15,12,0,1,17,28,1,5,4,3,0,0,0,1,2,4,0,1,0,0,3,0,0,0,0,1,1,0,1,1,2,1,2,0,0,2,0,0,0,0,0,0,0,0,0,3,0,0,0,0,1,0,0,0,0,0,0,2,0,0,0,1,0,0,0,0,0,0,0,0,0,0,0,0
6580,0,2,6,6,0,4,8,27,1,3,0,4,1,0,0,2,0,2,1,2,0,0,3,0,0,1,2,0,1,0,2,0,0,0,0,0,0,1,0,0,0,0,0,0,0,0,0,0,0,0,0,0,1,0,0,0,0,0,1,0,0,0,0,0,0,0,2,0,0,0,0,0,0,0,0,0
6608,2,6,18,18,0,2,7,20,5,8,5,7,0,0,0,0,0,7,0,0,0,0,5,0,1,0,2,0,0,0,1,1,2,0,0,0,0,0,0,1,0,1,1,0,0,0,0,0,0,0,1,0,0,0,0,0,0,0,1,0,0,0,0,0,0,0,0,0,0,0,0,0,0,0,0,0
6609,0,2,2,0,0,0,4,6,1,1,1,1,0,0,0,0,0,5,0,0,0,1,2,0,0,0,1,0,0,0,0,0,0,0,0,0,0,0,0,0,0,0,0,0,0,0,0,0,0,0,0,0,1,0,1,0,0,1,0,0,0,0,0,0,0,0,0,0,0,0,0,0,0,0,0,0
6610,0,0,0,0,0,3,2,6,0,0,2,3,0,0,0,0,0,1,0,0,0,0,0,0,0,0,0,0,0,0,0,2,0,0,0,0,0,0,0,0,0,0,0,0,1,0,0,0,0,0,0,0,0,0,0,0,0,0,0,0,0,0,0,0,0,0,0,0,0,0,0,0,0,0,0,0
6612,1,2,12,11,1,0,12,14,0,7,5,8,0,0,0,1,0,5,0,0,0,1,1,0,1,0,2,0,0,6,0,1,0,0,0,0,0,0,0,0,0,2,3,4,0,2,0,0,0,0,0,0,0,0,0,0,0,0,1,0,0,0,0,0,0,0,0,0,0,0,0,0,0,0,0,0
6613,0,8,21,16,0,0,10,17,2,7,1,7,0,0,0,0,1,2,0,1,0,1,0,0,1,0,0,2,0,1,0,1,1,0,0,0,0,1,0,0,0,1,0,1,0,0,0,0,0,0,0,0,0,0,0,0,0,0,1,1,0,1,0,0,0,0,0,0,0,0,0,0,0,0,0,0
6614,0,6,11,14,0,1,14,11,1,7,1,4,0,0,0,0,1,5,0,0,1,0,0,0,0,0,4,1,0,0,0,1,0,0,0,0,0,1,0,0,0,0,0,0,0,1,1,0,0,0,0,0,0,0,0,0,0,0,1,0,0,0,0,0,0,0,0,0,0,0,0,0,0,0,0,0
6615,0,9,48,23,0,0,20,12,1,6,4,7,0,0,0,1,2,7,0,0,0,1,11,0,2,1,3,2,1,2,0,1,0,0,0,0,0,0,1,1,0,7,1,0,0,0,0,0,0,0,0,0,2,0,0,0,0,0,1,0,0,0,0,0,0,0,0,0,0,0,0,0,0,0,0,0
6616,0,7,18,13,0,3,6,9,0,2,5,1,0,0,0,2,2,3,0,1,0,0,0,1,2,0,1,0,0,1,0,0,0,0,0,0,0,0,0,0,0,2,0,0,2,0,0,0,0,0,0,0,0,0,0,0,0,0,1,0,0,0,0,0,0,0,0,0,1,0,0,0,0,0,0,0
6617,2,1,9,2,0,0,1,0,0,1,0,2,0,0,0,0,0,0,0,0,0,1,0,0,0,0,1,0,0,0,0,0,1,1,0,0,0,0,0,0,0,1,0,0,0,0,0,0,1,0,0,0,0,0,0,0,0,0,0,0,0,0,0,0,0,0,0,0,0,0,0,0,0,0,0,0
6618,0,8,23,16,0,4,14,10,2,5,3,8,0,0,0,0,2,5,0,2,0,2,2,0,0,0,1,0,2,0,0,0,0,0,0,0,0,1,0,0,0,0,1,1,0,0,0,0,0,0,0,0,4,0,0,0,0,0,1,1,0,0,0,0,0,0,1,0,0,0,0,0,0,0,0,0
6619,0,2,15,15,0,1,9,13,0,3,0,1,0,0,0,1,0,1,0,0,0,0,1,0,0,0,0,0,0,0,0,0,0,0,0,0,0,1,1,0,0,0,4,0,0,0,0,0,0,0,0,0,0,0,0,0,0,0,1,0,0,0,0,0,0,0,0,0,0,0,0,0,0,0,0,0
6620,0,4,12,10,0,7,9,4,0,2,0,1,0,0,0,1,2,3,0,0,0,0,1,0,0,0,0,0,1,0,0,0,0,1,0,0,0,0,0,0,0,0,0,1,0,2,0,0,0,0,0,0,0,0,0,0,0,0,0,0,0,0,0,0,0,0,0,0,0,0,0,0,0,0,0,0
6621,0,3,4,7,0,2,10,1,1,1,7,1,0,0,0,1,1,2,0,1,0,1,4,0,1,0,2,0,0,0,0,0,0,0,0,0,0,0,1,1,0,1,0,0,0,1,0,0,0,0,0,0,0,0,0,0,0,0,0,0,0,0,0,0,0,0,0,0,0,0,0,0,0,0,0,0
6622,0,2,4,0,0,2,6,11,1,5,0,3,0,0,0,0,1,0,0,1,0,1,2,0,0,0,1,0,0,0,0,0,0,0,1,1,0,1,0,0,0,0,0,0,0,0,0,0,0,0,0,0,0,0,0,0,0,0,0,1,0,0,0,0,0,0,0,0,0,0,0,0,0,0,0,0
6623,0,7,24,20,0,3,9,15,0,3,2,4,0,0,0,5,2,4,0,0,0,2,3,0,0,0,2,1,2,0,0,0,0,1,0,0,0,1,0,1,0,0,0,4,0,1,0,0,1,0,0,0,0,0,0,0,0,0,0,0,0,0,0,0,0,0,3,0,0,0,0,0,0,0,0,0
6624,0,6,16,6,0,2,15,6,0,1,2,2,0,0,0,1,3,10,1,0,0,2,0,0,2,1,1,0,0,0,0,0,1,0,0,0,0,1,0,0,0,0,0,0,0,0,0,0,0,0,0,0,1,0,0,0,0,0,1,1,0,0,0,0,0,0,0,0,0,0,0,0,0,0,0,0
6625,0,4,15,24,0,0,8,2,0,2,0,3,0,0,0,0,0,1,0,0,0,0,0,0,1,0,0,0,3,0,0,0,0,0,0,0,1,0,0,0,0,0,0,2,0,0,0,0,0,0,0,0,0,0,0,0,0,0,0,0,0,0,0,0,0,0,0,0,0,0,0,0,0,0,0,0
6626,0,0,7,7,0,0,2,1,0,0,0,0,0,0,0,0,0,0,0,0,0,0,0,0,0,1,0,0,0,0,0,0,0,1,0,0,0,0,0,0,0,0,0,0,0,0,0,0,1,0,0,0,0,0,0,0,0,0,0,0,0,0,0,0,0,0,0,0,0,0,0,0,0,0,0,0
6627,0,1,4,5,0,0,3,5,2,5,0,3,0,0,0,0,0,1,0,0,2,1,0,0,1,0,0,1,0,1,0,1,0,0,0,0,0,0,1,0,0,0,0,2,0,1,0,0,0,0,0,0,1,0,0,0,0,0,0,0,0,0,0,0,0,0,0,0,0,0,1,0,0,0,0,0
6628,0,9,26,25,0,1,16,8,0,5,2,3,0,0,0,1,1,4,0,0,0,0,2,0,0,1,1,1,1,0,0,0,0,0,0,0,1,2,0,0,0,0,1,0,0,0,0,0,1,0,0,0,0,0,0,0,0,0,0,0,0,0,0,0,0,0,0,0,0,0,0,0,0,0,0,0
6629,0,2,6,6,0,0,0,2,0,0,2,3,0,0,0,0,0,2,0,0,0,0,0,0,0,0,0,0,0,2,0,0,0,0,0,0,0,0,0,0,0,1,1,0,0,2,0,0,0,0,0,0,0,0,0,0,0,0,0,0,0,0,0,0,0,0,0,0,0,0,0,0,0,0,0,0
6630,0,0,5,1,0,0,4,0,1,5,0,4,0,0,0,0,0,2,0,0,0,0,1,0,0,0,0,0,0,0,1,0,0,0,0,0,0,3,0,0,0,2,1,0,0,0,0,1,0,0,0,0,2,0,0,0,0,0,0,0,0,0,0,0,0,0,0,0,0,0,0,0,0,0,0,0
6632,11,0,0,0,12,1,0,5,1,0,0,0,0,0,0,1,1,0,0,0,2,0,0,0,2,0,0,1,0,0,0,2,1,0,0,3,0,0,0,1,2,0,0,1,0,1,0,0,0,0,0,0,0,0,1,0,0,0,0,0,0,0,0,0,0,0,0,0,0,1,0,0,0,0,0,0
6633,0,1,3,5,0,0,5,8,3,6,0,1,0,0,0,1,1,2,0,1,0,0,1,0,0,0,0,0,0,0,0,0,1,0,0,0,0,1,0,0,1,1,1,2,1,0,0,0,0,0,0,0,1,0,0,0,0,0,0,0,0,0,0,0,1,0,0,0,0,0,0,0,0,0,0,0
6634,4,2,7,3,13,0,5,34,2,2,0,9,0,0,0,1,0,2,0,0,2,0,0,1,0,0,0,0,0,0,0,7,2,0,0,5,0,0,1,0,0,0,1,0,0,0,0,0,0,1,1,0,0,0,1,0,0,1,0,0,0,0,0,1,0,0,0,0,0,1,0,0,0,0,0,0
6635,19,1,5,3,8,0,0,2,0,0,0,0,0,0,0,1,0,0,0,0,0,1,0,1,0,0,0,0,0,0,0,2,0,0,0,0,0,0,0,0,1,0,1,0,0,0,0,0,0,0,0,0,0,0,1,0,0,0,1,1,0,0,0,0,0,0,0,0,0,0,0,0,0,0,0,0
6636,0,1,15,15,0,0,0,0,0,1,0,3,0,0,0,2,0,2,2,0,0,1,0,0,0,0,0,2,0,0,0,0,0,1,0,0,0,0,0,0,0,0,0,0,0,0,0,0,0,0,0,0,0,0,0,0,0,0,0,0,0,0,0,0,0,0,0,0,0,0,0,0,0,0,0,0
6637,0,2,13,9,2,0,5,24,3,2,4,6,0,0,0,2,1,4,0,0,2,0,2,1,1,1,1,7,1,0,1,3,2,0,0,8,0,1,1,0,0,1,0,0,0,0,0,0,0,0,0,0,2,0,0,0,0,0,2,0,0,0,0,0,1,0,0,0,0,0,0,0,0,0,0,0
6638,0,3,14,7,0,0,6,24,0,2,0,10,0,0,1,1,0,2,0,0,2,1,1,0,0,0,0,3,2,0,0,1,0,0,0,1,0,2,0,1,0,0,1,0,0,0,0,0,0,0,0,0,0,0,0,0,0,0,0,0,0,0,0,0,0,0,0,0,0,1,0,0,0,0,0,0
6639,0,1,4,2,2,0,10,18,1,10,4,4,1,0,0,6,1,3,0,1,0,0,3,0,2,1,0,0,3,0,0,0,0,1,0,0,0,2,0,0,0,2,1,0,0,0,0,0,0,0,0,0,2,0,0,0,0,0,0,0,0,0,0,0,0,0,0,0,0,0,0,0,0,0,0,0
6640,1,1,6,0,2,0,2,9,0,1,0,3,0,0,0,1,0,0,0,0,0,0,0,1,0,0,0,7,0,0,0,8,1,0,0,3,0,0,0,3,0,0,0,0,0,0,0,0,0,0,1,0,0,0,0,0,0,1,0,0,0,0,0,1,0,0,0,0,0,0,0,0,0,0,0,0
6641,6,1,17,13,0,4,6,10,2,5,2,2,0,0,0,2,1,1,1,0,0,0,3,1,2,0,3,2,0,0,3,1,0,0,0,1,0,1,1,0,0,2,0,1,0,0,0,0,0,0,0,0,0,1,0,0,0,0,0,0,0,0,0,0,0,0,0,0,0,0,0,0,0,0,0,0
6642,0,7,27,31,0,4,18,17,2,3,3,2,0,0,0,0,3,2,0,0,0,0,5,1,0,0,0,3,0,3,2,0,0,0,0,0,0,0,1,0,0,3,1,1,0,0,0,0,0,0,0,0,3,0,0,0,0,0,0,0,0,0,0,0,0,0,0,0,0,0,0,0,0,0,0,0
6643,1,1,5,0,0,2,5,5,0,0,1,1,0,0,2,0,1,2,0,0,0,0,1,0,0,0,0,0,1,0,0,0,0,0,0,0,0,1,0,0,0,0,0,1,0,0,0,0,0,0,0,0,0,0,0,0,0,1,0,0,0,0,0,0,0,0,0,0,0,0,0,0,0,0,0,0
6644,0,4,19,12,0,2,6,11,1,1,0,3,0,0,0,1,0,0,0,0,0,0,2,0,2,0,0,0,2,1,0,0,0,0,0,0,0,0,0,0,0,0,1,0,0,0,0,0,0,0,0,0,2,0,0,0,0,1,0,0,0,0,0,0,0,0,0,0,0,0,0,0,0,0,0,0
6662,0,3,21,15,0,1,2,2,1,1,1,1,0,0,0,0,0,1,0,0,0,1,2,0,0,0,0,0,0,0,0,0,0,0,0,0,0,1,0,0,0,2,0,0,1,0,0,0,0,0,0,1,0,0,0,0,0,0,1,0,0,0,0,0,0,0,0,0,0,0,0,0,0,0,0,0
6663,0,0,0,0,0,0,0,4,0,1,3,5,0,0,0,1,0,2,0,0,0,0,1,0,0,0,0,0,0,0,0,0,0,0,0,0,0,1,0,1,0,0,0,0,0,0,0,0,0,0,0,0,0,0,0,0,0,0,0,0,0,0,0,0,0,0,0,0,0,0,0,0,0,0,0,0
6664,0,0,3,1,0,0,18,1,0,4,0,5,0,0,0,1,2,1,0,0,0,0,1,0,1,0,0,0,0,0,0,1,0,0,0,0,0,0,0,0,0,0,0,1,0,0,0,0,0,0,0,0,0,0,0,0,0,0,0,0,0,0,0,0,0,0,0,0,0,0,0,0,0,0,0,0
6665,5,14,29,24,17,0,1,15,4,0,1,3,0,0,6,3,0,0,0,0,1,0,0,3,1,0,2,2,1,0,0,3,0,0,0,6,4,0,0,0,0,1,0,1,0,0,0,0,1,0,1,0,0,0,2,0,1,4,0,1,0,0,0,0,0,0,1,0,0,0,0,0,0,0,0,0
6666,1,1,16,12,3,0,6,8,0,3,0,3,0,0,2,1,1,2,1,0,0,0,1,2,1,1,1,2,0,0,0,1,0,0,1,0,0,1,0,0,0,2,1,0,3,0,0,0,0,0,0,0,0,0,1,0,0,2,0,2,0,0,0,1,0,0,0,0,0,0,0,0,0,0,0,0
6667,0,0,4,0,0,1,5,10,0,5,4,1,0,0,0,3,0,3,0,0,0,2,0,0,0,0,1,0,2,0,0,0,0,0,0,0,0,1,0,0,1,2,1,0,0,0,0,0,0,0,0,0,0,0,0,0,0,0,0,0,0,1,0,0,0,0,0,0,0,0,0,0,0,0,0,0
6668,0,8,8,4,0,1,6,8,0,1,1,3,0,0,0,0,0,1,1,0,0,1,0,0,0,0,2,0,0,0,0,0,0,0,0,0,1,0,0,0,0,0,1,0,0,1,0,0,0,0,0,0,2,0,0,0,1,0,1,0,0,1,0,0,0,0,0,0,0,0,1,0,0,0,0,0
6669,0,1,4,5,0,1,1,8,1,1,1,5,0,0,0,0,0,5,0,0,1,0,2,0,0,0,1,0,0,0,0,0,0,0,0,0,0,1,0,0,0,0,0,0,0,0,0,0,0,0,0,0,0,0,2,0,0,0,0,0,0,0,0,0,0,0,0,0,0,0,0,0,0,0,0,0
6670,0,1,9,0,0,0,5,1,0,0,0,2,0,0,0,0,1,0,0,0,0,0,0,0,0,0,1,0,0,0,0,0,0,0,0,0,0,0,0,0,0,1,0,1,0,0,0,0,0,0,0,0,0,0,0,0,0,0,2,0,0,0,0,0,0,0,0,0,0,0,0,0,0,0,0,0
6671,0,2,13,2,0,0,4,3,0,4,5,1,0,0,0,0,0,2,0,0,0,1,2,0,0,0,1,0,0,0,0,0,0,0,0,0,0,1,0,0,0,0,0,1,0,1,0,0,1,0,0,0,1,0,0,0,0,0,3,0,0,0,0,0,0,0,0,0,0,0,0,0,0,0,0,0
6672,0,0,8,10,0,0,4,2,0,0,1,1,0,0,0,0,0,1,0,0,0,1,0,0,0,0,0,0,0,0,0,0,0,0,0,0,0,2,0,0,0,1,0,0,0,0,0,0,0,0,0,0,0,0,0,0,0,0,0,0,0,0,0,0,0,0,0,0,0,0,0,0,0,0,0,0
6673,0,1,8,2,0,0,3,4,3,1,0,7,0,0,0,1,3,0,0,0,0,0,3,1,1,0,1,0,0,0,0,0,1,0,0,0,0,1,0,0,0,0,1,0,0,0,0,0,1,0,0,0,0,0,0,0,0,0,0,1,0,0,0,0,0,0,0,0,0,0,1,0,0,0,0,0
6674,0,8,20,18,1,2,11,14,3,4,3,5,0,0,0,1,1,6,0,0,0,2,4,0,0,0,1,0,1,1,0,0,0,0,0,0,1,3,1,0,0,0,0,2,0,0,0,0,1,0,0,0,0,0,0,0,0,0,2,0,0,0,0,0,0,0,0,0,0,0,0,0,0,0,0,0
6675,0,0,1,3,0,1,6,7,0,0,1,0,0,0,0,0,0,1,1,0,0,0,2,0,0,0,0,0,0,0,0,0,0,0,0,0,0,1,0,0,0,0,0,1,0,0,0,0,0,0,0,0,0,0,0,0,0,0,0,0,1,0,0,0,0,0,0,0,0,0,0,0,0,0,0,0
6676,0,13,30,10,0,0,12,16,1,5,0,12,0,0,0,3,2,6,1,1,0,0,4,0,0,0,2,1,3,0,0,3,0,0,0,0,0,2,0,1,0,6,1,1,0,5,0,0,0,0,0,0,1,0,0,0,0,0,5,0,0,1,0,0,2,0,0,0,0,0,1,0,0,0,0,0
6678,0,5,20,6,0,2,13,9,1,0,3,6,0,0,0,0,0,2,2,0,0,0,4,0,0,0,0,0,0,0,0,0,1,0,0,0,0,1,0,0,0,1,0,0,0,1,0,0,0,0,1,0,0,0,0,0,0,0,0,0,0,0,0,0,0,0,0,0,0,0,0,0,0,0,0,0
6680,0,3,6,9,0,2,12,5,0,1,1,5,0,0,0,2,1,4,1,0,0,0,0,0,0,1,0,0,0,0,0,1,1,0,0,0,0,0,1,0,0,0,0,0,0,0,0,1,0,0,0,0,0,0,0,0,0,0,0,0,0,0,0,0,0,0,0,0,0,0,0,0,0,0,0,0
6681,0,5,6,10,0,7,8,5,1,5,2,5,0,0,0,0,2,2,1,1,0,0,1,1,0,0,0,0,0,0,0,1,0,0,0,0,0,0,1,0,0,2,0,0,0,0,0,0,0,0,0,0,0,0,0,0,0,0,0,0,0,1,1,0,0,0,0,0,0,0,0,0,0,0,0,0
6682,0,0,11,6,1,0,7,19,0,1,0,6,0,0,0,0,0,2,1,0,1,0,0,0,0,0,0,3,0,0,0,1,1,0,0,3,1,1,3,0,0,0,0,0,0,0,0,1,0,0,0,0,0,0,0,0,0,0,1,0,0,0,0,0,0,0,0,0,0,0,0,0,0,0,0,0
6683,0,6,23,14,0,6,9,11,0,4,1,6,0,0,0,1,2,3,1,1,0,1,0,0,0,0,0,1,0,0,0,3,0,0,0,0,1,0,1,0,0,0,0,1,0,0,0,0,0,0,0,0,0,0,1,0,0,0,1,0,0,0,0,0,1,0,0,0,0,0,0,0,0,0,0,0
6684,0,6,7,3,0,0,6,3,0,3,1,5,0,0,0,0,1,1,0,0,0,0,2,0,2,0,0,0,0,0,0,0,0,1,0,0,0,0,0,0,0,2,0,0,0,0,0,0,0,0,0,0,1,0,0,0,0,0,0,0,0,0,0,0,0,0,0,0,0,0,0,0,0,0,0,0
6685,0,1,17,12,0,1,11,9,3,2,0,1,0,0,0,0,1,2,1,0,0,0,2,0,0,0,0,0,0,0,0,0,0,0,0,0,0,1,1,0,0,6,0,0,0,0,0,1,0,0,0,0,0,0,0,0,0,0,0,0,0,0,0,0,0,0,0,0,0,0,0,0,0,0,0,0
6686,0,1,5,6,0,0,3,4,1,0,3,0,0,0,0,4,0,1,0,0,1,0,0,0,0,0,0,0,0,0,0,0,0,0,0,0,0,0,0,0,0,2,0,0,0,0,0,0,0,0,0,0,0,0,0,0,0,0,0,0,0,0,0,0,0,0,0,0,0,0,0,0,0,0,0,0
6687,0,5,16,7,0,3,3,2,0,0,0,0,0,0,0,1,2,0,0,0,0,0,1,0,0,2,1,0,0,0,0,0,0,1,0,0,0,0,0,0,0,0,0,0,0,0,0,0,0,0,0,0,0,0,0,0,0,0,0,0,0,0,0,0,0,0,0,0,0,0,0,0,0,0,0,0
6688,0,1,7,4,0,4,19,36,0,6,1,9,0,0,0,1,1,2,0,1,0,0,0,0,2,0,2,0,5,0,2,1,0,0,0,0,0,2,0,1,0,2,1,0,1,0,0,0,0,0,0,0,2,0,0,0,0,0,0,0,0,1,0,0,0,0,0,0,0,0,0,0,0,0,0,0
6689,0,1,10,9,0,0,5,5,1,0,3,0,0,0,0,0,1,2,0,0,0,0,0,1,0,0,0,0,0,0,0,1,1,0,0,0,0,0,0,0,0,1,0,0,0,0,0,0,0,0,0,0,2,0,0,0,0,0,0,0,0,0,0,0,0,0,0,0,0,0,0,0,0,0,0,0
6690,0,7,12,6,0,4,14,23,1,0,0,3,0,0,1,1,0,0,1,1,0,1,1,0,0,0,0,1,0,0,1,2,0,0,0,0,0,1,1,0,0,1,0,0,0,0,0,0,0,0,0,0,0,0,0,0,0,0,1,0,0,0,0,0,0,0,0,0,0,0,0,0,0,0,0,0
6691,0,1,9,7,0,12,9,28,0,2,0,10,0,0,3,2,3,5,0,0,1,0,4,0,0,1,0,1,1,0,0,0,2,0,0,0,0,4,0,0,0,3,0,0,0,0,0,1,1,0,0,0,2,0,0,0,0,0,2,0,0,0,0,0,0,0,0,0,0,0,0,0,0,0,0,0
6692,0,6,18,22,0,2,5,9,0,9,1,2,0,0,0,3,3,3,1,0,1,0,2,0,0,0,0,1,4,3,0,0,0,0,0,0,0,3,1,1,0,1,0,0,0,0,0,0,0,0,0,0,2,0,0,0,0,0,0,0,0,0,0,1,0,0,0,0,0,0,0,0,0,0,0,0
6693,0,1,7,1,0,11,2,12,0,2,2,3,0,0,2,0,0,4,0,0,0,1,0,0,0,0,1,0,7,2,0,0,2,0,0,0,0,1,0,0,0,0,0,1,0,0,0,0,0,0,0,0,1,0,0,0,0,0,3,0,0,0,0,0,0,0,0,0,0,0,0,0,0,0,0,0
6715,0,3,31,20,0,1,3,2,0,0,1,1,0,0,0,0,1,1,0,0,0,0,1,0,0,0,0,0,0,0,0,0,2,0,0,0,0,0,0,0,0,1,0,0,0,1,0,0,0,0,0,0,0,0,0,0,0,0,1,0,0,0,0,0,0,0,0,0,0,0,0,0,0,0,0,0
6716,0,1,4,1,0,4,4,5,0,3,1,0,0,0,0,0,0,2,1,0,0,0,0,0,0,0,0,0,0,0,0,0,0,0,0,0,0,7,0,0,0,0,0,2,0,0,0,0,0,0,0,0,1,0,0,0,0,0,0,0,0,1,0,0,0,0,0,0,0,0,0,0,0,0,0,0
6717,0,0,2,3,0,0,2,5,0,0,0,6,0,0,0,1,0,1,0,0,0,0,0,0,0,0,1,0,0,0,0,0,0,0,0,0,0,0,0,0,0,0,0,4,0,0,0,0,0,0,0,0,0,0,0,0,0,0,0,0,0,0,0,0,0,0,0,0,0,0,0,0,0,0,0,0
6718,0,1,2,5,0,2,2,2,0,0,2,3,0,0,0,0,2,1,0,0,0,0,0,0,1,0,1,0,0,0,0,0,0,0,0,0,0,0,0,0,0,0,0,0,3,0,0,0,0,0,0,0,0,0,0,0,0,0,0,1,0,0,0,0,0,0,0,0,0,0,0,0,0,0,0,0
6719,0,3,0,4,0,1,4,5,0,0,1,1,0,0,0,0,1,1,0,0,0,1,0,0,0,0,4,0,3,0,0,0,1,0,0,0,0,0,0,0,0,2,0,0,0,1,0,0,0,0,0,0,2,0,0,0,0,0,0,0,0,0,0,0,0,0,0,0,0,0,0,0,0,0,0,0
6720,0,3,14,11,0,2,8,7,0,3,1,12,0,0,1,1,5,4,0,0,0,0,1,0,1,0,0,0,1,0,0,0,0,0,0,0,0,0,0,0,0,0,2,3,0,1,0,0,0,0,0,0,1,0,0,0,0,0,0,0,0,0,0,0,0,0,2,0,0,0,0,0,0,0,0,0
6721,0,6,26,33,1,5,18,18,2,5,1,9,0,0,0,1,1,10,0,1,0,3,7,0,1,2,4,1,1,0,0,2,0,1,0,0,0,2,1,0,0,1,2,6,1,1,0,0,2,0,0,0,1,0,0,0,0,0,1,0,0,0,0,0,0,0,0,0,0,0,0,0,0,0,0,0
6722,0,2,15,19,0,1,22,15,3,6,3,7,0,0,0,1,2,4,0,0,0,1,3,0,0,0,3,0,2,0,0,1,1,0,0,1,0,1,0,0,0,1,0,0,0,1,0,0,0,0,0,0,0,0,0,0,0,0,0,0,0,0,0,0,0,0,0,0,0,0,0,0,0,0,0,0
6723,0,2,23,10,0,0,24,10,0,1,0,5,0,0,0,0,1,4,0,1,0,0,2,0,0,0,0,0,0,0,1,0,0,0,0,0,0,1,0,0,0,0,2,2,0,0,0,0,0,0,0,0,1,0,0,0,0,0,1,0,0,0,0,0,0,0,0,0,0,0,0,0,0,0,0,0
6724,0,8,11,16,0,1,14,20,1,3,2,5,0,0,0,0,3,6,0,1,0,1,5,0,0,0,0,0,0,0,0,0,0,0,0,0,0,0,0,0,0,0,2,0,0,1,0,0,0,0,0,0,1,0,0,0,0,0,4,2,0,0,0,0,0,0,0,0,0,0,0,0,0,0,0,0
6725,0,1,13,0,2,3,11,16,1,6,1,6,0,0,0,0,0,6,1,0,0,1,0,0,0,0,1,0,0,0,0,0,2,0,0,0,0,0,0,0,0,0,0,1,0,0,0,0,0,0,0,0,0,0,0,0,0,0,0,0,0,0,0,0,0,0,0,0,0,0,0,0,0,0,0,0
6726,0,1,1,2,1,2,2,6,0,0,1,0,0,0,0,0,0,2,0,0,0,0,0,0,0,0,0,0,0,0,0,0,0,0,0,0,0,0,0,0,0,0,0,0,0,1,0,0,0,0,0,0,0,0,0,0,0,0,0,0,0,0,0,0,0,0,0,0,0,0,0,0,0,0,0,0
6727,0,2,14,6,0,3,14,3,2,6,2,0,0,0,0,0,2,3,0,1,2,0,4,0,0,0,3,0,0,0,0,1,1,0,0,0,0,2,0,0,0,8,1,2,0,0,0,0,1,0,0,0,0,0,0,0,0,0,0,0,0,0,0,0,0,0,0,0,0,0,0,0,0,0,0,0
6729,0,1,7,3,0,0,4,6,1,5,0,1,0,0,0,0,2,0,0,0,0,0,1,0,0,0,0,0,0,0,1,0,1,0,0,0,0,0,0,1,0,3,1,1,0,0,0,0,0,0,0,0,0,0,0,0,0,0,0,0,0,0,0,0,0,0,0,0,0,0,0,0,0,0,0,0
6730,0,0,4,0,0,0,2,4,0,1,1,5,0,0,0,0,0,0,0,0,0,0,1,0,0,0,0,0,0,0,0,0,0,0,0,0,0,0,0,0,0,0,1,2,0,1,0,0,0,0,0,0,0,0,0,0,0,0,0,0,0,0,0,0,0,0,0,0,0,0,0,0,0,0,0,0
6731,0,8,32,18,0,4,20,9,1,4,1,6,0,0,0,1,3,6,0,1,0,0,0,0,0,1,0,0,0,2,0,0,1,0,0,0,0,3,0,0,0,1,1,1,0,2,0,0,0,0,0,0,0,0,1,0,0,0,1,0,0,0,0,0,0,0,1,0,0,0,0,0,0,0,0,0
6732,0,1,5,1,0,1,1,2,0,1,0,0,0,0,0,0,1,1,0,0,0,2,0,0,0,0,1,0,2,0,0,0,0,0,0,1,0,3,0,0,0,0,2,0,0,0,0,0,0,0,0,0,0,0,0,0,0,0,0,0,0,0,0,0,0,0,0,0,0,0,0,0,0,0,0,0
6733,0,6,16,14,0,2,15,12,0,5,4,2,0,0,0,3,1,6,0,1,0,0,4,0,0,0,0,0,0,2,0,0,1,0,0,1,0,3,0,0,0,15,0,0,0,0,0,1,0,0,0,0,0,0,0,0,0,0,1,0,0,0,0,0,1,0,0,0,0,0,0,0,0,0,0,0
6735,0,1,5,4,0,0,1,1,0,1,0,0,0,0,0,1,0,2,0,0,0,0,0,0,0,0,0,0,0,0,0,0,0,0,0,1,0,0,0,0,0,0,0,7,1,0,0,0,0,0,0,0,1,0,0,0,0,0,0,0,0,0,0,0,0,0,0,0,0,0,0,0,0,0,0,0
6736,1,0,3,0,0,2,4,5,1,2,0,0,0,0,0,1,0,1,0,2,0,0,1,0,0,0,0,0,0,2,0,0,0,0,0,0,0,0,0,1,0,0,0,0,0,0,0,0,0,0,0,0,0,0,1,0,0,0,0,0,0,0,0,0,0,0,0,0,0,0,0,0,0,0,0,0
6737,0,3,15,6,0,0,7,20,1,2,3,2,0,0,0,0,0,5,0,0,2,1,1,0,0,0,0,3,0,0,0,2,1,0,0,11,0,0,1,0,0,3,2,1,0,0,0,0,0,0,0,0,0,0,1,0,0,0,0,0,0,0,0,0,0,0,0,0,0,0,0,0,0,0,0,0
6738,1,2,9,5,0,0,9,3,1,3,1,4,0,0,0,0,2,4,1,0,0,0,5,0,0,0,2,0,2,0,0,1,0,0,0,0,0,1,0,0,0,1,1,0,0,1,0,0,0,0,0,0,1,0,0,0,0,0,1,0,0,0,0,0,0,0,0,0,0,0,0,0,0,0,0,0
6739,10,7,25,18,21,1,1,3,0,0,1,1,0,0,0,0,2,1,0,1,0,0,0,0,0,0,0,0,0,0,0,3,1,0,2,4,1,0,1,0,0,0,0,2,0,0,0,0,0,0,0,0,0,0,0,0,0,0,1,0,0,0,0,0,0,0,0,0,0,1,0,0,0,0,0,0
6740,0,1,3,0,0,0,4,1,0,2,0,2,0,0,0,0,0,2,0,0,0,0,1,2,0,0,0,0,0,0,0,0,1,0,0,0,0,1,0,0,0,1,1,0,0,0,0,0,0,0,0,0,0,0,0,0,0,0,0,0,0,0,0,0,1,0,0,0,0,0,0,0,0,0,0,0
6741,0,2,10,11,0,0,0,2,0,3,0,2,0,0,0,1,2,1,0,0,0,2,0,0,0,0,0,1,0,0,0,1,0,0,0,0,0,2,0,2,0,3,2,0,0,0,0,0,0,0,0,0,0,0,0,0,0,0,0,0,0,0,0,0,0,0,0,0,0,0,0,0,0,0,0,0
6742,2,3,15,11,2,0,26,18,1,10,2,4,0,0,0,3,3,6,1,1,0,0,6,0,0,1,2,2,0,3,2,0,0,0,0,0,0,1,0,0,0,1,0,2,0,0,0,0,0,0,1,0,1,0,0,0,0,0,0,0,0,1,0,1,0,0,0,0,0,0,0,0,0,0,0,0
6745,0,1,6,7,0,0,8,50,0,4,0,16,0,0,2,1,1,0,0,0,4,0,1,2,0,0,1,7,1,0,0,15,0,0,1,3,0,0,0,1,0,0,0,0,0,0,0,0,0,0,1,0,0,0,0,0,0,0,0,0,0,0,0,0,0,0,0,0,0,0,0,0,0,0,0,0
6746,0,0,8,0,0,1,5,24,0,3,0,4,0,0,0,1,0,1,0,0,1,0,2,0,0,0,0,1,0,0,0,6,1,0,0,2,1,0,0,0,0,3,0,1,0,0,0,0,0,0,0,0,0,2,0,0,0,0,0,0,0,0,0,0,0,0,0,0,0,0,0,0,0,0,0,0
6747,0,2,7,1,0,8,3,4,0,1,1,2,0,0,0,2,1,1,0,0,0,0,1,0,0,1,1,0,0,1,0,0,0,0,0,0,0,1,0,0,0,0,0,0,2,0,0,0,0,0,0,0,0,0,0,0,0,0,0,0,0,0,0,0,0,0,0,0,0,0,0,0,0,0,0,0
6748,0,4,11,6,0,3,5,16,0,3,2,1,0,0,0,0,1,0,0,0,2,1,1,0,2,0,0,1,1,0,1,0,0,0,0,0,0,0,0,0,0,0,0,0,3,0,0,0,0,0,0,0,0,0,1,0,0,0,0,0,0,0,0,0,0,0,0,0,0,0,0,0,0,0,0,0
6749,0,5,6,6,0,3,5,23,2,3,0,13,0,0,0,1,0,4,0,0,0,1,0,0,0,0,1,8,2,0,0,6,0,0,0,2,1,0,1,1,0,1,2,0,0,0,0,0,0,0,1,0,1,0,1,0,0,1,0,0,0,0,0,1,0,0,0,0,0,0,0,0,0,0,0,0
6750,0,3,15,9,2,0,3,21,1,1,0,5,0,0,1,2,0,3,0,0,1,0,0,2,0,0,0,7,0,2,0,11,0,0,0,4,0,0,0,3,0,0,0,0,0,0,0,0,0,0,1,0,0,0,3,0,0,0,0,0,0,0,0,1,1,0,0,0,0,0,0,0,0,0,0,0
6751,1,8,19,11,0,7,7,9,1,1,2,3,0,0,2,2,1,5,0,1,0,0,0,0,1,1,0,0,0,0,1,0,0,0,0,0,0,0,0,0,0,1,1,1,0,0,0,0,1,0,0,0,3,0,0,0,0,0,0,0,0,0,0,0,0,0,1,0,0,0,0,0,0,0,0,0
6752,0,4,9,7,0,0,2,10,1,3,2,3,0,0,0,0,0,0,0,1,0,5,0,4,0,0,1,3,0,0,0,0,0,0,0,2,1,1,0,0,0,0,2,3,0,0,0,0,0,0,0,0,0,0,0,0,0,0,0,0,0,0,0,0,0,0,0,0,0,0,0,0,0,0,0,0
6753,21,2,10,5,0,4,5,14,3,4,0,7,0,0,0,4,2,0,0,0,0,1,3,1,1,0,2,4,0,0,1,8,0,0,0,3,1,2,0,0,0,1,1,0,0,0,0,1,1,0,0,0,1,0,1,0,0,0,0,0,0,0,0,0,0,0,0,0,0,0,0,0,0,0,0,0
6781,0,4,26,4,0,0,11,13,2,2,2,7,0,0,0,0,1,2,0,0,0,1,1,0,0,0,1,0,0,0,0,0,0,0,0,0,0,0,1,0,0,0,0,0,0,0,0,0,0,0,0,0,0,0,0,0,0,0,0,0,0,0,0,0,0,0,0,0,0,0,0,0,0,0,0,0
6782,0,0,5,8,0,0,3,9,5,4,1,1,0,0,0,1,0,1,0,2,0,0,1,0,0,0,0,0,0,0,0,1,1,0,0,0,0,0,0,0,0,0,0,2,0,0,0,0,0,0,0,0,0,0,1,0,0,0,0,0,0,0,0,0,0,0,1,0,0,0,0,0,0,0,0,0
6783,1,0,11,0,0,1,3,1,0,7,0,1,0,0,0,2,1,1,0,0,0,1,1,0,2,0,2,0,1,0,0,1,0,0,0,0,0,0,0,0,0,0,0,0,0,0,0,0,1,0,0,0,0,0,0,0,0,0,0,0,0,0,0,0,0,0,0,0,0,0,0,0,0,1,0,0
6784,0,2,0,0,0,0,1,6,1,2,3,0,0,0,0,1,0,0,0,0,0,1,1,0,0,0,0,0,0,0,0,1,0,0,0,0,0,0,0,0,0,0,0,0,0,0,0,0,0,0,0,0,0,0,0,0,0,0,1,0,0,0,0,0,0,0,0,0,0,0,0,0,0,0,0,0
6785,0,1,4,1,0,3,3,2,1,3,1,5,0,0,0,0,1,3,0,0,0,0,3,0,0,0,2,0,0,0,0,0,0,0,0,0,0,0,0,0,0,1,0,0,0,0,0,0,0,0,0,0,0,0,0,0,0,0,0,0,0,0,0,0,0,0,0,0,0,0,0,0,0,0,0,0
6786,0,2,9,7,0,0,4,4,0,0,1,4,0,0,0,0,0,2,0,0,0,1,0,0,1,0,0,0,0,0,0,1,0,0,0,0,0,0,0,0,0,0,0,0,0,0,0,0,0,0,0,0,0,0,0,0,0,0,1,0,0,0,0,0,0,0,0,0,0,0,0,0,0,0,0,0
6787,0,6,38,21,0,5,17,18,2,3,3,5,0,0,0,1,1,3,0,1,0,1,2,1,1,0,0,0,0,0,0,0,0,0,0,0,0,2,0,0,0,2,0,0,0,3,0,0,0,0,0,0,0,0,0,0,0,0,2,1,0,0,0,0,0,0,0,0,0,0,0,0,0,0,0,0
6788,1,6,27,25,3,3,9,26,1,6,5,8,0,0,0,1,1,9,0,1,0,0,4,0,1,1,3,2,1,0,0,1,1,0,0,3,0,2,0,3,0,0,3,2,0,0,0,0,0,0,0,0,0,0,0,0,0,0,2,1,0,0,0,1,0,0,0,1,0,1,0,0,0,0,0,0
6789,0,3,14,7,0,0,1,1,0,2,0,2,0,0,0,0,1,0,0,0,0,1,0,0,1,0,0,0,0,1,0,0,0,0,0,0,0,2,0,0,0,0,0,0,0,0,0,0,0,0,0,0,0,0,0,0,0,0,0,0,0,0,0,0,0,0,0,0,0,0,0,0,0,0,0,0
6790,0,2,0,0,0,0,7,0,0,1,0,0,0,0,0,0,0,6,0,0,0,0,1,0,0,0,0,0,0,0,0,0,1,0,0,0,0,0,0,0,0,2,0,0,0,0,0,0,0,0,0,0,0,0,0,0,0,0,0,0,0,0,0,0,0,0,0,0,0,0,0,0,0,0,0,0
6791,0,5,10,7,0,7,7,7,2,1,1,3,0,0,0,1,0,5,0,1,0,0,0,0,0,0,0,0,0,0,0,0,1,0,0,0,0,0,0,0,0,1,3,0,0,1,0,0,0,0,0,0,4,0,0,0,0,0,2,0,0,0,0,0,0,0,0,0,0,0,0,0,0,0,0,0
6792,0,0,5,2,0,0,4,4,0,4,2,0,0,0,0,2,0,2,0,0,0,0,1,0,0,0,1,0,2,0,0,0,1,0,0,0,0,0,0,0,0,0,0,1,0,1,0,0,1,0,0,0,0,0,0,0,0,0,0,1,0,0,0,0,0,0,1,0,0,0,0,0,0,0,0,0
6793,0,1,6,3,9,1,11,13,0,3,2,1,0,0,0,0,0,2,0,0,0,0,0,0,1,0,0,0,0,0,0,0,0,0,1,1,0,0,0,0,0,1,0,0,0,0,0,0,0,0,0,0,0,0,0,0,0,0,0,0,0,0,0,0,0,0,0,0,0,0,0,0,0,0,0,0
6794,0,1,4,0,0,0,11,6,0,2,0,1,0,0,0,0,0,3,0,0,0,1,1,0,0,0,0,0,0,0,0,0,0,0,0,0,0,0,0,0,0,0,0,0,0,1,0,0,0,0,0,0,0,0,0,0,0,0,1,0,0,0,0,0,0,0,0,0,0,0,0,0,0,0,0,0
6795,0,8,21,10,0,9,13,10,0,5,0,9,0,0,0,0,3,3,0,0,0,1,4,0,2,0,1,0,0,0,0,0,0,0,0,0,0,0,0,0,0,0,1,1,0,1,0,0,0,0,0,0,0,0,0,0,0,0,1,0,0,0,0,0,0,0,0,0,0,0,0,0,0,0,0,0
6796,0,1,11,2,0,0,10,4,0,6,1,2,0,0,0,1,5,4,2,0,0,0,3,0,0,1,0,3,0,0,0,0,0,0,0,0,0,1,0,0,0,0,0,0,0,1,0,0,0,0,0,0,0,0,0,0,0,0,0,2,0,0,0,0,1,0,0,0,0,0,0,0,0,0,0,0
6797,0,0,0,2,0,3,11,3,0,5,0,1,0,0,0,0,1,4,0,0,0,0,1,0,0,0,0,0,0,0,0,0,0,0,0,0,0,1,1,0,0,1,1,2,0,0,0,0,0,0,0,0,1,0,0,0,0,0,1,0,0,0,0,0,0,0,0,0,0,0,0,0,0,0,0,0
6799,0,1,6,2,0,1,12,3,0,0,2,1,0,0,1,0,1,1,0,0,0,0,1,0,0,0,0,0,0,0,0,0,0,0,0,0,0,0,0,0,0,0,2,0,0,1,0,0,0,0,0,0,0,0,0,0,0,0,0,0,0,0,0,0,1,0,0,0,0,0,0,0,0,0,0,0
6800,0,1,2,3,0,1,13,2,3,0,1,2,0,0,0,0,0,3,0,0,0,3,0,0,0,0,0,0,2,0,0,0,0,0,0,1,0,0,1,0,0,4,0,0,0,0,0,0,0,0,0,0,0,0,0,0,0,0,1,0,0,0,0,0,0,0,0,0,0,0,0,0,0,0,0,0
6801,0,1,8,3,0,0,3,5,0,1,2,4,0,0,0,1,0,1,1,0,0,1,1,0,2,0,1,0,0,0,0,0,0,0,0,0,0,0,1,0,0,3,1,1,0,0,0,0,0,0,0,0,0,0,0,0,0,0,0,0,0,1,0,0,0,0,0,0,0,0,0,0,0,0,0,0
6802,0,0,8,7,0,0,1,1,0,2,0,0,0,0,0,0,1,0,0,0,0,0,1,0,1,0,0,0,0,0,0,0,1,0,0,0,0,0,0,0,0,0,0,1,5,0,0,0,0,0,0,0,0,0,0,0,0,0,0,0,0,0,0,0,0,0,0,0,0,0,0,0,0,0,0,0
6803,0,1,5,7,0,0,6,7,0,5,0,1,0,0,0,0,0,0,1,0,0,0,1,0,0,0,1,1,0,0,0,0,1,0,0,0,0,4,0,0,0,4,0,0,0,0,0,0,0,0,0,0,0,0,0,0,0,0,0,0,0,0,0,0,0,0,0,0,0,0,0,0,0,0,0,0
6804,0,4,18,7,0,0,8,6,0,2,1,1,0,0,0,0,1,4,0,0,0,1,0,0,0,0,0,0,0,0,0,0,1,0,1,0,0,0,0,0,1,3,2,0,1,0,0,0,0,0,0,0,3,0,1,0,0,0,0,0,0,1,0,0,0,0,0,0,0,0,1,0,0,0,0,0
6805,0,0,3,3,0,1,4,4,2,0,0,1,0,0,0,0,0,2,0,0,0,0,0,0,0,0,1,0,0,0,0,0,0,0,0,0,0,2,0,0,0,0,0,0,0,0,0,0,1,0,0,0,0,0,0,0,0,0,0,0,0,0,0,0,0,0,0,0,0,0,0,0,0,0,0,0
6806,0,0,9,1,0,0,13,6,0,1,0,1,0,0,0,0,0,3,0,0,0,0,8,0,0,0,0,0,0,0,2,0,0,0,0,0,1,1,1,0,0,4,0,0,0,0,0,0,0,0,0,0,0,0,0,0,0,0,0,0,0,0,0,0,0,0,0,0,0,0,0,0,0,0,0,0
6808,0,0,5,4,0,1,7,3,2,3,0,8,0,0,0,2,0,6,0,0,0,0,0,0,1,0,2,0,0,0,0,1,0,0,0,0,0,2,0,0,0,0,0,0,0,0,0,0,0,0,0,0,2,0,0,0,0,0,0,0,0,0,0,0,0,0,0,0,0,0,0,0,0,0,0,0
6809,0,3,19,9,0,0,5,39,1,3,1,11,0,0,0,1,2,7,0,1,3,2,2,1,0,0,0,5,0,1,0,2,0,0,0,6,1,1,1,1,0,1,1,0,0,0,1,0,0,0,1,0,0,0,1,0,0,0,0,0,0,0,0,1,0,0,0,0,0,0,0,0,0,0,0,0
6810,0,0,3,4,0,4,1,11,2,2,1,4,0,0,1,0,1,1,0,0,0,0,1,0,2,2,1,0,1,0,0,0,1,0,0,0,0,2,0,2,0,0,0,0,1,0,0,0,0,0,0,0,0,0,0,0,0,0,0,1,0,0,0,0,0,0,0,0,0,0,0,0,0,0,0,0
6811,0,1,2,2,0,0,11,26,0,1,2,1,0,0,0,1,2,4,0,1,0,0,2,0,2,0,0,0,0,1,1,1,0,1,0,0,0,0,0,0,0,7,2,1,0,0,0,0,0,0,0,0,1,0,0,0,0,0,2,0,0,0,0,0,1,0,0,0,0,0,0,0,0,0,0,0
6830,0,3,22,11,0,2,13,26,2,5,4,4,0,0,0,0,1,5,0,1,0,5,3,0,1,0,0,0,1,0,0,1,0,0,0,0,0,2,0,0,0,0,1,0,0,2,0,0,0,0,0,0,0,0,0,0,0,0,2,1,0,0,0,0,0,0,0,0,0,0,0,0,0,0,0,0
6831,0,3,8,3,0,0,7,3,0,1,0,3,0,0,0,1,0,0,0,0,0,0,0,0,0,0,0,1,2,0,0,0,0,0,0,0,0,0,0,0,0,0,0,1,0,1,0,0,1,0,0,0,0,0,0,0,0,0,0,1,0,0,0,0,0,0,0,0,0,0,0,0,0,0,0,0
6832,0,6,19,18,0,1,16,15,6,8,0,7,0,0,0,1,2,6,0,0,0,1,1,0,0,1,5,0,3,0,0,0,0,0,0,0,1,0,0,0,0,1,0,1,0,2,0,0,0,0,0,0,0,0,1,0,0,0,1,1,0,0,0,0,0,0,0,0,0,0,0,0,0,0,0,0
6833,0,2,7,4,0,8,9,7,0,2,0,0,0,0,0,0,1,2,0,0,0,0,0,0,0,0,0,0,1,0,0,0,0,0,0,0,0,0,0,0,0,0,0,0,0,0,0,0,0,0,0,0,1,0,0,0,0,0,1,0,0,0,0,0,0,0,0,0,0,0,0,0,0,0,0,0
6834,0,3,6,12,0,1,13,8,2,5,3,2,0,0,0,0,2,5,0,0,1,1,2,0,1,0,1,1,1,1,0,0,0,0,0,0,0,2,0,0,0,1,0,0,0,1,0,0,0,0,0,0,0,0,0,0,0,0,2,1,0,0,0,0,0,0,0,0,0,0,0,0,0,0,1,0
6835,0,6,16,15,0,0,12,2,3,0,2,0,0,0,0,3,2,5,0,1,0,0,1,0,0,0,0,0,0,0,0,0,0,0,0,0,0,1,0,0,0,0,0,2,0,0,0,0,0,0,0,0,0,0,0,0,0,0,0,0,0,0,0,0,0,0,2,0,0,0,0,0,0,0,0,0
6836,0,1,17,8,0,1,12,4,0,1,0,7,0,0,0,0,1,5,0,1,0,1,0,0,2,0,2,0,1,0,0,1,0,0,0,0,0,0,0,0,0,0,0,2,0,0,0,0,0,0,0,0,2,0,0,0,0,0,0,0,1,0,0,0,0,0,0,0,0,0,0,0,0,0,0,0
6837,0,4,8,7,0,0,2,4,0,2,0,5,0,0,0,0,0,1,0,0,0,0,1,0,0,0,0,2,0,0,0,0,0,0,0,0,0,1,0,0,0,0,1,0,0,0,0,0,0,0,0,0,0,0,0,0,0,0,1,0,0,0,0,0,0,0,0,0,0,0,0,0,0,0,0,0
6838,0,0,4,0,0,2,10,2,0,2,0,1,0,0,0,0,3,1,0,0,0,0,1,0,0,0,0,0,1,0,0,0,0,0,0,0,0,0,0,0,0,0,0,0,0,0,0,0,0,0,0,0,0,0,0,0,0,0,1,0,0,0,0,0,0,0,0,0,0,0,0,0,0,0,0,0
6839,0,13,34,23,0,4,9,10,1,2,0,3,0,0,0,2,2,5,0,1,0,0,1,0,0,0,3,1,3,0,0,0,0,0,0,0,0,2,0,0,0,2,1,1,0,0,0,0,0,0,0,0,0,0,0,0,0,0,0,4,0,0,0,0,1,0,0,0,0,0,0,0,0,0,0,0
6840,0,3,16,17,0,7,25,17,2,6,1,4,0,0,1,0,2,8,0,0,0,1,1,0,2,0,0,0,0,2,0,1,0,0,0,0,0,1,0,0,0,1,0,0,0,0,0,0,1,0,0,0,0,0,0,0,0,0,1,0,0,1,0,0,0,0,0,0,0,0,0,0,0,0,0,0
6841,0,3,11,12,0,6,16,14,2,7,3,0,0,0,0,1,1,7,0,0,0,1,7,0,2,0,2,0,0,1,0,2,0,0,0,0,0,2,0,0,0,0,0,2,0,1,0,0,0,0,0,0,1,0,0,0,0,0,3,0,0,0,0,0,0,0,0,0,0,0,0,0,0,0,0,0
6842,0,3,14,7,0,1,0,0,1,1,1,1,0,0,0,0,0,0,0,0,0,0,1,0,0,0,0,0,0,0,0,0,0,0,0,0,0,0,0,0,0,0,1,1,0,1,0,0,0,0,0,0,0,0,0,0,0,0,0,0,0,0,0,0,0,0,0,0,0,0,0,0,0,0,0,0
6843,0,0,2,1,1,0,5,4,0,2,0,0,0,0,0,0,0,1,0,0,0,0,0,0,0,0,0,2,0,0,0,0,0,0,0,0,0,3,1,0,0,1,0,0,0,0,0,0,0,0,0,0,0,0,0,0,0,0,0,0,0,1,0,0,0,0,0,0,0,0,0,0,0,0,0,0
6844,1,4,15,4,0,1,9,1,0,3,0,2,0,1,0,1,2,1,0,0,0,2,2,0,0,1,4,0,0,0,0,1,0,0,0,0,0,0,0,0,0,1,2,0,0,0,0,0,0,0,0,0,0,0,0,0,0,0,0,0,0,0,0,0,0,0,0,0,0,0,0,0,0,0,0,0
6845,0,1,10,4,0,0,13,7,0,6,1,2,0,0,0,4,3,4,0,0,0,1,2,1,0,0,1,1,0,1,0,0,0,0,0,0,0,1,0,0,0,8,1,0,5,0,0,0,0,0,0,0,0,0,1,0,0,0,0,2,0,0,0,0,0,0,0,0,0,0,0,0,0,0,0,0
6846,0,0,2,2,0,0,8,2,0,2,0,4,0,0,0,0,0,3,0,0,1,0,2,1,1,0,0,1,0,0,0,0,0,0,0,1,0,0,1,0,1,3,0,1,0,0,0,0,0,0,0,0,0,0,0,0,0,0,1,0,0,0,0,0,0,0,0,0,0,0,0,0,0,0,0,0
6847,0,4,13,14,0,0,8,19,1,6,0,2,0,0,0,0,0,3,1,0,0,0,2,0,0,0,0,1,0,1,0,0,0,0,0,2,0,1,0,1,0,2,0,0,0,0,0,0,0,0,0,0,1,0,0,0,0,0,0,0,0,0,0,0,0,0,0,0,0,0,0,0,0,0,0,0
6848,1,6,27,14,0,0,26,17,0,13,0,5,0,0,0,2,6,2,0,2,1,1,2,0,0,0,2,1,0,0,1,5,0,0,0,1,0,4,0,0,0,5,0,2,0,0,0,0,0,0,0,0,1,0,0,0,0,0,2,0,0,0,0,0,0,0,0,0,0,0,0,0,0,0,0,0
6849,0,0,2,0,11,0,1,7,0,1,0,4,0,0,0,0,1,2,0,0,0,0,0,0,0,0,0,1,2,0,0,2,0,0,0,0,0,0,0,0,0,0,1,0,0,0,0,0,0,0,2,0,1,0,0,0,0,0,0,0,0,0,0,0,0,0,0,0,0,0,0,0,0,0,0,0
6850,1,9,55,28,13,0,18,17,1,13,0,2,0,0,0,1,4,8,0,0,0,0,7,1,0,1,1,0,0,4,2,3,0,0,1,0,3,2,0,2,2,11,2,1,0,0,0,0,1,0,0,0,3,0,0,0,0,1,0,1,0,1,0,0,0,0,0,0,0,0,0,0,0,0,0,0
6852,0,5,17,13,0,1,14,13,1,4,0,6,0,0,0,1,0,3,0,0,1,0,7,0,0,0,1,0,0,0,0,1,0,0,0,0,0,1,0,0,0,2,1,0,0,0,0,0,0,0,0,0,1,0,0,0,0,0,0,0,0,0,0,0,0,0,0,0,0,0,0,0,0,0,0,0
6853,0,0,6,3,0,0,5,6,0,1,0,2,0,0,0,0,0,0,0,0,0,0,0,0,0,0,0,0,0,0,0,0,0,0,0,0,0,0,0,0,0,1,1,0,0,0,0,0,0,0,0,0,0,0,1,0,0,0,0,1,0,0,0,0,0,0,0,0,0,0,0,0,0,0,0,0
6854,0,0,5,2,0,1,1,3,0,1,1,2,0,0,0,0,0,2,0,0,0,1,1,0,0,0,0,0,1,0,0,0,0,0,0,0,0,0,0,0,0,0,1,2,0,0,0,0,0,0,0,0,0,0,0,0,0,0,0,0,0,0,0,0,0,0,0,0,0,0,0,0,0,0,0,0
6855,0,3,10,6,0,2,0,3,0,1,1,1,0,0,0,0,1,2,0,0,0,0,0,0,0,0,0,0,0,0,0,0,0,1,0,0,0,0,0,0,0,0,0,1,0,0,0,0,0,0,0,0,0,0,0,0,0,0,0,0,0,0,0,0,0,0,0,0,0,0,0,0,0,0,0,0
6856,1,0,9,1,0,0,11,23,0,9,1,5,0,0,0,2,1,2,0,0,0,1,1,0,0,0,2,1,0,0,1,1,0,0,1,0,0,3,0,0,0,0,1,1,0,0,0,0,0,0,0,0,1,0,0,0,0,0,1,0,0,0,0,0,0,0,0,0,0,0,1,0,0,0,0,0
6857,0,4,12,9,0,2,2,11,0,1,2,5,0,0,1,3,0,5,0,0,0,0,0,0,2,0,0,0,1,0,0,1,0,0,0,0,0,0,1,0,0,1,0,0,0,0,1,0,0,1,0,0,0,0,0,0,0,0,0,0,0,0,0,0,0,0,0,0,0,0,0,0,0,0,0,0
6858,0,0,7,5,0,0,11,25,3,4,1,6,0,0,0,1,1,0,0,0,0,1,3,0,2,0,0,0,1,2,0,0,0,0,0,1,0,0,0,2,0,0,0,0,0,0,0,0,0,0,0,0,0,0,0,0,0,0,1,0,0,0,0,0,0,0,0,0,0,0,0,0,0,0,0,0
6859,0,2,16,8,0,0,3,9,0,0,0,0,0,0,0,2,0,1,0,0,0,0,0,0,0,0,0,0,0,0,0,0,0,0,0,0,0,0,0,0,0,0,0,0,0,0,0,0,0,0,0,0,0,0,0,0,0,0,0,0,0,0,0,0,0,0,0,0,0,0,0,0,0,0,0,0
6860,1,6,38,21,0,5,29,51,0,9,5,5,0,0,1,3,1,9,0,2,0,1,2,0,0,0,3,0,4,4,4,1,2,2,0,0,0,6,0,1,0,3,1,2,1,0,0,0,0,0,0,0,0,0,0,0,0,0,0,0,0,0,0,0,0,0,0,0,0,1,2,0,0,0,0,0
6861,0,3,25,20,0,0,5,6,2,1,0,3,0,0,0,4,1,1,0,0,0,1,2,0,0,0,0,1,0,0,0,0,0,0,0,0,0,1,0,0,0,0,0,1,0,0,0,0,0,0,0,0,0,0,0,0,0,0,0,1,0,0,0,0,0,0,0,0,0,0,0,0,0,0,0,0
6878,0,9,22,10,0,0,18,9,0,5,0,10,0,0,0,1,1,6,1,0,0,0,6,0,0,0,3,0,1,0,0,1,0,1,0,1,0,0,1,1,0,0,1,0,0,0,0,0,0,0,0,0,0,0,2,0,0,0,0,0,0,0,0,0,0,0,0,1,0,0,1,0,0,0,0,0
6879,0,5,33,23,0,3,12,8,6,5,4,1,0,0,0,1,3,9,0,2,0,0,9,0,2,1,2,1,2,0,0,0,0,0,0,0,0,4,0,0,0,1,0,3,0,1,0,0,2,0,0,1,3,0,0,0,0,0,2,0,0,0,0,0,0,0,0,0,0,0,0,0,0,0,0,0
6880,0,9,20,31,0,0,12,20,1,3,0,8,0,0,0,2,1,2,0,0,0,0,5,0,1,0,0,1,0,3,0,0,1,0,0,0,0,1,1,0,0,2,2,11,0,0,0,1,1,0,0,0,1,0,0,0,0,1,0,2,0,0,0,0,1,0,1,0,0,0,1,0,0,0,0,2
6881,0,3,11,9,0,0,1,8,0,0,0,5,0,0,0,0,3,1,5,0,0,0,0,0,0,0,1,3,0,0,0,0,0,1,0,0,0,0,0,0,0,0,0,0,0,0,0,0,0,0,0,0,1,0,0,0,0,0,0,0,0,0,0,0,0,0,0,0,0,0,0,0,0,0,0,0
6882,1,9,24,18,0,6,15,8,1,1,2,6,0,0,0,0,1,4,0,0,0,0,3,0,1,0,2,1,1,0,0,0,0,0,0,1,0,0,0,0,0,0,0,1,0,3,0,0,0,0,0,0,2,0,0,0,0,0,1,0,0,0,0,0,0,0,0,0,0,0,0,0,0,0,0,0
6883,0,7,34,13,0,0,7,8,2,1,3,5,0,0,0,0,1,5,2,0,0,3,0,0,2,0,0,1,2,0,0,0,0,0,0,0,0,2,0,0,0,0,0,1,0,0,0,0,0,0,0,0,3,0,0,0,0,0,0,0,0,0,0,0,0,0,0,0,0,0,0,0,0,0,0,0
6884,0,0,11,12,0,0,12,13,1,6,0,3,0,0,0,0,0,5,0,0,0,1,5,0,0,0,0,0,0,4,1,0,1,0,0,0,0,1,0,0,0,2,2,0,0,0,0,0,0,0,0,0,3,0,1,0,0,0,1,0,0,0,0,0,0,0,0,0,0,0,0,0,0,0,0,0
6885,0,4,16,3,0,0,10,8,0,7,0,2,0,0,0,0,1,1,0,0,0,1,3,0,0,0,0,2,0,1,0,0,0,0,0,0,0,0,0,0,0,8,5,3,0,0,0,0,0,0,0,0,0,0,0,0,0,0,0,1,0,0,0,0,0,0,0,0,0,0,0,0,0,0,0,0
6886,0,2,4,5,0,2,9,9,0,2,0,5,1,0,0,0,1,3,0,0,1,0,3,0,0,0,0,0,0,0,0,0,0,0,0,0,0,1,0,0,0,0,0,0,0,1,0,0,0,0,0,0,1,0,0,0,0,0,0,0,0,0,0,0,0,0,0,0,0,0,0,0,0,0,0,0
6887,0,2,21,21,0,0,20,25,1,9,0,5,0,0,0,2,1,10,0,0,0,2,3,0,0,0,2,2,1,0,0,1,0,0,0,0,0,1,0,0,0,3,1,0,0,2,0,0,0,0,0,0,1,0,0,0,0,0,0,0,0,0,0,0,0,0,0,0,0,0,0,0,0,0,0,0
6888,0,3,18,10,0,1,29,25,2,6,5,6,0,0,0,2,5,8,0,1,0,2,1,0,0,0,0,1,1,4,0,0,1,0,0,0,0,3,0,0,0,1,2,1,0,1,1,0,0,0,0,0,2,0,0,0,0,0,1,0,0,0,0,0,0,0,1,0,0,0,0,0,0,0,0,0
6889,0,3,3,9,0,2,2,0,0,1,1,0,0,0,0,0,2,4,0,0,0,0,1,0,0,0,0,0,0,1,0,0,0,0,0,0,0,0,0,0,0,0,0,1,0,1,0,0,0,0,0,0,0,0,0,0,0,1,0,0,0,0,0,0,0,0,0,0,0,0,0,0,0,0,0,0
6890,0,0,7,1,0,2,17,3,0,1,2,3,0,0,0,0,0,2,0,0,0,0,1,0,0,0,0,0,1,0,0,0,0,0,0,0,0,1,0,0,0,0,0,0,0,0,0,0,0,0,0,0,2,0,0,0,0,0,0,0,3,0,0,0,0,0,0,0,0,0,0,0,0,0,0,0
6892,0,0,2,5,0,0,8,5,0,3,2,2,0,0,0,0,0,2,0,0,2,1,1,0,0,0,0,0,0,0,0,0,0,1,0,0,0,0,0,0,0,0,0,1,0,0,0,0,0,0,0,0,0,0,0,0,0,0,0,0,0,0,0,0,0,0,0,0,0,0,0,0,0,0,0,0
6893,0,0,12,3,0,0,1,29,0,2,1,14,0,0,0,0,0,1,0,0,1,0,0,1,0,0,0,4,0,1,0,4,0,0,0,4,0,0,1,0,0,1,1,0,0,0,0,0,0,0,0,0,0,0,1,0,0,0,0,0,0,0,0,1,0,0,0,0,0,0,0,0,0,0,0,0
6894,6,19,40,43,15,2,23,26,3,3,2,12,0,0,1,0,1,9,1,0,1,2,4,0,0,0,1,2,2,1,0,3,1,0,2,3,3,2,0,2,1,1,0,0,0,0,0,0,1,0,1,0,0,1,2,0,1,0,1,0,0,0,0,0,0,0,0,0,0,0,0,0,0,0,0,0
6895,0,0,8,10,0,0,2,1,1,0,0,1,0,0,0,2,0,0,0,1,0,0,1,0,0,0,0,0,0,1,0,0,1,0,0,0,0,0,0,0,0,0,1,0,0,0,0,0,0,0,0,0,0,0,0,0,0,0,0,0,0,0,0,0,0,0,0,0,0,0,0,0,0,0,0,0
6896,0,0,1,0,0,0,2,2,0,4,0,2,0,0,0,0,0,1,0,0,0,0,1,0,0,0,0,2,0,2,0,0,0,2,0,0,0,0,0,0,0,0,0,0,0,0,0,1,0,0,0,0,0,0,0,0,0,0,0,0,0,0,0,0,0,0,0,0,0,0,0,0,0,0,0,0
6897,1,6,25,24,0,3,10,6,3,6,1,6,0,0,0,2,2,3,1,0,0,1,4,0,1,0,0,1,0,0,3,0,0,0,0,0,0,1,0,0,0,6,1,0,0,0,0,0,0,0,0,0,1,0,0,0,0,0,1,0,0,0,0,0,0,0,0,0,0,0,0,0,0,0,0,0
6898,0,0,11,12,0,0,5,6,2,3,0,2,0,0,0,0,0,1,0,0,0,1,2,1,0,0,0,2,0,1,0,2,0,0,0,1,0,2,0,0,0,1,2,0,0,0,0,0,1,0,0,0,0,0,1,0,0,0,0,0,0,0,0,0,0,0,0,0,0,2,0,0,0,0,0,0
6899,0,3,24,16,0,6,14,9,1,5,2,3,0,0,0,0,2,6,0,1,0,0,0,1,0,1,3,0,0,1,0,0,0,0,0,0,0,1,0,1,0,0,0,0,0,1,0,0,0,0,0,0,0,0,0,0,0,0,0,0,0,0,0,0,0,0,0,0,0,0,0,0,0,0,0,0
6901,0,11,20,16,0,0,14,39,0,6,0,10,0,0,0,2,0,1,1,1,4,2,2,2,0,0,0,6,0,0,1,20,0,0,0,9,0,2,1,2,0,5,1,0,0,0,1,0,1,1,1,0,3,0,0,0,0,0,0,0,0,0,0,0,2,0,0,0,0,0,0,0,0,0,0,0
6902,0,2,12,9,0,0,9,5,0,4,4,2,0,0,0,1,1,3,0,1,1,0,2,0,0,0,0,0,0,0,0,1,1,0,0,0,0,1,0,1,0,2,1,2,0,0,0,0,0,0,0,0,0,0,0,0,0,0,0,0,0,0,0,0,0,0,0,0,0,0,0,0,0,0,0,0
6903,0,4,12,14,0,1,6,6,0,0,1,5,0,0,0,0,0,1,1,0,0,0,1,0,1,0,0,0,0,0,0,0,1,0,0,0,0,1,0,0,0,0,0,0,0,0,0,0,0,0,0,0,0,0,0,0,0,0,0,0,0,0,0,0,0,0,0,0,0,0,0,0,0,0,0,0
6904,0,0,0,0,0,1,7,1,1,4,1,0,0,0,0,0,1,0,0,0,0,1,1,0,0,2,0,0,0,0,0,0,1,0,0,0,0,2,0,0,0,1,0,0,0,0,0,0,0,0,0,0,1,0,0,0,0,0,0,0,0,0,0,0,0,0,0,0,0,0,0,0,0,0,0,0
6905,0,2,10,8,0,0,17,14,0,5,0,4,0,0,0,1,0,3,0,1,0,1,1,0,1,0,2,0,1,1,0,0,1,0,0,0,0,2,0,1,1,0,1,1,0,0,0,0,1,1,0,0,1,0,0,0,0,0,0,0,0,0,0,0,0,0,0,0,0,0,0,0,0,0,0,0
6906,0,1,0,0,0,0,2,10,0,4,2,0,0,0,0,0,0,5,0,1,0,1,1,0,0,1,0,0,1,1,0,0,0,2,0,0,0,0,0,0,0,0,0,0,0,0,0,0,0,0,0,0,0,0,0,0,0,0,0,0,0,0,0,0,0,0,0,0,0,0,0,0,0,0,0,0
6907,0,1,0,1,0,2,4,6,0,1,0,0,0,0,1,0,0,1,0,1,0,0,0,0,0,0,0,0,0,0,1,0,0,0,0,0,0,2,0,0,1,0,0,0,0,0,0,0,0,0,0,0,1,0,0,0,0,0,0,0,0,0,0,0,0,0,0,0,0,0,0,0,0,0,0,0
6929,0,4,23,15,0,0,0,5,1,0,0,6,0,1,0,2,0,2,1,0,0,4,0,0,2,0,1,3,1,0,0,0,0,0,0,0,0,0,0,0,0,0,2,0,0,0,0,0,0,0,0,0,0,0,1,0,0,0,0,0,0,0,0,0,0,0,1,0,0,0,0,0,0,1,0,0
6930,0,9,22,19,1,0,7,27,2,4,2,9,0,0,0,2,0,3,0,0,0,0,3,4,0,0,4,4,1,0,2,6,2,0,1,3,1,0,1,0,0,0,0,3,0,0,0,0,0,0,1,0,0,0,1,0,0,0,0,0,1,0,0,0,0,0,3,0,0,0,0,0,0,1,0,0
6931,0,7,23,30,0,1,7,9,0,10,1,3,0,0,0,1,1,4,0,0,0,1,0,0,0,0,2,3,2,1,0,3,1,0,0,1,1,0,0,0,0,1,0,0,1,0,0,1,0,0,0,14,0,0,0,0,1,0,1,0,0,1,0,2,0,0,0,0,0,0,2,0,0,0,0,0
6932,0,3,16,11,0,2,3,8,0,8,2,1,0,0,1,0,3,9,0,1,0,1,1,0,0,0,1,0,0,0,0,2,0,0,0,0,0,0,0,0,0,2,0,4,0,0,0,1,1,1,0,0,0,0,1,0,0,0,0,0,0,0,0,0,0,0,0,0,0,0,1,0,0,0,0,0
6933,0,1,2,6,0,0,6,8,0,4,0,0,0,0,0,0,1,1,0,0,0,2,4,0,0,0,1,0,0,0,0,0,1,0,0,0,0,0,0,0,0,0,0,0,0,1,0,0,0,0,0,0,0,0,0,0,0,0,0,0,0,0,0,0,0,0,0,0,0,0,0,0,0,0,0,0
6934,0,1,8,3,0,2,1,8,2,4,1,3,0,0,0,0,0,3,0,0,0,1,3,0,0,1,0,1,0,0,0,1,0,0,0,0,0,2,0,0,0,2,0,0,0,0,0,0,0,0,0,0,0,0,1,0,0,0,0,0,0,0,0,0,0,0,0,0,0,0,0,0,0,0,0,0
6935,0,1,9,13,0,1,8,3,0,4,0,2,0,0,0,0,2,3,1,2,0,1,2,0,0,0,2,0,1,0,0,1,0,0,0,0,0,0,0,0,0,1,2,0,0,0,0,0,0,0,0,0,0,0,0,0,0,0,1,1,0,0,0,0,0,0,0,0,0,0,0,0,0,0,0,0
6936,0,3,9,5,2,1,21,15,2,2,4,5,0,0,0,0,2,13,0,1,1,0,6,0,2,0,5,1,0,0,0,0,0,0,0,0,0,1,1,0,0,0,0,2,0,1,0,0,0,0,0,0,0,0,0,0,0,0,0,0,1,0,0,0,0,0,0,0,0,0,0,0,0,0,0,0
6937,0,2,33,10,1,0,9,6,0,1,1,7,0,0,0,0,1,5,0,0,1,2,2,0,0,0,1,0,3,1,0,0,0,0,0,0,0,1,0,0,0,0,1,2,2,1,0,0,0,0,0,0,0,0,0,0,0,0,1,0,0,0,0,0,0,0,0,0,0,0,0,0,0,0,0,0
6938,0,1,2,0,0,1,1,2,0,5,2,1,0,0,0,1,0,1,0,0,0,0,1,0,0,0,1,0,1,0,0,0,1,0,0,0,0,0,0,0,0,0,0,0,0,0,0,0,0,0,0,0,0,0,0,0,0,0,2,0,0,0,0,0,0,0,0,0,0,0,0,0,0,0,0,0
6939,0,5,16,16,0,0,19,12,0,6,2,3,0,0,0,1,2,5,0,0,0,1,0,0,2,0,2,1,4,0,0,0,3,0,0,0,0,5,0,0,0,2,0,0,0,1,0,0,0,0,0,0,0,0,0,0,0,0,0,0,0,2,0,0,0,0,0,0,0,0,0,0,0,0,0,0
6940,0,2,3,4,0,2,4,3,0,1,3,2,0,0,0,0,1,2,0,0,0,0,0,0,1,0,0,1,0,0,0,0,0,0,0,0,0,0,0,0,0,0,1,0,0,0,0,0,0,0,0,0,1,0,0,0,0,0,0,0,0,0,0,0,0,0,0,0,0,0,0,0,0,0,0,0
6941,0,0,20,11,0,0,7,5,3,8,2,8,0,0,0,2,1,2,0,0,0,0,2,0,0,1,2,1,0,0,0,0,0,0,0,0,0,0,1,0,0,1,0,3,0,2,0,0,0,0,0,0,0,0,0,0,0,0,1,0,0,0,0,0,0,0,0,0,0,0,0,0,0,0,0,0
6942,0,5,15,1,0,0,6,6,1,1,1,1,0,0,0,0,0,4,0,0,0,2,0,0,0,1,1,0,0,3,0,0,0,1,0,0,0,1,0,0,0,2,0,0,0,0,0,0,0,0,0,0,1,0,0,0,0,1,0,0,0,0,0,0,0,0,0,0,0,0,0,0,0,0,0,0
6943,0,3,10,7,1,1,11,17,0,0,4,7,0,0,0,0,0,4,0,0,0,0,5,0,0,0,1,0,1,0,2,0,0,0,0,0,0,0,0,0,1,0,0,1,1,5,0,0,0,0,0,0,0,0,0,0,0,0,3,0,0,0,0,0,0,0,0,0,0,0,2,0,0,0,0,0
6944,0,10,47,20,0,4,23,20,7,3,4,7,0,0,0,3,1,6,0,0,0,0,8,0,1,1,1,0,1,0,0,0,0,0,0,0,1,0,1,0,1,4,1,6,0,1,0,0,0,0,0,0,4,0,0,0,1,0,1,0,0,0,0,0,1,0,3,0,0,0,0,0,0,0,0,0
6945,0,0,3,2,0,0,7,2,0,4,0,2,0,0,0,0,2,3,0,0,0,0,1,0,0,0,0,0,0,0,0,0,0,0,0,0,0,0,0,0,0,0,0,1,0,1,0,0,0,0,0,0,0,0,0,0,0,0,0,0,0,0,0,0,0,0,0,0,0,0,0,0,0,0,0,0
6946,0,5,14,16,0,2,14,15,2,4,2,4,0,0,0,0,0,2,0,1,0,1,1,0,0,0,1,0,0,1,0,0,1,0,0,0,0,3,0,0,0,1,2,1,0,1,0,0,0,0,0,0,1,0,0,0,0,0,0,0,0,1,0,0,0,0,0,0,0,0,0,0,0,0,0,0
6947,0,2,2,0,1,0,2,21,0,3,0,4,0,0,0,1,0,0,0,1,0,0,2,0,0,0,1,0,0,0,0,0,1,0,0,1,0,2,0,0,0,1,1,1,0,0,0,0,0,0,2,0,0,0,0,0,0,0,0,0,0,0,0,0,0,0,0,0,0,2,0,0,0,0,0,0
6948,0,5,40,38,1,0,11,20,3,8,1,5,0,0,3,0,2,5,0,0,0,1,5,1,1,0,0,3,0,4,1,6,0,0,0,1,0,1,1,0,0,5,0,3,0,1,0,0,0,0,2,0,0,0,1,0,0,0,0,1,0,0,0,1,0,0,0,0,0,0,0,0,0,0,0,0
6951,0,3,5,3,0,0,5,1,0,2,0,1,0,0,0,2,2,0,0,0,0,0,7,0,0,0,1,0,0,0,0,0,0,0,0,0,0,3,1,0,0,1,0,0,0,0,0,0,0,0,0,0,0,0,0,0,0,0,0,0,0,0,0,0,0,0,0,0,0,0,0,0,0,0,0,0
6952,0,0,1,2,0,0,5,4,0,0,0,0,0,0,0,1,1,0,0,0,0,0,1,0,0,0,0,0,0,0,0,3,0,0,0,0,0,0,0,0,0,2,0,0,0,0,0,0,0,0,0,0,0,0,1,0,0,0,0,0,0,0,0,0,0,0,0,0,0,0,0,0,0,0,0,0
6953,0,1,9,4,0,0,7,2,0,0,1,0,0,0,0,0,0,2,0,0,0,0,0,0,1,0,0,0,0,1,0,0,0,0,0,0,0,0,0,0,0,0,0,1,0,0,0,0,0,0,0,0,1,0,0,0,0,0,0,0,0,0,0,0,0,0,0,0,0,0,0,0,0,0,0,0
6954,1,5,5,6,0,0,0,16,0,0,0,5,0,0,0,1,1,0,1,0,2,0,0,0,1,0,0,3,0,0,0,9,0,0,0,3,0,1,0,0,0,0,0,0,0,0,0,0,0,0,0,0,1,0,0,0,0,0,1,0,0,0,0,0,0,0,0,0,0,0,0,0,0,0,0,0
6955,0,0,2,2,0,2,18,5,1,0,1,1,0,0,0,0,2,3,0,0,0,0,1,0,2,0,1,1,0,0,0,0,0,0,0,0,0,0,1,0,2,1,0,0,0,0,0,0,0,0,0,0,0,0,0,0,0,0,0,0,0,1,0,0,0,0,0,0,0,0,0,0,0,0,0,0
6956,0,2,27,8,0,1,17,13,2,16,0,3,0,0,0,0,1,9,0,1,0,0,3,0,0,1,0,0,0,0,0,1,1,0,0,0,0,4,0,0,0,4,2,1,0,0,0,1,0,0,0,0,1,0,0,0,0,0,0,0,0,1,0,0,1,1,0,0,1,0,0,0,0,0,0,0
6957,0,0,12,5,0,0,3,1,0,1,0,1,0,0,0,2,0,0,0,0,0,0,1,0,0,0,0,0,0,0,0,0,1,0,0,0,0,1,0,0,0,0,0,1,0,0,0,1,0,1,0,0,0,0,0,0,1,0,0,0,0,0,0,0,0,0,0,0,0,0,0,0,0,0,0,0
6959,0,1,8,1,0,0,3,1,0,3,0,0,0,0,0,0,0,0,0,0,0,1,0,0,0,0,0,0,1,0,0,0,0,0,0,0,0,0,0,0,0,2,0,0,0,0,0,0,0,0,0,0,1,0,0,0,0,0,0,0,0,0,0,0,0,0,0,0,0,0,0,0,0,0,0,0
6961,1,5,13,10,11,0,2,10,0,0,0,4,0,0,3,1,0,1,0,0,0,1,0,3,0,1,0,2,0,1,0,2,1,0,0,1,0,0,0,0,0,0,0,1,0,0,0,0,0,0,0,0,0,0,1,1,0,0,0,0,0,0,0,1,0,0,0,0,0,1,0,0,0,0,0,0
6962,0,5,18,18,0,5,14,34,1,3,0,4,0,0,0,1,2,5,0,2,0,0,4,0,1,0,0,0,1,0,1,0,0,0,0,0,0,0,0,0,1,0,2,0,0,0,0,0,0,0,0,0,2,0,0,0,0,0,3,0,0,0,0,0,1,0,0,0,0,0,0,0,0,0,0,0
6963,1,3,10,10,0,0,9,5,0,1,3,0,0,0,0,3,0,4,0,1,0,0,1,0,0,0,0,0,2,0,0,0,1,0,0,0,0,0,0,0,0,0,1,0,0,0,0,0,0,0,0,0,2,0,0,0,0,0,0,0,0,0,0,0,0,0,0,0,0,0,0,0,0,0,0,0
6964,0,3,3,1,0,0,4,2,0,0,0,2,0,0,0,2,0,0,0,0,0,1,0,0,0,0,1,0,0,0,1,0,0,0,0,0,0,2,0,0,0,1,0,0,1,0,0,0,0,0,0,0,0,0,0,0,0,0,0,0,0,0,0,0,0,0,0,0,0,0,0,0,0,0,0,0
6984,0,2,13,5,0,1,1,8,0,7,1,1,0,0,0,1,1,3,0,0,1,0,3,0,0,0,0,0,2,0,0,0,0,0,0,0,1,0,0,0,0,3,2,0,0,2,0,0,0,0,1,0,0,0,0,0,1,0,4,0,0,0,0,0,0,0,0,0,0,0,0,0,0,0,0,0
6985,0,7,29,28,0,0,11,2,0,0,0,3,0,0,0,1,1,0,0,2,0,0,3,0,0,0,1,2,1,0,0,1,0,0,0,0,0,4,0,0,0,1,0,0,0,0,0,0,0,0,0,0,0,0,0,0,0,0,0,0,0,0,0,0,0,0,0,0,0,0,0,0,0,0,0,0
6987,1,1,16,10,0,1,8,15,0,1,3,1,0,0,0,0,0,4,0,0,0,0,2,0,0,1,2,0,0,0,0,0,1,0,0,1,0,0,0,0,0,1,1,0,0,0,0,0,1,0,0,0,0,0,0,0,0,1,0,0,0,0,0,0,0,0,0,0,0,0,0,0,0,0,0,0
6988,0,6,12,6,0,0,6,8,0,1,1,1,0,0,0,0,1,4,0,0,0,1,0,0,0,0,0,1,0,0,0,1,0,0,0,0,0,2,0,0,0,0,1,3,0,0,0,0,1,0,0,0,0,0,0,0,0,0,0,0,0,0,0,0,0,0,0,0,0,0,0,0,0,0,0,0
6989,1,2,16,11,0,0,9,4,0,1,2,6,0,0,0,1,0,1,0,3,4,1,0,0,0,0,0,1,0,0,0,0,0,0,0,0,0,0,0,2,0,0,0,0,0,0,0,0,1,0,0,0,1,0,0,0,0,0,0,0,0,0,0,0,0,0,0,0,0,0,0,0,0,0,0,0
6990,0,2,4,4,0,0,7,14,0,1,3,2,0,0,0,0,0,7,0,0,0,1,1,0,0,0,0,0,2,0,0,0,1,0,0,0,0,0,0,0,0,0,0,0,0,1,0,0,1,0,0,0,0,0,0,0,0,0,0,0,0,0,0,0,0,0,0,0,0,0,0,0,0,0,0,0
6991,0,0,11,5,0,1,5,1,0,9,1,3,0,0,0,0,0,1,0,0,0,0,2,0,0,0,1,0,0,0,0,1,0,0,0,0,0,1,1,0,0,1,0,0,0,0,0,0,0,0,0,0,0,0,0,0,0,0,1,0,0,0,0,0,3,0,0,0,0,0,0,0,0,0,0,0
6993,0,4,46,39,0,2,19,12,0,5,5,8,0,0,0,2,2,8,1,0,0,0,6,0,0,0,2,0,3,0,1,0,0,0,0,1,0,0,1,0,3,2,2,0,0,1,0,1,1,0,0,0,2,0,0,0,1,0,0,0,0,0,0,0,0,0,0,0,0,0,0,0,0,0,0,0
6994,0,2,13,2,0,1,15,11,0,3,0,5,0,0,0,1,1,5,0,0,0,0,1,0,0,0,0,0,0,3,0,0,0,0,0,0,0,1,1,0,8,4,0,2,0,0,0,0,0,0,0,0,0,0,0,0,0,0,0,0,0,2,0,0,0,0,0,0,0,0,0,0,0,0,0,0
6995,0,0,5,3,0,0,13,2,0,1,0,1,0,0,0,1,1,4,0,0,0,1,0,0,0,0,1,0,0,0,1,0,0,0,0,0,0,1,0,0,0,1,0,1,0,0,0,0,0,0,0,0,0,0,0,0,0,0,0,0,0,0,0,0,0,0,0,0,0,0,0,0,0,0,0,0
6996,0,0,5,7,0,3,10,9,0,2,1,3,0,0,0,0,0,5,0,0,0,0,2,0,0,1,0,0,2,2,0,1,0,0,0,0,0,2,0,0,1,2,0,0,0,1,0,1,0,0,0,0,1,0,0,0,0,0,1,0,0,0,0,0,0,0,0,0,0,0,0,0,0,0,0,0
6997,0,5,21,11,0,0,14,3,0,1,1,2,0,0,0,0,0,3,0,0,0,0,1,0,0,0,1,0,2,1,0,0,0,0,0,0,0,0,0,0,0,1,0,0,1,0,0,0,0,0,0,0,0,0,0,0,0,0,1,1,0,0,0,0,0,0,0,0,0,0,1,0,0,0,0,0
6998,0,2,9,3,0,1,10,3,1,6,0,0,0,0,0,0,0,1,0,0,1,0,2,0,0,0,1,0,0,0,1,0,0,0,0,0,0,1,0,0,0,0,0,1,0,0,0,0,0,0,0,0,0,0,0,0,0,0,0,1,0,0,0,0,0,0,0,0,0,0,0,0,0,0,0,0
6999,0,0,6,1,0,4,4,3,0,1,0,3,0,0,0,0,0,3,0,0,0,0,2,0,0,0,0,0,0,0,0,0,0,0,0,0,0,0,0,0,0,0,0,0,0,0,0,0,0,0,0,0,0,0,0,0,0,0,0,0,0,0,0,0,0,0,0,0,0,0,0,0,0,0,0,0
7000,0,6,37,17,2,0,20,30,3,7,0,12,0,0,1,4,4,2,0,0,1,0,7,0,1,0,1,2,0,0,0,0,1,0,0,0,1,1,0,0,0,6,2,1,0,0,0,0,1,0,0,0,0,0,0,0,0,0,2,0,0,1,0,1,0,0,0,1,0,0,0,0,0,0,0,0
7001,0,4,17,19,0,0,22,17,1,6,5,5,0,0,0,0,2,3,0,0,1,0,1,0,1,0,0,0,1,0,0,0,0,0,0,0,0,0,0,1,0,0,0,0,0,3,0,0,0,0,0,0,0,0,0,0,0,0,0,3,0,0,0,0,0,0,2,0,0,0,0,0,0,0,0,0
7002,1,1,21,16,0,3,21,9,1,12,1,4,0,0,0,1,1,4,0,0,0,1,4,0,0,0,0,0,0,0,1,0,1,0,0,0,0,2,0,0,0,6,1,0,0,1,0,0,0,0,0,0,0,0,0,0,0,0,1,0,0,0,0,0,0,0,0,0,0,1,0,0,0,0,0,0
7003,0,1,7,2,0,0,3,0,1,0,2,1,0,0,0,0,0,2,0,0,0,0,1,0,0,0,0,0,0,1,0,0,0,0,0,0,0,0,0,0,0,0,0,0,0,0,0,0,0,0,0,0,0,0,0,0,0,0,0,0,0,0,0,0,0,0,0,0,0,0,0,0,0,0,0,0
7004,0,5,37,32,0,1,5,9,1,6,4,4,0,0,0,0,2,4,0,0,0,0,1,0,2,0,3,1,1,1,0,0,1,0,0,1,0,1,0,1,0,3,4,0,0,1,0,1,0,0,0,0,1,0,0,0,0,0,0,1,0,0,0,0,1,0,0,0,0,0,0,0,0,0,0,0
7005,0,1,19,8,0,1,2,2,0,3,2,4,0,0,0,3,2,4,0,0,0,0,2,0,1,0,0,0,0,1,0,0,0,0,0,0,0,0,0,0,0,3,1,4,0,0,0,0,0,0,0,0,0,0,0,0,0,0,1,0,0,1,0,0,0,0,1,0,0,0,0,0,0,0,0,0
7006,0,3,15,15,0,0,5,3,0,1,0,1,0,0,0,0,0,1,0,0,0,0,5,0,0,0,0,0,0,0,0,2,1,0,0,0,0,1,0,0,0,1,0,0,0,0,0,0,0,0,0,0,0,0,0,0,0,0,0,0,0,0,0,0,0,0,0,0,0,0,0,0,0,0,0,0
7007,0,5,14,3,0,1,4,2,0,1,0,0,0,0,0,0,2,0,1,0,0,0,0,0,0,0,0,0,0,1,0,1,1,0,0,0,0,0,0,0,0,2,0,1,0,0,1,0,0,0,0,0,0,0,0,0,0,0,0,0,0,1,0,0,3,0,0,0,0,0,0,0,0,0,0,0
7008,0,5,23,22,0,0,20,26,4,4,2,9,1,1,0,0,1,3,0,1,2,0,1,1,0,0,1,1,0,1,0,5,1,0,0,1,0,2,2,0,0,3,1,0,0,1,0,0,0,0,0,0,1,1,0,0,0,0,0,0,0,0,0,0,1,0,0,0,0,0,0,1,0,0,0,0
7009,1,2,10,1,0,2,9,3,4,2,1,2,0,0,0,2,0,0,0,0,0,0,0,0,0,0,1,0,0,0,0,0,0,0,0,1,0,2,0,0,0,4,1,3,0,0,0,0,0,0,0,0,0,0,0,0,0,0,2,0,0,0,0,0,0,0,0,0,0,0,0,0,0,0,0,0
7010,2,0,12,3,0,1,13,20,3,7,1,7,0,0,0,0,1,1,0,0,1,2,4,0,0,0,2,0,3,1,0,3,1,0,0,0,0,3,0,2,0,3,0,2,0,0,0,0,0,0,0,0,1,0,0,0,0,0,0,2,0,0,0,0,0,0,0,0,0,0,0,0,0,0,0,0
7011,0,0,13,8,0,0,0,4,0,0,0,3,0,0,0,2,0,0,0,0,0,0,0,0,0,0,2,0,0,0,0,0,0,0,0,0,0,0,0,0,0,0,0,0,0,0,0,0,0,0,0,0,1,0,0,0,0,0,0,0,0,0,0,0,0,0,0,0,0,0,0,0,0,0,0,0
7012,0,2,14,2,0,1,2,0,0,0,0,3,0,0,0,0,0,0,0,0,0,0,0,0,0,3,2,0,0,0,0,0,0,0,0,0,0,0,0,0,0,0,0,1,0,0,0,0,0,0,0,0,0,0,0,0,0,0,0,0,0,0,0,0,0,0,0,0,0,0,0,0,0,0,0,0
7013,0,4,24,11,2,0,0,6,1,1,3,5,0,0,0,2,0,1,1,0,0,0,0,0,2,3,0,3,0,0,0,1,1,0,0,0,0,0,0,0,0,0,0,0,1,0,0,0,0,0,0,0,0,0,0,0,0,0,0,0,0,0,0,0,0,0,0,0,0,0,0,0,0,0,0,0
7014,0,1,11,11,0,0,5,11,0,6,2,3,0,0,0,2,1,2,0,0,0,3,2,0,0,0,0,1,3,0,0,0,0,0,1,0,0,1,0,1,0,0,0,0,0,0,0,0,0,0,0,0,1,0,2,0,0,0,0,0,0,0,0,2,0,0,0,0,0,0,0,0,0,0,0,0
7015,0,3,14,9,4,0,2,8,0,1,1,2,0,0,1,0,0,0,0,0,0,0,0,0,0,0,1,0,0,3,0,0,2,0,0,3,0,1,1,0,0,1,1,0,0,0,0,0,0,0,0,0,0,0,1,0,0,0,0,0,0,0,0,0,0,0,0,0,0,0,0,0,0,0,0,0
7016,0,2,13,9,0,5,9,24,0,5,3,7,0,0,3,0,0,6,0,0,0,0,3,0,1,0,2,0,2,1,1,0,0,0,1,1,0,1,0,0,0,1,1,0,1,0,0,0,0,0,0,0,1,0,0,0,0,0,0,0,0,0,0,1,0,0,0,0,0,0,0,0,0,0,0,0
7017,0,5,11,8,0,0,1,3,1,1,1,1,0,0,0,0,1,0,0,0,0,1,2,0,0,0,0,0,0,0,0,0,0,0,0,0,0,0,0,0,0,0,0,2,0,0,0,0,0,0,0,0,0,0,0,0,0,0,0,0,0,0,0,0,0,0,0,0,0,0,0,0,0,0,0,0
7019,0,1,1,0,0,0,3,18,0,0,1,0,0,0,1,1,1,3,0,0,0,1,0,0,0,0,0,0,3,0,1,0,0,0,0,1,0,1,0,1,0,0,0,0,0,0,0,0,0,0,1,0,0,1,0,0,0,0,0,1,0,0,0,0,0,0,0,0,0,0,0,0,0,0,0,0
7036,0,0,3,1,0,0,0,4,0,0,0,2,0,0,0,0,4,1,0,0,0,0,1,0,0,0,2,0,0,0,0,0,0,0,0,0,0,1,0,0,0,1,1,0,0,0,0,0,0,0,0,0,0,0,1,0,0,0,0,0,0,0,0,0,0,0,0,0,0,0,0,0,0,0,0,0
7037,1,2,13,6,0,1,7,2,2,0,1,2,0,0,0,1,0,3,0,0,0,1,5,0,0,0,2,0,3,0,0,0,0,0,0,0,0,0,0,0,0,0,1,0,0,0,0,0,0,0,0,0,0,0,0,0,0,0,0,0,0,0,0,0,0,0,0,0,0,0,0,0,0,0,0,0
7038,0,5,28,20,0,1,7,3,2,3,2,3,0,0,0,1,1,3,0,1,0,0,4,0,0,0,0,0,0,1,0,1,0,0,0,0,0,0,0,0,0,0,1,2,0,0,0,0,0,0,0,0,0,0,1,0,0,0,0,0,0,0,0,0,0,0,0,0,0,0,0,0,0,0,0,0
7039,1,3,18,9,0,0,13,20,3,12,4,5,0,0,0,1,4,9,0,0,0,1,3,0,0,1,1,0,2,1,0,0,0,0,0,0,0,1,1,1,0,0,2,2,0,0,0,0,1,0,0,0,1,0,1,0,0,0,2,0,0,1,0,0,0,0,0,0,0,0,1,0,0,0,0,0
7040,1,6,38,11,1,0,13,6,2,3,4,5,0,0,0,0,1,1,0,0,0,0,3,0,0,0,7,1,1,0,0,0,1,0,0,0,0,2,0,0,0,0,1,1,0,0,0,1,0,0,0,0,1,0,0,0,0,0,0,0,0,0,0,0,0,0,0,0,0,0,0,0,0,0,0,0
7042,0,6,14,7,0,3,1,5,0,2,3,0,0,0,0,0,1,0,0,0,0,0,0,0,0,1,0,0,0,0,0,0,1,0,0,0,0,0,0,0,0,0,0,1,0,0,0,0,0,0,0,0,0,0,0,0,0,0,1,0,0,0,0,0,0,0,0,0,0,0,0,0,0,0,0,0
7043,0,0,6,4,0,1,9,1,2,4,0,1,0,0,0,2,1,0,0,0,0,0,1,0,0,0,0,0,0,0,0,0,0,0,0,0,0,2,0,0,1,0,0,2,0,0,0,0,0,0,0,0,0,0,0,0,0,0,0,0,0,0,0,0,0,0,0,0,0,0,0,0,0,0,0,0
7044,0,4,6,5,0,0,15,10,0,5,1,4,0,0,0,0,4,5,0,0,0,4,3,0,1,0,3,1,0,1,0,1,0,0,0,0,0,3,0,0,0,4,1,0,0,0,0,0,0,0,0,0,1,0,0,0,0,0,1,0,0,0,0,0,0,0,0,0,0,0,0,0,0,0,0,0
7045,0,9,31,16,0,5,15,16,3,4,0,8,0,0,0,4,2,7,0,0,0,1,4,0,6,1,1,0,4,0,0,0,0,1,0,1,0,3,0,0,0,0,2,0,0,0,0,0,0,0,0,0,0,0,0,0,0,0,0,0,0,0,0,0,0,0,0,0,0,0,0,0,0,1,0,0
7046,0,8,13,15,0,3,16,12,1,8,5,9,0,0,0,2,0,6,0,0,0,2,3,0,1,1,0,0,0,0,0,1,0,0,0,0,0,0,1,0,0,5,0,1,0,4,0,0,0,0,0,0,0,0,0,0,0,0,0,0,0,0,0,0,0,0,0,0,0,0,0,0,0,0,0,0
7047,0,0,7,4,0,0,5,2,1,0,2,0,0,0,0,2,1,1,2,0,0,0,0,0,0,0,0,0,0,0,0,0,0,0,0,0,0,0,0,0,0,0,0,0,0,0,0,0,0,0,0,0,0,0,0,0,0,0,0,0,0,0,0,0,0,0,0,0,0,0,0,0,0,0,0,0
7048,0,5,20,10,0,0,8,5,0,6,2,0,0,0,0,0,1,1,1,0,0,0,0,0,0,0,0,0,0,0,0,0,0,0,0,0,0,3,0,0,1,2,0,0,0,1,0,0,0,0,0,0,0,0,0,0,0,0,0,0,0,0,0,0,0,0,0,0,0,0,0,0,0,0,0,0
7049,0,0,5,0,0,0,7,3,0,4,0,5,0,0,0,0,0,0,1,1,0,0,2,0,1,0,0,1,0,0,0,0,0,0,0,0,0,3,0,0,0,3,0,0,0,0,0,0,0,0,0,0,0,0,0,0,0,0,0,0,0,0,0,0,1,0,0,0,0,0,0,0,0,0,0,0
7050,0,0,3,3,0,0,0,8,0,2,1,2,0,0,0,3,1,4,0,0,0,1,4,0,3,0,0,0,0,0,0,0,0,0,0,0,0,3,0,0,0,0,0,0,0,0,0,0,1,0,0,0,1,0,0,0,0,0,0,0,0,0,0,0,0,0,0,0,0,0,0,0,0,1,0,0
7051,0,6,4,2,0,0,3,1,1,6,0,0,0,0,0,0,2,0,0,0,0,1,1,0,0,1,0,0,0,0,0,0,0,0,0,0,0,3,0,0,0,0,0,0,0,0,0,0,0,0,0,0,3,0,0,0,0,0,0,0,0,0,0,0,0,0,0,0,0,0,0,0,0,0,0,0
7052,0,2,17,15,0,0,17,11,2,9,2,2,0,0,0,1,6,5,0,0,0,0,3,0,0,0,1,0,0,0,0,1,1,0,0,3,0,5,0,0,0,7,0,0,0,1,0,0,0,0,0,0,0,0,0,0,0,0,1,0,0,0,0,0,0,0,0,0,0,0,0,0,0,0,0,0
7053,0,1,4,6,0,1,5,6,0,0,1,0,0,0,0,0,0,3,0,0,0,0,1,0,0,0,0,0,0,0,0,0,0,0,0,0,0,1,1,1,0,0,0,1,0,0,0,0,0,0,0,0,0,0,0,0,0,0,0,0,0,0,0,0,0,0,0,0,0,0,0,0,0,0,0,0
7054,0,2,6,2,0,0,3,11,0,1,0,3,0,0,0,0,1,3,0,0,0,0,0,1,0,0,0,0,0,0,0,0,1,0,0,1,0,1,0,1,0,2,1,0,0,0,0,0,0,0,0,0,0,0,0,0,0,0,0,0,0,0,0,0,0,0,0,0,0,0,0,0,0,0,0,0
7055,0,10,26,21,2,0,13,10,3,5,1,3,0,0,0,0,1,2,0,0,0,0,3,0,0,0,0,1,0,1,0,0,0,0,0,0,0,1,0,0,0,4,1,0,0,0,0,0,0,0,0,0,0,0,0,0,0,0,0,0,0,0,0,0,0,0,0,0,0,0,0,0,0,0,0,0
7056,0,12,38,20,0,1,21,13,2,7,1,6,3,0,0,2,3,5,0,0,0,2,1,0,0,0,1,0,0,1,2,0,0,0,0,0,0,3,0,0,0,12,1,1,1,0,0,1,1,0,0,0,2,0,0,0,0,0,0,0,0,1,0,0,0,0,0,0,0,0,0,0,0,0,0,0
7057,5,3,38,24,2,0,16,39,1,4,3,15,0,0,1,1,1,5,0,0,1,0,3,1,0,0,0,8,1,0,1,14,0,0,1,3,2,0,0,1,0,2,0,1,0,0,0,0,0,0,0,0,0,1,0,0,0,1,2,0,0,1,0,0,0,0,0,0,0,0,0,0,0,0,0,0
7059,0,7,11,3,0,3,13,5,1,3,0,2,0,0,0,1,1,4,0,0,0,0,0,0,2,0,1,0,0,0,0,0,0,0,0,0,0,0,0,0,0,3,0,0,0,0,0,0,0,0,0,0,0,0,0,0,0,0,0,1,0,0,0,0,0,0,0,0,0,0,0,0,0,0,0,0
7060,0,5,7,5,0,0,29,9,1,8,0,2,0,0,0,1,3,3,0,0,0,1,4,0,0,0,0,1,0,0,0,3,1,0,0,0,0,5,0,0,0,14,2,2,2,0,0,0,0,0,0,0,1,0,0,0,0,0,0,0,0,0,0,0,1,0,0,0,0,0,0,0,0,0,0,0
7061,0,1,3,4,0,0,7,3,0,0,0,2,0,0,0,0,1,0,0,0,1,0,0,0,0,0,0,0,0,0,0,0,0,0,0,1,0,0,0,0,0,1,0,0,2,0,0,0,0,0,0,0,0,0,0,0,0,0,0,0,0,0,0,0,0,0,0,0,0,0,0,0,0,0,0,0
7062,0,0,4,2,0,0,17,13,2,0,1,3,0,0,0,2,2,2,0,0,2,0,1,0,0,0,0,0,0,1,0,1,1,0,0,0,0,2,0,0,0,3,1,0,0,0,0,0,0,0,0,0,0,0,0,0,0,0,0,0,0,0,0,0,0,0,0,0,0,0,0,0,0,0,0,0
7063,19,8,28,16,42,0,6,8,3,3,3,14,0,0,5,4,0,1,0,0,0,1,1,1,1,0,0,2,0,2,4,2,1,0,0,2,2,1,0,0,0,3,0,4,0,0,0,0,1,0,0,0,0,0,1,0,0,3,0,0,0,0,0,0,0,0,0,0,0,0,0,0,0,0,0,0
7064,0,10,23,22,0,5,8,15,1,0,3,2,0,0,0,2,4,5,1,1,0,1,1,0,0,0,1,0,0,2,2,0,0,0,0,0,0,2,0,0,0,1,1,0,0,0,0,0,0,0,0,0,1,0,0,0,0,0,0,0,0,0,0,0,0,0,0,0,0,0,0,0,0,0,0,0
7065,0,0,4,5,1,0,8,8,0,1,1,4,0,0,1,0,1,1,0,0,0,0,3,0,1,4,0,0,0,12,1,4,0,0,0,2,2,0,0,0,0,7,0,0,1,0,0,0,0,0,0,0,0,0,0,0,0,0,0,0,1,0,0,2,1,0,0,0,0,0,0,0,0,0,0,0
7066,0,5,13,7,0,7,7,26,2,12,1,5,0,0,0,0,1,3,0,0,0,0,1,2,0,0,0,1,2,2,1,1,0,1,0,0,0,4,0,0,0,6,0,0,3,0,0,0,1,0,0,0,1,0,0,0,0,0,0,0,0,0,0,0,0,0,0,0,0,0,0,0,0,0,0,0
7067,0,7,17,22,1,3,20,33,3,5,7,13,0,0,0,0,1,3,0,1,0,0,4,0,3,0,1,0,4,1,0,0,0,0,0,0,0,0,0,0,0,4,0,0,0,0,0,0,0,0,2,0,0,0,0,0,0,0,0,1,0,1,0,0,0,0,0,0,0,0,0,0,0,0,0,0
7091,0,2,9,10,0,0,0,1,1,1,3,1,0,0,1,0,0,1,0,0,0,0,0,0,0,0,0,0,0,0,0,0,0,0,0,0,0,0,0,0,0,0,0,0,0,0,0,0,0,0,0,0,0,0,0,0,0,0,0,0,0,0,0,0,0,0,0,0,0,0,0,0,0,0,0,0
7092,0,1,4,1,0,2,3,4,0,2,0,2,0,0,0,0,0,3,0,1,0,1,0,0,0,0,1,0,1,0,0,0,0,0,0,0,0,0,0,0,0,0,0,0,0,0,0,0,0,0,0,0,0,0,0,0,0,0,0,0,0,0,0,0,0,0,1,0,0,0,0,0,0,0,0,0
7093,0,4,10,9,0,1,3,5,1,0,3,0,0,0,0,0,1,2,0,2,0,1,2,0,0,0,0,0,0,0,0,1,0,0,0,0,0,0,0,0,0,0,1,1,0,0,0,0,0,0,0,0,1,0,0,0,0,0,0,0,0,0,0,0,0,0,1,0,0,0,0,0,0,0,0,0
7095,0,0,7,5,0,0,3,10,2,6,2,3,0,0,0,1,0,0,0,0,0,1,1,0,0,0,0,0,1,0,0,0,0,0,0,0,0,0,0,0,0,0,1,0,0,0,0,0,0,0,0,0,0,0,0,0,0,0,1,0,0,0,0,0,0,0,1,0,0,0,0,0,0,0,0,0
7096,0,2,3,0,0,0,5,2,0,1,0,0,0,0,0,1,1,7,0,0,0,0,1,0,0,0,1,0,0,0,0,0,0,0,0,0,0,0,0,0,0,0,0,2,0,1,0,0,0,0,0,0,0,0,0,0,0,0,0,0,0,0,0,0,0,0,0,0,0,0,0,0,0,0,0,0
7097,0,1,0,1,0,0,2,7,2,1,1,3,0,0,0,0,1,4,0,0,0,0,2,0,1,0,2,0,2,0,0,0,1,0,0,0,0,1,0,0,0,2,1,0,1,0,0,0,0,0,0,0,0,0,2,0,0,0,3,0,0,0,0,0,0,0,0,0,0,0,1,0,0,0,0,0
7098,0,7,21,10,1,0,14,11,2,7,2,10,0,0,0,4,2,0,0,4,0,0,6,0,1,0,0,1,1,1,0,3,4,0,0,0,0,2,1,0,0,1,3,3,0,0,0,0,0,0,0,0,0,0,0,0,0,0,1,0,0,0,0,0,0,0,0,1,0,0,0,0,0,2,0,0
7099,0,3,12,12,0,2,1,2,0,4,2,3,0,0,0,3,2,1,0,0,1,0,1,0,0,1,1,0,0,0,0,0,0,0,0,0,0,0,1,0,0,1,0,4,0,0,0,0,0,0,0,0,0,0,0,0,0,0,1,0,0,0,0,0,0,0,0,0,0,0,0,0,0,0,0,0
7100,3,15,41,30,15,9,42,37,3,14,7,6,0,0,0,0,2,9,1,0,1,5,11,1,0,0,5,2,0,1,0,1,2,0,0,3,0,1,1,1,0,1,2,0,0,6,1,0,0,0,0,0,1,0,0,0,0,0,1,2,0,1,0,0,0,0,0,0,0,0,0,1,0,2,0,1
7101,0,9,22,17,3,0,15,11,3,1,3,1,0,0,0,0,1,8,0,1,0,0,4,0,0,0,0,2,2,0,0,0,0,0,1,0,0,0,4,0,0,3,0,0,0,0,0,0,0,0,2,0,0,0,1,0,0,0,0,0,0,0,0,0,0,0,0,0,0,0,0,0,0,0,0,0
7102,0,0,1,1,0,0,8,5,1,2,1,3,0,0,0,0,0,2,0,0,0,0,4,0,1,0,0,0,0,0,0,0,0,0,0,0,0,1,0,0,1,1,1,1,0,0,0,0,0,0,0,0,0,0,0,0,0,0,0,0,0,0,0,0,0,0,0,0,0,0,0,0,0,0,0,0
7103,0,1,11,3,0,0,1,0,4,1,0,4,0,0,0,1,0,1,0,0,0,0,0,0,0,0,1,0,0,0,0,0,0,0,0,0,0,0,0,0,0,0,0,8,0,0,0,0,0,0,0,0,0,0,0,0,0,0,0,2,0,0,0,0,0,0,4,0,0,0,0,0,0,0,0,0
7104,0,3,17,8,0,1,2,16,1,0,2,5,0,0,0,2,0,3,0,0,1,0,0,0,0,0,0,1,0,0,0,0,1,0,1,1,0,0,0,0,0,0,0,0,0,0,0,0,0,0,0,0,0,0,1,0,0,0,0,1,0,0,0,0,0,0,0,0,0,1,0,0,0,1,0,0
7105,0,4,18,9,0,0,11,7,1,0,1,1,0,0,0,1,1,2,1,0,0,0,0,0,2,0,2,1,0,0,0,0,0,0,0,0,0,1,0,0,0,0,0,2,0,0,0,0,0,0,0,0,0,0,0,0,0,0,0,0,0,0,0,0,0,0,0,0,0,0,0,0,0,0,0,0
7106,0,0,4,1,0,0,3,9,1,5,0,2,0,0,0,1,1,2,0,1,0,0,2,0,1,0,4,0,0,0,1,1,0,0,0,0,0,0,0,0,1,0,0,1,0,0,0,0,0,0,0,2,0,0,0,0,0,0,1,0,0,0,0,0,0,0,0,0,0,0,0,0,0,0,0,0
7107,0,1,8,3,0,2,12,8,0,6,0,3,0,0,0,2,3,4,0,0,0,1,4,0,0,0,1,0,0,0,0,0,1,0,0,0,0,1,0,1,0,4,0,8,0,0,0,0,1,0,0,0,1,0,0,0,0,0,1,1,0,0,0,0,0,0,1,1,0,0,0,0,0,0,0,0
7109,0,3,10,6,0,2,5,4,0,3,1,1,0,0,0,1,2,1,0,0,0,0,1,0,0,0,0,1,0,0,0,0,0,0,0,0,0,1,0,0,0,2,0,0,0,0,0,0,0,0,0,0,4,0,0,0,0,0,0,0,0,0,0,0,0,0,0,0,0,0,0,0,0,0,0,0
7110,0,1,20,14,0,1,11,6,0,3,2,7,0,0,0,1,1,0,0,0,1,0,4,0,0,0,0,0,0,0,0,1,0,0,0,0,0,1,1,0,0,1,1,0,0,0,0,0,1,0,0,0,0,0,0,0,0,0,0,0,0,0,0,0,0,0,0,0,0,0,0,0,0,0,0,0
7111,0,3,3,4,0,0,4,7,1,4,0,2,0,0,0,0,0,4,0,0,0,0,4,0,2,0,1,1,0,2,0,0,0,0,0,0,0,2,0,0,0,7,0,2,0,0,0,0,0,0,0,0,1,0,0,0,0,0,0,0,0,1,0,0,0,0,0,0,0,0,0,0,0,0,0,0
7112,0,1,8,8,0,0,12,14,2,2,0,0,0,0,0,0,3,0,0,0,0,1,0,0,1,0,0,0,1,0,1,0,0,0,0,0,1,0,0,0,0,3,1,1,0,0,0,0,0,0,0,0,0,0,0,0,0,0,1,0,0,0,0,0,0,0,0,0,0,0,0,0,0,0,0,0
7113,0,3,12,16,0,0,5,7,0,2,1,2,0,0,0,0,0,1,0,0,0,0,1,0,0,0,0,1,0,6,0,0,1,0,0,0,0,3,0,0,0,2,0,1,0,0,0,1,0,0,0,0,1,0,0,0,0,0,1,0,0,0,0,0,0,0,0,0,0,0,0,0,0,0,0,0
7114,0,17,48,23,0,8,18,27,1,3,5,9,0,1,0,1,2,8,0,2,0,2,2,0,0,1,2,0,4,0,0,1,2,0,0,0,0,0,0,0,1,1,2,0,0,2,0,0,1,0,0,0,1,0,0,0,0,0,1,4,0,0,0,0,0,0,0,0,0,0,0,0,0,0,0,0
7115,0,0,3,2,0,0,9,1,1,3,2,2,0,0,0,0,2,2,0,0,0,0,0,0,0,0,1,0,0,0,0,0,0,0,0,0,0,0,0,0,0,0,0,0,0,0,0,0,0,0,0,0,0,0,0,0,0,0,1,0,0,0,0,0,0,0,0,0,0,0,0,0,0,0,0,0
7116,0,4,11,7,0,0,10,7,0,1,0,3,0,0,0,2,0,1,0,0,0,0,0,0,0,0,0,0,0,0,1,2,0,0,0,0,0,1,0,0,0,1,0,0,0,0,0,1,0,0,0,0,1,0,0,0,0,0,0,0,0,0,0,0,0,0,0,0,0,0,0,0,0,0,0,0
7117,0,1,6,7,2,2,4,9,0,2,1,1,0,0,0,0,1,1,0,0,1,1,1,0,0,1,2,1,0,0,0,0,0,0,0,0,0,0,0,0,0,1,2,0,0,0,0,0,0,0,0,0,0,0,0,0,0,0,1,0,0,0,0,0,0,0,0,0,0,0,0,0,0,0,0,0
7118,0,7,17,4,1,1,1,0,1,1,0,0,0,0,0,0,0,1,0,1,0,0,2,0,0,0,0,0,0,2,1,0,0,0,0,0,0,0,0,0,0,3,0,0,0,0,0,0,0,0,0,0,0,0,0,0,0,0,0,0,0,0,0,0,0,0,0,0,0,0,0,0,0,0,0,0
7119,0,2,8,9,0,0,12,9,1,7,0,1,0,0,0,0,1,1,0,0,0,0,1,0,0,0,1,1,0,0,0,0,1,0,0,0,0,2,2,0,0,2,0,0,0,0,0,0,0,0,0,0,1,0,0,0,0,0,0,1,0,0,0,0,0,0,0,0,0,0,0,0,0,0,0,0
7120,0,0,15,16,0,1,18,22,2,8,1,1,0,0,0,0,1,5,0,0,0,0,1,0,0,3,2,1,0,0,0,0,0,0,0,0,0,1,0,0,0,1,3,0,0,2,0,0,0,0,0,0,0,0,0,0,1,0,0,3,0,0,0,0,0,0,0,0,0,0,0,0,0,0,0,0
7121,0,5,37,14,0,2,17,12,3,4,1,7,0,0,0,1,1,4,0,1,0,0,1,0,0,2,0,0,1,1,0,0,1,0,0,0,0,0,0,1,0,0,0,3,0,1,0,0,0,0,0,0,0,0,0,0,0,0,0,1,0,1,0,0,0,0,1,0,0,0,0,1,0,0,0,0
7122,0,1,8,1,0,0,15,8,0,4,2,2,0,0,0,1,1,1,0,0,0,2,3,0,0,1,0,0,0,0,0,0,0,0,0,1,0,3,0,0,0,2,0,0,1,0,0,0,0,0,0,0,1,0,0,0,0,0,0,0,0,2,0,0,0,0,0,0,0,0,0,0,0,0,0,0
7123,2,0,7,4,0,0,7,2,2,2,0,0,0,0,0,0,0,2,0,1,0,0,0,0,0,0,1,0,0,0,0,1,0,0,0,0,0,1,0,0,0,0,0,0,0,0,0,0,0,0,0,0,1,0,0,0,0,1,0,2,0,1,0,0,1,0,0,0,0,0,0,0,0,0,0,0
7124,4,0,0,0,3,0,1,2,0,0,0,1,0,0,5,0,1,0,0,0,0,0,0,0,0,0,0,0,0,0,0,1,0,0,0,2,1,0,0,0,0,2,0,0,0,1,0,0,0,1,0,0,1,1,0,0,0,3,0,0,0,0,0,0,0,0,0,0,0,0,0,0,0,0,0,0
7125,0,6,20,22,0,0,18,3,1,5,1,3,0,0,0,5,4,7,0,0,0,0,5,0,2,0,0,0,0,0,0,0,0,0,0,0,0,2,0,0,0,6,1,1,0,0,0,0,0,0,0,0,0,0,0,0,0,0,1,0,0,0,0,0,0,0,1,0,0,0,0,0,0,0,0,0
7126,0,1,2,0,0,0,3,15,0,2,3,2,0,0,0,0,1,1,0,1,0,0,0,0,0,1,0,0,1,0,0,0,1,0,0,0,0,1,0,0,0,0,0,0,0,0,0,0,0,0,0,0,0,0,0,0,0,0,1,1,0,1,0,0,0,0,0,0,0,0,0,0,0,0,0,0
7127,0,2,2,4,0,1,5,13,0,1,1,1,0,0,0,0,0,1,0,0,0,0,1,0,1,1,0,0,1,0,0,0,0,0,0,0,0,1,1,0,0,0,1,0,0,0,0,0,0,0,0,0,0,0,0,0,0,0,0,0,0,0,0,0,0,0,0,0,0,0,0,0,0,0,0,0
7128,1,0,0,1,7,0,3,12,1,0,1,6,0,0,1,1,1,1,0,0,0,2,0,3,1,0,1,1,0,0,0,1,1,0,0,0,1,0,0,0,0,0,0,0,0,2,0,0,0,0,1,0,0,0,0,0,0,0,1,0,0,0,0,0,0,0,0,0,0,0,0,0,0,0,0,0
7129,0,8,17,3,0,1,0,6,1,0,0,2,0,0,0,0,0,3,0,0,0,0,1,0,0,0,0,0,2,0,0,0,0,0,0,0,0,0,0,0,0,3,0,0,0,0,0,0,0,0,0,0,0,0,0,0,0,0,0,0,0,0,0,0,0,0,1,0,0,0,0,0,0,0,0,0
7144,0,1,4,4,0,1,1,11,0,2,1,5,0,1,0,0,0,0,0,0,0,0,1,0,0,0,1,2,0,0,0,0,0,0,0,0,0,0,0,0,0,2,0,0,0,0,0,0,0,0,0,0,0,0,0,0,0,0,1,2,0,0,0,0,0,0,0,0,0,0,1,0,0,0,0,0
7145,0,3,21,9,0,0,7,5,0,1,1,5,0,1,0,0,1,1,0,0,0,1,2,0,0,0,2,0,0,1,0,0,0,0,0,0,0,3,0,0,0,0,0,0,0,0,0,0,0,0,0,0,0,0,0,0,0,0,3,0,0,0,0,0,0,0,0,0,0,0,0,0,0,0,0,0
7146,0,1,9,4,0,0,1,3,0,1,3,2,0,0,0,1,1,1,0,0,0,1,3,0,0,0,1,2,3,0,0,0,0,1,0,0,0,0,0,0,0,0,1,0,1,0,0,0,0,0,0,0,0,0,1,0,0,0,0,0,0,0,0,0,0,0,0,0,0,0,0,0,0,0,0,0
7147,1,3,16,3,0,2,4,3,0,1,2,3,0,0,1,1,0,5,1,0,0,0,0,0,0,0,1,0,1,1,0,0,1,3,0,0,0,0,0,0,0,0,0,1,0,1,0,0,0,0,0,0,0,0,1,0,0,0,1,1,0,0,0,0,0,0,0,0,0,0,0,0,0,0,0,0
7148,0,10,11,10,0,0,8,8,0,2,1,3,0,0,0,2,2,2,2,0,0,0,1,0,0,0,2,0,0,2,0,1,0,0,0,0,0,1,0,0,0,6,0,2,0,0,1,0,1,0,0,0,0,0,0,0,0,0,0,0,0,0,0,0,2,0,1,0,0,1,0,0,0,0,0,0
7149,0,2,8,6,0,1,6,11,0,4,1,2,0,0,0,1,0,4,0,0,0,0,0,0,0,0,0,0,0,0,0,0,0,0,0,0,0,1,0,0,0,2,0,1,0,1,0,0,0,0,0,0,0,0,0,0,0,0,0,0,0,0,0,1,0,0,0,0,0,0,0,0,0,1,0,0
7150,0,1,9,4,0,1,4,3,0,3,1,4,0,0,0,0,0,1,0,0,0,0,1,0,0,0,0,0,0,0,0,0,0,0,0,0,0,0,0,0,0,0,0,0,0,0,0,0,0,0,0,0,0,0,0,0,0,0,0,0,0,0,0,0,1,0,0,0,0,0,0,0,0,0,0,0
7151,0,9,17,12,0,0,7,3,0,6,1,4,0,0,0,0,0,0,1,1,0,1,5,0,0,2,1,0,1,1,0,0,0,0,0,0,0,1,0,0,0,0,0,0,1,1,0,0,0,0,0,0,0,0,0,0,0,0,1,0,0,0,0,0,0,0,0,0,0,0,0,0,0,0,0,0
7152,0,9,31,22,0,1,6,10,7,1,0,5,0,0,0,4,0,1,1,0,0,0,5,0,2,0,1,0,0,0,0,0,0,0,0,0,0,0,0,1,0,4,0,0,0,1,0,0,0,0,0,0,0,0,0,0,0,0,0,0,0,0,0,0,0,0,3,0,0,0,0,0,0,0,0,0
7153,0,3,13,4,0,0,4,3,0,2,0,4,0,0,0,0,1,3,0,0,0,1,0,0,0,0,0,0,1,0,0,0,1,0,0,0,1,2,2,0,0,0,0,1,0,0,0,0,0,0,0,0,0,0,0,0,0,0,0,0,0,0,0,0,0,0,0,0,0,0,0,0,0,0,0,0
7154,0,0,1,1,0,0,0,12,0,2,2,1,0,0,0,0,0,1,0,0,0,0,0,0,0,0,0,0,0,2,0,0,0,0,0,0,0,0,0,0,0,0,0,0,0,0,0,0,0,0,0,0,0,0,0,0,0,0,0,0,0,0,0,0,0,0,0,0,0,0,0,0,0,0,0,0
7155,0,0,2,1,0,0,12,0,0,4,0,1,0,0,0,0,0,4,0,0,1,0,1,0,0,0,0,0,0,0,0,0,0,0,0,0,0,2,0,0,0,0,1,1,0,0,0,0,0,0,0,0,1,0,0,0,0,0,0,1,0,0,0,0,0,0,0,0,0,0,0,0,0,0,0,0
7156,0,1,0,2,0,1,5,7,0,2,1,0,0,0,0,0,0,2,0,1,0,0,1,0,0,0,0,0,0,0,0,0,1,0,0,0,0,1,0,0,0,0,0,0,0,0,0,0,0,0,0,0,0,0,0,0,0,0,0,0,0,0,0,0,0,0,0,0,0,0,0,0,0,0,0,0
7158,0,0,8,3,0,0,0,0,0,1,0,5,0,0,0,1,0,0,0,0,0,0,1,0,0,1,0,1,0,0,0,0,0,0,0,0,0,0,0,0,0,0,0,0,0,0,0,0,0,0,0,0,0,0,0,0,0,0,0,0,0,0,0,0,0,0,0,0,0,0,0,0,0,0,0,0
7159,0,2,10,5,0,0,8,1,0,0,1,0,0,0,0,0,0,0,0,0,0,0,1,0,0,0,0,0,0,0,0,0,0,0,0,0,0,1,0,0,0,0,0,0,0,0,0,0,0,0,0,0,0,0,0,0,0,0,0,0,0,0,0,0,0,0,0,0,0,0,0,0,0,0,0,0
7160,0,3,4,7,0,0,19,7,1,5,1,2,0,0,0,0,1,2,0,0,0,1,4,0,0,0,0,2,0,3,0,0,0,0,0,0,0,1,0,0,0,2,1,2,0,0,0,0,0,0,0,0,0,0,0,0,0,0,0,1,0,1,0,0,0,0,0,0,0,0,0,0,0,0,0,0
7161,0,3,10,6,0,1,12,1,2,3,0,1,0,0,0,0,0,0,0,0,0,0,1,1,2,0,0,1,0,1,0,2,0,0,0,0,0,0,0,1,0,3,0,0,0,0,0,1,0,0,0,0,0,0,0,0,0,0,0,0,0,0,0,0,0,0,0,0,0,0,0,0,0,0,0,0
7162,0,5,14,12,0,0,4,3,1,1,1,1,0,0,0,2,1,4,0,0,0,0,4,0,0,0,0,0,0,1,0,0,0,0,0,0,0,1,0,0,0,3,0,1,0,0,0,0,0,0,0,0,1,0,0,0,0,0,0,1,0,0,0,0,0,0,0,0,0,0,0,0,0,0,0,0
7164,0,0,0,4,0,0,8,7,0,0,1,0,0,0,1,0,1,5,0,0,0,0,0,0,0,0,1,0,0,0,0,0,0,0,0,0,0,0,0,0,0,0,0,0,0,0,0,0,0,0,0,0,0,0,0,0,0,0,0,0,0,0,0,0,0,0,0,0,0,0,0,0,0,0,0,0
7165,0,0,0,2,0,0,3,5,0,4,1,2,0,0,0,0,0,3,0,1,0,0,0,0,0,0,0,0,0,0,0,0,0,0,0,0,0,0,0,0,0,1,0,0,0,0,0,0,0,0,0,0,0,0,0,0,0,0,0,0,0,0,0,0,0,0,0,0,0,0,0,0,0,0,0,0
7166,2,1,26,16,13,0,3,20,0,0,1,8,0,0,3,4,0,1,0,0,0,1,2,2,0,0,0,4,0,1,4,0,0,0,0,5,2,0,1,0,0,1,1,0,0,0,0,0,0,0,0,0,0,1,0,0,0,0,1,0,0,0,0,1,0,0,0,0,0,0,0,0,0,0,0,0
7167,0,5,18,8,1,0,16,17,1,2,1,9,0,0,0,2,1,1,1,0,0,1,2,0,0,0,1,1,0,3,1,0,1,0,0,0,0,1,0,0,0,7,3,0,0,0,0,0,0,1,0,1,1,0,1,0,0,0,0,0,0,0,0,0,0,0,0,0,0,0,0,0,0,0,0,0
7169,9,2,10,8,0,1,2,5,0,0,0,2,0,0,0,1,0,0,0,0,0,0,2,0,2,0,0,1,0,0,0,5,0,0,0,2,0,0,0,0,0,0,0,3,0,0,0,0,0,0,0,0,0,0,0,0,0,0,0,0,0,0,0,0,0,0,0,0,0,0,0,0,0,0,0,0
7185,0,0,5,0,0,0,3,7,0,2,0,1,0,0,0,0,0,0,0,0,0,0,0,0,0,0,0,0,0,0,0,0,0,0,0,0,0,0,0,0,0,0,0,1,0,0,0,0,0,0,0,0,0,0,0,0,0,0,0,2,0,0,0,0,0,0,0,0,0,0,0,0,0,0,0,0
7186,0,2,21,10,0,0,2,6,0,9,1,3,0,0,0,0,0,0,0,0,0,2,4,0,0,0,0,0,0,0,0,1,2,0,0,0,0,2,0,0,0,1,0,2,1,0,0,0,0,0,0,0,0,0,0,0,0,0,2,0,0,0,0,0,0,0,0,0,0,0,0,0,0,0,0,0
7187,0,2,15,14,0,2,4,9,0,7,1,4,0,0,0,0,0,2,0,0,0,0,2,1,2,1,1,1,0,0,0,0,2,0,0,0,0,0,0,0,0,0,1,0,6,0,0,0,0,0,0,0,0,0,0,0,0,0,0,0,0,0,0,3,0,0,0,0,0,0,0,0,0,0,0,0
7188,0,1,9,6,0,0,0,3,0,0,1,0,0,0,0,0,0,0,0,0,0,0,0,0,1,0,0,0,0,0,0,0,0,0,0,1,0,0,0,0,0,1,0,0,0,1,0,0,0,0,0,0,0,0,0,0,0,0,0,0,0,0,0,0,0,0,0,0,0,0,0,0,0,0,0,0
7189,0,1,11,12,0,0,10,5,0,3,0,1,0,0,0,0,1,2,0,0,0,3,1,0,0,1,1,1,0,1,0,0,0,0,0,0,2,1,1,0,0,2,0,1,0,0,0,0,0,0,0,0,0,0,0,0,0,0,2,0,0,0,0,0,0,0,1,0,0,0,1,0,0,0,0,0
7190,1,0,2,3,0,2,2,3,0,1,1,3,0,0,0,1,0,1,0,0,0,0,0,0,0,0,0,1,0,0,0,0,0,0,0,0,0,0,0,0,0,4,1,0,0,0,0,0,0,0,0,0,0,0,0,0,0,0,0,0,0,0,0,0,0,0,0,0,0,0,0,0,0,0,0,0
7191,0,4,31,32,0,4,7,6,5,2,0,5,0,0,0,3,1,2,1,0,0,1,1,0,0,0,0,2,1,0,0,0,0,0,0,0,0,0,0,0,0,5,0,6,0,0,0,1,0,0,0,0,2,0,0,0,0,0,0,0,1,0,0,0,0,0,1,0,0,0,0,0,0,0,0,0
7192,0,0,2,2,0,0,9,7,0,0,0,3,0,0,0,2,1,2,1,0,0,0,0,0,0,0,0,0,0,0,0,0,0,0,0,2,0,1,0,0,0,0,0,0,0,0,0,0,0,0,0,0,0,0,0,0,0,0,1,0,0,0,0,0,0,0,0,0,0,0,1,0,0,0,0,0
7193,4,9,44,19,12,0,8,33,1,12,8,4,0,0,0,1,0,11,0,1,0,4,7,2,0,0,2,2,0,0,0,5,0,0,1,1,0,1,2,0,2,0,1,1,1,0,0,1,0,0,0,0,5,0,4,0,0,0,0,0,0,0,0,0,0,0,0,0,0,0,0,0,0,0,0,1
7194,0,4,22,12,0,0,0,5,0,3,3,1,0,0,0,2,0,2,0,0,0,0,4,0,0,0,0,0,1,0,0,0,0,0,0,0,0,0,0,1,0,0,1,0,0,0,0,0,1,0,0,0,2,0,0,0,0,0,1,0,0,0,0,0,0,0,0,0,0,0,0,0,0,0,0,0
7195,0,1,11,5,1,0,9,3,4,0,0,6,0,0,0,0,0,3,0,0,0,1,0,0,0,0,2,0,0,0,0,0,0,0,0,2,1,0,0,0,0,0,0,4,0,0,0,0,0,0,0,0,1,0,0,0,0,0,0,0,0,1,0,0,0,0,2,0,0,0,0,0,0,0,0,0
7196,1,20,58,44,0,5,27,15,4,4,4,7,0,0,0,6,2,6,1,0,0,3,6,1,2,0,1,0,4,1,0,4,2,1,0,0,0,0,1,0,0,1,1,7,0,0,0,0,1,0,0,0,1,0,0,0,0,0,1,1,0,0,0,0,0,0,5,0,0,0,0,0,0,0,0,0
7197,1,4,17,16,0,1,12,17,0,8,1,5,0,0,0,3,1,1,1,0,0,1,3,0,0,0,0,0,1,0,0,1,1,0,0,0,0,2,0,0,0,2,0,0,0,1,0,0,0,0,0,0,1,0,0,0,0,0,3,0,0,0,0,0,0,0,0,0,0,0,0,0,0,0,0,0
7198,0,3,6,1,0,0,1,7,0,0,0,1,0,0,0,0,0,2,0,1,0,0,0,0,0,1,0,0,0,0,0,0,0,1,0,0,0,0,0,0,0,1,0,0,6,0,0,0,0,0,0,0,0,0,0,0,0,0,0,0,0,0,0,0,0,0,0,0,0,0,0,0,0,0,0,0
7199,0,2,11,11,0,1,12,9,0,3,0,0,0,0,0,1,3,4,0,0,0,0,2,0,0,0,1,0,0,0,0,1,0,0,0,0,0,2,0,0,0,0,1,0,4,0,0,0,0,0,1,0,1,0,0,0,0,0,0,0,0,0,0,0,0,0,0,0,0,0,0,0,0,0,0,0
7201,0,5,33,25,0,4,12,14,2,7,1,13,0,0,0,1,2,5,0,0,0,2,6,0,0,1,1,0,0,1,3,0,1,0,0,0,0,1,0,0,0,1,1,1,0,0,0,0,0,0,0,0,0,0,0,0,0,0,4,0,1,0,0,0,0,0,0,0,0,0,0,0,0,0,0,0
7202,1,2,10,11,0,0,9,18,1,6,4,7,0,0,0,0,0,3,0,1,0,0,3,0,2,0,2,0,0,0,0,0,0,0,0,0,1,1,0,0,0,1,2,1,0,0,0,0,0,0,0,0,3,0,0,0,0,0,1,0,0,0,0,0,0,0,0,0,0,0,1,0,0,0,0,0
7203,0,0,0,0,0,0,14,7,0,2,1,1,0,0,0,1,3,0,0,0,0,0,0,0,0,0,0,0,0,3,0,0,0,0,0,0,0,0,0,0,0,1,1,0,0,0,0,0,0,0,0,0,2,0,0,0,0,0,0,0,0,0,0,0,0,0,0,0,0,0,0,0,0,0,0,0
7204,0,3,16,12,0,1,9,11,1,1,4,3,0,0,0,0,1,1,0,0,0,0,0,0,1,0,2,0,2,0,0,0,0,0,0,0,0,1,0,1,0,0,0,0,0,0,0,0,0,0,0,0,0,0,0,0,0,0,0,0,0,0,0,0,1,0,0,0,0,0,0,0,0,0,0,0
7205,0,6,32,11,0,8,28,14,0,4,1,6,0,0,0,1,1,4,0,0,0,1,1,0,0,0,0,0,1,0,0,1,0,0,0,1,0,0,1,0,0,1,0,2,0,0,0,0,0,0,0,1,1,0,0,0,0,0,0,0,0,0,0,0,0,0,0,0,0,1,0,0,0,0,0,0
7206,0,5,28,12,0,4,23,20,0,2,3,4,0,0,0,0,2,5,0,0,0,3,4,0,0,0,2,0,0,1,0,1,0,0,0,0,0,0,0,0,0,1,0,0,0,1,0,0,0,0,0,0,1,0,0,0,0,0,1,0,0,0,0,0,0,0,1,0,0,0,0,0,0,0,0,0
7208,0,2,8,3,0,0,10,4,0,1,0,2,0,0,0,1,1,4,0,0,0,0,0,0,0,0,0,1,0,0,0,0,0,0,0,0,0,0,0,2,0,2,0,0,0,0,0,2,0,0,0,0,2,0,0,0,0,0,0,0,0,0,0,0,0,0,0,0,0,0,0,0,0,0,0,0
7209,0,5,17,7,0,0,3,1,0,0,0,2,0,0,0,1,0,0,0,0,0,0,0,0,0,0,1,0,0,1,0,0,0,1,0,0,0,0,0,0,0,4,0,0,0,0,0,0,1,0,0,0,0,0,1,0,0,0,0,0,0,0,0,0,0,0,0,0,0,0,0,0,0,0,0,0
7210,0,4,7,9,0,2,8,12,2,3,0,3,0,0,0,0,0,2,0,0,0,0,6,0,0,0,1,1,0,2,0,0,0,0,0,0,0,2,0,0,0,1,0,0,0,0,0,0,0,0,0,0,0,0,0,0,0,0,0,0,0,0,0,0,0,0,0,0,0,0,0,0,0,0,0,0
7211,0,2,12,6,0,1,10,3,2,2,3,6,0,0,0,1,1,2,0,0,0,0,1,0,0,0,0,0,0,0,0,0,1,0,0,0,0,2,0,0,0,0,0,1,0,1,0,0,0,0,0,0,0,0,0,0,0,0,0,0,0,0,0,0,0,0,0,0,0,0,0,0,0,0,0,0
7212,0,3,19,8,0,0,13,11,3,0,4,1,0,0,0,1,1,0,0,2,0,0,3,0,1,0,1,0,0,1,0,0,0,0,0,0,0,2,1,0,0,6,0,2,0,0,0,0,0,0,0,0,0,0,1,0,0,1,0,0,0,0,0,0,0,0,0,0,0,0,0,0,0,0,0,0
7213,0,1,8,3,0,0,6,4,0,1,0,1,0,0,0,0,0,3,0,0,1,0,2,0,1,0,1,0,0,0,0,0,0,0,0,0,0,3,0,0,0,4,1,1,0,0,0,0,0,0,0,0,1,0,0,0,0,0,1,0,0,0,0,0,0,0,0,0,0,0,0,0,0,0,0,0
7214,0,0,0,2,0,0,3,31,2,0,0,16,0,0,0,0,0,0,0,0,5,0,1,3,0,0,1,4,0,0,4,8,1,0,0,6,0,1,1,0,0,3,1,0,0,0,0,0,0,0,0,0,2,0,1,0,0,0,1,1,0,0,0,0,0,0,0,0,0,0,0,0,0,0,0,0
7215,0,13,40,19,0,4,21,40,3,9,8,12,0,0,2,2,7,12,0,0,2,0,5,1,0,0,2,3,0,1,0,6,0,0,0,0,0,0,0,3,0,1,0,3,0,0,0,0,1,0,0,0,0,0,0,0,0,0,1,0,0,0,0,0,0,0,0,0,0,0,0,0,0,1,0,0
7216,2,7,27,13,5,0,10,28,2,2,0,8,0,0,5,3,0,1,0,0,0,2,2,0,0,0,1,0,0,0,0,2,0,0,0,6,3,1,0,0,0,1,1,0,0,0,0,0,0,0,1,0,0,0,0,0,0,1,0,0,0,0,0,0,1,0,0,0,0,0,1,0,0,0,0,0
7217,0,0,9,17,4,0,1,5,1,1,1,0,0,0,0,0,1,3,1,0,0,0,2,0,0,0,0,0,0,0,0,0,0,1,0,0,0,0,0,0,0,0,1,0,1,0,0,0,0,0,0,0,0,0,0,0,0,0,0,0,0,0,0,0,0,0,1,0,0,0,0,0,0,0,0,0
7220,0,0,10,6,0,0,0,0,6,0,0,0,0,0,0,0,0,1,0,0,0,0,0,0,0,0,0,0,1,0,0,0,0,0,0,0,0,0,0,0,0,1,0,0,0,0,0,0,0,0,0,0,0,0,0,0,0,0,1,0,0,0,0,0,0,0,0,0,1,0,0,0,0,0,0,0
7243,0,1,10,1,0,0,5,0,0,4,0,0,0,0,0,0,0,2,0,0,0,0,3,0,0,0,0,0,0,0,0,0,0,0,0,0,0,0,0,0,0,0,0,0,0,0,0,0,0,0,0,0,0,0,0,0,0,0,1,0,0,0,0,0,0,0,0,0,0,0,0,0,0,0,0,0
7244,0,4,17,16,0,0,0,15,2,9,1,6,0,3,0,4,1,5,0,0,0,0,1,0,3,0,2,0,1,1,0,0,1,0,0,0,0,2,0,0,0,1,0,2,0,0,0,0,0,0,0,0,0,0,1,0,0,0,0,1,0,0,0,0,0,0,1,0,0,0,0,0,0,1,0,0
7245,0,0,13,5,1,0,2,0,0,0,0,0,0,0,0,0,0,0,1,0,0,0,2,0,0,0,0,0,0,0,0,0,0,3,0,0,0,0,0,0,0,0,0,1,2,0,0,0,0,0,0,0,0,0,0,0,0,0,0,0,0,0,0,1,0,0,0,0,0,0,0,0,0,0,0,0
7246,0,10,32,31,0,7,38,46,5,12,6,12,0,0,0,2,3,5,0,2,0,1,5,1,0,0,2,1,2,0,0,0,0,1,1,2,1,2,1,3,0,1,0,3,1,0,0,0,0,0,1,0,0,0,1,0,0,0,0,0,0,0,0,0,0,0,0,0,0,0,0,0,0,0,0,0
7247,0,2,17,11,0,4,14,11,1,2,2,5,0,0,0,0,0,2,0,1,0,1,1,0,1,0,1,0,0,0,0,1,1,0,0,0,0,3,0,0,0,1,1,0,0,0,0,0,0,0,0,0,3,0,0,0,0,0,0,1,0,1,0,0,0,0,0,0,0,0,0,0,0,0,0,0
7248,0,1,8,4,0,0,14,17,2,2,1,4,0,0,1,0,0,6,0,0,0,0,1,0,0,0,1,0,0,2,0,0,0,0,0,0,0,1,0,1,0,0,1,0,0,3,0,0,0,0,0,1,0,0,0,0,0,0,0,0,0,0,0,0,0,0,0,0,0,0,0,0,0,0,0,0
7249,0,5,30,12,0,0,16,11,3,5,1,3,0,0,0,2,3,5,0,0,0,0,6,2,0,0,1,1,3,0,0,0,0,0,0,1,0,2,0,0,0,0,0,2,0,1,0,0,1,0,0,1,1,0,0,0,0,0,0,1,0,0,0,0,1,0,4,0,0,0,2,0,0,0,0,0
7250,0,2,5,5,0,0,2,2,1,2,0,4,0,0,0,2,1,0,0,0,0,1,0,0,1,0,0,0,0,0,0,0,0,0,0,1,0,1,1,0,0,6,1,0,0,0,0,0,1,0,0,0,0,0,0,0,0,0,1,0,0,0,0,0,1,0,0,0,0,0,0,0,0,0,0,0
7251,0,2,8,11,0,0,10,11,3,1,0,4,0,0,0,0,0,5,0,0,0,0,4,0,0,0,2,0,0,0,1,0,1,0,0,0,0,2,0,0,1,6,0,0,0,0,0,0,0,0,1,0,0,0,0,0,0,0,0,0,0,0,0,0,0,0,0,0,0,0,0,0,0,0,0,0
7252,0,10,18,9,0,1,11,9,1,5,0,3,0,0,0,1,0,0,1,0,0,1,1,0,0,0,1,1,0,0,0,2,0,2,0,0,0,2,1,0,0,1,2,0,0,3,0,1,0,0,0,0,2,0,0,0,0,0,0,1,0,0,0,0,0,0,0,0,0,0,0,0,0,0,0,0
7253,0,2,6,7,0,0,8,12,3,0,0,5,0,0,0,0,0,3,0,0,0,1,0,0,0,0,3,0,3,0,0,0,0,0,0,0,0,0,0,0,0,1,0,0,0,2,0,0,0,0,0,0,1,0,0,0,0,0,0,0,0,1,0,0,0,0,0,0,0,0,0,0,0,0,0,0
7254,0,7,20,18,0,8,10,14,2,2,4,1,0,0,0,1,2,8,0,0,0,3,2,0,0,0,2,0,0,0,0,1,0,0,0,1,0,4,2,0,0,2,1,0,0,2,0,0,0,0,0,0,0,0,0,0,0,0,0,1,0,0,0,0,0,0,0,0,0,0,0,0,0,0,0,0
7255,0,0,2,0,0,0,3,1,0,4,2,2,0,0,0,0,1,1,0,0,0,1,0,0,0,0,0,0,0,1,0,0,0,0,0,0,0,0,0,0,0,0,1,1,0,2,0,0,0,0,0,0,0,0,0,0,0,0,0,0,0,0,0,0,0,0,0,0,0,0,0,0,0,0,0,0
7256,0,5,13,6,0,0,6,5,1,0,0,3,0,0,0,1,1,5,0,0,0,0,1,0,0,0,0,0,0,1,0,1,2,0,0,0,0,1,0,0,0,3,1,1,0,0,0,0,0,0,0,0,1,0,0,0,0,0,0,0,0,0,0,0,1,0,0,0,0,0,0,0,0,0,0,0
7257,0,0,8,7,0,1,9,12,0,2,1,1,0,0,0,0,0,1,0,0,0,0,2,0,0,0,1,0,0,0,0,2,1,0,0,0,0,2,1,0,0,0,1,0,0,0,0,0,0,0,0,0,1,0,0,0,0,0,0,1,0,0,0,0,0,0,0,0,0,0,0,0,0,0,0,0
7258,0,5,48,32,0,1,23,33,5,10,5,10,0,0,0,0,1,13,0,1,1,2,3,0,1,1,3,0,0,7,0,3,3,2,0,0,0,1,0,1,0,5,4,1,0,0,0,0,0,0,0,0,1,0,0,0,0,0,0,0,0,0,0,0,0,1,0,0,0,0,0,0,0,0,0,0
7259,1,8,47,20,19,1,11,11,0,2,2,10,0,0,3,1,1,3,0,0,0,0,6,0,0,0,0,2,0,0,2,5,0,1,2,1,1,1,0,0,0,0,0,0,0,2,0,0,0,0,1,0,1,0,0,0,0,0,1,0,0,0,0,0,0,0,0,0,0,0,0,0,0,0,0,0
7260,0,1,1,5,0,2,15,10,0,4,2,1,0,0,0,0,1,6,0,0,0,0,0,0,1,0,0,0,1,0,0,1,1,0,0,0,0,1,0,0,0,1,2,0,0,0,0,0,0,0,0,0,0,0,0,0,0,0,0,0,0,0,0,0,0,0,0,0,0,0,0,0,0,0,0,0
7261,0,8,35,37,0,5,26,28,5,8,5,4,0,0,1,0,2,11,0,0,0,2,10,0,0,0,1,1,1,2,3,0,1,0,0,0,0,5,1,1,0,6,2,2,0,0,0,0,0,0,0,0,3,0,0,0,0,0,2,2,0,1,0,0,4,0,0,0,0,0,0,0,0,1,0,0
7262,0,7,33,23,0,0,21,27,9,5,3,6,0,0,0,6,0,4,0,0,5,3,2,0,1,1,0,8,2,1,0,4,1,0,1,2,0,1,2,0,0,3,0,0,0,2,0,0,1,0,0,0,1,0,0,0,0,0,1,0,0,0,0,0,0,0,1,0,0,0,0,0,0,0,0,0
7263,0,3,15,11,0,0,4,4,11,4,1,1,0,0,0,3,3,0,0,2,0,1,2,0,0,0,0,0,0,1,0,0,0,1,0,0,0,2,0,0,0,2,0,9,0,0,0,0,0,0,0,0,0,0,0,0,0,0,0,0,0,1,0,0,1,0,1,0,0,0,1,0,0,0,0,0
7264,0,0,11,8,0,0,8,17,1,5,0,1,0,0,0,0,1,2,0,1,0,0,1,0,0,0,0,0,0,0,0,0,0,0,0,0,0,2,0,0,1,4,1,0,0,0,0,0,0,0,0,0,4,0,0,0,0,0,2,0,0,0,0,0,1,0,1,0,0,0,0,0,0,0,0,0
7266,0,1,7,1,0,0,8,1,0,1,0,1,0,0,0,0,1,2,0,0,0,0,2,0,0,0,0,1,0,0,0,1,0,0,0,0,0,2,0,0,0,2,1,2,0,0,0,0,0,0,0,0,0,0,0,0,0,0,0,0,0,0,0,0,0,0,0,0,0,0,0,0,0,0,0,0
7267,12,2,9,8,50,0,6,6,0,1,0,10,0,0,2,0,0,3,0,0,0,2,0,2,1,1,0,0,2,0,0,2,0,0,0,1,2,0,0,1,0,1,0,0,0,0,0,0,0,0,2,0,0,0,1,0,0,0,0,0,0,0,0,0,0,0,0,0,0,0,0,0,0,0,0,0
7268,2,2,22,6,0,0,22,4,2,1,0,6,0,0,0,1,2,0,0,0,0,0,2,0,0,0,0,0,0,1,0,0,1,0,0,1,0,2,0,0,0,6,1,0,0,0,0,0,0,0,0,0,0,0,0,0,0,0,0,0,0,0,0,0,0,0,0,0,0,0,0,0,0,0,0,0
7269,0,6,20,7,0,4,4,2,3,0,1,2,0,0,0,1,1,1,0,0,0,0,0,0,1,0,0,0,0,0,0,0,3,0,0,0,0,0,0,0,0,2,0,0,0,0,0,0,1,0,0,0,0,0,0,0,0,0,0,0,0,0,0,0,0,0,0,0,0,0,0,0,0,0,0,0
7270,1,1,19,16,1,0,1,16,1,1,0,4,0,0,0,1,1,1,0,0,1,1,0,1,0,1,1,1,0,1,0,0,0,0,0,5,1,0,0,0,0,0,0,0,0,0,0,0,0,0,0,0,0,0,1,0,0,2,0,1,0,0,0,0,0,0,0,0,0,1,0,0,0,0,0,0
7271,1,5,21,5,0,4,23,26,0,5,1,4,0,0,2,0,0,3,0,0,0,0,4,0,2,0,1,1,0,0,0,0,0,0,0,0,0,1,0,0,0,2,0,0,0,0,1,0,0,0,0,0,2,0,0,0,0,0,0,1,0,0,0,0,0,0,0,0,0,0,0,0,0,0,0,0
7289,0,1,15,11,0,0,9,7,0,4,0,3,0,0,0,1,0,5,0,0,0,3,3,0,0,0,1,0,2,1,0,0,0,0,0,0,0,0,0,0,0,4,0,1,0,0,0,0,0,0,0,0,1,0,0,0,0,0,0,0,0,0,0,0,0,0,0,0,0,0,0,0,0,0,0,0
7290,1,4,20,13,0,0,6,21,2,8,2,6,0,0,0,0,1,4,0,0,0,0,5,0,0,1,2,0,0,0,0,1,2,0,0,0,0,4,0,0,0,3,2,1,1,0,0,2,0,0,0,0,1,0,0,0,0,0,0,0,0,0,0,0,0,0,1,0,0,1,0,0,0,0,0,0
7291,0,1,9,8,0,1,1,1,1,0,0,0,0,0,0,0,2,1,0,0,0,0,0,0,1,0,1,0,0,0,0,0,0,0,0,0,0,1,0,0,0,0,0,0,0,0,0,0,0,0,0,0,0,0,0,0,0,0,0,0,0,0,0,0,0,0,1,0,0,0,0,0,0,0,0,0
7292,0,3,8,9,0,0,7,3,2,7,0,1,0,0,0,2,2,5,0,0,0,1,0,0,0,0,0,0,2,0,1,0,0,0,0,0,0,0,0,0,0,0,2,5,1,0,0,0,0,0,0,0,0,0,0,0,0,0,1,0,0,0,0,0,0,0,1,0,0,0,0,0,0,0,0,0
7294,0,3,4,4,0,1,5,12,1,2,3,0,0,0,0,1,1,1,0,2,0,0,1,0,2,0,3,2,2,0,0,1,0,0,0,0,0,1,0,1,0,1,1,0,0,0,0,0,0,0,0,0,0,0,0,0,0,0,2,0,0,0,0,0,0,0,0,0,0,0,0,0,0,0,0,0
7295,0,2,7,3,0,0,6,0,0,3,0,0,0,0,0,1,0,3,0,0,0,0,1,0,0,0,1,0,0,0,1,0,0,0,0,0,0,0,0,1,0,0,0,0,0,0,0,0,0,0,0,0,1,0,0,0,0,0,0,1,0,0,0,0,0,0,0,0,0,0,1,0,0,0,0,0
7296,0,1,2,0,2,0,0,0,3,0,0,4,0,0,0,1,1,0,0,0,0,1,0,0,0,0,0,3,0,0,0,0,0,0,0,1,0,0,0,0,0,0,0,1,0,0,0,0,0,0,0,0,0,0,0,0,0,0,0,0,0,0,0,0,0,0,1,0,0,0,0,0,0,0,0,0
7297,0,1,13,12,1,0,3,10,2,5,0,1,0,0,0,0,2,0,1,0,1,0,1,1,0,0,0,0,1,0,0,1,0,0,0,0,0,2,1,0,0,1,0,0,1,0,0,0,0,0,0,0,0,0,0,0,0,0,1,1,0,0,0,0,0,0,1,0,0,0,0,0,0,0,0,0
7298,0,3,8,4,0,0,9,3,1,1,2,0,0,0,0,0,0,3,0,0,0,0,0,0,0,0,0,0,0,0,0,0,0,0,0,0,0,1,0,0,0,0,0,2,0,0,0,0,0,0,0,0,0,0,0,0,0,0,0,0,0,0,0,0,0,0,0,0,0,0,0,0,0,0,0,0
7299,0,1,13,7,0,1,6,1,0,0,0,3,0,0,0,0,1,4,0,1,0,1,0,0,0,0,1,0,0,0,0,0,1,0,0,0,0,1,0,1,0,0,0,0,0,0,0,0,0,0,0,0,0,0,0,0,0,0,0,0,0,0,0,0,0,0,0,0,0,1,0,0,0,0,0,0
7300,0,2,12,3,0,3,22,6,1,4,2,3,0,0,0,0,0,3,0,0,0,0,2,0,0,0,1,0,0,0,0,0,0,0,0,0,0,2,0,0,0,0,1,0,0,0,0,0,0,0,0,0,1,0,0,0,0,0,0,1,0,0,0,0,0,0,0,0,0,0,0,0,0,0,0,0
7301,0,3,14,5,0,0,9,1,1,1,3,4,0,0,0,1,1,1,0,0,0,2,0,0,0,0,0,0,0,0,0,0,1,0,0,0,0,0,0,0,0,0,0,0,0,0,0,0,0,0,0,0,1,0,0,0,0,0,1,0,0,0,0,0,0,0,0,0,0,0,0,0,0,0,0,0
7302,0,3,18,20,0,3,10,20,2,8,0,6,0,0,0,0,0,8,0,2,0,1,3,0,0,0,5,1,0,1,0,1,2,0,0,0,0,2,0,0,0,0,1,5,0,0,0,0,0,0,0,1,1,0,1,0,0,0,3,0,0,0,0,0,1,0,0,0,0,0,0,0,0,0,0,0
7303,0,0,10,7,0,3,13,8,1,3,1,2,0,0,0,0,2,8,0,0,0,0,4,0,0,0,0,0,0,0,0,0,0,0,0,0,0,3,0,0,0,2,0,0,0,0,0,0,1,0,0,0,1,0,0,0,0,0,2,0,0,0,0,0,0,0,0,0,0,0,0,0,0,0,0,0
7304,1,0,8,3,0,0,21,18,0,1,3,0,0,0,0,3,0,3,0,0,0,1,0,0,0,0,1,1,0,1,0,1,0,0,0,1,0,0,0,0,0,0,0,1,0,0,0,0,1,0,0,0,0,0,0,0,0,0,0,0,0,0,0,0,0,0,0,0,0,0,0,0,0,0,0,0
7305,0,4,19,10,0,0,14,18,2,5,0,3,0,0,1,0,0,3,0,0,0,0,4,0,0,0,0,0,1,0,0,1,0,0,0,0,0,0,0,0,0,3,2,0,0,1,0,0,0,0,0,0,1,0,0,0,0,0,1,1,0,0,0,0,0,0,0,0,0,0,0,0,0,0,0,0
7306,0,3,17,14,0,0,8,8,3,4,1,6,0,0,0,0,0,2,0,0,0,0,6,0,0,0,1,0,2,0,0,0,0,0,0,0,0,0,0,0,0,0,0,3,0,1,0,0,0,0,0,0,0,0,0,0,0,0,0,0,0,0,0,0,0,0,1,0,0,0,1,0,0,0,0,0
7307,0,9,29,17,0,3,31,35,6,11,5,11,0,0,0,1,4,5,0,1,0,1,4,1,1,0,2,0,0,0,0,0,1,0,0,1,0,1,3,0,0,0,3,4,0,0,1,0,0,0,0,0,0,0,0,0,0,0,2,1,0,0,0,0,0,0,0,0,0,0,0,0,0,0,0,0
7308,1,6,19,5,11,1,2,14,0,4,0,3,0,0,3,0,2,3,0,0,0,0,3,2,0,0,0,2,1,1,2,3,0,0,0,1,0,1,0,0,0,0,1,0,0,0,0,0,0,0,1,0,0,0,0,0,0,0,0,0,0,0,0,0,0,0,0,0,0,0,0,0,0,0,0,0
7309,0,3,7,17,0,0,4,0,0,0,0,1,0,0,0,0,0,0,0,0,0,1,1,1,0,0,1,0,0,0,0,1,0,0,0,0,0,1,0,0,0,1,1,0,1,0,0,0,0,0,0,0,0,0,0,0,0,0,0,0,0,0,0,0,0,0,0,0,0,0,0,0,0,0,0,0
7310,1,3,33,10,0,0,20,4,0,13,1,5,0,0,0,1,2,6,0,2,0,0,4,0,0,0,2,3,0,0,0,0,0,0,0,0,0,2,0,0,0,12,1,0,1,0,0,0,0,0,0,0,1,0,0,0,0,0,2,0,0,0,0,0,1,0,0,0,0,0,0,0,0,0,0,0
7311,0,3,20,10,0,0,10,9,3,2,3,4,0,0,0,1,0,2,1,0,0,1,1,0,2,0,3,1,2,0,0,0,0,0,0,0,0,2,0,1,0,0,0,2,0,1,1,0,0,0,0,0,1,0,0,0,0,0,1,0,0,0,0,0,0,0,0,0,0,0,0,0,0,0,0,0
7312,0,4,12,12,0,0,5,9,0,5,4,6,0,0,0,1,2,3,0,0,0,1,4,0,1,0,1,6,0,1,0,1,1,0,0,0,0,2,0,1,0,3,0,0,1,0,0,0,0,0,0,0,0,1,1,0,0,0,0,0,0,0,0,0,0,0,0,0,0,0,0,0,0,0,0,0
7313,0,1,10,4,0,0,1,6,1,5,2,2,0,0,1,1,3,4,1,0,0,0,3,0,0,0,1,0,1,2,0,0,0,0,1,0,0,0,0,0,0,5,1,0,0,0,0,0,0,0,0,0,0,0,0,0,0,0,0,0,0,0,0,0,1,0,0,0,0,0,1,0,0,0,0,0
7314,0,3,7,8,0,0,5,7,1,1,1,1,1,0,0,0,1,0,0,0,0,0,1,0,0,0,0,0,0,2,0,0,0,0,0,0,0,0,0,0,0,0,0,0,0,0,0,0,0,0,0,0,0,0,0,0,0,0,1,0,0,1,0,0,0,0,0,0,0,0,0,0,0,0,0,0
7315,0,1,14,4,0,0,12,9,1,1,0,2,0,0,0,0,3,2,0,0,0,0,1,0,0,0,0,0,0,1,0,0,0,0,0,0,0,0,0,0,0,8,1,0,0,0,0,0,0,0,0,0,0,0,0,0,0,0,2,0,0,0,0,0,0,0,0,1,0,0,0,0,0,0,0,0
7316,0,9,31,14,0,1,8,32,6,10,1,7,0,0,0,0,0,4,0,0,2,0,6,0,0,0,0,4,0,0,1,6,2,0,0,3,0,0,0,3,1,3,0,1,0,0,0,0,0,0,1,0,0,1,0,0,0,0,0,0,0,1,0,0,0,0,0,0,0,0,0,0,0,0,0,0
7317,0,7,22,14,0,0,31,21,8,9,1,3,2,0,0,4,3,4,1,0,1,1,0,0,1,0,0,0,0,1,1,0,1,0,0,0,1,1,2,0,0,10,1,2,0,0,0,0,0,0,0,0,1,0,0,0,0,0,0,0,0,2,0,0,0,0,2,0,0,0,0,0,0,0,0,0
7318,0,1,13,8,0,2,3,2,1,1,3,3,0,0,0,0,0,2,0,0,0,0,2,0,1,0,0,0,0,0,0,0,1,0,0,1,0,1,0,0,0,2,0,0,2,0,0,0,0,0,0,0,0,0,0,0,0,0,2,0,0,0,0,0,0,0,0,0,0,0,0,0,0,0,0,0
7319,0,5,29,21,0,5,9,28,6,3,1,3,0,0,2,2,1,2,0,0,0,2,0,0,2,1,1,3,2,0,0,0,0,0,0,0,1,0,0,2,0,0,0,4,0,0,0,0,0,0,0,0,0,0,0,0,0,0,0,0,0,0,0,0,0,0,2,0,0,0,0,0,0,0,0,0
7320,0,1,11,5,0,0,2,0,3,0,0,0,0,0,0,1,0,0,0,0,0,0,0,0,2,0,0,0,0,0,0,0,0,0,0,0,0,0,0,0,0,0,0,0,0,0,0,0,0,0,0,0,0,0,0,0,0,0,0,0,0,0,0,0,0,0,1,0,0,0,0,0,0,0,0,0
7321,0,7,4,8,0,4,12,24,0,2,1,5,1,0,0,3,0,6,0,0,0,1,2,0,0,0,2,0,3,1,3,2,0,0,0,0,0,1,0,0,0,2,1,0,0,0,0,0,0,1,0,0,0,0,0,0,0,0,1,0,0,1,0,0,0,0,0,0,0,0,0,0,0,0,0,0
7322,0,1,9,8,1,0,5,4,2,5,3,1,0,0,0,0,0,1,0,0,0,0,0,0,1,0,0,0,1,0,0,0,0,0,0,0,0,0,0,1,0,1,0,0,0,0,0,0,0,0,0,0,0,0,0,0,0,0,0,0,0,1,0,0,0,0,0,0,0,0,0,0,0,0,0,0
7323,2,2,4,2,4,0,6,40,0,2,1,4,0,0,1,2,0,0,0,1,0,0,0,0,1,0,1,11,1,1,0,0,1,0,1,1,4,1,0,2,0,0,0,0,0,0,0,0,0,0,0,0,0,0,1,0,0,1,0,0,0,0,0,0,0,0,0,0,0,1,0,0,0,0,0,0
7324,0,4,16,6,0,1,0,2,1,0,1,2,0,0,2,3,0,1,0,0,0,0,0,1,0,1,0,0,0,0,0,0,0,0,0,0,0,0,0,0,0,2,0,2,0,0,0,0,0,0,0,0,0,0,0,0,0,0,0,0,0,0,0,0,0,0,3,0,0,0,0,0,0,0,0,0
7344,0,2,11,11,0,0,3,1,1,0,2,0,0,0,0,0,0,2,1,0,0,0,0,0,0,0,0,1,0,0,0,0,0,0,0,0,0,0,0,0,0,0,0,0,0,0,0,0,0,0,0,0,0,0,0,0,0,0,0,0,0,0,0,0,0,0,0,0,0,0,0,0,0,0,0,0
7345,0,2,7,1,0,0,1,2,0,0,0,3,0,0,0,1,0,0,0,0,0,0,0,0,0,4,0,0,3,0,0,0,0,0,0,0,0,1,0,0,0,3,0,0,0,0,0,0,0,0,0,0,0,0,0,0,0,0,0,0,0,0,0,0,0,0,0,0,0,0,0,0,0,0,0,0
7346,0,0,11,7,0,0,8,15,2,5,0,5,0,0,0,0,2,2,0,0,0,1,5,0,1,0,1,0,1,0,0,1,0,0,0,0,0,1,0,0,0,2,0,2,0,0,0,0,0,0,0,0,1,0,0,0,0,0,2,1,0,0,0,0,0,0,1,0,0,0,0,0,0,0,0,0
7348,0,2,11,3,0,0,6,12,1,4,0,0,0,0,0,0,1,2,0,1,0,0,0,0,0,1,0,0,0,0,2,0,1,1,0,0,0,0,0,0,0,0,1,2,0,0,0,0,0,0,0,0,0,0,0,0,0,0,0,0,0,0,0,0,0,0,1,0,0,0,0,0,0,0,0,0
7350,0,3,13,9,0,0,1,0,0,0,0,2,0,0,0,0,0,0,0,0,0,0,0,0,0,0,0,1,0,0,0,0,0,0,0,0,0,0,0,0,1,0,0,0,6,0,0,0,0,0,0,0,0,0,0,0,0,0,1,0,0,0,0,0,0,0,1,0,0,0,0,0,0,0,0,0
7351,2,10,42,28,0,3,20,27,4,11,1,7,0,0,3,1,2,5,0,2,0,3,6,0,3,0,1,8,0,0,1,10,1,1,0,3,0,10,1,0,3,8,1,5,2,0,0,0,0,0,0,0,0,0,0,0,0,0,0,1,0,0,0,0,1,0,0,0,0,1,0,0,0,0,0,0
7352,0,2,19,19,0,1,0,1,2,1,1,1,0,0,0,0,1,0,1,0,0,0,3,0,1,0,0,0,0,0,1,0,1,0,0,0,0,0,0,0,0,4,0,0,0,0,0,0,0,0,0,0,0,0,0,0,0,0,0,1,0,0,0,0,0,0,0,0,0,0,0,0,0,0,0,0
7353,2,2,16,12,5,1,5,12,6,4,2,1,0,0,0,1,2,2,0,0,0,0,1,2,0,0,0,0,0,2,1,3,1,0,1,1,0,2,0,0,0,2,0,0,0,0,0,0,1,1,0,0,0,0,1,0,0,0,1,1,0,0,0,0,0,0,0,0,0,1,0,0,0,0,0,1
7354,1,9,30,23,0,1,4,9,0,3,2,7,0,0,0,1,1,1,0,0,0,1,0,3,0,0,1,0,0,0,0,0,0,0,1,1,1,3,0,0,1,0,0,1,0,0,0,0,0,0,0,0,1,0,1,0,0,0,0,0,0,0,0,0,0,0,2,0,0,0,0,0,0,0,0,0
7355,0,0,1,0,0,0,7,4,0,1,0,0,0,0,0,1,0,3,0,0,0,0,2,0,0,1,0,0,0,0,0,0,0,0,0,0,0,1,1,0,0,0,1,0,0,1,0,0,0,0,0,0,0,0,0,0,0,0,1,0,0,0,0,0,0,0,0,0,0,0,0,0,0,0,0,0
7356,0,11,41,36,0,3,30,37,3,7,7,9,0,0,0,1,3,11,0,0,0,2,9,0,0,0,3,0,3,0,0,2,2,0,0,0,0,1,0,0,0,1,0,2,0,2,0,0,0,1,0,0,0,1,0,0,0,0,4,0,0,0,0,0,0,0,0,0,0,0,0,0,0,0,0,0
7357,0,5,13,7,0,0,3,4,0,1,2,0,0,0,1,0,0,5,0,0,0,0,1,0,0,0,0,0,1,0,0,0,0,0,0,0,0,0,0,0,0,0,1,0,0,0,0,0,0,0,0,0,0,0,0,0,0,0,0,0,0,0,0,0,0,0,0,0,0,0,0,0,0,0,0,0
7358,0,4,24,7,0,1,6,6,0,1,1,2,0,0,0,1,0,0,0,0,0,0,5,0,0,0,1,0,0,0,0,0,0,0,0,0,1,0,0,0,0,0,0,2,0,0,0,0,0,0,0,0,1,0,0,0,0,0,1,0,0,0,0,0,0,0,0,0,0,0,0,0,0,0,0,0
7359,0,0,0,0,0,1,6,3,0,3,0,3,0,0,0,0,0,1,0,0,0,0,3,0,0,0,0,0,0,0,0,0,0,0,0,0,0,0,0,0,0,1,0,1,0,1,0,0,0,0,0,0,0,0,0,0,0,0,0,0,0,0,0,0,0,0,0,0,0,0,0,0,0,0,0,0
7360,1,11,57,42,0,4,30,19,8,4,11,15,1,0,0,2,4,6,0,0,1,3,6,0,1,0,2,4,1,0,0,2,0,0,0,1,0,0,1,1,0,2,3,6,2,6,0,0,1,0,0,0,1,0,0,0,0,0,1,0,0,0,0,0,0,0,3,0,0,1,0,0,0,0,0,0
7362,1,1,12,9,0,1,11,15,3,1,0,3,0,0,0,0,0,1,0,0,0,1,2,0,1,0,1,1,0,1,0,0,1,0,0,0,0,1,1,0,0,1,3,0,0,0,0,0,0,0,0,0,0,0,0,0,0,0,0,0,0,0,0,0,0,0,0,0,0,0,0,0,0,0,0,0
7363,0,3,16,3,0,0,1,2,0,1,1,1,0,0,0,2,0,0,0,0,0,1,0,0,0,0,0,0,0,0,0,0,0,0,0,0,0,0,0,0,0,1,0,0,2,0,0,0,0,0,0,0,0,0,0,0,0,0,0,0,0,0,0,1,0,0,0,0,0,0,0,0,0,0,0,0
7364,0,8,33,31,0,4,18,9,1,3,2,5,0,0,0,0,4,3,0,1,0,0,7,0,0,1,2,0,0,0,0,1,1,0,0,0,0,1,1,0,0,0,1,0,0,0,0,0,0,0,0,0,0,0,0,0,0,0,2,0,0,0,0,0,0,0,0,0,0,0,0,0,0,0,0,0
7365,0,1,6,1,0,0,4,3,1,0,2,2,0,0,0,0,0,0,1,0,0,0,1,0,0,0,0,1,0,0,0,0,0,0,0,1,0,0,0,0,0,0,0,0,0,0,0,0,0,0,0,0,0,0,0,0,0,0,0,0,1,0,0,0,0,0,1,0,0,0,0,0,0,0,0,0
7366,0,0,11,10,0,0,6,3,1,3,0,0,0,0,0,0,3,1,0,0,0,0,3,0,1,0,0,0,0,0,0,1,1,0,0,0,0,6,0,0,0,2,1,2,0,0,0,0,0,0,0,0,0,0,0,0,0,0,1,0,0,0,0,0,0,0,0,0,0,0,0,0,0,0,0,0
7367,0,0,5,9,0,1,7,1,0,0,0,0,0,0,0,0,0,1,0,0,0,0,1,0,1,0,0,0,0,0,0,1,0,1,0,0,0,1,0,0,0,0,0,0,0,2,0,0,0,0,0,0,0,0,0,0,0,0,0,0,0,0,0,0,0,0,0,0,0,0,0,0,0,0,0,0
7368,0,2,4,2,0,0,8,5,0,6,2,6,0,0,0,2,0,2,0,0,0,0,2,0,1,0,0,0,0,0,0,0,0,0,0,0,0,4,1,0,0,1,1,0,0,0,0,1,0,0,1,0,2,0,0,0,0,0,0,0,0,0,0,0,0,0,0,0,0,0,0,0,0,0,0,0
7369,0,2,12,9,0,3,7,2,0,3,0,1,0,0,0,3,2,2,0,0,0,0,2,0,0,0,0,0,0,0,0,0,0,0,0,0,0,1,0,0,0,0,0,0,0,0,0,0,0,0,0,0,1,0,0,0,0,0,0,0,0,0,0,0,0,0,2,0,0,0,0,0,0,0,0,0
7370,0,1,20,6,1,0,3,41,2,5,0,11,0,0,0,1,0,4,0,0,5,0,0,0,1,0,2,8,0,2,0,9,1,0,1,4,0,0,1,0,0,4,0,0,0,0,0,0,0,1,0,0,0,0,1,0,0,0,0,0,0,0,0,0,1,0,0,0,0,0,0,0,0,0,0,0
7371,0,2,3,4,0,1,2,1,0,1,0,1,0,0,0,0,0,0,0,0,0,0,0,0,0,0,0,1,0,0,0,0,0,0,0,2,1,0,0,0,0,0,1,1,0,0,0,0,0,0,0,0,0,0,0,0,0,0,0,0,0,0,0,0,0,0,0,0,0,0,0,0,0,0,0,0
7372,0,5,19,4,0,3,10,14,1,2,1,3,0,0,0,6,2,3,0,0,0,0,1,0,0,0,1,0,1,0,0,0,0,0,0,0,0,0,0,0,0,3,2,0,0,1,0,0,0,0,0,0,1,0,0,0,0,0,0,0,0,0,0,0,0,0,0,0,0,0,0,0,0,0,1,0
7373,0,6,16,7,0,3,8,18,1,2,4,0,0,0,1,1,0,2,0,0,2,1,0,0,0,0,1,0,0,0,1,0,0,0,0,0,0,1,2,2,0,1,0,1,0,0,0,0,0,0,0,0,0,0,0,0,0,0,1,0,0,0,0,0,0,0,0,0,0,1,0,0,0,0,0,0
7374,0,5,2,10,0,3,1,16,0,3,0,1,0,0,0,1,1,0,0,1,0,2,3,0,0,0,2,0,0,0,1,0,1,0,0,0,0,1,0,0,0,0,0,0,0,0,0,0,0,0,0,0,1,0,0,0,0,0,0,0,0,1,0,0,0,0,0,0,0,0,0,0,0,0,0,0
7388,0,2,13,8,0,0,1,4,1,1,1,1,0,0,0,0,0,0,0,1,0,0,0,0,0,0,0,0,0,0,2,0,0,0,0,0,0,0,0,0,0,0,1,2,0,0,0,0,0,0,0,0,2,0,0,0,0,1,0,0,0,0,0,0,0,0,0,0,0,0,0,0,0,0,0,0
7389,0,5,24,25,0,1,3,8,1,1,1,2,0,0,0,3,0,3,0,0,0,2,4,0,1,0,0,0,0,0,2,0,0,0,0,0,0,0,0,0,0,1,0,3,0,0,0,0,0,0,0,0,0,0,1,0,0,0,0,1,0,0,0,0,0,0,0,0,0,0,1,0,0,0,0,0
7390,0,3,5,2,0,1,2,2,0,0,0,0,0,0,0,0,0,3,0,0,0,0,1,0,1,0,0,0,0,0,0,0,0,0,0,0,0,0,2,0,0,1,1,0,0,0,0,0,0,0,0,0,0,0,0,0,0,0,0,0,0,0,0,0,0,0,0,0,0,0,0,0,0,0,0,0
7393,0,3,6,4,0,0,6,13,1,3,1,3,0,0,0,0,1,3,0,0,0,0,1,0,0,1,1,0,0,0,0,0,0,0,0,0,0,1,0,0,0,0,1,0,0,0,0,1,0,0,0,0,0,0,0,0,0,0,0,0,0,0,0,0,0,0,0,0,0,0,0,0,0,0,0,1
7395,1,0,6,2,0,2,9,20,0,2,4,4,0,0,1,1,3,3,0,0,0,2,4,0,0,0,1,1,1,0,0,0,1,0,0,0,0,0,0,0,0,3,0,0,0,0,0,0,0,0,0,0,0,0,0,0,0,0,0,2,0,0,0,1,0,0,0,0,0,1,0,0,0,0,0,0
7396,1,8,47,26,0,2,10,9,1,7,6,5,0,0,0,1,0,7,0,1,0,1,6,0,0,0,2,0,0,0,0,0,1,0,0,0,1,1,0,0,0,1,1,1,0,0,0,0,0,0,0,0,0,0,2,0,1,0,1,0,0,0,0,0,0,0,0,0,0,0,0,0,0,0,1,0
7397,0,7,8,6,0,0,6,4,1,1,1,1,0,0,0,0,1,2,0,1,0,2,0,0,0,0,0,0,0,0,0,0,0,0,0,0,0,0,0,0,0,0,0,0,0,0,0,0,0,0,0,0,0,0,0,0,0,0,0,1,0,0,0,0,1,0,0,0,0,0,0,0,0,0,0,0
7398,0,4,21,9,0,0,2,17,2,8,1,6,1,0,0,0,1,6,0,0,0,1,5,0,4,0,1,0,2,1,0,0,0,0,0,0,0,0,0,0,0,3,0,1,1,0,0,1,0,0,0,0,0,0,0,0,0,0,0,1,0,1,0,0,0,0,0,0,0,0,0,0,0,0,0,1
7399,0,0,2,1,0,3,3,2,0,1,0,3,0,0,0,0,1,3,0,0,0,0,6,0,0,0,0,0,0,1,0,0,1,0,0,0,0,2,0,0,0,3,0,0,0,0,0,0,1,0,0,0,0,0,0,0,0,0,0,0,0,1,0,0,0,0,0,0,0,0,0,0,0,0,0,0
7400,1,12,50,43,0,2,23,20,2,8,2,7,0,0,0,1,2,5,0,1,0,3,3,0,2,0,7,0,4,5,0,2,3,0,0,0,0,3,1,0,0,4,0,0,1,1,0,0,0,0,0,0,1,2,0,0,0,0,0,0,0,0,0,0,0,0,0,0,0,0,0,0,0,1,0,0
7401,0,2,8,4,0,1,1,0,0,0,2,0,0,0,0,0,0,1,0,0,0,0,0,0,0,1,0,0,0,0,0,0,0,0,0,0,0,1,0,1,0,0,0,2,0,0,0,0,0,0,0,0,0,0,0,0,0,0,0,0,0,0,0,0,0,0,0,0,0,0,0,0,0,0,0,0
7402,0,0,5,7,0,0,9,9,1,1,4,2,0,0,0,1,1,2,0,0,0,0,1,0,1,0,2,0,1,0,0,0,0,0,0,0,0,0,0,0,0,0,1,0,0,0,0,0,0,0,0,0,0,0,0,0,0,0,2,0,0,0,0,0,0,0,0,0,0,0,0,0,0,0,0,0
7403,1,4,15,8,0,0,9,7,1,0,1,1,0,0,0,1,0,4,2,0,0,0,1,0,0,1,0,0,0,0,0,1,0,0,0,0,0,0,0,0,0,0,0,1,0,1,0,0,0,0,0,0,0,0,0,0,0,0,0,0,0,0,0,0,0,0,0,0,0,0,0,0,0,0,0,0
7404,0,1,3,3,0,0,8,8,1,4,0,1,0,0,0,1,0,3,0,0,0,0,2,0,0,0,0,0,0,0,0,0,0,0,0,0,0,1,0,0,0,1,0,0,0,0,0,0,0,0,0,0,0,0,0,0,0,0,0,0,0,0,0,0,0,0,0,0,0,0,0,0,0,0,0,0
7405,0,9,28,15,0,2,19,10,2,5,3,13,0,0,0,4,1,12,0,0,0,2,6,0,1,0,4,0,1,1,0,1,0,0,0,0,0,3,0,0,0,1,0,0,0,1,0,0,0,0,0,0,2,0,0,0,0,0,3,0,0,0,0,0,1,0,0,0,0,0,0,0,0,0,0,0
7406,0,0,1,0,0,0,1,1,1,2,1,0,0,0,0,0,0,5,0,0,0,1,0,0,0,0,0,0,0,0,0,0,0,0,0,1,0,1,0,0,0,0,0,0,0,0,0,0,0,0,0,0,4,0,0,0,0,0,0,0,0,0,0,0,0,0,0,0,0,0,0,0,0,0,0,0
7407,0,6,33,19,0,0,15,8,1,5,3,2,0,0,0,1,1,5,0,0,0,0,3,0,1,0,2,0,0,1,0,0,0,0,0,0,1,0,0,0,0,0,0,2,2,3,0,0,1,0,0,0,3,0,2,0,0,0,1,1,0,0,1,0,0,0,0,0,0,0,0,0,0,0,0,0
7408,0,2,11,9,1,2,8,2,0,1,5,1,0,0,0,0,0,1,0,0,0,0,0,0,1,1,1,0,0,0,0,0,0,0,0,0,0,1,0,0,0,0,0,0,0,0,0,0,0,0,0,0,0,0,0,0,0,0,1,0,0,0,0,0,0,0,0,0,0,1,0,0,0,0,0,0
7409,0,1,22,21,0,1,5,11,1,9,0,2,0,0,0,1,1,1,0,0,0,0,6,0,0,0,1,0,0,1,3,0,0,0,0,0,1,0,0,0,0,5,0,0,0,0,0,0,0,0,0,0,3,0,0,0,0,0,0,0,0,0,0,0,0,0,0,0,0,1,0,0,0,0,0,0
7411,0,3,12,6,0,4,12,7,1,2,0,8,0,0,0,1,4,1,0,0,0,2,2,0,0,0,1,0,1,1,0,1,1,2,0,0,0,1,0,0,0,0,1,1,0,0,0,1,0,0,0,0,0,0,0,0,0,0,0,1,0,0,0,0,0,0,0,0,0,0,0,0,0,0,0,0
7412,0,3,16,14,0,4,12,49,0,0,2,5,0,0,0,0,0,0,0,0,6,1,0,0,0,0,1,9,1,1,0,14,0,1,0,6,0,1,2,2,0,2,0,3,0,0,0,0,0,0,1,0,0,1,1,0,0,0,0,1,0,0,0,1,0,0,1,0,0,0,2,0,0,0,0,0
7413,0,2,8,2,0,0,14,8,0,5,0,4,1,0,0,1,0,1,3,0,1,0,2,0,0,1,1,1,0,3,1,0,0,0,0,0,0,1,0,0,0,4,0,0,0,0,0,0,0,0,0,0,2,0,0,0,0,0,1,1,0,0,0,0,0,0,0,0,0,0,0,0,0,0,0,0
7414,0,0,6,5,0,1,7,5,5,2,0,0,0,0,0,1,1,0,0,0,0,0,2,0,2,0,0,0,0,0,0,0,0,0,0,0,0,1,0,0,0,2,0,0,0,0,0,0,0,0,0,0,0,0,0,0,0,0,0,0,0,0,0,0,1,0,0,0,0,0,0,0,0,0,0,0
7415,2,7,15,14,0,0,11,10,3,2,0,4,1,0,0,2,0,1,0,1,0,1,3,0,3,0,1,1,1,0,0,0,0,1,0,2,1,2,1,0,0,8,1,2,0,0,0,0,0,0,0,0,1,0,0,0,0,0,0,0,0,0,0,0,0,0,1,0,0,0,0,0,0,0,0,0
7416,1,0,2,1,0,0,8,0,0,1,1,0,0,0,0,0,0,0,0,0,0,0,1,0,0,1,1,0,0,0,0,1,0,0,0,0,0,1,1,0,0,3,0,0,0,0,0,0,0,0,0,0,0,0,0,0,0,0,0,0,0,0,0,0,0,0,0,0,0,0,0,0,0,0,0,0
7417,0,3,23,11,2,0,5,7,0,4,0,2,0,0,0,2,0,3,0,1,0,0,5,0,1,0,0,2,0,2,2,0,0,0,0,0,0,3,1,0,1,1,0,0,0,0,0,0,0,0,1,0,0,0,0,0,0,0,0,0,0,0,0,0,1,0,0,0,0,0,0,0,0,0,0,0
7418,1,0,6,2,0,0,3,3,1,3,0,0,0,0,0,0,2,1,0,0,0,0,0,0,0,0,0,1,0,0,0,0,0,0,0,0,0,1,0,0,0,2,1,0,0,0,0,1,0,0,0,0,1,0,0,0,0,0,0,0,0,0,0,0,0,0,0,0,0,0,0,0,0,0,0,0
7419,0,0,8,1,0,1,2,2,3,1,0,0,0,0,0,1,1,1,0,0,0,0,5,0,0,0,0,1,0,0,0,0,0,0,0,0,0,0,0,0,0,1,2,3,0,0,0,0,0,0,0,0,0,0,0,0,0,0,0,0,0,0,0,0,0,0,3,0,0,0,0,0,0,0,0,0
7420,0,1,8,2,0,0,7,7,0,2,0,1,0,0,0,1,1,2,0,0,0,0,0,0,1,0,1,0,0,0,0,2,0,0,0,0,0,2,0,0,0,2,0,0,0,0,0,0,0,0,0,0,0,0,1,0,0,0,0,0,0,0,0,0,0,0,1,0,0,0,0,0,0,0,0,0
7421,0,0,4,7,0,0,3,4,0,3,0,1,0,0,0,0,1,3,0,0,0,0,0,0,0,0,0,0,0,1,0,0,0,0,0,0,0,1,0,0,4,0,0,0,0,0,0,0,0,0,0,0,0,0,0,0,0,0,0,0,0,0,0,0,0,0,1,0,0,0,0,0,0,0,0,0
7422,1,3,9,5,1,3,2,12,0,3,0,1,0,0,0,0,2,0,0,0,0,0,0,0,0,0,0,0,0,0,1,0,1,0,0,0,0,0,0,0,0,1,0,0,0,0,0,0,0,0,0,0,0,0,0,0,0,0,0,1,0,0,0,0,0,0,0,0,0,0,0,0,0,0,0,0
7423,0,0,0,0,0,2,2,22,0,2,1,5,0,0,0,2,0,1,0,0,0,1,1,0,0,0,1,0,1,1,0,1,0,0,0,0,0,0,0,0,0,0,0,0,0,0,0,0,0,0,0,0,1,0,0,0,0,0,0,0,0,0,0,0,0,0,0,0,0,0,0,0,0,0,0,0
7440,0,1,1,1,0,0,7,7,1,3,1,1,0,0,0,1,0,2,0,0,0,1,1,0,0,0,0,0,1,0,0,0,0,0,0,0,0,0,0,0,0,0,0,1,0,0,0,0,0,0,0,0,1,0,0,0,0,0,0,0,0,0,0,0,0,0,0,0,0,0,0,0,0,0,0,0
7442,0,0,20,7,0,0,12,8,1,4,1,2,1,0,0,1,0,2,0,0,0,0,3,0,0,0,1,0,0,0,0,1,0,0,0,1,0,0,0,0,0,1,2,0,0,1,0,2,0,0,0,0,0,0,0,0,0,2,1,0,0,0,0,0,0,0,0,0,0,0,0,0,0,0,0,0
7443,0,4,26,22,0,0,6,8,0,2,2,5,0,0,0,1,1,0,1,1,0,0,0,0,1,0,1,1,2,0,0,0,1,0,0,0,0,1,0,0,0,0,0,0,0,1,0,0,0,0,0,0,0,0,0,0,0,0,0,0,0,0,0,0,1,0,1,0,0,0,0,0,0,0,0,0
7444,0,3,4,4,0,1,8,11,0,3,3,4,0,0,0,1,3,7,0,0,0,0,4,2,0,0,3,0,0,0,1,0,1,0,0,0,0,2,0,0,0,2,0,2,0,0,0,0,0,0,0,0,1,0,1,0,0,0,2,0,0,0,0,0,0,0,0,0,0,0,1,0,0,0,0,1
7446,0,7,14,5,0,0,5,3,0,3,1,3,0,0,0,2,5,3,0,0,0,0,2,0,0,0,0,0,1,0,0,0,0,0,0,0,0,0,0,0,0,1,1,0,0,0,0,0,0,0,0,0,1,0,0,0,0,0,1,0,0,0,0,0,0,0,0,0,0,0,1,0,0,0,0,0
7447,0,2,7,2,0,0,8,3,0,0,0,2,0,0,0,0,1,0,0,0,1,0,1,0,0,0,0,0,0,0,0,0,0,0,0,0,0,0,0,0,0,0,1,3,0,0,0,0,0,0,0,0,0,0,0,0,0,0,1,0,0,0,0,0,0,0,0,0,0,0,0,0,0,0,0,0
7448,1,6,31,27,0,1,29,29,3,11,6,6,0,0,0,0,2,6,0,0,0,2,7,0,2,0,6,0,4,0,0,2,0,0,0,0,0,4,0,0,0,3,0,1,0,1,0,0,0,0,0,0,0,0,0,0,0,0,1,2,0,1,0,0,0,0,1,0,0,0,0,0,0,0,0,0
7449,0,4,16,7,0,0,13,5,1,0,3,6,0,0,0,3,0,2,0,0,0,0,5,0,2,1,1,0,1,0,0,2,0,0,0,0,0,4,0,0,0,1,3,0,0,1,0,1,0,0,0,0,0,0,0,0,0,0,0,0,0,0,0,0,0,0,0,0,0,0,0,0,0,0,0,0
7450,0,0,5,6,0,1,9,6,1,2,0,1,0,0,1,0,0,3,1,0,0,0,0,0,0,0,0,2,0,0,0,1,0,0,0,0,0,0,1,0,0,0,0,0,0,0,0,0,0,0,0,0,0,0,0,0,0,0,0,0,0,0,0,0,0,0,0,0,0,0,0,0,0,0,0,0
7451,0,0,0,0,0,0,4,9,0,0,0,1,0,0,0,0,0,2,0,0,0,0,0,0,0,0,0,0,0,0,0,0,0,0,0,2,0,0,0,0,0,1,2,0,0,0,0,0,0,0,0,0,0,0,0,0,0,0,0,0,0,0,0,0,0,0,0,0,0,0,0,0,0,0,0,0
7452,0,1,7,0,0,0,6,3,1,3,0,1,0,0,0,1,0,0,0,0,0,0,3,0,1,0,1,0,0,0,0,0,1,0,0,0,0,4,0,0,1,5,0,0,0,0,0,0,0,0,0,0,1,0,0,0,0,0,0,0,0,0,0,0,0,0,0,0,0,0,0,0,0,0,0,0
7453,0,4,13,8,0,1,21,24,0,5,0,3,0,0,0,2,0,9,0,0,0,0,5,0,2,0,1,0,1,0,0,0,0,0,0,0,0,0,1,0,1,6,3,0,0,0,0,0,0,0,0,0,4,0,0,0,0,0,2,0,0,0,0,0,0,0,0,0,0,0,0,0,0,0,0,0
7455,0,1,13,8,0,3,4,9,1,4,3,4,0,0,0,2,0,0,0,0,0,0,0,0,0,0,0,0,0,0,0,0,1,0,0,0,0,0,0,0,0,0,0,0,0,0,0,0,0,0,0,0,0,0,0,0,0,0,0,0,0,0,0,0,0,0,0,0,0,0,0,0,0,0,0,0
7456,1,5,21,6,0,3,5,6,2,1,0,2,0,0,0,4,1,3,0,0,0,0,0,0,1,0,0,0,0,0,0,0,1,0,0,0,0,0,2,1,0,0,0,3,0,1,0,0,0,0,0,0,0,0,0,0,0,0,0,0,0,0,0,0,1,0,1,1,0,0,0,0,0,0,0,0
7458,0,14,27,38,0,0,24,15,2,10,2,7,0,0,0,2,2,4,0,0,0,0,14,0,2,0,2,1,0,2,1,2,0,0,0,0,0,6,1,0,1,9,1,2,0,0,0,0,0,0,0,0,1,0,0,0,1,1,1,0,0,2,0,0,3,0,0,0,0,0,0,0,0,0,0,0
7459,0,5,10,1,0,0,6,17,2,5,1,1,0,0,0,1,3,1,0,1,0,0,0,0,0,0,0,1,1,1,2,1,0,0,0,0,0,2,0,0,3,6,3,0,0,0,0,0,0,1,0,0,1,0,0,0,0,0,4,0,0,0,0,0,0,0,0,0,0,0,0,0,0,0,0,0
7460,0,3,25,16,0,4,8,29,3,4,0,5,0,0,0,0,0,3,0,0,2,2,2,0,0,0,1,4,0,0,0,7,0,0,0,3,0,3,3,0,0,4,0,1,0,0,0,0,0,0,1,1,0,0,1,0,0,0,0,0,0,0,0,0,0,0,0,0,0,0,0,0,0,0,0,0
7461,1,0,1,0,0,0,1,7,1,2,0,3,0,0,0,0,0,1,0,1,1,0,2,1,0,0,0,1,0,0,0,0,0,0,0,0,0,0,0,0,0,0,0,0,0,0,0,0,0,0,0,0,1,0,0,0,0,0,0,0,0,0,0,0,0,0,0,0,0,0,0,0,1,0,0,0
7462,0,0,1,2,0,0,5,2,1,2,0,3,0,0,0,1,3,0,0,0,0,0,1,0,1,0,0,0,1,0,0,0,1,0,0,0,0,0,0,0,0,5,0,1,0,1,0,0,0,0,0,0,0,0,0,0,0,0,0,0,0,0,0,0,1,0,0,0,0,0,0,0,0,0,0,0
7463,0,1,0,0,0,0,2,3,0,1,0,2,0,0,0,0,0,4,0,0,0,0,0,0,1,0,0,0,0,0,0,1,0,0,0,2,0,0,0,0,0,0,0,0,0,1,0,0,0,0,0,0,0,0,0,0,0,0,0,0,0,0,0,0,0,0,0,0,0,0,0,0,0,0,0,0
7464,0,0,1,1,0,0,2,1,0,4,0,1,0,0,0,1,2,1,0,0,0,0,0,0,0,0,2,0,0,0,0,0,1,1,0,0,0,1,0,0,0,1,2,0,0,1,0,0,0,0,0,0,0,0,0,0,0,0,1,1,0,2,0,0,0,0,0,0,0,0,0,0,0,0,0,0
7465,0,1,4,2,0,2,25,14,0,2,1,6,0,0,0,1,1,1,0,0,0,0,0,0,0,0,1,0,0,1,0,0,1,0,0,0,0,0,0,0,0,0,0,1,0,1,0,0,0,0,0,0,0,0,0,0,0,0,1,1,0,0,0,0,0,0,0,0,0,0,0,0,0,0,0,0
7466,0,0,0,0,0,0,10,3,0,1,4,1,0,0,0,0,0,1,0,0,0,0,2,0,0,0,0,1,0,0,0,0,0,0,1,0,0,0,0,0,0,3,1,0,0,0,0,0,0,0,0,0,0,0,0,0,0,0,0,3,0,0,0,0,0,0,0,0,0,0,0,0,0,0,0,0
7483,0,2,10,3,0,0,0,1,0,0,0,0,0,0,0,0,0,0,1,0,0,0,0,0,0,0,0,0,0,0,0,0,0,0,0,0,0,0,0,0,0,0,0,5,0,0,0,0,0,0,0,0,0,0,0,0,0,0,0,0,0,0,0,0,0,0,0,0,0,0,0,0,0,0,0,0
7485,0,4,19,11,0,1,9,16,4,5,1,3,0,0,0,0,0,6,0,0,0,0,3,0,1,0,2,0,1,0,0,1,0,0,0,0,0,1,1,0,0,0,0,2,0,1,0,0,0,0,0,0,1,0,2,0,0,0,1,0,1,0,0,0,0,0,0,0,0,0,0,0,0,0,0,0
7486,0,0,12,8,0,0,5,2,0,1,0,1,0,0,0,2,2,1,0,0,0,0,3,0,1,0,1,0,0,0,0,0,0,1,0,0,0,2,0,0,0,2,0,0,0,0,0,0,0,0,0,0,0,0,0,0,0,0,1,0,0,0,0,0,0,0,0,0,0,0,0,0,0,0,0,0
7488,0,6,27,24,0,2,12,13,3,1,2,3,0,0,1,1,2,5,0,0,0,0,1,0,0,0,2,1,1,0,0,1,1,0,0,0,0,1,0,0,0,1,2,0,0,1,0,0,0,0,0,0,2,0,0,0,0,0,2,0,0,0,0,0,0,0,0,1,0,0,0,0,0,0,0,0
7489,0,6,23,13,0,6,13,11,0,9,4,15,0,0,0,3,2,3,0,0,0,1,0,0,0,0,4,0,3,0,0,1,3,0,0,0,0,1,0,0,0,0,0,2,0,0,0,0,0,0,0,0,0,0,0,0,0,0,1,0,0,0,0,0,0,0,0,0,0,0,0,0,0,0,0,0
7490,0,0,11,4,0,0,1,0,0,1,2,1,0,0,0,1,0,0,0,0,0,1,0,0,0,0,0,0,0,0,0,0,0,0,0,0,0,0,0,0,0,0,0,1,0,0,0,0,0,0,0,0,0,0,0,0,0,0,0,0,0,0,0,0,0,0,5,0,0,0,0,0,0,0,0,0
7491,0,0,4,0,0,0,9,6,1,3,0,3,0,0,0,1,3,1,0,0,0,0,2,0,0,0,0,0,0,0,0,1,0,0,0,0,0,0,0,0,0,3,1,3,0,0,0,0,0,0,0,0,0,0,0,0,0,0,0,2,0,0,0,0,0,0,0,0,0,0,0,0,0,0,0,0
7492,1,2,26,18,0,0,1,3,0,1,0,6,0,0,0,0,1,1,4,0,0,0,2,0,0,2,1,3,0,0,0,0,0,0,0,0,0,0,0,0,0,2,1,1,0,0,0,0,1,0,0,0,1,1,0,0,0,0,0,0,0,0,0,0,0,0,2,0,0,0,0,0,0,0,0,0
7493,0,1,13,4,0,0,12,4,0,5,0,2,0,0,0,0,1,3,0,0,0,0,3,0,0,0,7,0,0,0,1,1,0,0,0,0,0,1,1,0,0,0,0,0,0,0,0,0,0,0,0,0,0,0,0,0,0,0,0,0,0,0,0,0,0,0,0,0,0,0,0,0,0,0,0,0
7494,0,3,6,6,0,0,2,4,1,3,1,1,0,0,0,0,0,2,1,0,0,0,1,0,1,0,1,0,0,0,0,0,0,0,0,0,0,1,0,0,0,1,0,0,0,0,0,0,0,0,0,0,1,0,0,0,0,0,2,0,0,0,0,0,0,0,0,0,0,0,0,0,0,0,0,0
7495,0,6,12,12,0,1,8,4,0,7,1,8,0,0,0,2,1,3,0,0,0,0,0,0,1,0,0,0,2,0,0,0,0,0,0,0,0,2,0,1,0,0,0,0,0,0,0,0,0,0,0,0,0,0,0,0,0,0,0,0,0,0,0,0,0,0,0,0,0,0,0,0,0,0,0,0
7496,0,1,10,4,0,2,12,17,2,5,1,2,0,0,0,2,1,0,0,2,0,0,1,0,0,0,1,0,0,0,0,0,0,0,0,0,0,0,1,0,0,1,0,0,0,0,0,0,0,0,0,0,0,0,1,0,0,0,0,0,0,0,0,0,0,0,0,0,0,1,0,0,0,0,0,0
7497,0,1,10,6,0,0,3,6,0,5,4,1,0,0,0,0,0,2,0,0,0,1,3,0,0,0,1,0,0,0,0,0,1,0,0,0,0,0,0,0,0,1,2,1,0,1,0,0,0,0,0,0,0,0,0,0,0,0,0,0,0,0,0,0,0,0,0,0,0,0,0,0,0,0,0,0
7498,1,4,25,11,1,6,6,11,0,2,5,9,0,0,0,0,3,5,0,0,0,2,2,0,0,1,1,0,0,0,0,2,1,0,0,0,0,0,0,0,0,0,0,1,0,0,0,0,0,0,1,0,0,0,2,0,0,0,0,0,0,0,0,0,0,0,0,0,0,0,0,1,0,1,0,0
7499,0,1,8,10,1,1,8,11,1,7,1,3,0,0,0,0,4,4,0,2,0,1,4,0,0,0,0,0,2,0,0,0,1,0,1,0,0,0,0,0,0,0,0,1,0,0,0,0,0,0,0,0,0,0,1,0,0,0,1,0,0,0,0,0,0,0,0,0,0,0,0,0,0,0,0,0
7500,0,0,1,0,0,0,9,3,1,3,0,4,0,0,0,1,4,5,0,0,0,1,3,0,0,0,0,0,0,0,1,0,0,0,0,0,0,0,0,0,0,0,0,1,0,0,0,0,0,0,0,0,0,0,0,0,0,0,1,0,0,0,0,0,0,0,0,0,0,0,0,0,0,0,0,0
7501,0,1,11,6,0,0,2,2,0,1,0,1,0,0,0,0,0,3,0,0,0,0,0,0,0,0,0,0,0,0,0,0,0,0,0,0,0,0,0,0,0,4,0,1,0,0,0,0,0,0,0,0,0,0,0,0,0,0,0,0,0,0,0,0,0,0,0,0,0,0,0,0,0,0,0,0
7502,0,5,26,16,0,2,7,10,0,3,3,6,0,0,0,1,1,8,0,0,1,0,1,0,0,1,2,0,2,1,0,0,0,0,0,1,0,0,0,0,0,0,1,1,0,3,0,0,0,0,0,0,0,0,0,0,0,0,0,1,0,0,0,0,0,0,0,0,0,0,0,0,0,0,0,0
7503,0,0,5,3,0,3,3,4,0,0,2,0,0,0,0,0,1,1,0,0,0,0,0,0,0,0,1,0,0,0,0,0,1,0,0,0,0,0,0,0,0,1,0,1,0,0,0,0,0,0,0,0,0,0,0,0,0,0,0,0,0,0,0,0,1,0,0,0,0,0,0,0,0,0,0,0
7504,0,7,20,10,0,2,12,1,0,0,1,3,0,0,0,0,1,2,0,1,0,1,3,0,0,0,0,0,1,0,0,0,1,0,0,0,0,0,0,0,0,0,0,2,0,1,0,0,0,0,0,0,0,0,0,0,0,0,0,0,0,0,0,1,0,0,0,0,0,0,0,0,0,0,0,0
7505,0,1,14,8,0,0,16,7,0,3,0,3,0,0,1,3,1,2,0,0,0,0,4,0,0,0,2,0,0,1,0,0,0,0,0,0,0,1,0,0,0,4,0,1,0,0,0,0,0,0,0,0,1,1,0,0,0,1,0,1,0,0,0,0,1,0,0,0,0,0,0,0,0,0,0,0
7506,0,3,10,7,0,0,4,1,1,0,0,1,0,0,0,0,0,0,0,0,0,0,0,0,0,0,0,0,0,1,0,3,0,0,0,0,0,1,0,0,0,4,0,0,0,0,0,0,0,0,0,0,1,0,0,0,0,0,0,0,0,0,0,0,0,0,0,0,0,0,0,0,0,0,0,0
7507,0,3,15,4,0,0,2,3,1,1,0,0,0,0,0,0,0,3,0,0,0,0,1,0,0,0,0,1,0,0,0,0,0,0,0,0,0,0,0,0,0,1,0,0,0,0,0,0,0,0,0,0,0,0,0,0,0,0,0,0,0,0,0,0,0,0,0,0,0,0,0,0,0,0,0,0
7508,1,1,3,0,0,0,4,4,0,2,0,2,0,0,0,0,0,1,0,0,0,0,0,0,0,0,0,2,0,0,0,1,0,0,0,1,0,0,0,2,0,1,0,0,0,0,0,0,0,0,1,0,0,0,0,0,0,0,2,1,0,0,0,0,0,0,0,0,0,0,0,0,0,0,0,0
7509,0,1,7,4,1,0,6,10,1,3,0,1,0,0,0,3,2,2,0,2,0,0,0,0,0,0,0,1,0,1,0,0,0,0,0,0,0,6,0,0,0,7,0,0,0,0,0,0,0,0,0,0,0,0,0,0,0,0,0,2,0,0,0,0,0,0,0,0,0,0,0,0,0,0,0,0
7510,0,0,14,2,0,0,16,21,1,4,1,6,0,0,0,2,0,2,0,2,0,1,1,0,1,0,0,0,0,0,0,0,0,0,0,0,0,2,0,0,2,5,0,0,0,0,0,0,1,0,2,0,0,0,0,0,0,1,0,0,0,0,0,0,0,0,0,0,0,0,0,0,0,0,0,0
7511,0,0,6,8,0,0,5,0,1,1,0,3,0,0,0,0,0,1,1,0,0,0,1,1,0,1,0,0,0,0,0,0,0,0,0,0,0,1,0,0,0,0,0,4,0,0,0,0,0,0,0,0,0,0,0,0,0,0,0,0,0,0,0,0,0,0,2,0,0,0,0,0,0,0,0,0
7528,0,3,6,7,0,0,1,0,1,0,0,4,0,0,0,0,0,2,1,0,0,1,1,0,0,0,0,1,0,0,0,1,0,0,0,0,0,0,0,0,0,0,0,0,0,0,0,0,0,0,0,0,0,0,0,0,0,0,0,0,0,0,0,0,0,0,0,0,0,0,0,0,0,0,0,0
7529,1,5,22,10,0,0,2,9,2,1,1,3,0,0,0,2,0,2,0,0,0,0,0,0,0,0,0,1,0,0,0,0,2,0,0,0,1,1,0,0,0,0,0,13,0,0,0,0,0,0,0,0,0,0,0,0,0,0,2,0,0,0,0,0,0,0,2,0,1,0,0,0,0,0,0,1
7530,0,0,6,0,0,0,5,4,0,3,0,2,0,0,0,0,0,3,0,0,0,0,1,0,1,0,1,0,0,0,0,1,0,0,0,0,0,5,0,0,0,1,0,0,1,0,0,0,0,0,0,0,0,0,0,0,0,0,0,0,0,0,0,0,0,0,0,0,0,0,0,0,0,0,0,0
7531,0,1,9,4,0,0,1,3,2,1,1,0,0,0,0,0,0,2,0,0,0,0,0,0,0,0,0,0,0,0,0,1,0,0,0,0,0,0,0,0,0,1,0,2,0,0,0,0,0,0,0,0,2,0,0,0,0,0,0,0,0,0,0,0,1,0,0,0,0,0,0,0,0,0,0,0
7532,0,2,7,4,0,0,1,11,4,5,3,7,0,0,0,1,1,9,0,2,0,1,3,0,1,0,0,0,2,0,0,2,0,0,0,0,0,0,0,0,0,1,0,0,0,1,0,0,0,0,0,0,0,0,1,0,0,0,0,0,0,0,0,0,0,0,0,0,0,0,0,0,0,0,0,0
7533,0,9,18,20,0,4,13,23,7,3,3,7,0,0,0,1,4,2,0,2,0,0,6,0,3,0,0,0,2,0,0,2,0,0,0,0,0,3,1,1,0,2,0,3,0,1,0,0,0,0,0,0,1,0,0,0,0,0,0,0,0,0,0,0,0,0,0,0,0,0,0,0,0,0,0,0
7534,0,7,11,5,0,0,17,13,1,6,2,5,0,0,1,1,3,4,0,0,0,0,2,0,1,0,1,0,0,0,0,0,1,0,0,0,0,0,0,0,0,1,1,0,0,0,0,0,0,0,0,0,1,0,0,0,0,0,0,0,0,0,0,0,1,0,0,0,0,0,1,0,0,0,0,0
7536,0,5,28,18,0,6,5,6,0,3,0,4,0,0,0,0,0,5,0,1,0,0,2,0,0,0,1,0,2,0,0,0,0,0,0,0,0,1,0,0,1,0,0,0,0,0,0,0,0,0,0,0,1,0,0,0,0,0,1,1,0,0,0,0,0,0,0,1,0,0,0,0,0,0,0,0
7537,0,1,8,4,0,0,2,0,1,0,0,0,0,0,0,0,0,2,0,0,0,0,1,0,0,0,0,0,0,0,0,0,0,0,0,0,0,1,0,0,0,0,0,2,0,0,0,0,0,0,1,0,1,0,0,0,0,0,0,0,0,0,0,0,0,0,0,0,0,0,0,0,0,0,0,0
7538,0,1,17,15,0,2,14,8,2,3,3,2,0,0,0,0,0,5,0,0,0,2,3,1,0,0,0,0,1,0,0,0,1,0,0,0,0,0,0,0,0,0,0,0,0,1,0,0,1,0,0,0,0,0,0,0,0,0,1,0,0,0,0,0,0,0,0,0,0,0,0,0,0,0,0,0
7539,0,5,18,18,0,0,11,24,2,6,1,8,0,0,0,1,2,6,0,0,4,0,2,3,0,0,0,3,0,0,0,6,1,0,0,3,0,0,2,0,0,1,1,1,0,0,0,0,1,1,0,0,0,0,1,0,0,0,0,0,0,0,0,0,1,0,3,0,0,0,0,0,0,0,0,0
7540,0,5,23,11,0,0,17,13,1,5,0,8,0,0,0,5,1,2,0,1,0,0,1,0,0,0,2,2,0,0,0,4,1,0,0,4,4,2,2,0,0,3,3,3,0,0,0,0,0,0,0,0,0,0,0,0,0,0,0,0,0,1,0,0,0,0,1,0,0,0,0,0,0,0,0,0
7541,0,1,5,4,0,1,8,15,0,2,1,1,0,0,1,0,1,2,0,0,0,1,0,0,1,1,0,0,0,0,0,1,0,0,0,0,1,1,0,0,0,2,0,2,0,0,0,0,0,0,0,0,0,0,0,0,0,0,0,0,0,0,0,0,0,0,0,0,0,0,0,0,0,0,0,0
7542,0,0,14,6,0,2,22,7,1,7,1,4,0,0,0,1,2,1,0,0,0,0,4,0,0,0,1,0,0,0,2,0,0,0,0,0,0,2,0,1,0,3,1,0,0,0,0,0,1,0,0,0,0,0,0,0,0,0,0,0,0,0,0,0,0,0,0,0,0,0,0,0,0,0,0,0
7543,0,1,7,3,0,0,4,8,0,1,0,1,0,0,0,0,0,7,0,0,0,3,5,0,0,0,0,0,0,0,1,0,0,0,0,0,0,5,0,0,1,10,1,0,0,0,0,0,1,0,0,0,0,0,0,0,0,0,1,0,0,0,0,0,1,0,0,0,0,0,1,0,0,0,0,0
7544,0,2,7,8,0,0,6,14,0,5,0,3,0,0,0,3,0,4,0,0,0,1,2,0,0,0,0,0,0,1,0,0,0,0,0,0,0,3,0,0,1,2,0,1,0,0,0,0,0,0,0,0,0,0,0,0,0,0,0,0,0,0,0,0,0,0,0,0,0,0,0,0,0,0,0,0
7545,0,0,15,10,0,0,16,14,0,3,0,4,0,0,0,0,2,6,0,2,0,1,3,0,0,0,1,0,0,0,2,0,1,0,0,3,0,3,2,1,0,3,1,3,0,0,0,0,0,0,0,0,0,0,0,0,0,0,0,1,0,0,0,0,0,0,0,0,0,1,1,0,0,0,0,0
7546,1,4,16,10,0,0,8,9,0,1,0,5,0,0,0,1,0,2,0,1,0,4,4,0,1,1,2,0,0,0,0,1,0,0,0,0,0,0,0,0,0,2,0,0,0,2,0,0,0,0,0,0,0,0,0,0,0,0,1,2,0,0,0,0,0,0,0,0,0,0,0,0,0,0,0,0
7547,1,1,10,4,0,1,5,16,0,6,0,1,0,0,0,0,2,1,0,0,0,0,1,0,1,0,1,0,0,0,0,0,0,0,0,0,0,0,0,1,0,1,0,2,0,0,0,0,0,0,0,0,0,0,0,0,0,0,0,0,0,0,0,0,0,0,1,0,0,0,0,0,0,0,0,0
7548,0,15,56,35,0,4,65,30,3,4,1,9,0,0,0,0,1,12,1,0,0,3,10,0,1,0,1,0,5,1,0,2,1,0,0,1,0,5,0,0,0,12,3,1,0,2,0,0,1,0,0,0,0,0,0,0,0,0,0,1,0,0,0,0,0,0,0,0,0,0,3,0,0,0,0,0
7549,0,1,11,5,0,1,15,15,4,9,3,3,0,0,0,1,0,7,0,0,0,0,0,0,0,1,0,0,0,1,0,3,2,0,1,0,0,0,1,0,0,0,0,0,0,0,0,0,1,0,0,0,0,0,1,0,0,0,2,0,0,0,0,0,0,0,0,0,0,0,0,0,0,0,0,0
7550,0,1,7,3,0,0,1,10,0,0,0,6,0,0,0,0,0,0,0,0,4,0,1,0,0,0,0,0,0,0,0,6,0,1,0,3,0,0,1,2,0,1,0,2,0,0,0,0,0,0,0,0,0,0,0,0,0,0,1,0,0,0,0,0,0,0,0,0,0,0,0,0,0,0,0,0
7551,0,7,15,13,0,0,19,9,0,5,2,4,0,0,0,0,3,2,0,0,0,0,3,0,3,0,0,0,0,0,0,0,0,0,0,0,0,4,0,0,1,2,2,0,0,1,0,0,0,0,0,0,0,1,0,0,0,0,1,0,0,1,0,0,0,0,0,0,0,0,0,0,0,0,0,0
7552,0,0,12,6,0,0,6,25,1,0,0,3,0,0,0,0,0,1,0,0,0,0,3,1,1,0,0,1,0,1,0,2,1,0,0,2,0,0,0,0,0,2,0,0,0,0,0,0,1,0,0,0,0,0,3,0,0,0,0,0,0,0,0,0,0,0,0,0,0,1,0,0,0,0,0,0
7553,0,5,20,14,0,0,5,3,2,4,1,0,0,0,0,1,2,7,0,0,0,0,0,0,0,0,2,0,0,1,0,0,1,0,0,0,0,0,0,2,1,5,1,0,0,0,0,1,0,0,0,0,1,0,0,0,0,0,0,0,0,0,0,0,0,0,0,1,0,0,0,0,0,0,0,0
7554,0,1,28,13,0,0,6,7,2,1,0,9,0,0,0,0,0,0,0,0,0,2,0,0,1,2,0,3,0,1,0,0,0,1,0,1,0,1,0,0,0,2,0,2,0,0,1,0,1,0,0,0,2,0,0,0,0,0,1,0,0,0,0,0,0,0,0,0,0,0,0,0,0,0,0,0
7555,0,4,20,10,0,2,3,9,0,3,0,0,0,0,0,1,0,0,1,0,0,0,0,0,2,0,1,0,0,2,2,0,1,1,0,0,0,2,1,0,0,3,1,0,0,0,0,0,0,0,0,0,1,0,0,0,0,0,0,0,0,0,0,0,0,0,0,0,0,0,0,0,0,0,0,0
7556,0,1,4,7,0,0,12,9,1,1,2,0,0,0,0,1,0,6,0,0,1,0,0,0,0,0,1,0,1,0,0,0,0,0,0,0,0,1,1,0,0,0,0,1,0,0,0,0,0,0,0,0,0,0,0,0,0,0,0,0,0,0,0,0,0,0,0,0,0,0,0,0,0,0,0,0
7557,0,3,22,12,0,0,9,7,2,3,0,5,0,0,0,0,3,3,0,1,0,1,4,0,0,0,0,1,0,0,0,0,0,0,0,0,0,1,0,1,0,2,0,2,0,0,0,0,0,0,0,0,0,0,1,0,0,0,2,0,0,0,0,0,0,0,0,0,0,0,0,0,0,0,0,0
7581,0,2,16,4,0,0,1,14,2,3,1,3,0,0,0,0,0,0,1,0,0,1,1,0,2,0,0,0,0,0,0,0,0,0,0,0,0,0,0,0,0,0,0,0,0,0,0,0,0,0,0,0,0,0,0,0,0,0,2,0,0,0,0,0,0,0,1,0,0,0,0,0,0,0,0,0
7582,0,0,5,5,0,0,4,3,0,0,0,4,0,0,0,1,0,0,0,0,0,1,1,0,0,0,0,0,0,0,0,0,0,0,0,0,0,0,0,0,0,0,0,0,0,1,0,0,0,0,0,0,0,0,0,0,0,0,0,0,0,0,0,0,0,0,1,0,0,0,0,0,0,0,0,0
7583,0,0,9,2,0,0,4,8,2,6,0,3,0,0,0,0,2,0,0,0,0,0,1,0,0,0,1,0,0,0,0,1,0,0,0,0,0,3,0,0,0,0,0,0,1,1,0,0,0,0,0,0,0,1,0,0,0,0,0,0,0,0,0,0,0,0,0,0,0,0,0,0,0,0,0,0
7584,0,2,9,1,0,0,1,2,2,1,0,0,0,0,0,2,0,3,0,0,0,0,2,0,0,0,1,0,0,0,0,0,1,0,0,0,0,0,0,0,0,0,0,0,0,0,0,0,0,0,0,0,0,0,0,0,0,0,0,0,0,0,0,0,0,0,1,0,0,0,0,0,0,0,0,0
7586,1,5,16,24,0,0,6,14,1,0,1,3,0,0,0,0,1,1,0,0,0,0,1,0,0,0,4,0,1,0,0,0,0,0,0,0,0,0,0,0,0,0,1,0,0,0,0,0,0,0,0,0,0,0,0,0,0,0,0,0,0,0,0,0,0,0,0,0,0,0,0,0,0,0,0,0
7587,0,4,39,26,0,2,36,33,6,13,7,3,0,0,1,0,4,16,0,0,0,0,5,0,1,0,5,1,2,0,0,1,1,0,0,0,0,2,0,1,0,1,0,3,0,2,0,0,0,0,0,0,1,0,1,0,0,0,1,0,0,0,0,1,0,0,2,0,0,0,0,0,0,0,0,2
7588,0,5,8,3,0,0,1,0,0,2,0,0,0,0,0,0,0,3,0,0,0,0,0,0,0,0,0,0,0,0,2,0,0,0,0,0,0,0,0,0,0,1,0,0,0,0,0,0,0,0,0,0,0,0,0,0,0,0,0,0,0,0,0,0,0,0,1,0,0,0,0,0,0,0,0,0
7589,0,5,16,15,0,1,17,23,0,7,4,5,0,1,0,0,0,5,0,0,0,0,0,0,1,0,0,0,0,0,0,0,2,0,0,0,0,1,2,0,0,2,0,2,0,0,0,0,0,0,0,0,1,0,1,0,1,0,5,0,0,0,0,0,1,0,0,0,0,0,0,0,0,0,0,1
7590,0,13,21,26,0,3,24,17,1,10,1,4,0,0,0,1,2,4,0,0,0,1,10,0,1,0,2,0,2,0,0,1,0,0,0,0,0,5,0,0,0,1,2,2,0,0,0,0,0,0,0,0,3,0,0,0,0,0,0,0,0,1,0,0,0,0,0,0,0,0,0,0,0,0,0,0
7591,0,4,19,12,0,3,5,5,0,2,1,3,0,0,0,2,4,3,1,1,0,0,2,0,0,0,1,0,1,0,0,0,0,0,0,0,0,1,0,0,0,1,0,0,0,0,0,0,1,0,0,0,1,0,0,0,0,0,2,1,0,0,0,0,0,0,0,0,0,0,0,0,0,0,0,0
7592,1,5,7,11,0,0,4,13,1,4,1,3,0,0,0,0,2,4,1,0,0,0,0,0,0,0,2,1,2,1,0,0,1,0,0,0,0,2,0,1,0,2,2,0,0,0,0,0,0,0,0,0,1,0,0,0,0,0,0,0,0,1,0,0,0,0,0,0,0,0,0,0,0,0,0,0
7593,0,6,28,16,0,0,11,6,4,2,2,5,0,0,0,4,3,7,1,1,0,1,1,0,0,0,1,0,0,0,0,0,0,0,0,0,0,2,0,0,0,2,0,5,4,1,0,0,0,0,0,0,0,0,0,0,0,0,1,0,0,0,0,0,0,0,0,0,0,0,0,0,0,0,0,0
7595,0,0,8,2,0,0,9,8,1,1,1,1,0,0,0,0,1,0,0,0,0,0,1,0,0,0,1,0,0,0,0,0,0,0,0,2,0,0,0,0,0,0,0,2,0,0,0,0,0,0,0,0,0,0,0,0,0,0,0,0,0,0,0,0,0,0,0,0,0,0,0,0,0,0,0,0
7596,0,6,15,10,0,1,8,2,0,0,1,1,1,0,0,1,6,5,1,0,0,0,1,0,4,0,1,0,0,0,0,0,0,0,0,1,0,1,0,1,0,0,0,0,0,0,0,0,0,0,0,0,0,0,0,0,0,0,0,0,0,0,0,0,0,0,0,0,0,0,0,0,0,0,0,0
7597,3,3,9,8,3,2,8,14,0,2,0,3,0,0,0,0,0,1,0,1,0,0,3,0,1,0,2,1,0,1,0,3,0,0,0,2,0,0,0,0,2,0,0,0,0,0,0,0,0,0,0,0,0,0,1,0,0,0,0,0,0,0,0,0,0,0,0,0,0,0,0,0,0,0,0,0
7598,0,2,15,10,0,4,17,9,2,4,2,0,0,0,0,0,1,3,0,2,0,0,1,0,0,0,1,1,0,0,0,2,0,0,0,1,0,0,0,0,0,3,0,0,0,1,0,0,0,0,0,0,0,0,0,0,0,0,0,0,0,0,0,0,0,0,0,0,0,0,0,0,0,0,0,0
7599,0,2,25,8,0,1,8,3,4,3,4,2,0,0,0,2,0,5,0,0,0,0,1,0,0,0,1,0,0,0,0,0,0,0,0,0,0,1,0,0,0,2,0,4,0,1,0,0,0,0,0,0,0,0,0,0,0,0,1,0,0,0,0,0,0,0,2,0,0,0,0,0,0,0,0,0
7600,0,1,10,1,0,1,6,3,1,5,0,0,0,0,0,0,1,2,0,0,0,0,1,0,0,1,1,0,0,0,0,1,2,0,0,0,0,2,0,0,0,1,0,0,0,0,0,0,0,0,0,0,0,0,0,0,0,0,0,0,0,0,0,0,0,0,0,0,0,0,0,0,0,0,0,0
7601,0,2,1,4,0,0,8,11,0,2,0,1,0,0,0,2,1,2,0,0,1,0,2,0,0,0,1,0,0,0,0,3,0,1,0,0,0,2,0,0,2,1,0,0,0,0,0,0,0,0,1,0,0,0,0,0,0,0,0,0,0,0,0,0,0,0,0,0,0,0,0,0,0,0,0,0
7602,0,12,37,23,0,0,3,9,1,5,0,2,0,0,0,1,1,7,0,0,0,0,4,0,0,0,0,0,0,2,0,0,1,0,0,0,1,6,0,0,0,2,0,0,0,0,0,0,0,0,0,0,0,0,0,0,0,0,1,1,0,1,0,0,0,0,0,0,0,0,0,0,0,0,0,0
7603,0,5,22,13,0,4,22,15,1,7,1,1,0,0,0,1,1,3,0,0,0,0,1,0,0,0,0,0,1,1,0,0,2,0,0,0,0,2,0,0,0,1,0,0,1,1,0,0,0,0,0,0,0,0,0,0,0,0,2,0,0,0,0,0,0,0,0,0,0,0,1,0,0,0,0,0
7605,0,1,10,3,0,0,1,4,2,2,0,3,0,0,0,0,0,1,0,0,0,0,0,0,0,0,0,0,0,0,0,0,1,0,0,1,0,1,0,0,0,0,0,4,0,0,0,0,0,0,0,0,0,0,0,0,0,0,0,0,0,0,0,0,0,0,1,0,0,0,0,0,0,0,0,0
7606,0,4,8,5,0,0,8,38,0,0,0,13,0,0,0,3,0,1,0,0,2,0,2,3,1,0,1,0,0,0,0,21,1,1,0,1,0,0,1,3,0,1,1,0,0,0,0,0,0,0,1,0,0,0,0,0,0,1,0,0,0,0,0,1,0,0,0,0,0,0,0,1,0,0,0,0
7607,0,1,12,6,0,0,3,14,2,1,1,4,0,0,0,2,0,3,0,0,1,0,1,0,0,0,0,0,0,2,0,2,0,0,0,1,0,0,0,0,0,0,0,0,0,0,0,0,0,0,0,0,0,1,1,0,0,0,1,0,0,0,0,0,0,0,0,0,0,1,0,0,0,0,0,0
7609,0,5,15,22,0,3,26,14,1,9,0,7,0,0,0,1,2,8,0,0,0,4,5,0,1,0,3,0,2,0,0,0,1,0,0,1,0,2,0,0,1,8,0,0,0,0,0,0,1,0,0,0,0,0,1,0,0,0,0,0,0,0,0,0,0,0,0,0,0,0,1,0,0,0,0,0
7610,0,3,13,6,0,0,1,2,0,0,1,3,0,0,0,0,0,0,0,0,0,0,0,0,0,0,2,0,1,0,0,0,0,0,0,0,0,0,0,0,0,0,0,0,0,0,0,0,0,0,0,0,0,0,0,0,0,0,0,0,0,0,0,0,0,0,0,0,0,0,0,0,0,0,0,0
7611,2,4,12,7,0,3,15,24,0,1,1,4,0,0,1,2,1,3,0,0,0,2,3,0,1,0,3,0,2,0,0,0,1,0,0,0,0,0,0,0,0,0,0,0,0,0,0,0,0,0,0,0,1,0,0,0,0,0,2,0,0,0,0,0,0,0,0,0,0,0,0,0,0,0,0,0
7631,0,5,10,4,0,0,1,4,4,0,0,0,0,0,0,0,0,4,1,0,0,0,0,0,0,0,1,0,0,0,0,0,1,0,0,0,0,0,0,0,0,0,0,0,0,0,0,0,0,0,0,0,0,0,0,0,0,0,0,0,0,0,0,0,0,0,0,0,0,0,0,0,0,0,0,0
7632,0,5,13,12,0,0,6,11,4,4,3,1,0,0,0,2,2,1,0,2,0,0,6,0,0,0,0,0,1,0,0,0,0,0,0,0,0,2,0,0,0,3,1,1,0,1,0,0,0,0,1,0,0,0,0,0,0,0,0,0,0,0,0,0,0,0,2,0,0,0,0,0,0,0,0,0
7633,0,5,26,19,0,0,0,0,0,0,1,1,0,0,0,1,0,0,0,0,0,0,1,0,0,0,0,0,0,0,0,0,0,0,0,0,0,0,0,0,0,1,0,0,0,0,0,0,1,0,0,0,0,0,0,0,0,0,0,0,0,0,0,0,0,0,0,0,0,0,0,0,0,0,0,0
7635,0,2,3,3,0,0,1,5,5,2,0,2,0,0,0,2,0,0,0,0,0,0,2,0,0,0,0,0,0,0,0,2,0,0,0,0,0,0,1,0,0,0,0,3,0,0,0,0,0,0,0,0,0,0,0,0,0,0,0,0,0,0,0,0,0,0,0,0,0,0,0,0,0,0,0,0
7636,0,2,10,4,0,0,4,4,0,5,0,1,0,0,0,2,2,4,0,0,0,1,4,0,0,0,1,0,0,0,2,1,0,0,0,0,0,1,0,0,0,0,0,4,0,1,0,0,0,0,0,0,0,0,0,0,0,0,0,0,0,0,0,0,0,0,0,0,0,0,0,0,0,0,0,0
7637,0,1,7,3,0,0,1,11,0,2,0,4,0,0,0,1,0,2,1,0,0,0,1,0,1,0,0,0,2,0,0,0,1,0,0,1,0,1,0,0,0,1,2,1,0,1,0,0,0,0,0,0,0,0,0,0,0,0,2,0,0,0,0,0,0,0,0,0,0,0,0,0,0,0,0,0
7639,1,2,17,9,0,0,2,8,0,0,1,1,0,0,0,2,0,0,0,0,0,0,1,0,0,1,2,1,1,0,0,0,0,0,0,0,0,1,0,0,0,0,0,0,0,0,0,0,0,0,0,0,0,0,0,0,0,0,0,0,0,0,0,0,0,0,0,0,0,0,0,0,0,0,0,0
7640,0,0,1,0,0,0,9,1,0,2,0,3,0,0,1,0,1,2,0,0,0,0,1,0,0,0,1,0,0,0,0,0,0,0,0,0,0,0,0,0,0,0,0,1,0,0,0,0,0,0,0,0,0,0,0,0,0,0,0,0,0,0,0,0,0,0,0,0,0,0,0,0,0,0,0,0
7641,0,9,24,20,0,1,13,25,2,10,2,6,0,0,0,2,4,8,0,0,0,0,12,0,0,1,0,0,2,0,0,1,0,0,0,0,0,2,1,0,0,0,1,0,0,1,0,0,0,0,0,0,0,0,0,0,0,0,6,2,0,0,0,0,0,0,0,0,0,0,1,0,0,0,0,0
7642,1,3,13,14,0,2,18,33,1,2,0,4,0,0,0,1,1,6,0,0,1,0,2,2,0,0,1,7,2,0,0,13,1,0,0,3,0,1,1,0,0,1,0,0,0,0,0,0,0,0,0,0,0,0,1,0,0,0,1,0,0,0,0,1,0,0,1,0,0,0,0,0,0,0,0,0
7643,1,2,16,5,2,1,3,27,0,2,0,4,0,0,0,0,1,0,0,0,0,0,0,0,0,0,1,3,0,1,0,2,0,0,0,6,0,4,1,1,0,0,0,0,0,0,0,0,0,0,1,0,0,0,2,0,0,0,0,0,0,0,0,0,0,0,0,0,0,0,0,0,0,1,0,0
7644,0,2,14,10,0,0,4,9,0,1,1,3,0,0,0,0,0,2,0,0,0,1,1,0,1,1,0,0,0,0,0,0,0,0,0,0,0,2,0,0,0,2,2,2,0,0,0,0,0,0,0,0,0,0,0,0,0,0,0,0,0,1,0,0,0,0,0,0,0,0,0,0,0,0,0,0
7645,0,1,14,5,0,3,6,8,1,3,0,2,0,0,0,1,0,1,0,0,2,0,0,0,0,0,0,0,1,1,0,0,2,0,0,0,0,0,1,0,0,0,0,4,0,0,0,0,0,0,0,0,0,1,0,0,0,0,0,0,0,0,0,0,0,0,0,0,0,0,0,0,0,0,0,0
7646,0,1,17,10,0,0,1,2,1,0,0,1,0,0,0,0,0,0,0,0,0,0,2,0,0,0,0,0,0,0,0,1,0,0,0,0,1,2,0,0,0,1,0,0,0,0,0,0,0,0,0,0,0,0,0,0,0,0,0,0,0,0,0,0,0,0,0,0,0,0,0,0,0,0,0,0
7647,0,3,1,0,0,1,14,9,0,1,0,3,0,0,0,1,2,2,0,0,0,0,0,0,0,0,0,0,0,0,0,0,0,0,0,0,5,1,0,1,2,3,1,1,0,0,0,0,0,0,0,0,1,0,0,0,0,0,1,0,0,0,0,0,0,0,0,0,0,0,0,0,0,0,1,0
7648,0,1,6,1,0,0,11,2,0,1,0,0,0,0,0,0,1,0,0,0,0,0,0,0,0,0,0,1,0,0,0,0,0,0,0,1,0,2,0,0,0,2,0,2,0,0,0,0,0,0,0,0,0,0,0,0,0,0,0,0,0,0,0,0,1,0,0,0,0,0,0,0,0,0,0,0
7649,0,1,9,2,4,1,7,15,1,0,2,3,1,0,0,1,0,3,0,0,0,0,0,0,0,0,0,1,3,0,0,0,0,0,0,6,1,0,1,0,0,0,0,0,0,0,0,0,0,0,0,0,0,0,2,0,0,0,0,1,0,0,0,0,0,0,0,0,0,1,0,0,0,0,0,0
7650,0,9,44,20,0,2,15,17,2,3,6,6,0,0,0,0,1,7,0,0,0,1,3,0,0,0,1,0,1,0,0,0,0,0,0,0,0,4,0,0,0,0,3,0,0,2,0,0,0,0,0,0,1,0,0,0,0,1,2,3,0,0,0,0,0,0,1,0,0,0,0,0,0,0,0,0
7652,0,7,33,11,1,1,19,8,1,4,1,2,0,0,0,2,1,6,0,0,0,0,3,0,0,0,0,0,0,0,0,2,0,0,0,0,0,1,0,0,0,0,0,2,0,1,0,0,0,0,0,0,1,0,0,0,0,0,1,0,0,0,0,0,0,0,1,0,0,0,0,0,0,0,0,0
7653,0,3,26,19,0,0,16,12,0,11,0,6,0,0,0,4,3,3,0,0,1,0,8,0,1,0,3,2,0,4,1,2,1,0,0,0,0,0,2,3,0,9,2,1,1,0,0,0,1,0,0,0,4,0,2,0,0,0,1,0,0,1,1,0,1,0,1,0,0,0,0,0,0,0,0,0
7654,0,3,16,8,0,0,15,9,0,6,3,1,0,0,0,2,3,3,0,0,0,0,4,0,2,0,3,0,0,0,0,0,0,0,0,0,0,6,1,0,0,3,0,0,0,0,0,0,0,0,1,0,0,0,0,0,0,0,0,0,0,1,0,0,0,0,0,0,0,0,0,0,0,0,0,0
7655,0,2,6,6,0,0,8,10,0,2,1,2,0,0,0,2,0,3,0,0,0,0,1,0,0,0,0,0,1,1,0,0,0,0,0,0,0,3,0,0,1,1,0,0,0,0,0,0,0,0,0,0,0,0,0,0,0,0,0,0,0,0,0,0,0,0,0,0,0,0,0,0,0,0,0,0
7656,0,1,0,2,0,0,7,5,0,4,0,1,0,0,0,1,1,1,0,0,0,1,2,2,0,0,0,0,0,0,0,0,1,0,0,2,0,1,0,0,0,0,0,0,0,0,0,0,0,0,0,0,0,0,2,0,0,0,0,0,0,0,0,0,0,0,0,0,0,0,0,0,0,0,0,0
7658,0,0,8,3,0,0,8,12,0,4,0,1,0,0,0,2,1,7,0,1,0,0,1,0,2,0,1,1,0,0,0,0,0,0,0,0,0,1,0,1,2,2,0,1,0,0,0,0,0,0,0,0,1,0,0,0,0,0,0,0,0,0,0,0,0,0,0,0,0,0,0,0,0,0,0,0
7659,1,8,13,10,0,0,10,7,1,4,0,2,0,0,0,2,0,0,0,0,0,2,1,0,2,0,0,0,3,0,1,0,0,0,0,0,0,0,0,0,0,0,3,1,0,0,0,0,0,0,0,0,0,0,0,0,0,0,0,0,0,0,0,0,0,0,0,0,0,0,0,0,0,1,0,0
7660,0,4,12,11,0,0,4,2,2,0,0,3,0,0,1,1,0,1,1,0,0,0,0,0,1,0,2,1,0,0,0,0,1,2,0,0,0,0,0,0,0,0,0,0,0,0,0,0,0,0,0,0,0,0,0,0,0,0,0,0,0,0,0,0,0,0,0,0,0,1,0,0,0,0,0,0
7676,0,5,26,22,1,0,2,3,0,0,0,3,0,0,0,5,1,0,0,0,0,0,0,0,0,0,0,0,0,0,0,0,0,0,0,0,0,1,0,0,1,0,0,1,0,0,0,0,0,0,0,0,0,0,0,0,0,0,0,0,0,0,0,0,0,0,5,0,0,0,1,0,0,0,0,0
7677,0,8,26,14,0,3,9,6,4,4,3,4,0,0,0,1,1,1,0,1,0,0,2,0,0,0,1,0,0,1,0,0,0,1,0,0,0,0,1,0,0,1,0,0,0,1,0,0,0,0,0,0,0,0,0,0,0,0,0,0,0,0,0,0,1,0,0,1,0,0,0,0,0,0,1,0
7678,0,0,16,8,0,1,4,0,3,1,0,2,0,0,0,2,1,1,0,0,0,1,0,0,0,0,0,0,0,0,0,0,0,0,0,0,0,0,0,0,0,0,1,2,0,0,0,0,0,0,0,0,1,0,0,0,0,0,0,0,0,0,0,0,0,0,0,0,0,0,0,0,0,0,0,0
7679,0,3,14,2,0,0,5,3,2,5,0,2,0,0,0,0,2,1,0,0,0,0,4,0,0,0,3,0,2,0,0,1,0,0,0,0,0,0,0,0,0,2,0,0,0,0,0,0,0,0,0,0,0,0,0,0,0,0,1,0,0,0,0,0,0,0,0,0,0,0,0,0,0,0,0,1
7680,0,3,8,5,0,1,1,1,0,0,1,8,0,0,0,0,2,0,0,0,0,1,2,0,0,0,0,0,0,0,0,0,0,0,0,0,0,0,0,0,0,0,1,0,0,0,0,0,0,0,0,0,0,0,0,0,0,0,0,0,0,0,0,0,0,0,0,0,0,0,0,0,0,0,0,0
7681,0,0,0,1,0,0,10,7,0,2,1,3,0,0,1,0,1,2,0,0,0,0,0,0,0,0,0,0,0,0,0,0,1,0,0,0,0,0,1,1,0,0,2,0,0,1,0,0,0,0,0,0,0,0,0,0,0,1,0,0,0,0,0,0,0,0,0,0,0,0,0,0,0,0,0,0
7682,0,8,30,21,0,0,10,5,2,1,2,3,0,0,0,0,1,4,0,0,0,2,0,1,1,0,2,1,0,0,0,0,0,0,0,0,0,1,0,0,0,1,0,0,0,1,0,0,0,0,0,0,0,0,0,0,0,0,2,0,0,0,0,0,0,0,0,0,0,0,0,0,0,0,0,0
7683,0,1,7,2,0,2,19,3,0,6,2,3,0,0,0,0,0,0,0,0,0,0,0,0,2,0,0,1,0,0,0,1,1,0,0,1,0,2,1,0,0,1,0,1,0,0,0,0,0,0,0,0,0,0,0,0,0,0,1,0,0,0,0,0,0,0,0,0,0,0,0,0,0,0,0,0
7684,0,1,4,3,0,2,9,6,1,5,3,1,0,0,0,0,1,0,2,2,0,0,1,0,0,0,1,0,1,0,0,0,0,0,0,0,0,0,0,0,0,0,0,0,0,0,0,0,0,0,0,0,0,0,0,0,0,0,0,0,0,0,0,0,0,0,0,0,0,0,0,0,0,0,0,0
7686,0,0,6,0,0,0,14,14,0,7,0,9,0,0,0,1,0,6,0,0,0,0,2,0,3,0,1,0,1,0,0,0,0,0,0,0,1,1,0,0,1,4,1,0,0,0,0,0,0,0,0,0,1,0,0,0,0,0,0,0,0,0,0,0,0,0,0,0,0,0,0,0,0,0,0,0
7687,0,0,1,1,0,1,1,5,1,2,4,0,0,0,0,0,0,1,0,1,0,0,1,0,0,0,0,0,1,0,0,0,0,0,0,0,0,0,1,0,0,0,0,1,0,1,0,0,0,0,0,0,0,0,0,0,0,0,0,0,0,0,0,0,0,0,0,0,0,0,0,0,0,0,0,0
7688,0,2,14,3,0,0,2,4,1,0,1,1,0,0,0,0,0,0,0,0,0,0,0,0,0,0,0,0,0,1,0,0,0,0,0,0,0,0,0,0,0,0,0,1,0,0,0,0,0,0,0,0,1,0,0,0,0,0,0,0,0,0,0,0,0,0,0,0,0,0,0,0,0,0,0,0
7689,0,3,15,15,0,1,10,20,2,9,0,7,0,0,0,2,2,2,0,0,0,1,4,0,1,0,0,0,1,2,1,0,0,0,0,0,0,3,0,0,0,3,2,1,0,0,0,0,1,0,0,0,0,0,0,0,0,1,0,1,0,0,0,0,0,0,0,0,0,1,0,0,0,0,0,0
7690,0,2,24,3,0,1,18,9,1,8,0,0,0,0,0,0,2,8,0,1,0,2,8,0,0,0,1,1,1,1,0,0,0,0,1,0,0,2,0,0,0,2,1,1,0,0,0,0,0,0,0,0,2,0,0,0,0,0,2,0,0,0,0,0,0,0,0,0,0,0,0,0,0,0,0,0
7691,1,7,32,13,0,4,11,9,2,3,0,5,0,0,0,0,0,3,0,0,0,0,7,0,0,0,1,0,1,1,0,0,3,0,0,0,0,1,0,0,0,0,0,0,0,1,1,0,0,0,0,0,1,0,0,0,0,0,1,1,0,1,0,0,1,0,1,0,0,0,0,0,0,1,0,0
7692,0,1,4,7,0,0,2,10,0,4,1,2,0,0,0,0,1,0,0,0,0,0,1,0,0,0,0,0,0,0,1,1,0,0,0,0,0,0,0,0,0,2,2,0,0,0,0,0,0,0,0,0,0,0,0,0,0,0,0,0,0,0,0,0,0,0,0,0,0,0,0,0,0,0,0,0
7693,0,2,12,7,0,0,15,12,1,10,5,10,0,0,0,0,0,5,0,0,0,0,3,0,1,0,2,0,0,0,0,2,3,0,0,0,0,1,0,0,0,4,0,1,0,2,0,0,0,0,0,0,2,0,0,0,0,0,0,0,0,0,0,0,0,0,0,0,0,0,1,0,0,1,0,0
7694,0,6,40,31,0,3,10,25,0,3,0,4,0,0,0,0,0,4,0,0,2,1,2,3,0,0,1,4,1,4,0,1,2,0,0,0,0,0,0,1,0,8,1,0,0,0,0,0,0,2,0,0,3,0,1,0,0,0,1,0,0,0,0,0,0,0,0,0,0,0,0,0,0,0,0,0
7695,0,1,14,7,0,0,12,3,0,1,0,2,0,0,0,0,1,1,0,0,0,0,4,0,2,0,1,0,0,0,0,0,0,0,0,0,0,1,0,0,0,1,1,1,0,0,0,0,0,0,0,0,1,0,0,0,0,0,0,0,0,0,0,0,0,0,0,0,0,0,0,0,0,0,0,0
7696,1,4,23,14,0,0,2,21,0,0,2,5,0,0,0,0,0,0,0,1,0,0,0,2,0,0,0,9,0,1,0,8,0,0,0,7,0,0,1,1,0,0,0,0,0,0,0,0,0,0,1,0,0,0,0,0,0,0,0,0,0,0,0,0,0,0,0,0,0,0,0,0,0,1,0,0
7697,0,9,36,20,0,0,24,24,0,8,0,2,0,0,0,3,0,2,0,0,0,0,0,0,1,0,0,0,0,2,2,1,0,0,0,0,0,5,0,0,0,4,0,1,0,0,0,0,0,0,0,0,2,0,0,0,0,0,1,0,0,1,0,0,2,0,0,0,0,0,0,0,0,0,0,0
7698,0,0,2,1,0,0,7,7,0,2,0,0,0,0,0,1,0,1,0,0,0,0,0,0,0,0,0,0,0,0,0,0,0,0,0,0,1,0,0,0,0,1,0,0,0,0,0,0,0,0,0,0,1,0,0,0,0,0,0,0,0,0,0,0,0,0,0,0,0,0,0,0,0,0,0,0
7699,0,3,4,3,0,0,1,12,3,1,0,2,0,0,0,2,0,0,0,1,0,3,0,0,0,0,0,0,0,3,0,4,0,0,0,2,2,0,1,0,2,0,0,0,0,0,0,1,0,1,0,7,0,1,0,0,1,0,0,0,0,0,0,0,0,0,1,0,0,1,0,0,0,0,0,0
7723,0,4,12,6,0,2,0,1,1,0,0,0,0,0,0,1,0,0,0,0,0,0,0,0,0,0,0,0,0,0,0,0,0,0,0,0,0,0,0,0,0,0,1,1,0,0,0,0,0,0,0,0,0,0,0,0,0,0,0,0,0,0,0,0,0,0,4,0,0,0,0,0,0,0,0,0
7724,0,0,3,4,0,0,6,9,1,3,0,0,0,0,0,0,0,0,0,0,0,0,0,0,0,0,0,0,1,0,0,0,0,0,0,0,0,0,0,0,0,0,0,0,0,1,0,0,0,1,0,0,0,0,0,0,0,0,1,0,0,0,0,0,0,0,0,0,0,0,0,0,0,0,0,0
7725,0,1,14,9,0,0,7,18,3,5,3,3,0,0,0,0,2,3,0,0,0,1,7,0,0,0,3,0,1,0,0,1,1,0,0,0,0,0,0,0,0,2,0,1,0,1,0,0,0,0,0,0,0,0,0,0,0,0,0,0,0,0,0,0,0,0,0,0,0,0,0,0,0,0,0,1
7727,0,2,9,4,0,0,5,8,0,9,2,3,0,0,0,0,0,1,0,0,1,0,0,0,0,0,0,0,0,0,0,0,1,0,0,0,0,0,0,0,0,0,0,0,0,0,0,0,0,0,0,0,0,0,0,0,0,0,0,0,0,0,0,0,0,0,0,0,0,0,0,0,0,0,0,0
7728,1,3,2,0,0,0,4,13,1,11,4,1,0,0,0,0,0,4,0,0,0,1,4,0,0,0,2,0,0,1,0,0,1,0,0,0,0,3,0,0,0,0,0,2,0,1,0,0,0,0,0,0,0,0,2,0,0,0,2,0,0,0,0,0,0,0,0,0,0,0,0,0,0,0,0,0
7729,1,3,10,12,0,3,18,24,3,5,6,10,0,0,0,2,1,6,0,0,0,0,4,0,0,0,3,1,1,0,1,0,0,0,0,0,0,3,0,0,0,3,3,0,0,1,0,0,0,0,0,0,5,0,0,0,0,0,3,0,0,0,0,0,0,0,0,0,0,0,0,0,0,0,0,0
7730,0,3,21,15,0,0,8,4,3,0,0,6,0,0,0,1,2,0,0,0,0,0,7,1,1,0,1,0,0,0,0,0,2,0,0,0,0,0,0,0,0,1,1,1,0,4,0,0,0,0,0,0,0,0,0,0,1,0,0,2,0,0,0,0,0,0,0,0,0,0,0,0,0,0,0,0
7731,0,4,12,9,0,6,14,20,0,5,3,3,0,0,0,0,1,8,0,3,0,1,3,0,0,0,1,0,1,0,0,1,0,0,0,0,0,1,1,0,0,1,1,1,0,0,0,0,0,0,0,0,0,0,0,0,0,0,1,0,0,0,0,0,0,0,0,0,0,0,0,0,0,0,0,0
7732,0,0,10,7,0,0,7,1,0,0,0,0,0,0,0,0,0,1,0,0,0,0,0,0,0,0,1,0,0,0,0,0,0,0,0,0,0,0,0,0,0,1,0,0,0,0,0,0,0,0,0,0,0,0,0,0,0,0,1,0,0,0,0,0,0,0,1,0,0,0,0,0,0,0,0,0
7733,0,0,9,4,2,0,0,3,5,0,0,2,0,0,0,0,1,1,0,0,0,0,0,0,0,0,0,0,0,0,0,0,0,2,0,0,0,0,0,0,0,0,0,4,0,0,0,0,0,0,0,0,0,0,0,0,0,0,0,0,0,0,0,0,0,0,2,0,0,0,0,0,0,0,0,0
7734,0,2,1,0,0,0,6,6,0,6,0,4,0,0,0,1,1,3,0,0,0,0,4,2,2,0,0,0,0,1,0,0,0,0,0,0,1,0,1,0,0,5,0,0,0,0,0,0,0,0,0,0,0,0,0,0,0,0,0,1,0,0,0,0,0,0,0,0,0,0,0,0,0,0,0,1
7735,1,0,6,1,0,0,3,6,0,1,0,0,0,0,0,1,0,1,0,0,0,0,0,0,0,0,0,1,0,0,0,0,0,0,0,0,1,0,1,0,0,0,0,0,0,0,0,0,0,0,0,0,0,0,0,0,0,0,0,0,0,0,0,0,0,0,0,0,0,0,0,0,0,0,0,0
7736,0,2,8,2,0,1,2,3,0,0,1,1,0,0,0,0,0,1,0,0,0,0,1,0,0,0,0,0,0,0,0,0,0,0,0,0,0,0,0,0,0,1,0,0,1,0,0,0,0,0,0,0,0,0,0,0,0,0,0,0,0,0,0,0,0,0,0,0,0,0,0,0,0,0,0,0
7738,0,6,20,10,0,0,15,9,0,10,0,2,0,0,0,2,1,2,0,1,0,0,4,0,0,0,0,0,0,0,0,0,0,0,0,0,0,3,0,0,1,2,2,0,0,0,0,0,0,0,0,0,0,0,0,0,0,0,0,0,0,0,0,1,0,0,0,0,0,0,0,0,0,0,0,0
7739,0,8,5,2,0,0,6,6,0,3,0,2,0,0,0,0,1,0,0,0,0,0,6,0,0,0,0,0,0,0,0,0,0,0,0,2,0,2,0,0,0,1,1,0,0,0,0,0,0,0,0,0,1,0,0,0,0,0,0,1,0,0,0,0,0,0,0,0,0,0,0,0,0,0,0,0
7740,0,4,10,5,10,0,18,21,0,6,1,5,0,0,2,0,1,5,0,0,0,0,1,1,0,0,0,2,0,2,1,0,0,1,1,8,5,0,0,1,0,2,1,0,0,2,0,0,0,0,1,0,0,0,2,0,0,1,0,0,0,1,0,0,0,0,0,0,0,0,0,0,0,0,0,0
7742,0,0,9,3,0,2,7,7,0,1,1,2,1,0,0,1,1,2,0,0,0,0,2,0,0,0,0,0,0,0,1,0,0,0,0,0,0,1,0,0,0,2,0,1,1,0,0,0,0,0,0,0,0,0,0,0,0,0,0,0,0,2,0,0,0,0,1,0,0,0,0,0,0,0,0,0
7743,0,16,41,26,0,0,15,11,2,9,1,2,0,0,0,1,2,10,1,1,0,0,2,0,0,0,1,1,1,1,1,0,0,0,0,0,0,2,0,0,0,9,0,0,0,1,0,0,0,0,0,0,1,0,0,0,0,0,0,1,0,0,0,0,0,0,0,0,0,0,1,0,0,0,0,0
7744,0,0,2,4,0,0,0,9,2,4,0,1,0,0,0,0,1,1,0,0,0,1,1,0,0,0,1,1,0,1,1,0,0,0,0,0,0,1,1,0,0,4,0,2,0,0,0,0,0,0,0,0,0,0,0,0,0,0,0,0,0,0,0,0,0,0,0,0,0,0,0,0,0,0,0,0
7745,0,0,0,0,0,0,4,5,0,0,2,0,0,0,0,0,0,3,0,0,0,0,0,0,0,1,1,0,0,1,0,0,0,0,0,0,0,3,0,0,0,2,2,0,0,0,0,0,0,0,0,0,0,0,0,0,0,0,0,0,0,0,0,0,0,0,0,0,0,0,0,0,0,0,0,0
7760,0,3,23,8,0,0,0,1,3,1,0,1,0,0,0,3,0,0,0,0,0,0,1,0,0,1,0,0,1,0,0,0,0,0,0,0,0,0,0,0,0,0,0,2,0,0,0,0,0,0,0,0,0,0,0,0,0,0,0,0,0,0,0,0,0,0,0,0,0,0,0,0,0,0,0,0
7762,1,11,40,29,0,2,10,15,7,1,2,9,0,0,0,1,2,4,0,1,0,2,3,0,1,1,1,0,3,0,0,0,0,0,0,0,0,0,0,0,0,5,0,1,0,0,0,0,0,0,0,0,1,1,0,0,0,0,0,1,0,0,0,0,1,0,4,0,0,0,0,0,0,0,0,0
7763,0,0,15,5,0,0,7,3,3,4,2,1,1,0,0,0,4,5,0,0,0,0,2,0,0,0,0,0,0,0,0,0,0,0,0,0,0,1,0,0,0,2,0,0,0,0,0,0,0,0,0,0,0,0,0,0,0,0,0,1,0,0,0,0,0,0,0,0,0,0,0,0,0,0,0,1
7764,0,6,17,15,0,0,6,4,2,3,3,4,0,0,0,0,3,4,0,0,0,0,7,1,0,0,4,0,0,0,0,1,0,0,0,0,0,2,1,2,0,2,2,2,0,1,0,0,0,0,0,0,0,0,0,0,0,0,0,2,0,0,0,0,0,0,0,0,0,0,0,0,0,0,0,1
7765,0,0,5,0,0,0,6,0,0,2,0,1,0,0,0,0,2,0,0,0,0,0,2,0,0,0,0,0,0,0,0,0,0,0,0,0,0,0,0,0,0,0,0,0,0,0,0,0,0,0,0,0,0,0,0,0,0,0,0,0,0,0,0,0,0,0,0,0,0,0,0,0,0,0,0,0
7766,0,1,10,8,0,1,15,15,0,6,1,2,0,0,0,1,0,3,0,0,0,0,2,0,0,0,2,1,0,0,0,0,0,0,0,0,1,0,0,0,0,0,0,0,0,4,0,0,0,0,0,0,0,0,0,0,0,0,0,0,0,0,0,0,0,0,1,0,0,0,0,0,0,0,0,0
7767,0,3,20,11,0,1,24,6,3,7,1,2,0,0,0,1,0,4,0,0,0,1,2,0,0,0,3,0,0,0,0,0,0,0,0,2,0,0,2,2,0,0,0,0,0,2,0,0,0,0,0,0,0,0,0,0,0,0,0,0,0,1,0,0,0,0,0,0,0,0,0,0,0,0,0,0
7768,0,1,17,8,0,0,7,7,1,2,1,6,0,0,0,0,0,2,0,0,0,1,4,0,0,1,0,0,0,0,0,0,0,0,0,0,0,1,0,0,0,1,0,0,0,1,0,0,0,0,0,0,1,0,1,0,0,0,0,0,0,0,0,0,2,0,0,0,0,0,0,0,0,0,0,0
7769,0,1,11,9,0,4,3,6,1,3,4,2,0,0,0,0,0,3,0,2,0,0,5,0,1,0,2,0,4,0,1,0,0,0,0,0,0,1,0,0,0,0,0,0,0,0,0,0,1,0,0,0,0,0,0,0,0,0,3,0,0,0,0,0,0,0,0,0,0,0,0,0,0,0,0,0
7770,0,6,21,16,0,0,18,15,0,5,0,1,0,0,0,0,1,2,0,2,0,3,1,0,0,0,0,0,0,0,0,1,1,0,0,1,0,2,0,0,0,0,0,1,0,1,0,0,0,0,0,0,0,0,0,0,0,0,0,0,0,0,0,0,0,0,0,0,0,0,0,0,0,0,0,0
7771,0,7,26,29,0,1,14,19,0,8,1,3,0,0,1,0,0,2,0,0,0,4,2,0,0,0,1,0,0,1,0,0,1,0,0,0,0,2,0,0,0,0,0,0,0,1,0,1,0,0,0,0,2,1,0,0,1,0,0,1,0,0,0,0,0,0,0,0,0,0,0,0,0,0,0,0
7772,0,0,16,7,0,1,8,2,2,1,0,7,0,0,0,0,0,0,2,0,0,0,2,0,0,1,0,0,0,0,0,0,1,0,0,0,0,0,0,0,0,0,0,1,1,0,0,0,0,0,0,0,1,0,0,0,0,0,1,0,0,0,0,0,0,0,0,0,0,0,0,0,0,0,0,0
7773,0,2,20,15,0,1,17,23,2,7,4,7,0,0,0,2,1,7,0,0,1,2,1,0,2,0,1,0,2,0,0,1,0,0,0,0,0,2,1,1,0,0,0,0,0,1,0,0,0,0,0,0,0,0,0,0,0,0,2,1,0,0,0,1,0,0,0,0,0,0,0,0,0,0,0,0
7774,0,4,3,2,0,0,5,9,0,1,1,1,0,0,0,0,1,2,0,1,1,1,3,0,0,0,0,0,1,2,0,0,0,0,0,0,0,1,0,1,0,0,1,0,0,1,0,0,0,0,0,0,0,0,0,0,0,0,1,0,0,0,0,0,0,1,0,0,0,0,0,0,0,0,0,0
7775,0,1,5,2,0,0,6,0,1,0,1,1,0,0,0,0,0,5,0,0,0,1,1,0,1,0,0,0,0,0,0,0,0,0,0,0,0,0,0,0,0,0,0,1,0,0,0,0,0,0,0,0,2,0,0,0,0,0,1,0,0,0,0,0,0,0,0,0,0,0,0,0,0,0,0,0
7776,0,3,15,8,0,0,6,0,0,0,1,4,0,0,0,4,0,0,3,0,0,0,0,0,0,0,2,2,0,0,0,0,0,0,0,0,0,0,0,0,0,0,0,0,0,0,0,0,0,0,0,0,0,0,0,0,0,0,0,0,0,0,0,0,0,0,0,0,0,0,0,0,0,0,0,0
7778,0,0,2,2,0,0,9,1,0,1,0,1,0,0,0,1,1,2,0,0,0,0,2,0,0,0,0,0,0,0,0,2,1,0,0,0,0,0,0,0,0,1,0,0,0,0,0,0,0,0,0,0,0,0,0,0,0,0,0,0,0,0,0,0,0,0,0,0,0,0,0,0,0,0,0,0
7779,1,0,3,2,0,0,4,7,2,2,0,0,0,0,0,3,2,2,0,0,0,0,2,0,0,0,0,2,0,2,0,0,0,1,0,0,0,2,0,1,0,1,0,0,0,0,0,1,0,0,0,0,0,0,0,0,0,0,0,0,0,0,0,0,0,0,1,0,0,0,0,0,0,0,0,0
7780,1,3,10,5,0,0,18,3,1,6,1,3,0,0,0,1,3,2,0,1,0,1,3,0,0,0,1,0,0,0,0,0,2,0,0,0,0,0,0,0,0,6,1,0,0,0,0,0,0,0,0,0,1,0,0,0,0,0,0,2,0,0,0,0,0,0,0,0,0,0,0,0,0,0,0,0
7781,0,0,16,12,0,0,1,4,1,3,0,1,0,0,0,0,0,0,0,0,0,0,1,0,0,0,0,0,0,0,0,0,0,0,0,0,0,2,0,0,0,2,0,0,0,0,0,0,0,0,0,0,0,0,0,0,0,0,0,0,0,0,0,1,0,0,0,0,0,0,0,0,0,0,0,0
7782,0,1,4,0,0,0,3,0,1,2,0,2,0,0,0,0,0,2,1,1,0,0,0,0,0,0,0,1,0,0,0,0,0,1,0,0,0,1,0,0,0,0,0,0,0,0,0,0,0,0,0,0,0,0,0,0,0,0,0,0,0,0,0,0,0,0,0,0,0,0,0,0,0,0,0,0
7798,0,4,5,3,0,0,0,0,5,1,0,1,0,0,0,2,0,0,0,0,0,0,0,0,0,0,0,1,0,0,0,0,0,0,0,0,0,0,0,0,0,0,0,0,0,0,0,0,0,0,0,0,0,0,0,0,0,0,0,0,0,0,0,0,0,0,4,0,0,0,0,0,0,0,0,0
7799,0,1,4,5,0,0,0,1,1,1,0,0,2,0,0,0,0,2,0,0,0,0,1,0,0,0,1,0,0,0,0,2,0,1,0,0,0,0,0,0,0,0,0,1,0,0,0,0,0,0,0,0,1,0,0,0,0,0,0,0,0,0,0,0,0,0,0,0,0,0,0,0,0,0,0,0
7800,0,5,21,14,0,1,7,5,0,3,1,1,0,0,0,2,0,1,0,4,0,0,2,0,1,0,0,0,1,0,1,0,1,0,0,0,0,1,0,0,0,7,1,0,0,0,0,0,0,0,0,0,3,0,1,0,0,0,1,0,0,0,0,0,0,0,0,0,0,0,0,0,0,0,0,1
7801,0,0,9,2,0,0,6,14,2,4,1,6,0,0,0,0,0,2,1,0,0,0,2,0,0,0,0,0,0,1,0,0,0,0,0,0,0,1,0,1,0,3,0,0,0,0,0,0,0,0,0,0,0,0,1,0,0,0,0,0,1,0,0,0,0,0,0,0,0,0,0,0,0,0,0,0
7802,0,5,13,13,1,2,7,12,1,2,2,4,0,0,0,1,2,4,0,0,0,1,1,0,1,0,5,1,1,0,0,0,0,0,0,0,0,1,0,0,0,1,0,2,0,1,0,0,0,0,0,0,0,0,0,0,0,0,2,0,0,0,0,0,0,0,0,0,0,0,0,1,0,0,0,0
7803,0,5,22,15,0,1,8,8,2,7,1,3,0,0,0,0,1,4,1,0,0,0,2,0,0,0,1,1,0,1,0,0,0,0,0,0,0,2,1,0,0,6,1,0,0,0,0,0,0,0,0,0,3,0,0,0,0,2,2,0,0,0,0,0,0,0,0,0,0,0,0,0,0,0,0,0
7804,0,0,5,7,0,0,4,4,3,0,1,3,0,0,0,0,0,4,0,0,0,1,1,0,0,0,0,2,0,0,0,0,0,0,0,0,0,0,0,2,0,1,0,0,0,2,0,0,0,0,0,0,0,0,0,0,0,0,0,0,0,0,0,0,0,0,0,0,0,0,0,0,0,0,1,0
7805,0,2,16,3,0,0,7,5,1,5,0,3,0,0,0,2,0,1,0,1,0,0,1,0,0,0,1,0,0,0,0,0,0,0,0,0,0,1,0,0,0,3,0,0,2,0,0,0,1,0,0,0,1,0,0,0,0,0,0,2,0,1,0,0,1,0,0,0,0,0,0,0,0,0,0,0
7806,0,2,9,9,0,1,8,3,0,4,2,1,0,0,0,0,1,2,1,0,0,1,1,0,1,0,0,0,1,0,0,0,0,0,0,0,0,0,0,0,0,1,1,0,0,2,0,0,1,0,0,0,1,0,0,0,0,0,0,0,0,0,0,0,0,0,0,0,0,0,0,0,0,0,0,0
7808,0,5,7,4,0,1,6,5,0,2,1,0,0,0,0,0,1,2,0,1,0,0,1,0,0,0,0,0,0,0,0,0,0,0,0,0,0,1,2,0,0,0,0,0,0,0,0,0,0,0,0,0,1,0,0,0,0,0,1,0,0,0,0,0,0,0,0,0,0,0,0,0,0,0,0,0
7809,0,0,5,0,0,0,5,2,0,2,0,1,0,0,0,0,0,3,0,0,0,0,0,0,0,0,2,0,1,0,2,0,1,0,0,0,0,0,0,0,0,0,0,2,0,0,0,0,0,0,0,0,0,0,0,0,0,0,1,0,0,0,0,0,0,0,0,0,0,0,0,0,0,0,0,0
7810,0,10,18,8,0,0,6,4,0,0,0,0,0,0,0,0,1,2,0,1,0,0,0,0,0,0,0,0,0,0,0,0,0,0,0,0,0,1,0,0,0,1,0,0,0,0,0,0,0,0,0,0,3,0,0,0,0,0,1,0,0,0,0,0,0,0,0,0,0,0,1,0,0,0,0,0
7811,0,1,3,6,0,1,7,6,0,2,3,4,0,0,0,0,1,2,0,1,0,1,0,0,0,1,1,0,0,0,0,0,0,0,0,0,0,1,0,0,0,0,0,1,0,1,0,0,0,0,0,0,0,0,0,0,0,0,2,0,0,0,0,0,0,0,0,0,0,0,0,0,0,0,0,0
7812,0,1,3,4,0,0,11,5,1,3,0,2,0,0,0,0,0,4,2,0,0,0,2,0,1,0,0,0,0,1,0,0,1,0,0,0,0,0,0,0,0,3,0,0,0,0,0,0,0,0,0,0,0,0,0,0,0,0,0,1,0,0,0,0,0,0,0,0,0,0,0,0,0,0,0,0
7813,0,0,6,4,0,0,2,1,1,0,1,2,0,0,1,4,0,3,0,0,0,1,0,0,0,0,1,0,1,0,0,0,0,0,0,0,0,0,0,0,0,1,0,0,0,0,0,0,0,0,0,0,0,0,0,0,0,0,1,0,0,0,0,0,0,0,0,0,0,0,0,0,0,0,0,0
7814,0,3,21,12,0,0,8,6,1,1,1,1,0,0,0,1,0,1,1,0,0,0,1,0,0,0,1,0,0,1,0,0,0,0,0,0,0,0,0,1,0,0,0,4,0,1,0,0,0,0,0,0,0,0,0,0,0,0,0,0,0,0,0,0,0,0,0,0,0,0,0,0,0,0,0,0
7815,0,0,4,7,0,2,7,4,0,2,0,2,0,0,0,1,0,3,0,0,0,0,4,0,0,0,0,0,0,0,0,0,0,1,0,0,0,2,0,0,0,0,0,0,0,0,0,0,0,0,0,0,0,0,0,0,0,0,1,0,0,0,0,1,0,0,0,0,0,0,0,0,0,0,0,0
7816,0,13,44,24,0,3,22,19,1,11,2,7,0,0,1,0,4,12,0,0,0,1,4,0,1,1,3,0,0,1,0,1,1,0,0,0,0,6,1,0,0,3,1,0,0,3,0,0,0,0,0,0,1,0,0,0,0,0,0,1,0,0,0,0,0,0,0,0,0,0,0,0,0,0,0,0
7818,1,2,10,4,10,0,6,8,0,1,0,1,0,0,2,1,0,0,0,0,0,2,2,0,0,0,1,1,0,0,1,0,1,0,0,0,2,0,0,0,0,4,1,0,0,0,0,0,0,0,1,0,0,0,4,0,0,0,0,0,0,0,0,0,0,0,0,0,0,0,0,0,0,0,0,0
7842,0,2,4,3,0,0,1,2,2,0,0,2,0,0,0,2,0,0,0,4,0,0,0,0,0,0,0,0,0,0,0,0,0,0,0,0,0,0,0,0,0,0,0,0,0,0,0,0,0,0,0,0,0,0,0,0,0,1,0,0,0,0,0,0,0,0,0,0,0,0,0,0,0,0,0,0
7843,0,3,15,12,0,0,14,11,0,5,4,4,0,0,0,1,0,4,0,0,0,0,9,0,0,1,0,0,0,1,0,0,0,0,0,0,0,1,1,0,0,0,0,3,0,1,0,0,0,0,0,0,1,0,0,0,0,0,3,0,0,1,0,0,0,0,1,0,0,0,0,0,0,0,0,0
7845,0,0,3,6,0,0,9,12,2,3,4,1,0,0,0,5,0,0,0,0,1,0,4,0,0,0,0,0,0,0,0,0,0,0,0,0,0,0,0,0,0,1,1,0,0,0,0,0,0,0,0,0,0,0,0,0,0,0,1,0,0,0,0,0,0,0,0,0,0,0,0,0,0,0,0,0
7846,0,3,14,8,0,1,1,1,0,1,2,6,0,0,0,1,1,0,0,0,0,0,1,0,0,0,1,1,0,0,0,0,0,0,0,0,0,2,0,0,0,1,1,1,0,0,0,0,0,0,0,0,0,0,0,0,0,0,0,1,0,0,0,0,0,0,0,0,0,0,0,0,0,0,0,0
7847,0,11,20,4,0,0,10,8,1,4,2,1,0,0,0,0,1,6,0,0,0,5,4,0,0,0,2,0,3,0,0,0,2,0,0,0,0,0,0,0,0,0,0,0,0,0,0,0,0,0,0,0,0,0,0,0,0,0,1,0,0,0,0,0,0,0,1,0,0,0,0,0,0,0,0,0
7848,0,6,22,14,0,0,10,2,1,3,2,6,0,0,0,0,0,2,0,0,0,0,4,0,0,0,0,0,1,0,0,1,2,0,0,0,0,2,0,1,0,1,0,0,0,0,0,0,0,0,0,0,2,0,0,0,0,0,0,0,0,0,0,0,0,0,0,0,0,0,0,0,0,0,0,0
7849,0,0,2,1,0,0,4,7,0,2,3,0,0,0,0,0,0,2,0,0,0,0,1,0,0,0,0,0,0,0,0,1,1,0,0,0,0,2,0,0,0,0,0,0,0,0,0,0,0,0,0,0,0,0,0,0,0,0,1,0,0,0,0,0,0,0,0,0,0,0,0,0,0,0,0,0
7850,0,1,16,14,0,0,3,1,0,0,0,0,0,0,0,1,0,0,1,0,0,0,2,0,0,0,0,0,0,0,0,0,0,0,0,0,0,1,0,0,0,0,0,1,0,0,0,0,0,0,0,0,0,0,0,0,0,0,0,0,0,0,0,0,0,0,1,0,0,0,0,0,0,0,0,0
7851,0,7,23,6,0,0,3,6,2,6,0,1,0,0,0,0,1,1,1,0,0,0,1,0,0,1,0,0,0,1,0,0,1,1,0,0,0,1,0,0,0,5,0,0,0,1,0,0,0,0,0,0,1,0,0,0,0,0,0,0,0,0,0,0,0,0,0,0,0,0,0,0,0,0,0,0
7852,0,1,10,8,0,1,12,17,0,7,3,3,0,0,0,1,1,4,0,0,0,1,0,1,0,0,0,0,1,0,0,0,1,0,0,0,0,4,1,0,0,3,1,0,1,0,0,0,0,0,0,0,1,0,0,0,0,0,0,0,0,0,0,0,0,0,0,0,0,0,0,0,0,0,0,0
7853,0,4,17,14,0,0,8,6,3,1,2,2,0,0,0,1,2,6,0,2,0,1,7,0,1,0,1,0,0,1,0,1,0,0,0,0,0,0,0,0,0,1,1,1,0,0,0,0,1,0,1,0,1,0,0,0,0,0,1,0,0,0,0,0,0,0,0,0,0,1,0,0,0,0,0,0
7854,0,2,13,5,0,0,1,1,5,0,2,0,0,0,0,1,1,1,0,0,0,0,0,0,0,1,0,0,0,0,0,0,0,0,0,0,0,0,0,0,0,0,0,3,0,0,0,0,0,0,0,0,0,0,0,0,0,0,1,0,0,0,0,0,0,0,2,0,0,0,0,0,0,0,0,0
7855,0,1,13,4,0,0,17,21,0,4,5,3,0,0,0,0,1,6,0,1,0,1,1,0,0,3,1,0,0,0,0,0,0,0,0,0,0,3,0,0,0,1,1,0,0,0,0,0,0,0,0,0,0,0,0,0,0,0,1,1,0,0,0,0,0,0,0,0,0,0,0,0,0,0,0,0
7856,0,5,17,10,0,1,3,4,1,2,0,0,0,0,0,1,1,2,0,0,0,1,2,0,0,0,0,0,0,0,0,0,0,0,0,0,0,0,0,0,0,0,1,0,0,0,0,0,0,0,0,0,1,0,0,0,2,0,1,0,0,0,0,0,0,0,0,0,0,0,0,0,0,0,0,0
7858,0,1,8,4,0,1,11,6,0,3,1,1,0,0,0,0,0,5,0,0,1,2,2,1,0,0,1,0,0,0,0,1,1,0,0,0,1,0,0,0,0,0,0,1,0,0,0,0,0,0,0,0,0,0,1,0,0,0,0,0,0,0,0,0,0,0,0,0,0,0,0,0,0,0,0,0
7859,0,19,23,26,0,3,10,24,3,6,2,8,0,0,0,1,1,7,0,2,0,2,3,0,0,1,2,0,0,3,0,1,2,0,0,0,0,5,1,1,0,6,2,0,0,1,0,0,0,0,0,0,1,0,0,0,0,0,0,0,0,0,0,0,0,0,0,1,0,0,0,0,0,0,0,0
7860,0,1,16,14,0,4,6,7,1,3,6,3,0,0,0,0,0,1,0,1,0,0,2,0,0,0,0,1,2,1,0,0,2,0,0,0,0,0,0,0,0,1,0,1,0,1,0,0,0,0,0,0,0,0,0,0,0,0,0,1,0,0,0,0,0,0,0,0,0,0,0,0,0,0,0,0
7861,0,0,7,2,0,1,2,4,0,2,2,5,0,0,0,2,0,4,2,0,0,0,1,0,0,0,1,1,1,0,0,0,0,0,0,0,0,1,0,0,0,0,0,0,0,0,0,0,1,0,0,0,0,0,0,0,0,0,1,0,0,0,0,0,0,0,0,0,0,0,0,0,0,0,0,0
7862,0,3,19,6,0,6,13,7,0,2,0,3,0,0,0,0,1,3,0,0,0,0,0,0,1,0,1,0,0,0,1,0,0,1,0,0,0,0,0,0,0,2,0,2,0,0,0,0,0,0,0,0,1,0,0,0,0,0,0,0,0,0,0,0,0,0,0,0,0,0,0,0,0,0,0,0
7863,0,5,16,3,0,5,29,17,2,4,1,7,0,0,0,1,2,0,1,0,0,2,3,0,1,0,0,1,1,0,0,2,0,2,0,0,0,2,1,0,0,0,0,0,1,4,0,0,0,0,0,0,1,0,1,0,1,0,2,0,0,0,0,0,0,0,0,0,0,0,0,0,0,0,0,0
7864,0,1,8,4,0,1,8,17,0,9,3,2,0,0,0,0,1,1,0,0,0,0,1,0,0,0,1,0,0,0,1,0,0,0,0,2,0,0,0,0,0,2,0,0,0,0,0,0,0,0,0,0,0,0,0,0,0,0,0,0,0,0,0,0,0,0,0,0,0,0,0,0,0,0,0,0
7865,0,7,46,10,0,2,9,17,1,3,0,12,0,0,0,1,2,4,0,2,0,1,9,1,1,0,1,0,0,0,0,0,3,0,0,0,0,2,0,0,0,0,0,1,0,0,0,0,0,0,0,0,1,0,0,0,0,0,0,0,0,0,0,0,0,0,0,0,0,0,1,0,0,0,0,0
7866,0,4,23,11,0,2,20,32,1,8,0,5,0,0,0,0,4,5,1,2,0,0,2,0,0,1,2,0,2,0,0,2,0,1,0,0,0,3,0,0,0,1,0,0,0,0,0,0,0,0,0,0,0,0,0,0,0,0,0,0,0,1,0,0,0,0,0,0,0,0,0,0,0,0,0,0
7867,1,1,0,1,0,2,10,12,1,3,0,1,0,0,0,1,1,2,0,0,0,0,1,0,0,0,1,0,0,0,0,2,0,0,0,0,2,2,0,0,0,1,0,0,0,1,0,0,0,0,0,0,0,0,0,0,0,0,1,0,0,0,0,0,0,0,0,0,0,0,0,0,0,0,0,0
7868,0,5,48,30,0,0,12,7,4,3,2,9,0,0,0,2,0,3,1,1,0,0,0,0,1,2,1,0,0,0,0,1,0,0,0,0,8,3,0,0,0,3,0,5,0,0,0,0,0,0,0,0,0,0,0,0,0,0,0,0,0,0,0,0,1,0,1,0,0,0,0,0,0,0,0,0
7869,0,0,2,0,0,0,7,2,0,5,0,0,0,0,0,0,1,2,0,0,0,0,2,0,4,0,0,0,0,0,1,1,0,0,0,0,2,0,0,0,0,5,0,0,0,0,0,0,0,0,1,0,0,0,0,0,0,0,0,0,0,0,0,0,0,0,0,0,0,0,0,0,0,0,0,0
7870,0,8,19,11,0,0,5,4,0,3,0,0,0,0,0,2,3,1,0,0,0,0,0,0,3,1,0,0,0,0,0,1,0,0,0,0,1,1,0,0,0,5,0,0,0,0,0,0,0,0,0,0,0,0,0,0,0,0,0,0,0,0,0,0,0,0,0,0,0,0,0,0,0,0,0,0
7871,0,6,3,1,0,1,8,4,0,2,1,2,0,0,0,1,0,2,0,0,0,0,1,0,0,0,0,1,1,1,1,0,0,0,1,0,0,2,0,1,0,1,0,0,0,0,0,0,0,0,0,0,0,0,0,0,0,0,0,0,0,0,0,1,0,0,0,0,0,0,0,0,0,0,0,0
7872,0,0,41,21,1,0,11,7,2,3,0,6,0,0,0,2,1,4,1,1,0,0,2,0,0,0,1,0,2,2,2,0,0,0,0,0,0,4,0,0,0,7,1,1,0,0,0,0,0,0,1,0,1,0,2,0,0,0,0,0,0,1,0,0,0,0,0,0,0,0,0,0,0,0,0,0
7893,0,1,5,3,0,0,1,4,2,3,3,2,0,0,0,1,2,0,1,0,0,0,1,0,0,0,0,0,0,0,0,0,0,0,0,0,0,0,0,1,0,0,0,0,0,0,0,0,0,0,0,0,0,0,0,0,0,0,1,0,0,0,0,0,0,0,1,0,0,0,0,0,0,0,0,0
7894,0,2,0,1,0,0,1,4,2,1,1,2,0,0,0,0,1,1,0,0,0,0,2,0,0,0,0,0,0,0,0,1,0,0,0,0,0,1,0,0,0,1,0,0,0,0,0,0,0,0,0,0,0,0,0,0,0,0,0,0,0,0,0,0,0,0,0,0,0,0,0,0,0,0,0,0
7895,0,1,14,4,0,0,2,1,1,0,2,2,0,0,0,1,1,1,0,2,0,0,1,0,0,0,0,0,1,0,0,0,0,0,0,0,0,0,0,0,0,1,0,0,0,0,0,0,0,0,0,0,0,0,0,0,0,0,1,0,0,0,0,0,0,0,0,0,0,0,0,0,0,0,0,0
7896,0,1,1,3,0,0,2,1,2,1,1,0,0,0,0,1,0,0,0,0,0,0,0,0,0,1,0,1,0,0,0,0,0,0,0,0,0,0,0,0,0,1,0,1,0,0,0,0,0,0,0,0,0,0,0,0,0,0,0,0,0,0,0,0,0,0,4,0,0,0,0,0,0,0,0,0
7897,0,1,10,4,0,0,0,1,3,0,1,1,0,0,0,5,0,0,0,0,0,0,1,0,0,0,0,0,0,0,0,0,0,0,0,0,0,0,0,0,0,0,0,1,0,0,0,0,0,0,0,0,0,0,0,0,0,0,0,0,0,0,0,0,0,0,3,0,0,0,0,0,0,0,0,0
7898,0,1,9,7,0,0,3,2,2,5,0,3,0,0,0,0,1,1,0,0,0,1,1,0,0,0,1,0,0,0,0,0,0,0,0,0,0,1,1,0,0,5,0,0,0,0,0,0,0,0,0,0,0,0,0,0,0,0,0,0,0,0,0,0,0,0,1,0,0,0,0,0,0,0,0,0
7899,0,4,13,6,0,0,5,14,2,7,1,0,0,0,0,0,0,2,1,0,0,0,5,0,0,0,0,1,0,0,1,0,1,0,0,0,0,0,0,1,0,2,0,0,0,0,0,0,0,0,0,0,0,0,1,0,0,0,0,0,0,0,0,0,0,0,0,0,0,1,0,0,0,0,0,0
7900,0,3,15,4,0,0,1,1,0,2,0,2,0,0,0,1,0,0,2,0,0,0,0,0,0,0,0,1,0,0,0,0,0,0,0,0,0,0,0,0,0,0,0,0,0,0,0,0,0,0,0,0,0,0,0,0,0,0,0,0,0,0,0,0,0,0,0,0,0,0,0,0,0,0,0,0
7901,0,0,5,6,0,0,0,6,0,1,0,3,0,0,0,0,0,2,0,0,1,0,2,0,0,0,1,0,0,0,0,0,0,0,0,0,0,0,0,0,0,0,0,0,0,0,0,0,1,0,0,0,0,0,0,0,0,0,0,0,0,0,0,0,0,0,0,0,0,0,0,0,0,0,0,0
7902,0,1,1,2,0,0,3,12,1,5,3,7,0,0,0,0,1,5,0,0,0,0,2,0,0,0,0,0,0,0,0,1,0,0,0,0,0,1,0,2,0,0,0,0,0,0,0,0,0,0,0,0,1,0,1,0,0,0,2,0,0,0,0,0,0,0,0,0,0,0,0,0,0,0,0,1
7903,0,3,9,4,0,0,5,8,0,0,1,0,0,0,0,1,0,1,0,0,0,0,0,0,1,0,0,0,0,0,0,0,1,0,0,0,0,1,0,0,0,0,2,0,0,1,0,0,0,0,0,0,0,0,0,0,0,0,0,1,0,0,0,0,1,0,0,0,0,0,0,0,0,0,0,0
7904,0,1,3,3,0,3,2,3,0,0,0,4,0,0,0,0,0,3,0,0,0,0,1,0,0,0,0,0,0,0,0,0,0,0,0,0,0,4,0,0,0,1,0,0,0,0,0,0,0,0,0,0,0,0,0,0,0,0,0,0,0,0,0,0,0,0,0,0,0,0,0,0,0,0,0,0
7905,0,5,28,27,0,3,23,21,4,9,3,5,0,0,0,1,2,12,0,2,0,1,7,0,0,0,3,1,6,1,0,1,0,0,0,0,0,2,0,1,0,1,0,1,0,1,0,0,0,0,0,0,3,0,1,0,0,0,2,0,0,0,0,0,0,0,0,0,0,0,0,0,0,0,0,0
7907,0,10,55,33,0,8,11,13,2,2,4,15,0,0,1,2,1,10,0,4,0,1,4,0,1,2,1,0,3,0,0,0,1,0,0,0,1,3,1,0,0,0,0,0,0,1,0,0,0,0,0,0,1,0,0,0,0,0,2,2,0,0,0,0,0,0,0,0,0,0,0,0,0,0,0,0
7908,0,2,1,2,0,0,2,8,0,2,0,0,0,0,0,0,1,1,0,0,0,0,1,0,0,0,0,0,0,0,0,0,0,0,0,0,0,0,1,0,0,1,0,0,0,0,0,0,0,0,0,0,0,0,0,0,0,0,0,0,0,1,0,0,0,0,0,0,0,0,0,0,0,0,0,0
7909,1,1,21,5,0,1,8,1,0,0,3,1,0,0,0,0,2,2,0,1,0,0,0,0,0,0,1,1,1,0,0,1,0,0,0,0,0,3,0,0,0,0,0,0,0,0,0,0,0,0,0,0,0,0,0,0,0,0,0,1,0,2,0,0,0,0,0,0,0,0,0,0,0,0,0,0
7910,3,5,7,8,0,3,5,10,0,2,0,1,0,0,0,0,1,3,0,0,0,2,2,0,1,0,0,0,1,0,0,1,0,0,0,0,0,0,1,0,0,0,0,0,1,1,0,0,0,0,0,0,0,0,0,0,0,0,0,0,0,0,0,0,0,0,0,0,0,0,0,0,0,0,0,0
7911,0,2,7,7,0,1,4,3,0,1,0,1,0,0,0,1,0,0,0,0,0,0,2,0,0,0,0,0,0,0,1,0,0,0,0,0,0,0,0,0,0,0,0,1,0,0,0,0,0,0,0,0,0,0,0,0,0,0,0,0,0,0,0,0,0,0,0,0,0,0,0,0,0,0,0,0
7912,0,0,2,1,0,2,8,8,1,3,0,2,0,0,0,0,1,1,0,0,0,0,1,0,1,1,1,0,0,0,0,0,0,0,0,0,0,2,0,0,0,0,0,0,0,1,0,0,0,0,0,0,1,0,0,0,0,0,1,0,0,0,0,0,0,0,0,0,0,0,0,0,0,0,0,0
7913,0,0,1,6,0,0,5,2,0,0,0,0,0,0,0,0,1,1,0,0,0,0,1,0,1,0,1,0,0,0,1,0,0,0,0,0,0,1,0,0,0,1,0,0,0,0,0,0,0,0,0,0,0,0,0,0,0,0,0,0,0,0,0,0,0,0,0,0,0,0,0,0,0,0,0,0
7914,1,2,17,7,0,0,2,4,2,1,0,4,0,0,0,1,0,0,1,0,0,0,0,0,0,0,0,0,0,3,0,0,0,0,0,0,0,4,0,0,0,4,0,1,0,0,0,0,0,0,0,0,1,0,0,0,0,0,0,0,0,0,0,0,0,0,0,0,0,0,0,0,0,0,0,0
7915,0,5,24,8,0,4,6,5,1,2,0,0,0,0,0,1,0,4,0,0,0,0,0,0,0,0,0,0,0,0,0,0,0,0,0,0,0,0,0,0,0,2,0,0,0,0,0,0,0,0,0,0,0,0,0,0,0,0,0,0,0,0,0,0,0,0,0,0,0,0,0,0,0,0,0,0
7916,0,4,30,17,0,0,13,8,1,1,3,9,0,0,0,3,0,5,1,0,0,2,0,0,0,0,0,0,1,0,0,0,1,0,0,0,0,3,0,0,0,1,0,1,0,0,0,0,0,0,0,0,0,0,0,1,0,0,0,0,0,0,0,0,0,0,1,0,0,0,0,0,0,0,0,0
7918,0,3,5,4,0,0,16,28,2,3,2,3,0,0,0,2,2,4,0,0,0,0,2,0,2,6,2,2,0,9,0,9,1,0,0,3,6,1,1,0,1,15,0,0,0,3,0,0,1,0,0,0,0,0,1,0,0,0,0,0,0,1,0,3,1,0,0,0,0,0,0,0,0,0,0,0
7919,1,1,6,7,4,0,7,6,0,1,0,2,0,0,0,0,0,0,0,0,0,0,0,0,0,0,0,0,0,0,0,0,1,0,0,0,0,0,0,0,0,1,0,0,0,0,0,0,0,0,1,0,0,0,0,0,0,0,0,0,0,0,0,0,0,0,0,0,0,0,0,0,0,0,0,0
7920,0,7,25,12,0,1,14,7,4,4,1,6,0,0,0,0,0,4,1,1,0,0,0,0,1,0,1,0,0,0,1,1,1,0,0,0,0,3,0,0,0,5,0,0,0,0,0,0,0,0,0,0,1,0,0,0,0,0,0,0,0,0,0,0,0,0,0,0,0,0,0,0,0,0,0,0
7921,0,0,4,5,0,0,8,3,1,5,0,1,0,0,0,1,1,2,1,0,0,0,4,0,0,0,2,0,0,0,1,0,0,0,0,0,0,0,0,0,0,2,0,0,0,0,0,1,0,0,0,0,0,0,0,0,0,0,0,0,0,0,0,0,0,0,0,0,0,0,0,0,0,0,0,0
7922,0,2,8,7,0,0,4,10,0,4,1,3,0,0,0,0,0,3,1,0,0,0,1,0,0,0,0,0,0,0,0,0,0,0,0,0,0,2,0,0,0,3,0,0,0,0,0,0,0,0,0,0,1,0,0,0,0,0,1,1,0,0,0,0,0,0,0,0,0,0,0,0,0,0,0,0
7945,0,3,13,13,0,0,1,0,1,1,0,1,0,0,0,0,1,3,0,1,1,0,0,0,0,0,0,0,0,0,0,0,1,0,0,0,0,0,0,0,0,0,0,6,0,0,0,0,0,0,0,0,2,0,0,0,0,0,0,0,0,0,0,0,0,0,3,0,0,0,0,0,0,0,0,0
7947,0,8,36,28,0,0,16,9,3,7,1,6,0,0,0,4,3,4,0,1,1,0,5,0,0,0,1,2,1,0,0,0,0,0,0,0,0,0,0,0,0,0,1,1,0,1,0,0,0,0,0,0,2,0,0,0,0,0,0,1,0,1,0,0,0,0,4,0,0,0,0,0,0,0,0,0
7948,0,1,0,5,0,0,5,9,0,3,1,0,0,0,0,0,0,1,0,0,0,0,0,0,0,0,0,0,0,0,0,1,0,0,0,0,0,2,0,0,0,0,0,0,0,0,0,0,0,0,0,0,0,0,0,0,0,0,1,0,0,0,0,0,0,0,0,0,0,0,0,0,0,0,0,0
7949,0,10,19,19,0,0,10,4,0,0,0,0,0,0,0,0,3,4,1,0,0,2,0,0,0,0,1,0,0,1,0,0,0,0,0,0,0,0,0,0,0,0,1,0,0,0,0,0,0,0,0,0,0,0,0,0,0,0,0,1,0,0,0,0,0,0,0,0,0,0,0,0,0,0,0,0
7950,0,0,17,17,0,0,2,3,1,3,0,8,0,0,0,0,0,1,1,0,1,0,1,1,2,1,0,0,0,0,0,1,0,0,0,0,0,0,0,0,0,1,0,2,0,0,0,0,0,0,0,0,0,0,0,0,0,0,0,0,0,0,0,0,0,0,1,0,0,0,0,0,0,0,0,0
7951,0,0,8,2,0,0,3,1,3,0,0,0,0,0,0,1,0,1,0,0,0,0,1,0,0,0,0,0,0,0,0,0,0,0,0,0,0,1,0,0,0,0,0,1,0,0,0,0,0,0,0,0,1,0,0,0,0,0,0,0,0,0,0,0,0,0,0,0,0,0,0,0,0,0,0,0
7952,0,6,13,12,0,1,7,2,2,1,1,5,0,0,0,0,0,0,0,1,0,1,5,0,0,0,0,2,0,0,0,0,0,0,0,0,0,0,0,0,0,0,0,3,0,1,0,0,0,0,0,0,0,0,0,0,0,0,0,0,0,0,0,0,0,0,0,0,0,0,0,0,0,0,0,0
7953,0,1,6,7,0,3,10,35,1,5,3,12,0,0,0,0,1,6,0,0,3,0,3,2,1,1,3,4,0,0,0,12,0,0,0,4,0,1,1,1,0,1,0,0,1,0,0,0,0,0,0,1,0,0,1,0,0,0,2,0,0,0,0,0,0,0,0,0,0,0,0,0,0,0,0,0
7954,0,4,16,10,0,2,15,19,2,4,1,5,0,0,0,0,1,4,0,0,0,0,6,0,0,0,0,0,2,0,0,0,0,0,0,1,0,1,0,0,0,0,1,1,0,2,0,0,0,0,1,0,0,0,0,0,0,0,0,0,0,0,0,0,0,0,0,0,0,0,0,0,0,0,0,0
7955,0,2,10,5,1,0,9,6,0,2,4,1,0,0,0,2,6,7,0,0,1,0,1,0,0,0,0,0,1,0,0,0,1,0,0,0,0,0,0,0,0,1,0,1,0,0,0,0,0,0,0,0,0,0,0,0,0,0,0,0,0,0,0,0,1,0,0,0,0,0,0,0,0,0,0,0
7957,0,0,9,10,0,0,5,7,1,4,1,5,0,0,0,1,0,7,0,0,0,0,1,0,0,0,1,0,0,0,0,0,0,1,0,0,0,1,0,0,0,4,0,0,0,0,0,0,0,0,0,0,0,0,1,0,0,0,1,1,0,0,0,0,0,0,0,0,0,0,0,0,0,0,0,0
7958,0,0,16,6,0,0,10,2,2,0,1,4,0,0,0,1,3,4,1,0,0,0,3,0,2,0,2,1,0,0,0,0,0,0,0,0,0,4,0,0,0,5,0,1,0,0,0,0,0,0,0,0,1,0,0,0,0,0,3,0,0,1,0,0,0,0,0,0,0,0,0,0,0,0,0,0
7959,0,0,0,2,0,0,2,6,0,0,1,1,0,0,0,3,0,0,0,2,0,0,0,0,0,0,0,1,0,0,0,0,1,0,0,0,0,0,0,0,1,0,1,0,0,0,0,0,0,0,0,0,0,0,0,0,0,0,0,0,0,0,0,0,0,0,0,0,0,0,0,0,0,0,0,0
7960,14,4,12,13,0,3,12,18,3,3,2,5,0,0,0,1,0,7,0,1,0,0,5,0,0,1,3,7,1,1,0,2,0,0,0,3,0,1,0,0,0,1,2,0,2,0,0,0,0,0,0,0,1,2,0,0,0,0,4,0,0,0,0,0,0,0,0,0,0,0,0,0,0,0,0,0
7961,3,1,4,6,0,1,1,10,0,1,1,0,0,0,0,0,0,4,0,0,0,0,0,1,1,0,0,4,0,0,0,1,0,0,0,0,0,0,0,0,0,0,0,0,0,0,0,0,0,0,0,0,0,0,0,0,0,0,1,0,0,0,0,0,0,0,0,0,0,0,0,0,0,0,0,0
7962,0,4,4,7,0,3,7,8,3,7,1,10,0,0,1,0,0,2,0,0,0,2,1,0,0,0,1,0,1,0,0,1,0,0,0,0,0,0,0,0,0,0,0,0,0,0,0,0,0,0,0,0,0,0,1,0,0,0,2,0,0,0,0,0,0,0,0,0,0,0,0,0,0,0,0,0
7963,0,0,3,5,0,1,5,5,3,1,1,1,0,0,0,0,0,0,0,0,0,1,0,0,0,0,2,0,0,0,0,0,0,0,0,0,0,0,0,0,0,0,0,0,0,0,0,0,0,0,0,0,0,0,0,0,0,0,0,0,0,0,0,0,0,0,0,0,0,0,0,0,0,0,0,0
7964,0,5,11,1,0,7,5,2,1,0,3,0,0,0,0,0,0,2,0,0,0,0,1,0,1,0,0,0,0,0,0,0,1,0,0,0,0,0,0,0,0,1,0,0,0,0,0,0,0,0,0,0,0,0,0,0,0,0,0,0,0,0,0,0,0,0,0,0,0,0,0,0,0,0,0,0
7965,0,5,11,6,0,0,7,9,0,1,1,0,0,0,0,0,0,3,1,0,0,0,3,0,1,1,1,0,0,0,0,1,1,0,0,0,0,1,0,0,0,5,0,0,0,0,0,0,0,0,0,0,4,0,0,0,0,0,0,0,0,0,0,0,0,0,0,0,0,0,0,0,0,0,0,0
7966,0,1,8,5,0,0,7,9,1,3,2,3,0,0,0,0,1,4,0,2,0,0,0,0,0,0,0,1,0,0,0,3,0,0,0,0,0,1,0,0,0,0,2,0,0,1,0,0,0,0,0,0,0,1,0,0,0,0,3,0,0,0,0,0,0,0,0,0,0,0,0,0,0,0,0,0
7967,0,4,10,6,0,1,9,5,0,4,1,7,0,0,0,0,0,3,0,0,0,1,2,0,0,0,0,0,0,0,0,0,0,0,1,1,0,0,0,0,0,0,0,0,0,0,0,0,0,0,0,0,1,0,0,0,0,0,0,0,0,0,0,0,0,0,0,0,0,0,0,0,0,0,0,0
7968,0,3,23,5,0,0,5,1,0,1,0,2,0,0,0,0,0,1,0,0,0,0,0,0,1,0,1,0,0,1,0,0,0,0,0,0,0,0,0,0,0,0,0,1,0,0,0,0,0,0,0,0,0,0,0,0,0,0,0,0,0,0,0,0,0,0,0,0,0,0,0,0,0,0,0,0
7992,0,3,21,10,0,1,1,3,1,1,0,14,0,0,0,1,0,0,1,0,0,0,0,0,0,0,0,0,0,0,0,0,0,0,0,0,0,0,0,0,0,1,0,3,0,0,0,0,0,0,0,0,0,0,0,0,0,0,1,1,0,0,0,0,0,0,1,0,0,0,0,0,0,0,0,0
7993,0,5,10,11,0,0,0,1,3,0,0,1,0,0,0,1,1,0,0,0,0,1,3,0,0,0,0,0,0,0,0,0,1,0,0,0,0,0,0,1,0,0,0,2,0,0,0,0,0,0,0,0,0,0,0,0,0,0,0,0,0,0,0,0,0,0,2,0,0,0,0,0,0,0,0,0
7994,0,0,9,5,1,0,3,7,1,3,2,1,0,0,0,0,1,0,0,0,0,0,3,0,0,0,1,1,0,0,0,0,0,0,0,0,0,0,1,0,0,0,1,1,0,0,0,0,0,0,0,0,0,0,0,0,0,0,0,0,0,0,0,0,0,0,0,0,0,0,0,0,0,0,0,0
7995,0,1,13,5,0,1,1,4,1,1,0,2,0,0,0,0,0,0,0,0,0,1,0,0,0,0,0,0,0,0,0,0,0,0,0,0,0,0,0,0,0,0,2,0,0,0,0,0,0,0,0,0,0,0,0,0,0,0,0,0,0,0,0,0,0,0,0,0,0,0,0,0,0,0,0,0
7996,0,4,25,12,0,0,3,2,1,1,1,1,0,0,0,1,1,0,0,0,0,1,2,0,1,0,1,1,0,1,0,2,1,0,0,0,0,0,0,1,0,0,0,4,0,0,0,0,0,0,0,0,0,0,0,0,0,0,0,0,0,0,0,0,0,1,6,0,0,0,0,0,0,0,0,0
7997,0,0,4,4,0,0,1,0,0,0,2,0,0,0,0,0,0,1,0,1,0,0,0,0,0,0,0,0,0,0,0,0,0,0,0,0,0,2,0,0,0,0,0,1,2,0,0,0,0,0,0,0,0,0,0,0,0,0,0,0,0,0,0,0,1,0,0,0,0,0,1,0,0,0,0,0
7998,0,3,5,4,0,0,4,1,1,0,2,0,0,0,0,0,1,1,0,1,0,0,1,0,1,0,1,0,0,0,0,0,0,0,0,0,1,1,0,0,0,0,0,1,0,0,0,0,0,0,0,0,0,0,0,0,0,0,0,0,0,0,0,0,0,0,0,0,0,0,0,0,0,0,0,0
7999,0,0,7,2,0,0,3,4,0,1,2,0,0,0,0,0,0,0,0,0,0,0,1,0,0,0,0,0,0,0,0,0,0,0,0,0,0,0,0,0,0,0,0,0,0,1,0,0,0,0,0,0,0,0,0,0,0,0,0,0,0,0,0,0,0,0,1,0,0,0,0,0,0,0,0,0
8001,0,1,3,8,0,0,3,1,0,3,0,0,0,0,0,0,1,0,0,0,0,0,1,0,0,0,2,1,0,2,0,0,0,1,0,0,0,0,0,0,0,4,1,0,0,0,0,0,0,0,0,0,0,0,0,0,0,1,2,1,0,0,0,0,0,0,0,0,0,0,0,0,0,0,0,0
8002,5,4,17,12,0,3,5,6,0,1,4,3,0,0,0,0,3,1,0,0,0,0,1,0,1,0,0,2,0,1,0,1,0,0,0,1,0,0,1,0,0,1,1,1,0,0,0,0,0,0,0,0,1,0,1,0,0,0,0,1,0,0,0,0,0,0,0,0,0,0,0,0,0,0,0,0
8003,11,0,7,5,0,4,9,10,0,0,1,0,0,0,0,0,1,2,0,0,0,0,0,0,1,0,0,7,0,0,1,2,1,0,0,1,0,0,0,1,0,0,0,0,0,0,1,0,0,0,0,0,0,0,0,0,0,0,0,0,0,0,0,0,0,0,0,0,0,0,0,0,0,0,0,0
8004,1,1,9,7,0,0,12,10,4,4,1,0,0,0,0,0,0,4,0,0,0,1,4,0,1,0,0,0,0,0,0,0,0,0,0,1,0,0,1,0,0,2,0,4,0,0,0,0,0,0,0,0,1,0,0,0,0,0,1,0,0,0,0,0,0,0,1,0,0,0,0,0,0,0,0,0
8005,0,4,4,3,0,1,6,4,1,0,2,2,0,0,0,0,0,0,0,0,0,0,1,0,1,0,1,0,0,0,0,0,0,0,0,0,0,1,0,0,0,0,1,2,0,1,0,0,0,0,0,0,0,0,0,0,0,0,0,0,0,0,0,0,0,0,0,0,0,0,0,0,0,0,0,0
8006,0,3,9,6,0,0,1,0,0,0,0,2,0,0,0,0,1,0,1,0,0,0,0,0,0,0,1,0,0,0,0,0,1,1,0,0,0,0,0,0,0,3,0,0,0,0,0,0,0,0,0,0,0,0,0,0,0,0,0,0,0,0,0,0,0,0,0,0,0,0,0,0,0,0,0,0
8007,1,0,5,7,0,0,4,8,1,3,0,3,0,0,0,0,2,2,0,1,0,1,0,0,0,0,1,0,1,0,0,0,0,0,0,0,3,0,0,1,0,0,0,0,0,0,0,0,0,0,0,0,0,0,0,0,0,0,0,0,0,0,0,0,0,0,0,0,0,0,0,0,0,0,0,0
8008,0,1,12,3,0,0,0,6,0,3,1,0,0,0,0,0,0,0,0,0,5,0,0,0,1,0,0,1,0,0,0,1,0,0,0,3,0,0,0,0,0,0,1,0,0,0,0,0,0,0,1,0,0,0,0,0,0,0,1,0,0,0,0,0,0,0,0,0,0,0,0,0,0,0,0,0
8009,0,0,0,1,0,0,1,3,2,2,0,0,0,0,0,0,0,0,1,0,0,0,0,0,2,0,1,0,0,0,0,0,0,0,0,0,0,0,0,0,0,1,1,7,0,0,0,0,0,0,0,0,0,0,0,0,0,0,0,0,0,0,0,0,0,0,6,0,0,0,0,0,0,0,0,0
8030,1,8,31,13,0,6,6,15,3,11,0,5,0,0,0,1,1,3,0,0,0,3,4,0,2,0,0,0,1,0,0,4,1,0,0,0,0,1,0,0,0,1,1,2,0,2,0,0,0,0,0,0,0,0,0,0,0,0,0,0,0,0,0,0,0,0,0,0,0,0,1,0,0,0,0,0
8031,0,3,30,14,0,0,9,5,2,3,0,1,0,0,0,1,1,4,0,1,0,0,5,0,1,0,1,0,0,1,1,0,1,1,0,0,0,1,0,1,0,2,3,3,0,0,0,0,0,0,0,0,1,0,0,0,0,0,0,1,0,0,0,0,0,0,0,0,0,0,1,0,0,0,0,0
8032,2,0,1,2,0,1,3,4,0,0,0,2,0,0,0,0,2,0,0,0,0,0,3,0,2,0,0,1,0,0,0,4,0,0,0,1,0,1,0,0,0,0,1,0,0,0,0,0,0,0,0,0,0,0,0,0,0,0,0,0,0,0,0,0,0,0,0,0,0,0,0,0,0,0,0,0
8033,1,2,4,2,0,8,7,16,1,1,1,5,0,0,0,0,0,0,1,2,0,0,1,0,0,0,1,7,0,0,0,2,0,0,0,3,1,0,0,0,0,2,1,0,0,0,0,0,0,0,2,0,0,0,1,0,0,0,1,0,0,0,0,0,0,0,0,0,0,0,0,0,0,0,0,0
8034,0,0,3,0,0,0,14,17,0,8,3,12,0,0,1,2,0,3,0,0,0,1,6,0,0,0,0,0,0,0,0,0,0,0,0,0,0,2,0,0,0,7,1,0,0,0,0,0,0,0,0,0,0,0,1,0,0,0,1,0,0,0,0,0,0,0,0,0,0,0,0,0,0,0,0,0
8035,0,4,9,1,0,2,2,3,2,1,0,0,0,0,0,0,1,0,1,0,1,0,0,0,0,0,0,0,0,0,0,0,0,0,0,0,0,1,0,0,0,2,0,1,0,0,0,0,0,0,0,0,0,0,0,0,0,0,2,0,0,0,0,0,0,0,0,0,0,0,0,0,0,0,0,0
8037,0,7,16,6,0,1,3,4,0,3,2,0,0,0,0,0,1,2,0,0,0,0,0,0,0,1,0,0,0,0,0,0,0,0,0,0,0,0,0,0,0,0,0,0,0,0,0,0,0,0,1,0,0,0,0,0,0,0,1,0,1,0,0,0,0,0,0,0,0,0,0,0,0,0,0,0
8038,0,1,1,1,0,0,9,4,0,1,0,3,0,0,0,0,1,1,0,0,0,0,0,0,0,0,1,0,0,0,0,0,0,0,0,0,0,0,0,0,0,0,0,0,0,1,0,0,0,0,0,0,0,0,0,0,0,0,0,0,0,0,0,0,0,0,0,0,0,0,0,0,0,0,0,0
8039,2,7,22,13,0,3,18,29,7,11,7,7,0,0,0,0,0,10,1,3,0,2,15,2,0,0,3,0,1,0,0,0,2,0,0,0,0,3,0,0,0,1,0,0,0,0,0,0,0,0,0,0,1,0,0,0,0,0,5,1,0,0,0,0,0,0,0,0,0,0,0,0,0,0,0,0
8041,0,1,2,4,0,1,7,2,0,0,1,1,0,0,1,1,1,2,0,1,0,0,0,0,0,0,2,0,0,0,0,0,1,0,0,0,0,1,0,0,0,0,0,0,0,0,0,0,0,0,0,0,0,0,0,0,0,0,0,0,0,0,0,0,0,0,0,0,0,0,0,0,0,0,0,0
8042,0,1,11,8,0,1,13,3,0,2,0,1,0,0,0,0,1,2,0,2,0,0,0,1,0,0,0,0,0,0,1,1,0,0,0,0,2,1,0,0,0,6,0,1,0,0,0,0,0,0,0,0,1,0,0,0,0,0,0,0,0,0,0,0,0,0,0,0,0,0,0,0,0,0,0,0
8043,0,3,23,7,0,2,9,9,2,3,2,3,0,0,0,0,0,4,0,0,0,0,3,0,0,1,1,1,1,0,0,0,1,0,0,0,0,3,0,0,0,0,2,0,0,0,0,0,0,0,0,0,0,0,0,0,0,1,0,0,0,0,0,0,0,0,1,0,0,0,0,0,0,0,0,0
8044,0,0,0,0,0,0,6,2,0,3,0,2,0,0,0,0,0,2,0,0,0,0,1,0,0,0,1,0,1,0,0,0,0,0,0,0,0,1,0,0,0,0,0,0,0,0,0,0,0,0,0,0,1,0,0,0,0,0,1,0,0,0,0,0,0,0,0,0,0,0,0,0,0,0,0,0
8045,0,12,20,15,0,0,6,6,0,2,0,2,0,0,0,3,1,2,0,0,0,0,0,0,0,0,1,0,0,0,0,1,2,0,0,0,0,1,0,0,0,0,0,0,4,0,0,0,0,0,0,0,1,0,0,0,0,0,0,0,0,0,0,0,0,0,0,0,0,0,0,0,0,0,0,0
8046,0,1,12,7,0,1,3,3,0,3,1,4,0,0,0,0,0,1,0,0,0,0,0,0,2,0,0,0,0,0,0,0,0,0,0,0,0,0,0,0,0,0,0,1,0,0,0,0,0,0,0,0,2,0,0,0,0,0,0,0,0,0,0,0,0,0,0,0,0,0,0,0,0,0,0,0
8047,0,0,6,3,0,3,10,5,2,2,1,2,0,0,0,0,0,3,0,0,0,1,1,0,0,0,0,0,0,0,0,0,0,0,0,0,0,1,1,0,0,0,0,0,0,1,0,0,0,0,0,0,0,0,1,0,0,0,0,1,0,0,0,0,0,0,0,0,0,0,0,0,0,0,0,0
8049,0,6,14,8,0,2,10,15,3,6,1,3,0,0,0,0,0,6,0,0,0,0,1,0,0,0,1,0,1,1,0,0,1,0,0,0,1,1,1,0,0,4,2,0,0,0,0,0,0,0,0,0,1,0,0,0,0,0,1,2,0,0,0,0,0,0,0,0,0,0,1,0,0,0,0,0
8050,0,4,19,11,0,0,11,12,1,3,3,8,0,0,0,0,2,3,0,2,0,0,6,0,0,0,2,0,0,0,0,0,0,0,0,0,0,0,0,0,0,2,0,0,0,1,0,0,0,0,0,0,1,0,0,0,0,0,0,0,0,0,0,0,0,0,0,0,0,0,0,0,0,0,0,0
8051,0,3,8,0,0,4,10,11,1,2,2,2,0,0,0,0,3,1,0,1,0,0,1,0,1,0,0,0,0,0,0,2,1,0,0,0,0,1,0,0,0,1,0,1,0,2,0,0,0,0,0,0,2,0,0,0,0,0,0,0,0,0,0,0,0,0,0,0,0,0,0,0,0,0,0,0
8052,0,2,9,2,1,0,0,7,1,1,0,3,0,0,0,0,0,0,0,0,5,0,0,0,0,0,0,6,0,2,0,6,0,0,0,4,0,0,2,0,0,0,0,1,0,0,0,0,0,0,0,0,0,0,1,0,0,0,0,0,0,0,0,0,0,0,0,0,0,0,0,0,0,0,0,0
8053,0,1,8,4,0,0,1,4,0,1,2,1,0,0,0,0,0,4,0,0,0,0,0,0,0,0,1,1,0,0,0,3,1,0,0,0,0,0,0,0,0,0,0,0,0,0,0,0,0,0,0,0,0,0,0,0,0,0,0,0,0,0,0,0,0,0,0,0,0,0,0,0,0,0,1,0
8054,0,4,8,9,0,0,0,8,1,5,4,2,0,0,0,0,0,0,0,0,0,0,2,0,0,0,0,0,0,2,0,1,0,0,1,1,0,0,0,0,0,2,2,3,0,0,0,0,0,0,0,0,0,0,0,0,1,1,0,0,0,0,0,0,0,0,0,0,0,1,0,0,0,0,0,0
8055,3,7,15,22,0,4,19,30,0,3,4,5,0,0,0,3,3,4,0,0,0,2,2,1,1,0,3,6,3,0,0,2,2,0,0,5,0,1,0,0,0,1,1,2,2,3,0,0,0,0,1,0,0,0,1,0,0,0,1,0,0,2,0,0,1,0,0,0,0,0,0,0,0,0,0,0
8056,0,6,9,5,0,0,17,12,1,6,1,1,1,0,0,0,0,2,1,1,0,2,0,0,0,1,0,4,0,2,0,0,0,0,0,1,0,3,0,0,0,1,0,2,1,0,0,0,0,0,0,0,0,0,0,0,0,0,0,0,0,1,0,0,0,0,0,0,0,0,0,0,0,0,0,0
8057,1,5,9,6,0,0,7,17,1,3,1,5,0,0,0,0,0,2,0,1,0,1,3,0,0,0,0,0,0,0,1,0,0,0,0,0,0,5,0,1,1,1,0,1,0,0,0,0,0,0,0,0,0,0,1,0,0,0,0,0,0,0,0,0,0,0,0,0,0,0,0,0,0,0,0,0
8085,0,1,13,5,0,0,0,0,5,0,0,0,0,0,0,1,0,1,0,0,0,0,0,0,0,0,0,0,0,0,0,0,0,0,0,0,0,0,0,0,0,1,0,2,0,0,0,1,0,0,0,0,0,0,0,0,0,0,1,0,0,0,0,0,0,0,0,0,0,0,0,0,0,0,0,0
8086,0,5,21,11,0,0,0,1,1,1,1,6,0,0,0,1,0,2,1,0,0,0,0,0,0,1,1,2,0,0,0,0,1,0,1,0,0,0,0,0,0,0,0,2,1,0,0,0,0,0,0,0,0,0,0,0,0,0,0,0,0,0,0,0,0,0,0,0,0,0,0,0,0,0,0,0
8087,0,1,4,6,0,0,0,0,0,0,0,3,0,0,0,1,0,0,0,0,0,0,1,0,0,0,0,2,0,0,0,0,0,1,0,0,0,0,0,0,0,0,0,1,0,0,0,0,0,0,0,0,0,0,0,0,0,0,0,0,0,0,0,0,0,0,0,0,0,0,0,0,0,0,0,0
8088,0,5,18,11,0,0,18,9,1,4,0,7,0,0,0,0,1,1,0,1,0,2,6,0,0,0,1,0,0,0,0,0,0,0,0,0,0,2,1,0,0,0,0,1,0,1,0,0,0,0,0,0,0,0,0,0,0,0,0,0,0,0,0,0,0,0,0,0,0,0,0,0,0,0,0,0
8089,0,2,17,9,0,1,6,9,0,5,0,0,0,0,0,0,3,5,0,0,0,1,0,0,0,0,1,0,1,0,0,0,0,0,0,0,0,1,0,0,0,1,1,5,0,0,0,0,0,0,0,0,0,0,0,0,0,0,1,0,0,0,0,0,0,0,2,0,0,0,0,0,0,0,0,0
8090,0,0,3,1,0,0,3,3,1,0,0,1,0,0,0,1,0,2,0,0,0,0,0,0,0,0,3,0,0,1,0,1,0,0,0,0,0,0,0,0,0,0,1,0,1,0,0,0,0,0,0,0,0,0,0,0,0,0,0,0,0,0,0,0,0,0,1,0,0,0,0,0,0,0,0,0
8091,0,1,8,10,0,0,1,1,1,0,1,1,0,0,0,0,0,2,0,1,0,0,2,0,0,0,0,0,0,0,0,0,0,0,0,0,0,1,0,0,0,1,0,0,0,2,0,0,0,0,1,0,0,0,0,0,0,0,1,0,0,0,0,0,0,0,0,0,0,0,0,0,0,0,0,0
8092,0,4,13,4,1,0,7,8,0,2,1,3,0,0,0,1,0,4,0,2,0,1,1,0,0,2,0,0,1,0,0,0,0,1,0,0,0,2,0,0,0,3,0,0,0,1,0,0,0,0,0,0,0,0,0,0,0,0,0,0,0,0,0,0,0,0,0,0,0,0,0,0,0,0,0,0
8093,0,1,14,7,0,0,2,6,3,3,4,1,0,0,0,1,0,0,0,1,0,0,0,0,0,1,1,2,0,1,0,0,0,0,0,0,0,0,0,0,0,0,3,6,0,0,0,0,0,0,0,0,0,0,0,0,0,0,0,0,0,0,0,0,1,0,4,0,0,0,0,0,0,0,0,0
8094,0,2,20,10,0,1,1,7,0,0,0,1,0,0,0,0,0,0,0,1,0,0,0,1,0,0,1,1,0,0,0,3,0,0,0,0,0,0,0,0,0,2,0,0,0,0,0,0,0,0,0,0,2,0,0,0,0,0,0,0,0,0,0,0,0,0,0,0,0,0,0,1,0,0,0,0
8095,0,3,9,4,0,3,1,1,0,0,0,2,0,0,0,1,1,2,0,1,0,0,0,0,0,0,0,0,0,0,0,0,1,0,1,0,0,0,0,0,0,1,0,0,0,0,0,0,0,0,0,0,1,0,0,0,0,0,0,1,0,0,0,0,0,0,0,0,0,0,0,0,0,0,0,0
8096,1,2,14,14,0,0,8,5,3,2,0,3,0,0,0,1,0,0,0,0,0,0,1,0,1,0,0,0,0,0,0,0,1,0,0,0,0,1,0,0,0,1,0,0,0,0,0,0,0,0,0,0,2,0,1,0,0,0,0,1,0,0,0,0,0,0,0,0,0,0,0,0,0,0,0,0
8098,1,6,12,4,4,0,5,17,1,3,0,5,0,0,0,0,1,6,0,0,0,0,4,3,0,2,0,4,1,2,0,2,0,0,0,0,0,0,0,0,0,0,0,0,0,1,0,0,0,0,1,0,0,0,0,0,0,0,0,1,0,0,0,1,0,0,0,0,0,0,0,0,0,0,0,0
8099,0,7,24,14,0,0,16,7,0,3,1,6,0,0,0,1,1,5,0,0,0,1,1,0,0,0,2,0,1,0,0,0,0,0,0,0,0,0,0,0,0,0,1,2,0,0,0,0,0,0,0,0,1,0,0,0,0,0,1,0,0,0,0,0,0,0,0,0,0,0,0,0,0,0,0,0
8100,0,9,12,12,0,2,16,3,1,0,0,2,0,0,0,0,2,3,0,0,0,2,4,0,0,1,0,0,0,0,0,0,0,0,0,0,0,1,0,0,0,0,0,1,0,0,0,1,0,0,0,0,1,0,0,0,0,0,1,0,0,0,0,0,1,0,0,0,0,0,0,0,0,0,0,0
8101,0,9,39,19,1,2,14,7,1,2,2,2,0,0,0,0,2,6,0,0,1,0,2,0,0,1,1,0,1,4,1,1,2,0,0,0,0,1,1,0,0,4,2,0,0,0,0,0,1,0,0,0,0,0,0,0,0,0,0,1,0,0,0,0,0,0,0,0,0,0,0,0,0,0,0,0
8102,1,6,24,12,0,0,11,4,1,1,1,1,0,0,0,0,0,1,0,0,0,0,2,0,0,0,1,0,0,0,0,0,0,0,0,0,0,1,0,0,0,0,2,0,0,2,0,0,0,0,0,0,0,0,0,0,0,0,0,0,0,0,0,0,2,0,2,0,0,0,0,0,0,0,0,0
8103,1,6,26,10,0,1,35,27,5,6,1,6,0,0,0,0,1,10,0,2,3,0,7,3,1,0,1,1,2,0,0,0,0,0,1,1,0,1,0,0,0,0,0,0,0,1,0,0,0,0,0,0,0,0,0,0,0,0,1,1,0,0,0,0,0,0,0,0,0,0,0,0,0,0,0,0
8104,0,4,17,10,1,0,12,17,4,2,1,2,0,0,0,0,2,0,0,0,0,1,3,0,0,0,0,0,1,0,0,2,1,0,0,1,0,3,2,0,0,0,1,0,0,1,1,0,0,0,0,0,0,0,0,0,0,0,0,0,0,1,0,0,0,0,0,0,0,0,0,0,0,0,0,0
8105,0,3,16,7,0,1,14,10,0,2,3,3,0,0,0,0,3,4,0,0,0,3,0,0,0,1,0,0,0,0,0,0,1,0,0,0,0,2,0,0,0,0,0,0,0,1,0,0,1,0,0,0,0,0,0,0,0,0,0,0,0,0,0,0,0,0,0,0,0,0,0,0,0,0,0,0
8121,0,1,22,8,0,0,1,3,1,4,2,5,0,0,0,1,1,4,0,0,0,0,2,0,0,0,3,0,0,0,0,0,0,0,0,0,1,0,0,0,0,1,3,2,0,0,0,0,0,0,0,0,0,0,0,0,0,0,0,1,0,0,0,0,0,0,2,0,0,0,0,0,0,0,0,0
8122,0,0,8,12,0,0,0,3,3,4,0,2,0,0,0,4,0,2,0,0,0,0,0,0,0,0,1,1,0,3,0,0,0,0,0,0,0,0,0,0,0,1,0,1,0,0,0,0,0,0,0,7,0,0,0,0,0,0,1,0,0,0,0,1,0,0,1,0,0,0,0,0,0,0,0,0
8123,0,2,11,5,0,0,0,1,4,0,0,1,0,0,0,3,0,0,0,0,0,1,0,0,0,0,0,0,1,0,0,0,0,0,0,0,0,0,0,0,0,0,0,0,0,0,0,0,0,0,0,0,0,0,0,0,0,0,0,0,0,0,0,0,0,0,5,0,0,0,0,0,0,0,0,0
8124,0,0,5,1,0,0,1,6,1,0,0,2,0,0,0,4,0,1,0,0,0,0,0,0,0,0,0,0,0,0,0,0,0,0,0,0,0,0,0,0,0,0,0,1,0,0,0,0,0,0,0,0,0,0,0,0,0,0,0,0,0,0,0,0,0,0,1,0,0,0,0,0,0,0,0,0
8125,0,6,9,9,0,0,4,10,1,6,0,3,0,0,0,1,0,1,0,0,0,0,0,0,0,0,0,0,0,0,1,0,0,0,0,0,1,0,0,1,0,10,0,0,1,0,0,0,0,0,0,0,0,0,0,0,0,0,0,0,0,0,0,0,0,0,0,0,0,0,0,0,0,0,0,0
8126,0,0,3,2,0,0,0,14,0,0,0,0,0,1,0,0,0,0,1,0,1,0,0,1,0,0,0,1,0,1,0,1,0,0,0,2,0,0,1,1,0,0,0,1,0,0,0,0,0,0,1,0,0,0,1,0,0,0,0,0,0,0,0,0,0,0,0,0,0,0,0,0,0,0,0,0
8127,0,1,16,7,0,0,2,35,0,7,3,11,0,0,0,0,1,1,0,0,2,0,3,3,0,0,0,4,1,1,0,7,0,0,0,4,0,3,1,1,0,1,1,2,0,0,0,0,1,0,0,0,0,0,1,0,0,0,0,0,0,0,0,0,0,0,0,0,0,0,1,1,0,0,0,0
8128,0,8,55,37,0,1,7,10,4,0,4,10,0,0,0,3,0,2,1,1,0,0,4,0,0,2,1,8,0,0,0,2,0,0,0,0,0,2,0,0,0,2,1,0,0,0,0,0,0,0,0,0,2,0,0,0,0,0,1,0,1,0,0,0,2,0,0,0,0,0,0,0,0,0,0,1
8129,1,1,5,1,0,0,5,5,1,7,1,1,0,0,0,2,1,3,0,0,0,0,2,0,0,1,0,0,0,0,0,0,0,0,0,0,0,0,0,0,0,1,0,0,0,0,0,0,0,0,0,0,0,0,0,0,0,0,0,0,0,0,0,0,0,0,0,0,0,0,0,0,0,0,0,0
8130,0,3,24,9,0,0,5,7,1,1,1,3,0,0,0,1,2,4,0,0,0,0,2,0,3,0,1,0,1,0,0,1,0,0,0,0,0,0,0,0,0,0,0,1,0,0,0,0,0,0,0,0,0,0,1,0,0,0,0,0,0,0,0,0,0,0,0,0,0,0,0,0,0,0,0,0
8131,0,6,28,18,0,2,28,25,4,13,6,4,0,0,0,2,1,10,0,3,1,0,7,0,1,1,1,1,0,2,0,0,3,0,0,0,0,0,1,0,0,1,0,1,0,1,0,0,0,0,0,0,0,0,1,0,0,0,0,1,0,1,0,0,0,0,0,0,0,0,0,0,0,0,0,0
8132,1,4,9,8,1,0,4,7,2,1,0,1,0,0,0,0,0,0,0,1,0,0,0,0,1,0,0,1,0,0,0,0,2,0,1,4,1,1,0,2,0,1,0,0,0,0,0,0,0,0,0,0,0,0,1,0,0,0,0,1,0,0,0,1,0,0,2,0,0,0,0,0,0,0,0,0
8133,0,2,18,11,0,1,8,6,0,3,2,7,0,0,0,1,0,5,0,1,0,0,5,0,0,1,2,3,2,0,0,1,1,0,0,1,0,1,0,0,0,0,0,1,0,0,0,1,0,0,0,0,0,0,0,0,0,0,1,0,0,0,0,0,1,0,0,0,0,0,0,0,0,0,0,0
8134,1,9,19,10,0,0,10,35,1,5,1,9,0,0,0,0,5,2,0,2,2,1,2,3,2,0,1,5,0,3,1,2,2,0,0,3,0,3,4,0,1,8,0,0,0,0,0,1,0,0,1,0,0,0,2,0,0,1,1,0,0,0,0,1,2,0,0,0,0,0,0,0,0,0,0,0
8135,0,4,26,26,0,1,2,4,3,0,1,2,0,0,0,1,0,0,0,0,0,0,3,0,0,2,0,0,3,0,0,0,0,0,0,0,0,1,0,0,0,0,1,0,0,0,0,0,0,0,0,0,0,0,0,0,0,0,0,1,0,2,0,0,0,0,0,0,0,0,0,0,0,1,0,0
8136,0,1,11,8,0,0,13,14,1,4,4,2,0,0,0,0,3,6,0,2,0,0,1,0,0,0,0,1,0,0,0,1,0,0,0,0,2,0,0,0,0,1,1,0,0,0,0,0,0,0,0,0,0,0,0,0,0,0,1,0,0,0,0,0,0,0,0,0,0,0,0,0,0,0,0,0
8138,0,2,6,6,0,3,7,17,2,6,3,2,0,0,0,0,2,4,0,1,0,0,5,0,1,0,0,2,0,0,0,1,0,0,0,0,0,0,1,0,0,1,0,1,0,0,0,0,2,0,0,0,0,0,0,0,0,0,1,0,0,1,0,0,0,0,0,0,0,0,0,0,0,0,0,0
8139,0,2,17,4,0,0,1,1,0,2,0,1,0,0,0,1,0,0,0,0,0,0,2,0,0,0,1,0,0,0,0,0,1,0,0,0,0,0,0,0,0,0,0,0,0,1,0,0,0,0,0,0,0,0,0,0,0,0,0,1,0,2,0,0,0,0,0,0,0,0,0,0,0,0,0,0
8140,0,1,13,10,0,0,2,15,2,8,1,6,0,0,2,0,0,1,0,0,0,2,0,0,0,0,1,0,0,0,0,0,1,0,0,0,0,0,0,0,0,0,0,0,0,1,0,0,0,0,1,0,2,0,0,0,0,0,0,0,0,0,0,0,0,0,0,0,0,0,0,0,0,0,0,0
8141,0,1,9,3,0,3,2,10,0,1,0,0,0,0,0,0,0,1,0,1,0,0,1,0,0,0,0,0,0,1,0,1,0,0,0,0,0,0,0,0,0,1,1,0,0,0,0,0,0,0,0,0,0,0,0,0,0,0,0,0,0,0,0,0,0,0,0,0,0,0,0,0,0,0,0,0
8142,1,2,18,8,0,0,14,5,1,3,2,1,0,0,0,1,0,8,0,0,0,4,4,0,0,0,0,0,0,0,0,0,0,0,0,0,0,0,0,2,0,2,1,3,0,0,0,0,0,0,0,0,0,0,0,0,0,0,0,1,0,0,0,0,0,0,0,0,0,0,0,0,0,0,0,0
8143,1,7,24,29,0,0,12,24,6,8,0,8,0,0,0,0,0,4,0,0,5,1,7,1,0,1,0,2,0,0,0,3,0,0,0,3,0,1,0,0,0,1,1,0,0,2,0,0,0,1,2,0,0,0,0,0,0,0,1,0,0,0,0,0,0,0,0,0,0,0,0,0,0,0,0,0
8144,0,2,16,2,0,1,15,41,1,4,1,12,0,0,0,0,2,6,0,0,3,2,2,0,0,0,0,7,0,0,0,4,0,0,0,3,0,0,0,1,0,3,1,1,0,0,0,0,0,0,0,0,0,0,1,0,0,0,0,0,0,0,0,0,0,0,0,0,0,0,0,0,0,0,0,0
8145,0,5,23,22,0,1,23,25,1,7,3,7,0,0,0,2,1,3,0,0,0,0,7,0,2,0,1,0,2,0,0,1,0,1,0,2,3,2,0,1,1,4,3,0,0,2,0,0,0,0,0,0,2,0,0,0,0,1,1,0,0,0,0,1,1,0,0,0,0,0,0,0,0,0,0,0
8146,0,4,9,7,0,0,2,0,1,1,0,1,0,0,0,2,0,1,0,0,0,0,0,0,0,0,1,0,1,0,0,0,0,0,0,0,0,1,0,0,0,2,0,0,1,0,0,0,0,0,0,0,0,0,0,0,0,0,1,1,0,0,0,0,0,0,1,0,0,0,0,0,0,0,0,0
8147,0,5,15,11,0,1,11,5,1,3,1,4,0,0,0,1,0,2,0,1,0,2,1,0,1,0,0,0,1,0,0,0,0,0,0,0,0,2,0,0,0,2,0,1,1,1,0,0,0,0,0,0,0,0,0,0,0,0,0,0,0,0,0,0,0,0,0,0,0,0,0,0,0,0,0,0
8148,0,2,11,10,0,0,18,10,0,2,3,2,0,0,0,0,1,1,0,0,0,0,3,0,0,0,0,0,0,0,0,1,1,0,0,0,0,0,0,0,0,1,2,0,0,0,0,0,0,0,0,0,1,0,0,0,0,0,0,0,0,0,0,0,0,0,0,0,0,0,0,0,0,0,0,0
8149,0,4,14,13,1,1,9,9,1,9,1,8,0,0,0,0,0,2,0,1,0,0,4,0,1,0,0,0,0,0,0,0,0,0,0,0,0,3,1,0,1,8,0,0,0,0,0,0,1,0,0,0,0,0,0,0,0,0,0,0,0,0,0,0,1,0,0,0,0,0,0,0,0,0,0,0
8150,1,5,19,8,0,0,7,6,1,1,1,3,0,0,0,1,1,2,0,0,0,0,5,0,0,0,1,0,0,0,0,1,0,0,0,0,1,1,0,0,0,0,0,0,0,0,0,0,2,0,0,0,0,0,0,0,0,0,0,0,0,0,0,0,0,0,0,0,0,0,0,0,0,0,0,0
8173,1,6,14,16,0,2,13,19,8,6,1,0,0,0,0,0,3,8,1,3,0,1,2,0,0,0,2,0,0,0,0,0,1,0,1,0,0,0,0,0,0,0,1,1,1,0,0,0,0,0,0,0,1,0,0,0,0,0,0,0,1,0,0,0,0,0,0,0,0,0,0,0,0,0,0,0
8175,0,3,19,21,0,0,9,15,5,1,0,6,0,0,0,0,4,4,0,0,0,0,1,0,0,0,0,0,0,0,0,0,0,0,0,1,0,1,0,0,0,1,2,2,0,3,0,0,0,0,0,0,1,0,0,0,0,0,0,1,0,0,0,0,1,0,0,0,0,0,0,0,0,0,0,0
8176,0,6,31,12,2,0,2,9,4,6,4,4,0,0,0,4,1,0,0,0,0,1,0,0,0,0,4,0,1,0,0,1,0,0,0,0,0,0,0,0,0,0,0,8,0,0,0,0,1,1,0,0,2,0,0,0,0,0,2,0,0,0,0,0,0,0,5,0,0,0,0,0,0,0,0,0
8177,0,2,0,1,0,1,4,4,0,4,3,0,0,0,0,0,0,1,0,0,1,1,2,0,0,0,0,0,0,0,0,0,0,0,0,0,0,0,0,0,0,1,0,1,0,0,0,0,0,0,0,0,0,0,0,0,0,0,0,0,0,0,0,0,0,0,0,0,0,0,0,0,0,0,0,0
8178,3,9,34,24,0,0,19,22,0,2,5,7,0,0,1,1,1,3,0,1,0,2,7,0,3,0,1,1,0,0,0,0,0,0,0,0,1,1,1,1,0,0,3,4,0,2,0,0,0,0,0,0,1,0,0,0,0,0,0,0,0,2,0,0,0,0,1,0,0,0,0,0,0,0,0,0
8179,0,1,10,3,0,0,12,16,0,5,1,2,0,0,0,0,1,3,0,0,1,1,1,2,0,0,1,0,0,1,0,0,0,0,0,2,2,4,3,0,0,1,2,2,0,0,0,0,0,0,0,0,1,0,0,0,0,0,1,0,0,1,0,0,0,0,0,0,0,0,0,0,0,0,0,0
8180,0,2,2,10,0,0,10,17,2,2,0,2,0,0,0,0,1,5,0,0,0,0,6,0,2,0,0,1,0,1,1,0,1,1,0,0,0,2,0,0,0,4,1,1,0,0,0,0,0,0,0,0,0,0,0,0,1,0,0,1,0,0,0,1,0,0,0,0,0,0,0,0,0,0,0,0
8181,0,12,40,17,0,0,18,22,0,3,2,3,0,0,0,1,4,5,0,1,0,0,4,0,0,0,1,2,0,0,0,0,0,0,0,0,0,4,0,1,0,5,2,3,0,0,0,0,1,0,0,0,0,0,0,0,0,0,1,0,0,0,0,0,0,0,0,0,0,0,0,0,0,0,0,0
8183,0,2,12,5,2,1,1,6,0,1,0,1,0,0,0,0,0,0,0,0,0,1,0,0,0,0,0,3,0,0,0,2,1,0,1,3,1,0,0,0,0,0,0,1,0,0,0,0,0,0,1,0,0,0,1,0,0,0,1,0,0,0,0,0,0,0,0,0,0,0,0,0,0,0,0,0
8184,0,3,10,4,0,0,2,1,0,0,0,4,0,0,0,0,0,0,0,0,0,0,0,0,0,0,0,3,0,0,0,0,0,0,0,0,0,0,0,0,0,0,0,0,0,0,0,0,0,0,0,0,0,0,0,0,0,0,0,0,0,0,0,0,0,0,0,0,0,0,0,0,0,0,0,0
8185,0,2,24,10,0,0,14,10,0,0,2,3,0,0,0,0,0,0,0,0,0,0,0,0,0,0,0,0,0,0,0,1,0,0,0,0,0,0,0,0,0,0,0,0,0,2,0,0,0,0,0,0,1,0,0,0,0,0,0,0,0,0,0,0,0,0,0,0,1,0,0,0,0,0,0,0
8186,0,5,32,22,0,0,20,28,8,3,1,9,0,0,1,3,1,3,1,2,1,1,1,3,0,0,1,1,2,1,0,2,1,0,0,2,0,2,0,1,1,0,0,1,0,1,0,0,0,0,1,0,2,0,0,0,0,0,0,0,0,0,0,0,1,0,3,0,0,0,0,0,0,0,0,0
8187,0,4,10,15,0,3,14,20,1,2,1,5,0,0,0,2,2,10,1,0,0,0,2,0,0,0,1,0,1,0,0,0,2,0,0,0,0,2,0,1,1,0,0,1,3,3,0,0,0,0,0,0,1,0,0,0,0,0,0,1,0,1,0,0,0,0,0,0,0,0,0,0,0,0,0,0
8188,0,6,25,9,0,1,16,27,1,5,7,3,0,0,0,0,1,10,0,0,1,1,4,0,0,0,2,4,0,2,0,3,3,0,1,2,0,0,2,1,0,2,1,1,0,1,0,0,0,0,0,0,1,0,1,0,0,0,0,0,0,0,0,0,0,0,0,0,0,0,0,0,0,0,0,0
8189,0,7,31,13,0,1,8,23,1,4,7,8,0,1,0,0,3,4,0,4,0,1,4,1,1,0,4,0,1,1,1,4,0,0,0,0,0,1,0,1,0,4,2,1,0,2,0,0,0,0,0,0,1,0,0,0,0,0,0,1,0,0,0,1,0,0,0,0,0,0,0,0,0,0,0,0
8190,0,6,21,20,0,2,23,19,4,3,2,12,0,0,0,1,2,11,0,0,1,0,4,0,2,0,0,0,0,1,0,1,1,0,0,0,1,2,0,0,0,1,1,0,0,0,0,0,1,0,0,0,0,0,0,0,0,0,0,1,0,1,0,0,0,0,0,0,0,0,0,0,0,0,0,0
8191,0,6,13,7,0,0,3,5,0,2,0,2,0,0,0,0,1,3,0,1,0,0,1,0,0,1,0,2,0,0,0,1,0,0,0,1,1,3,1,0,0,3,4,0,0,0,0,0,2,0,0,0,0,0,0,0,0,0,0,0,0,0,0,0,0,0,0,0,0,0,0,0,0,0,0,0
8192,0,0,6,0,0,0,5,1,2,1,1,1,0,0,0,0,2,0,0,0,0,0,1,0,0,0,3,0,0,0,0,0,0,0,0,0,0,1,0,0,0,4,0,1,0,0,0,0,0,0,0,0,0,0,0,0,0,0,1,0,0,0,0,0,0,0,0,0,0,0,0,0,0,0,0,0
8193,0,1,9,9,0,0,5,4,2,2,0,2,0,0,0,0,1,3,0,1,0,0,2,1,0,0,0,0,0,0,0,0,0,0,0,0,0,0,0,0,1,5,0,1,0,0,0,2,0,0,0,0,0,0,0,0,0,0,0,0,0,0,0,0,0,0,0,0,0,0,0,0,0,0,0,0
8194,0,2,9,8,0,0,4,13,1,3,0,4,0,0,0,1,1,2,0,0,0,1,2,0,0,1,0,1,0,1,0,0,0,0,0,0,0,1,0,0,0,3,0,0,2,0,0,0,1,0,0,0,0,0,0,0,0,0,0,0,0,0,0,0,0,0,0,0,0,0,0,0,0,0,0,0
8222,0,1,13,12,0,0,0,1,3,0,0,0,0,0,0,0,0,0,1,0,0,0,0,0,0,0,0,0,0,0,0,0,0,0,0,0,1,0,1,0,0,0,0,4,0,0,0,0,0,0,0,0,0,0,0,0,0,0,0,0,0,0,0,0,0,0,3,0,0,0,0,0,0,0,0,0
8223,0,1,12,6,0,0,4,0,0,0,0,1,0,0,0,1,1,0,0,0,0,0,0,0,0,0,0,0,0,0,0,0,0,0,0,0,0,0,0,0,0,0,0,2,2,0,0,0,0,0,0,0,0,0,0,0,0,0,0,1,1,0,0,0,0,0,0,0,0,0,0,0,0,0,0,0
8225,0,2,16,5,0,4,14,14,1,8,3,2,0,0,0,0,6,1,0,0,0,0,0,0,0,0,1,1,1,0,0,1,0,0,0,1,0,2,2,0,0,2,0,0,0,2,0,0,0,0,0,0,0,0,0,0,0,0,1,0,0,0,0,0,0,0,0,0,0,0,0,0,0,0,0,0
8226,0,0,8,9,0,3,0,3,1,0,0,3,0,0,0,3,0,0,0,0,0,0,1,0,0,0,1,0,0,0,0,0,0,0,0,0,0,0,0,0,0,0,0,4,0,0,0,0,0,0,0,0,0,0,0,0,0,0,0,0,0,0,0,0,0,0,2,0,0,0,0,0,0,0,1,0
8227,0,3,15,8,0,0,14,16,1,11,1,9,0,0,1,1,0,7,0,1,0,0,5,0,0,1,0,1,1,0,0,1,0,0,0,0,0,1,1,0,0,1,1,1,0,1,0,0,0,0,0,0,2,0,1,0,0,0,0,1,0,0,0,0,0,0,0,0,0,0,0,0,0,0,0,0
8228,0,1,7,5,0,2,0,2,0,1,0,0,0,0,0,0,0,2,0,1,0,0,0,0,0,0,0,0,0,1,0,0,0,0,1,0,0,0,0,0,0,0,0,0,0,0,0,0,0,0,0,0,0,0,0,0,0,0,1,0,0,0,0,0,0,0,0,0,0,0,0,0,0,0,0,0
8230,0,4,18,13,0,0,7,5,0,2,3,1,0,0,0,0,0,2,0,0,0,1,0,0,0,0,0,0,2,0,0,0,0,0,0,0,0,1,0,0,0,0,0,3,0,0,0,0,0,0,0,0,0,0,1,0,0,0,1,0,0,0,0,0,0,0,1,0,0,0,0,0,0,0,1,0
8231,0,7,16,9,0,0,5,7,2,1,0,1,0,0,0,0,1,3,0,1,0,0,3,0,0,0,1,0,0,1,0,0,0,1,0,0,0,2,0,0,0,3,1,0,0,0,0,0,0,0,0,0,0,0,0,0,0,0,1,0,0,0,0,0,0,0,0,0,0,0,0,0,0,0,0,0
8232,0,1,20,7,0,1,12,14,1,6,0,3,0,0,0,2,1,7,0,0,0,0,1,0,2,0,1,0,1,0,0,0,0,0,0,2,0,3,0,0,0,0,0,0,6,1,0,0,0,0,0,0,0,0,0,0,0,0,1,2,0,0,0,0,0,0,0,0,0,0,0,0,0,0,0,0
8233,0,21,41,13,0,5,16,10,1,8,4,4,0,0,0,2,2,6,0,2,0,0,1,0,0,0,1,0,1,1,1,0,0,0,0,1,0,3,0,3,0,4,0,0,6,0,1,0,0,0,0,0,0,0,0,0,0,0,0,1,0,0,0,0,0,0,0,0,0,0,0,0,0,0,0,0
8234,0,2,12,5,0,0,20,10,0,5,1,4,0,0,0,0,0,2,0,1,0,0,3,0,0,1,2,1,0,0,0,1,0,0,0,0,0,0,0,1,0,1,0,3,2,2,0,0,0,0,1,0,0,0,0,0,0,0,0,0,0,0,0,0,1,0,0,1,0,0,0,0,0,0,0,0
8235,0,3,21,16,0,0,5,10,0,1,1,8,0,0,0,0,1,2,0,0,0,1,4,0,0,0,0,1,2,1,0,3,1,0,1,0,0,0,0,0,0,0,0,1,0,0,0,0,0,0,0,0,0,0,0,0,0,0,0,0,0,0,0,0,0,0,0,0,0,0,0,0,0,0,0,0
8237,1,0,16,12,0,1,12,7,1,4,0,4,0,0,0,1,2,4,1,0,0,1,4,0,0,1,0,1,1,0,0,0,1,0,0,0,0,3,0,0,0,7,0,0,0,0,0,0,0,0,0,0,2,0,0,0,0,0,1,0,0,0,0,0,0,0,0,0,0,0,0,0,0,0,0,0
8260,0,6,27,9,0,1,1,2,0,0,0,0,0,0,0,5,0,0,0,0,0,1,0,0,0,0,2,0,5,0,0,1,0,0,0,0,0,0,0,0,0,0,0,0,1,0,0,0,0,0,0,0,0,0,0,0,0,0,0,0,0,0,0,0,0,0,0,0,0,3,0,0,0,0,0,1
8262,0,1,4,6,0,0,9,12,3,5,3,3,0,0,0,0,1,2,0,0,0,0,3,0,0,0,1,0,1,0,0,0,0,0,0,0,0,2,0,0,0,1,0,1,0,0,0,0,0,0,0,0,0,0,1,0,0,0,0,0,0,0,0,0,0,0,0,0,0,0,0,0,0,0,0,0
8263,0,5,10,9,0,0,4,2,0,1,0,1,0,0,0,0,0,0,0,0,0,1,1,0,2,0,1,0,0,0,0,0,0,0,0,0,0,2,0,1,0,0,0,0,0,0,0,1,0,0,0,0,0,0,1,0,0,0,0,0,0,0,0,0,0,0,0,0,0,0,0,0,0,0,0,0
8264,2,8,18,22,0,0,12,14,5,8,2,4,0,0,0,1,2,3,0,0,1,0,13,1,0,0,1,0,2,0,0,0,1,0,0,0,0,3,0,1,0,0,1,1,1,0,0,0,0,0,0,0,0,0,0,0,0,0,1,0,0,0,0,0,0,1,0,0,0,0,0,0,0,0,0,0
8265,0,3,24,9,0,1,5,0,0,1,1,4,0,0,0,2,0,0,0,0,0,0,5,1,0,0,0,0,0,0,0,1,0,0,0,0,0,2,0,0,0,1,0,0,1,0,0,0,0,0,0,0,0,0,0,0,0,0,2,0,0,2,0,0,0,0,0,0,0,0,0,0,0,0,0,0
8266,1,2,9,27,0,0,7,15,0,4,0,8,0,0,0,0,3,3,0,0,0,0,7,0,0,0,0,0,0,0,0,0,0,0,0,0,2,1,0,0,0,6,0,1,0,0,0,0,0,0,0,0,2,0,0,0,0,0,0,0,0,0,0,0,1,0,0,0,0,0,0,0,0,0,0,0
8267,0,3,19,18,0,0,8,10,4,2,5,5,0,0,0,4,1,1,0,0,0,2,2,0,0,1,0,0,0,0,2,0,0,0,0,0,0,1,0,0,0,4,0,0,0,0,0,0,0,0,0,0,0,0,2,0,0,0,1,1,0,0,0,0,0,0,0,0,0,0,0,0,0,0,0,0
8268,0,0,6,7,0,3,15,16,1,7,0,0,0,0,0,1,1,9,0,0,0,0,4,0,0,0,4,0,1,0,0,0,0,0,0,0,0,1,0,0,0,0,2,0,0,0,0,0,0,0,0,0,0,0,1,0,0,0,0,0,0,0,0,0,0,0,0,0,0,0,0,0,0,0,0,0
8269,0,3,4,5,0,0,2,12,1,6,1,4,0,0,0,1,0,0,0,2,0,0,1,0,0,0,1,1,1,0,1,0,0,0,0,2,0,0,0,0,0,0,1,2,0,0,0,0,0,0,0,0,1,0,0,0,0,0,0,1,0,0,0,0,0,0,1,0,0,0,0,0,0,0,0,0
8270,0,3,5,2,0,0,5,5,0,0,1,3,0,0,0,0,0,1,0,1,0,0,2,0,0,0,0,0,0,0,0,0,0,0,0,0,0,2,0,0,0,0,0,0,0,0,0,0,0,0,0,0,0,0,0,0,0,0,0,1,0,0,0,0,0,0,1,0,0,0,0,0,0,0,0,0
8271,0,0,13,6,0,0,1,2,1,0,0,5,0,0,0,2,0,0,0,0,0,0,0,0,0,0,0,2,0,0,0,0,0,0,0,0,0,0,0,0,0,0,0,0,0,0,0,0,0,0,0,0,0,0,0,0,0,0,0,0,0,0,0,0,0,0,1,0,0,0,0,0,0,0,0,0
8272,0,1,5,7,0,3,5,6,0,2,0,3,0,0,0,1,0,4,0,0,0,0,0,0,0,0,0,1,0,0,0,1,0,0,0,0,0,1,0,1,0,2,0,0,0,1,0,0,0,0,0,0,0,0,0,0,0,0,0,0,0,0,0,0,0,0,0,0,0,0,0,0,0,0,0,0
8273,0,7,14,22,0,0,9,4,0,1,0,4,0,0,0,0,1,2,0,1,0,0,2,0,0,0,1,0,0,0,0,1,0,0,0,0,0,1,0,0,0,1,0,0,0,1,0,0,0,0,0,0,0,0,0,0,1,0,0,0,0,0,0,0,0,0,0,0,0,0,0,0,0,0,0,0
8274,0,4,20,11,0,5,16,9,1,4,3,1,0,0,0,2,0,1,0,0,0,2,3,0,0,0,2,0,3,1,0,0,0,1,0,0,0,1,0,0,0,0,0,1,0,0,0,0,0,0,0,0,0,0,0,0,0,0,0,0,0,0,0,0,1,0,0,0,0,0,0,0,0,0,0,0
8275,0,1,1,3,0,0,2,2,0,0,0,1,0,0,0,1,0,0,0,0,0,0,3,0,0,0,0,0,0,1,0,0,0,0,0,0,0,0,0,0,0,3,0,0,0,0,0,0,0,0,0,0,0,0,0,0,0,0,0,0,0,0,0,0,0,0,0,0,0,0,0,0,0,0,0,0
8276,0,3,13,3,0,0,18,9,1,1,1,1,0,0,0,2,0,1,0,0,0,1,1,0,0,0,0,0,0,1,0,0,1,0,0,0,0,1,1,0,0,1,0,1,0,0,0,0,0,0,0,0,1,0,0,0,0,0,1,0,0,0,0,0,0,0,0,0,0,0,0,0,0,1,0,0
8277,0,3,4,3,0,0,7,13,4,5,0,0,0,0,0,1,1,3,0,0,0,0,3,0,1,0,1,0,0,1,0,0,1,0,0,0,0,0,0,0,0,4,0,0,0,0,0,0,0,0,0,0,2,0,0,0,0,0,1,0,0,0,0,0,0,0,0,0,0,0,0,0,0,0,0,0
8278,0,0,4,2,0,1,4,4,0,1,1,1,0,0,0,1,1,1,0,1,0,0,0,0,2,0,0,0,0,0,1,0,0,0,0,0,0,2,0,0,0,2,0,0,0,0,0,0,0,0,0,0,0,0,0,0,0,0,0,0,0,0,0,0,0,0,0,0,0,0,0,0,0,0,0,0
8279,0,1,13,10,0,0,7,10,1,3,0,0,0,0,0,1,0,1,0,0,1,0,1,0,0,0,1,0,0,1,0,1,0,0,0,0,0,0,0,0,0,4,0,0,0,0,0,0,0,0,0,0,0,0,0,0,0,0,0,0,0,0,0,0,0,0,0,0,0,0,0,0,0,0,0,0
8299,0,0,11,3,0,1,1,5,0,1,0,1,0,0,0,0,0,0,1,0,0,2,0,0,0,0,1,0,0,0,0,1,0,0,0,0,0,0,0,0,0,0,0,0,0,0,0,0,0,0,0,0,2,0,0,0,0,1,0,0,0,0,0,0,0,0,1,0,0,0,0,0,0,0,0,0
8300,0,3,12,9,0,1,2,1,1,0,0,3,0,0,0,2,0,1,0,0,0,0,0,0,0,1,1,0,0,0,0,1,0,0,0,0,0,0,0,0,0,0,0,4,0,0,0,1,0,0,0,0,0,0,0,0,0,0,0,0,0,0,0,0,0,0,1,0,0,0,0,0,0,0,0,0
8301,0,0,0,5,0,0,1,8,0,1,0,2,0,0,0,0,0,0,0,0,0,0,0,0,0,1,0,3,0,11,0,2,0,0,0,0,2,0,0,0,0,1,0,0,0,0,0,0,0,0,0,0,0,0,0,0,0,0,0,0,0,0,0,0,0,0,0,0,0,0,1,0,0,0,0,0
8302,0,4,15,10,0,0,4,6,1,0,2,4,0,0,1,2,0,0,0,0,0,0,1,0,0,0,1,0,0,0,0,0,1,0,0,0,0,1,0,0,0,0,0,1,0,0,0,0,0,0,0,0,1,0,0,0,0,0,1,0,0,0,0,0,0,0,0,0,0,0,0,0,0,0,0,1
8303,0,1,20,5,0,0,2,9,1,2,1,4,1,0,1,0,2,2,0,0,0,0,2,0,1,0,0,0,1,0,0,1,0,0,0,0,0,0,0,1,0,0,2,1,0,0,0,0,0,0,0,0,0,0,1,0,0,0,0,0,0,0,0,1,0,0,2,0,0,1,0,0,0,0,0,0
8304,0,0,0,1,0,0,7,5,0,4,1,1,0,0,0,0,0,1,0,0,0,0,0,0,0,0,0,0,0,0,0,1,0,0,0,0,0,6,0,0,0,3,0,1,0,0,0,0,0,0,0,0,0,0,0,0,0,0,0,0,0,0,0,0,0,0,0,0,0,0,0,0,0,0,0,0
8305,0,0,12,4,0,0,0,0,2,0,0,0,0,0,0,4,0,4,0,0,0,0,0,0,0,0,1,0,0,0,0,1,0,0,0,0,0,0,0,0,0,0,1,0,0,0,0,0,0,0,0,0,0,0,0,0,0,0,1,0,0,0,0,0,0,0,1,0,0,0,0,0,0,0,0,0
8306,0,1,3,1,1,0,3,12,1,0,1,3,0,0,0,0,0,2,0,0,0,3,0,0,2,0,1,0,0,0,0,0,0,0,0,0,0,0,0,1,0,0,0,2,0,0,0,0,1,0,0,0,1,0,0,0,0,0,0,0,0,0,0,0,0,0,2,0,0,0,0,0,0,0,0,0
8307,0,2,12,3,0,1,5,3,0,5,1,1,0,0,0,1,1,0,0,1,0,0,0,0,0,0,0,0,0,0,0,0,0,0,0,0,0,1,0,0,0,0,2,0,0,0,0,0,0,0,0,0,0,0,0,0,0,0,0,0,0,0,0,0,0,0,0,0,0,0,0,0,0,0,0,0
8308,0,1,6,5,0,0,4,12,1,5,2,3,0,0,0,3,1,1,0,0,0,1,3,0,0,0,0,1,1,0,1,0,2,0,0,0,0,0,0,0,0,0,0,0,0,0,0,0,0,0,0,0,0,0,1,0,0,0,1,1,0,0,0,0,2,0,0,0,0,0,1,0,0,0,0,0
8309,0,1,4,2,0,0,2,3,1,4,0,0,0,0,0,0,0,0,0,0,0,1,1,1,0,0,0,0,0,0,0,0,0,0,0,0,0,0,0,0,0,1,0,0,0,0,0,0,0,0,0,0,0,0,0,0,0,0,0,0,0,0,0,0,0,0,1,0,0,0,0,0,0,0,0,0
8311,0,2,10,4,0,0,3,9,0,7,6,3,0,0,0,1,2,3,0,1,0,1,1,1,0,0,1,0,0,0,0,0,0,0,0,0,0,1,0,0,0,0,0,0,0,0,0,0,0,0,0,0,1,0,0,0,0,0,1,0,0,0,0,0,0,0,0,0,0,0,0,0,0,0,0,0
8312,0,1,6,6,0,0,3,3,0,2,1,2,0,0,0,1,0,0,0,2,0,2,0,0,0,0,0,1,0,0,0,0,0,0,0,0,0,0,0,0,0,0,0,0,2,0,0,0,0,0,0,0,0,0,0,0,0,0,0,0,0,0,0,0,0,0,0,0,0,0,0,0,0,0,0,0
8313,0,6,14,13,0,2,16,10,2,5,1,4,0,0,0,1,1,4,0,3,0,0,5,0,1,0,2,0,0,0,1,0,0,0,0,1,0,2,0,1,0,2,1,1,0,4,0,0,0,0,0,0,0,0,0,0,0,0,1,0,0,0,0,0,1,0,0,0,0,0,0,0,0,0,0,0
8314,0,1,6,2,0,0,8,5,1,0,0,4,0,0,0,1,1,1,0,0,0,0,0,0,0,0,0,1,0,0,0,0,0,0,0,0,0,0,0,0,0,0,0,0,0,0,0,0,0,1,0,0,0,0,0,0,0,0,0,0,0,0,0,0,0,0,0,0,0,0,0,0,0,0,0,0
8315,1,1,4,3,0,1,4,21,1,1,1,13,0,0,0,0,1,1,0,0,5,0,0,3,0,0,0,1,0,1,0,9,0,0,0,2,1,0,1,4,0,0,1,1,0,0,0,0,0,0,2,0,1,2,0,0,0,0,0,0,0,0,0,0,0,0,0,0,0,0,0,0,0,0,0,0
8316,0,1,11,3,0,1,6,8,0,1,2,2,0,0,0,2,0,1,0,0,0,0,2,0,0,0,0,2,0,0,0,0,0,0,0,0,0,1,0,0,0,0,2,0,0,1,0,0,0,0,0,0,0,0,0,0,0,0,0,0,0,0,0,0,0,0,0,0,0,0,0,0,0,0,0,0
8317,0,0,18,9,0,1,13,3,0,8,0,1,0,0,0,1,1,3,0,0,0,0,1,0,0,0,1,0,0,0,0,1,0,0,0,0,0,2,0,1,0,1,0,0,0,0,0,0,0,0,0,0,1,0,0,0,0,0,0,0,0,0,0,0,0,0,0,0,1,0,0,0,0,0,0,0
8318,0,2,4,5,0,0,0,0,2,0,0,4,0,0,0,0,0,3,0,0,0,0,0,0,0,0,0,0,0,0,0,1,0,0,0,0,0,0,0,0,0,0,1,1,0,0,0,0,1,0,0,0,0,0,0,0,0,0,0,0,0,0,0,1,0,0,5,0,0,0,0,0,0,0,0,0
8319,0,8,29,16,0,0,9,16,3,2,2,2,0,0,0,5,4,6,0,1,0,0,1,0,1,0,0,0,0,3,0,0,0,0,0,0,0,0,0,0,0,1,0,2,0,1,0,0,1,0,0,0,0,0,0,0,0,0,0,0,0,0,0,0,0,0,5,0,0,0,0,0,0,0,0,0
8320,0,0,5,1,0,0,4,1,0,1,1,2,0,0,0,0,0,4,0,1,0,0,0,0,0,0,1,0,1,0,0,0,0,0,0,0,0,0,0,0,0,0,0,0,0,2,0,0,1,0,0,0,0,0,0,0,0,0,0,0,0,0,0,0,0,0,0,0,0,0,0,0,0,0,0,0
8355,0,3,21,15,0,1,6,6,0,2,1,5,0,0,0,5,0,3,0,1,0,3,0,0,0,0,1,0,0,0,1,1,0,0,0,0,0,1,0,0,0,3,0,2,0,0,0,0,0,0,0,0,0,0,0,0,0,0,3,2,0,0,0,0,0,0,1,0,0,0,0,0,0,0,0,0
8356,0,6,17,21,0,0,1,1,2,1,0,2,0,0,0,0,0,1,1,0,0,0,1,0,0,2,0,0,0,0,0,0,0,0,0,0,0,0,0,0,0,0,0,0,1,0,0,0,0,0,0,0,0,0,0,0,0,0,0,0,0,0,0,0,0,0,0,0,0,0,0,0,0,0,0,0
8358,0,0,8,5,0,0,5,10,0,0,2,1,0,0,0,0,0,0,0,1,0,0,0,0,1,0,0,0,1,0,0,0,0,0,0,0,0,0,0,0,0,1,0,0,1,2,1,0,0,0,0,1,1,0,0,0,0,0,0,0,0,0,0,0,0,0,0,0,0,0,0,0,0,0,0,0
8359,0,1,14,9,0,0,8,4,1,7,1,2,0,0,0,0,4,4,0,0,0,1,2,0,0,0,0,0,0,0,0,0,0,0,0,0,0,1,0,0,0,0,1,2,0,0,0,0,0,0,0,0,0,0,0,0,0,0,1,0,0,0,0,0,0,0,0,0,0,0,0,0,0,0,0,0
8360,0,0,17,10,0,0,5,2,0,6,0,5,0,0,0,0,0,3,0,0,0,0,2,0,0,0,0,0,2,0,1,1,1,0,0,0,0,0,0,0,0,1,3,0,0,4,0,0,0,0,0,0,1,0,0,0,0,0,0,0,0,0,0,0,0,0,0,0,0,0,0,0,0,0,1,1
8361,0,5,17,9,0,0,0,2,2,0,1,5,0,0,0,1,0,1,0,0,0,1,0,0,0,1,1,1,1,0,0,0,0,0,0,0,0,0,0,0,0,0,0,1,0,0,0,0,0,0,0,0,1,0,0,0,0,0,0,0,0,0,0,0,0,0,3,2,0,0,0,0,0,0,0,0
8362,0,1,6,10,0,0,0,1,0,3,1,1,0,0,0,0,0,2,0,0,0,0,0,0,0,0,0,0,0,0,1,0,1,0,0,0,0,0,0,0,0,0,0,4,0,0,0,0,0,0,0,0,0,0,0,0,0,0,1,1,0,0,0,0,0,0,0,0,0,0,0,0,0,0,0,0
8363,0,2,11,6,0,2,15,5,0,0,1,1,0,0,0,0,0,1,0,0,0,0,1,0,0,0,0,0,0,0,0,1,0,0,0,0,0,1,0,0,0,0,0,0,0,0,0,1,0,0,0,0,0,0,0,0,0,0,0,0,0,0,0,0,0,0,0,0,0,0,0,0,0,0,0,0
8364,0,1,4,10,0,2,13,9,0,3,0,1,0,0,0,0,1,4,0,2,0,0,3,0,0,0,0,0,3,1,0,0,1,0,0,0,0,1,0,0,0,0,0,0,0,1,0,0,0,0,0,0,1,0,0,0,1,0,1,0,0,0,0,0,0,0,0,0,0,0,0,0,0,0,0,0
8365,0,4,23,18,0,0,18,10,2,0,3,10,0,0,1,0,0,1,0,0,1,0,0,0,1,0,0,0,1,0,0,0,0,0,0,0,0,1,1,0,0,0,0,0,0,2,0,0,0,0,0,0,0,0,0,0,0,0,0,1,0,0,0,0,0,0,0,0,0,0,0,0,0,0,0,0
8366,0,2,9,11,0,0,4,0,0,3,0,1,0,0,0,0,0,0,0,0,0,0,0,0,0,0,0,0,0,0,0,0,0,0,0,0,0,0,0,0,0,1,0,0,0,0,0,0,0,0,0,0,0,0,0,0,0,0,0,0,0,0,0,0,0,0,0,0,0,0,0,0,0,0,0,0
8367,0,3,5,4,0,0,1,0,3,1,0,0,0,0,0,1,0,2,0,0,0,0,0,0,0,0,1,0,0,0,0,0,0,0,0,0,0,0,0,0,0,0,1,0,0,0,0,0,0,0,0,0,0,0,0,0,0,0,0,0,0,0,0,0,0,0,3,0,0,0,0,0,0,0,0,0
8369,0,3,5,4,0,2,4,2,0,3,1,1,0,0,0,1,0,1,0,0,0,1,1,0,0,0,0,0,0,0,0,1,0,0,0,0,0,0,0,0,0,0,0,0,0,0,0,0,0,0,0,0,2,0,0,0,0,0,0,0,0,0,0,0,0,0,0,0,0,0,0,0,0,0,0,0
8370,0,2,8,0,0,0,0,1,0,2,0,2,0,0,0,0,0,0,3,0,0,0,0,0,0,0,0,0,0,0,0,0,0,0,0,0,0,1,0,1,0,1,0,0,0,0,0,0,0,0,0,0,0,0,0,0,0,0,0,0,0,0,0,0,0,0,0,0,0,0,0,0,0,0,0,0
8394,0,5,26,18,0,0,1,1,5,2,0,0,0,0,1,3,1,1,0,1,0,0,0,0,1,0,1,0,0,0,0,0,0,0,0,0,1,0,0,1,0,0,1,4,0,0,0,0,0,0,0,0,0,0,0,0,0,0,0,0,0,0,0,0,0,0,2,0,0,0,0,0,0,0,0,0
8395,1,4,18,20,0,1,9,18,6,4,2,9,0,0,0,4,2,3,0,0,0,1,4,0,0,1,1,0,0,0,0,0,0,1,0,0,0,0,0,0,0,5,0,0,0,0,0,0,0,0,0,0,0,0,0,0,0,0,3,0,0,0,0,0,1,0,0,0,0,0,0,0,0,0,0,0
8396,0,2,2,1,0,0,2,3,0,0,1,0,0,0,0,0,0,1,0,0,0,0,1,0,0,1,0,0,0,0,1,0,0,0,0,0,0,0,0,0,0,0,1,0,0,0,0,0,0,0,0,0,0,0,0,0,0,0,0,0,0,0,0,0,0,0,0,0,0,0,1,0,0,0,0,0
8397,0,3,10,7,0,0,1,1,1,0,0,1,0,0,0,3,0,1,2,1,0,0,0,0,0,0,0,0,0,0,1,1,0,0,0,0,0,1,0,0,0,0,0,1,0,0,0,0,0,0,0,1,1,0,0,0,0,0,0,0,0,0,0,0,0,0,0,0,0,0,0,0,0,0,0,0
8398,0,1,3,4,0,0,2,4,2,3,1,0,0,0,0,0,0,1,0,0,0,0,2,0,0,0,1,0,0,1,0,1,0,0,0,0,0,0,0,0,0,0,0,0,0,0,0,0,0,0,0,0,0,0,0,0,0,0,1,0,0,0,0,0,0,0,0,0,0,0,0,0,0,0,0,0
8399,1,5,26,19,1,1,7,9,1,10,4,1,0,0,1,2,0,1,0,2,0,0,1,0,0,0,0,0,0,0,0,0,1,0,0,0,0,0,1,0,0,0,2,1,0,0,0,0,0,0,0,0,0,0,0,0,1,0,1,4,1,0,0,0,0,0,0,0,0,0,0,0,0,0,0,0
8400,0,3,3,7,0,0,0,7,5,1,1,7,0,0,0,0,0,1,0,1,0,0,0,0,0,1,0,1,2,0,0,0,0,0,0,0,0,0,0,0,0,0,1,2,0,0,0,0,0,0,0,0,0,0,0,0,0,0,0,0,0,0,0,0,0,0,0,1,0,0,0,0,0,0,0,0
8402,0,8,21,18,0,0,4,5,2,3,5,2,0,0,0,0,4,2,0,1,0,0,3,0,1,1,1,0,0,1,0,0,0,0,0,0,0,1,0,0,0,0,0,4,0,0,0,0,0,0,0,0,0,0,1,0,1,0,0,0,0,0,0,0,0,0,2,0,0,0,0,0,1,0,0,0
8403,0,0,9,2,0,0,7,3,0,4,0,0,0,0,0,0,0,5,0,0,0,0,2,0,1,0,0,0,0,0,2,0,0,0,0,0,0,0,0,0,0,1,1,1,0,0,0,0,0,0,0,1,0,0,0,0,0,1,0,0,0,0,0,0,0,0,0,0,0,0,0,0,0,0,0,0
8405,0,2,2,3,0,2,17,9,3,1,1,6,0,0,0,0,0,1,0,0,0,0,0,0,0,1,2,0,0,0,0,0,0,0,0,0,0,0,2,0,0,0,1,1,0,2,0,0,0,0,0,0,0,0,0,0,0,0,0,0,0,0,0,0,0,0,0,0,0,0,0,0,0,0,0,0
8406,0,3,7,3,0,0,8,6,0,3,0,2,0,0,0,2,3,6,0,0,0,0,1,0,0,0,2,0,0,0,0,0,0,0,0,0,0,0,0,0,0,0,0,0,0,1,0,0,1,0,0,0,0,0,0,0,0,0,1,0,0,0,0,0,0,0,0,0,0,0,0,0,0,0,0,0
8407,0,3,36,29,0,9,26,25,3,8,5,10,0,0,0,0,4,8,0,1,0,1,6,0,0,1,3,0,4,2,0,3,0,0,0,1,0,2,2,0,0,0,2,1,0,0,1,0,0,0,0,0,2,0,0,0,0,0,1,0,1,0,0,0,0,0,0,1,0,0,0,0,0,0,0,0
8408,0,10,29,18,0,8,8,17,1,1,6,14,0,0,0,1,0,2,0,1,0,1,1,0,0,0,1,1,0,0,0,0,2,0,0,0,0,2,0,0,0,0,1,1,2,1,0,0,0,0,0,0,0,0,0,0,0,0,1,1,0,0,0,0,0,0,0,0,0,0,0,0,0,0,0,0
8409,0,9,20,17,0,0,19,34,0,5,2,15,0,0,0,1,3,6,0,1,0,0,4,0,0,0,2,4,0,4,0,11,3,1,0,4,0,0,1,0,0,6,1,3,0,0,0,0,0,0,1,0,0,0,0,0,0,0,1,0,0,1,0,2,0,0,0,0,0,0,0,1,0,0,0,0
8410,1,6,20,9,0,3,17,33,0,2,0,18,0,0,0,2,0,2,1,3,1,2,4,3,0,0,1,8,1,1,1,12,0,0,2,5,0,3,6,1,0,1,0,1,0,0,0,0,0,0,1,0,0,1,1,0,0,0,0,0,0,0,0,0,0,0,0,1,0,0,0,0,0,0,0,0
8411,0,1,11,7,0,0,8,21,0,3,1,4,0,0,0,1,0,2,1,0,1,0,1,1,0,0,1,3,0,0,0,9,0,0,0,2,0,0,2,1,0,2,0,4,0,4,0,0,0,0,0,0,0,0,0,0,0,0,0,1,0,1,0,1,0,0,0,0,0,0,0,0,0,0,0,0
8413,0,0,2,0,0,0,7,8,0,1,0,0,0,0,0,0,0,0,0,0,0,0,1,1,1,0,0,0,0,0,0,0,0,0,0,0,1,0,0,0,0,0,0,0,0,0,0,0,0,0,0,0,1,0,0,0,0,0,0,0,0,0,0,0,0,0,0,0,0,0,0,0,0,0,0,0
8414,1,1,10,5,0,0,14,8,2,4,2,2,0,0,0,3,1,1,0,0,0,0,1,1,0,0,2,0,1,1,0,0,0,0,0,1,0,0,1,0,0,0,1,0,1,0,0,0,0,0,0,0,0,0,0,0,0,0,1,0,0,0,0,0,0,0,0,0,0,0,0,0,0,0,0,0
8415,0,0,14,7,0,0,4,5,0,0,0,0,0,0,0,0,1,0,0,0,0,0,1,1,0,0,0,1,2,1,0,0,0,0,0,0,0,0,0,0,0,0,0,0,0,0,0,0,0,0,0,0,1,1,0,0,0,0,0,0,0,0,0,1,0,0,0,0,0,0,0,0,0,0,0,0
8430,0,0,4,1,0,0,1,4,2,0,0,2,0,0,0,1,0,0,0,0,1,0,1,0,0,0,0,0,0,1,0,0,0,0,0,0,0,0,0,0,0,0,0,4,0,0,0,0,0,0,0,0,1,0,0,0,0,0,0,0,0,0,0,0,0,0,0,0,0,0,0,0,0,0,0,0
8431,0,2,7,5,0,0,0,1,2,1,1,2,0,0,0,0,0,0,0,0,0,0,0,0,0,0,0,0,0,0,0,0,0,0,0,0,0,1,0,0,0,0,0,4,0,0,0,0,0,0,0,0,0,0,0,0,0,0,0,0,0,0,0,0,0,0,1,0,0,0,0,0,0,0,0,0
8433,0,6,13,12,1,1,19,19,6,7,3,4,0,0,0,1,1,3,0,0,0,2,5,0,1,0,3,1,3,1,2,2,1,1,0,0,0,0,0,1,0,0,0,5,0,0,0,0,0,0,0,0,1,0,0,0,0,0,0,0,0,0,0,0,0,0,0,0,0,0,0,1,0,0,0,0
8434,0,0,6,3,0,0,7,3,0,0,3,2,0,0,0,0,0,1,1,0,0,1,0,0,0,0,0,1,3,0,0,0,0,0,0,0,0,1,0,0,0,0,0,0,0,0,0,0,0,0,0,0,0,0,0,0,0,0,0,0,0,0,0,0,0,0,1,0,0,0,0,0,0,0,0,0
8435,0,14,44,32,0,4,12,21,1,8,1,9,0,0,0,2,1,7,0,3,1,0,4,0,1,0,3,0,4,0,0,3,1,0,0,1,0,0,0,0,0,3,0,0,0,4,0,0,1,0,0,0,0,0,0,0,0,0,1,0,0,0,0,0,0,0,0,0,0,0,0,0,0,0,0,1
8436,0,3,15,16,0,0,18,5,0,1,1,9,0,0,0,2,3,3,1,0,0,0,4,0,1,0,0,0,1,0,0,0,0,1,0,0,0,1,0,0,0,0,0,1,0,0,0,0,2,0,0,0,1,0,0,0,0,0,0,0,0,0,0,0,0,0,0,0,0,0,0,1,0,0,0,0
8437,0,4,5,2,0,2,3,3,0,1,0,2,0,0,0,0,0,1,2,0,0,0,0,0,0,0,0,0,0,0,1,0,0,0,0,0,0,1,0,0,0,0,0,0,0,2,0,0,0,0,0,0,0,0,0,0,0,0,0,0,0,0,0,0,0,0,0,0,0,0,0,0,0,0,0,0
8438,0,1,6,9,0,0,11,5,0,5,0,4,0,0,0,0,0,2,0,0,0,0,2,0,1,0,1,1,0,0,0,0,0,0,0,0,0,0,0,1,0,0,0,1,0,0,0,0,0,0,0,0,0,0,1,0,0,0,1,0,0,0,0,0,0,0,0,0,0,0,0,0,0,0,0,0
8439,1,15,20,11,0,4,18,15,2,2,4,2,0,0,0,0,4,9,0,1,0,0,2,0,0,0,2,0,0,0,0,0,0,0,0,1,0,5,0,0,0,1,2,0,0,0,0,0,1,0,0,0,1,0,0,0,0,0,0,0,0,0,0,0,0,0,0,0,0,0,0,0,0,0,0,0
8440,0,0,6,11,0,3,3,5,0,0,2,7,0,0,1,0,1,5,0,0,0,0,1,0,1,0,0,0,1,0,0,1,3,0,0,0,0,0,0,0,0,1,0,0,0,0,0,0,0,0,0,0,0,0,0,0,0,0,0,0,0,0,0,0,0,0,0,0,0,0,0,0,0,0,0,0
8441,0,0,13,9,0,0,3,4,0,0,2,4,0,0,0,1,0,2,0,0,0,0,1,0,0,0,0,0,0,2,0,1,1,0,0,1,0,0,0,0,0,0,0,0,0,0,0,0,0,0,0,0,1,0,0,0,0,0,0,0,0,0,0,0,0,0,2,0,0,0,0,0,0,0,0,0
8442,0,0,8,2,0,0,6,5,1,0,1,4,0,0,0,0,0,0,0,0,0,1,0,0,1,0,0,1,0,0,0,0,0,0,0,0,0,0,0,0,0,0,0,1,0,0,0,0,0,0,0,0,0,0,0,0,0,0,0,0,0,0,0,0,0,0,1,0,0,0,0,0,0,0,0,0
8443,0,0,6,6,0,0,6,20,1,4,2,3,0,0,0,0,1,6,0,0,2,0,0,0,0,0,0,3,1,0,0,2,0,0,1,3,0,0,0,1,1,1,0,0,0,0,0,0,0,0,0,0,1,0,1,0,0,0,0,0,0,0,0,0,0,0,0,0,0,0,0,0,0,0,0,0
8445,0,12,44,23,1,2,31,36,1,15,8,17,0,0,0,0,5,12,0,1,4,0,3,0,0,0,3,2,0,1,0,1,1,0,0,2,1,3,1,1,0,0,0,2,4,1,0,0,0,0,1,0,2,0,1,0,0,0,1,0,0,0,0,0,0,0,0,0,0,0,0,0,0,0,0,0
8468,1,2,33,23,0,1,1,4,8,0,0,2,0,0,0,4,2,0,1,0,0,0,1,0,0,0,0,0,0,0,0,1,2,1,1,0,1,0,0,0,0,0,1,9,0,0,0,0,0,0,0,0,0,0,0,0,0,0,0,0,0,0,0,0,0,0,7,0,0,2,0,0,0,0,0,0
8469,0,1,5,14,0,0,0,0,0,0,1,1,0,1,0,0,0,0,0,0,0,0,0,0,0,0,1,0,1,0,0,0,1,0,0,0,0,2,0,0,0,0,0,0,0,0,0,0,0,0,0,0,0,0,0,0,0,0,0,0,0,0,0,0,0,0,0,0,0,0,0,0,0,0,0,0
8470,0,2,16,7,0,0,2,2,2,0,0,2,0,0,0,1,0,0,0,0,0,0,0,0,0,0,2,2,0,0,0,0,0,0,0,0,0,0,0,0,0,0,0,1,0,0,0,1,0,0,0,0,0,0,0,0,0,0,0,0,0,0,0,0,0,0,4,0,1,0,0,0,0,0,0,0
8471,0,1,17,10,0,0,2,0,0,0,0,3,0,0,0,1,0,0,0,1,0,0,0,0,0,0,1,0,0,0,0,0,0,1,0,0,0,0,0,0,0,2,0,0,0,0,0,0,0,0,0,0,0,0,0,0,0,0,1,0,1,0,0,0,0,0,0,0,0,0,0,0,0,0,0,0
8472,0,2,17,18,0,0,3,28,3,0,0,3,0,0,0,1,0,1,0,0,1,0,0,3,1,0,0,4,0,0,0,2,0,0,0,3,0,0,2,2,0,1,0,4,0,1,0,0,0,0,1,0,0,0,2,0,0,0,0,0,0,0,0,1,0,0,0,0,0,0,0,0,0,0,0,0
8473,0,4,5,1,0,0,2,2,2,0,0,0,0,0,0,1,0,0,0,0,0,0,0,0,0,0,1,0,0,0,0,0,1,0,0,0,0,0,0,0,0,0,0,1,0,0,0,0,0,0,0,0,0,0,0,0,0,0,0,0,0,0,0,0,0,0,4,0,0,0,0,0,0,0,0,0
8474,0,2,0,3,0,0,10,1,0,0,2,3,0,0,0,0,1,1,0,0,0,0,0,0,2,0,0,0,0,0,0,0,0,0,0,0,0,1,0,0,0,0,0,0,0,0,0,0,0,0,0,0,0,0,0,0,0,0,0,0,0,0,0,0,0,0,0,0,0,0,0,0,0,0,0,0
8475,0,7,19,11,0,0,23,5,1,4,0,2,0,0,0,1,0,4,0,0,0,2,4,0,0,0,2,0,0,0,0,0,0,0,0,0,0,2,0,0,0,1,0,0,0,1,0,0,0,0,0,0,0,0,0,0,0,0,2,0,0,1,0,0,0,0,1,0,0,0,1,0,0,0,0,0
8476,0,2,9,13,0,0,1,1,2,1,2,2,0,0,0,0,0,0,0,0,0,0,4,0,0,0,0,0,0,0,0,0,0,0,0,0,0,1,0,0,0,0,1,1,1,1,0,1,0,0,0,0,0,0,0,0,0,0,0,0,0,0,0,0,0,0,0,0,0,0,0,0,0,0,0,0
8478,0,6,12,10,0,0,1,1,1,0,0,7,0,0,0,0,0,0,3,0,0,2,1,0,2,1,0,2,5,0,0,0,0,1,0,0,0,0,0,0,0,0,0,2,0,0,0,0,0,0,0,0,0,0,0,0,0,0,0,0,0,0,0,0,0,0,0,0,0,0,0,0,0,0,0,0
8479,0,3,14,13,0,0,1,3,5,1,0,3,0,0,0,1,0,0,0,0,0,0,0,0,0,0,0,0,0,0,0,0,0,0,0,0,0,0,0,0,1,0,0,3,0,0,0,0,0,0,0,0,0,0,0,0,0,0,0,0,0,0,0,0,0,0,1,0,0,0,0,0,0,0,0,0
8480,0,2,9,6,0,1,4,1,0,2,0,1,0,0,0,1,0,0,1,0,0,0,1,0,0,0,0,0,0,0,0,0,0,0,0,0,0,0,0,0,0,0,0,1,0,0,0,0,0,0,0,0,0,0,0,0,0,0,1,0,0,0,0,0,0,0,0,0,0,0,0,0,0,0,0,0
8482,0,0,3,2,0,0,4,3,0,6,0,1,0,0,0,0,1,0,0,1,0,0,1,0,1,1,0,0,1,0,0,1,0,0,0,0,0,0,0,0,0,1,0,1,0,0,0,0,0,0,0,0,0,0,0,0,0,0,1,0,0,0,0,0,0,0,0,0,0,0,0,0,0,0,0,0
8483,0,1,16,10,0,0,2,3,6,1,1,4,0,0,0,0,0,2,0,0,0,0,2,0,1,0,0,0,2,0,0,0,0,0,0,0,0,0,0,0,0,0,0,1,0,0,0,0,0,0,0,0,0,0,0,0,0,0,0,0,0,0,0,0,0,0,4,0,0,0,0,0,0,0,0,0
8484,0,1,16,13,0,0,9,13,0,1,1,6,0,0,0,0,0,5,0,1,0,0,1,0,0,0,0,0,1,0,0,1,0,2,0,0,0,1,0,0,0,0,0,1,0,0,0,0,0,0,0,0,0,0,0,0,0,0,0,0,0,0,0,0,0,0,0,0,0,0,0,0,0,0,0,0
8485,0,2,15,6,0,1,12,5,2,2,0,4,0,0,0,0,0,2,1,0,0,0,2,0,0,0,1,0,1,0,0,0,0,0,0,0,0,0,0,0,0,0,1,0,0,0,0,0,0,0,0,0,1,0,0,0,0,0,0,0,0,0,0,0,0,0,0,1,0,0,0,0,0,0,0,0
8486,0,0,3,1,0,1,5,7,0,0,1,2,0,0,0,0,1,2,0,0,0,0,2,0,0,1,0,0,0,0,0,0,0,0,0,0,0,0,0,0,0,0,0,0,0,0,0,0,0,0,0,0,0,0,0,0,0,0,0,0,0,0,0,0,0,0,0,0,0,0,0,0,0,0,0,0
8487,0,3,7,1,0,1,0,7,0,0,1,0,0,0,0,0,0,0,0,0,0,0,3,0,0,0,0,0,0,0,0,0,0,0,0,1,0,1,1,0,0,0,0,1,0,2,0,0,0,0,0,0,2,0,0,0,0,0,0,0,0,0,0,0,0,0,0,0,0,0,0,0,0,0,0,0
8488,0,4,9,6,0,2,10,4,1,5,1,2,0,0,1,1,0,5,0,0,0,1,3,0,0,0,0,0,0,0,0,0,0,0,0,0,0,1,0,0,0,0,0,5,0,0,0,0,0,0,0,0,1,0,0,0,0,0,0,0,0,0,0,0,0,0,0,0,0,0,0,0,0,0,0,0
8489,0,2,10,9,0,0,1,5,0,0,1,3,0,0,0,1,1,3,0,0,0,1,0,0,0,0,0,0,0,0,0,0,0,0,0,0,0,0,0,0,0,0,1,0,0,0,0,0,0,0,0,0,0,0,0,0,0,0,0,0,0,0,0,0,0,0,0,0,0,0,0,0,0,0,0,0
8490,0,8,11,10,0,2,6,1,0,0,0,0,0,0,0,0,1,0,0,0,0,0,0,0,0,0,0,0,0,0,0,0,1,0,0,0,0,0,0,0,0,0,0,0,0,0,0,0,0,0,0,0,0,0,0,0,0,0,0,0,0,0,0,0,0,0,0,0,0,0,0,0,0,0,0,0
8492,0,1,27,9,0,0,6,7,1,0,2,3,0,0,0,2,0,1,0,0,0,0,1,0,0,0,1,0,0,0,1,1,0,0,0,2,0,2,0,1,0,0,0,1,0,1,0,0,0,0,0,0,0,1,0,0,0,1,0,0,0,0,0,0,0,0,0,0,0,0,0,0,0,0,0,0
8493,0,7,28,22,0,3,21,12,1,4,2,5,0,0,0,0,0,3,0,2,0,1,3,0,0,0,4,1,0,0,0,0,0,0,0,0,0,0,0,0,0,0,0,0,0,1,0,0,0,0,0,0,0,0,0,0,0,0,2,0,0,0,0,0,0,0,0,0,0,0,0,0,0,0,0,0
8494,0,2,13,8,0,0,5,25,0,0,2,1,0,0,0,0,1,3,0,1,5,0,0,0,0,1,1,1,0,0,0,7,0,1,1,2,0,0,0,0,0,0,0,0,0,0,0,0,1,0,0,0,0,0,0,0,0,0,1,0,0,0,0,0,0,0,0,0,0,0,0,0,0,0,0,0
8521,0,13,28,21,0,0,0,3,11,0,0,2,0,0,0,6,1,2,0,0,0,1,0,0,0,0,0,1,0,0,0,2,0,0,1,0,0,0,3,0,0,1,1,5,0,0,0,0,0,0,0,0,0,0,0,0,0,0,0,0,0,0,0,0,0,0,7,0,0,2,0,0,0,0,0,0
8522,0,1,9,3,0,0,0,3,0,0,0,2,0,0,0,0,1,1,0,0,0,0,2,0,0,0,0,0,0,0,0,1,0,0,0,0,0,0,0,0,0,0,0,0,0,0,0,0,0,0,0,0,1,0,0,0,0,0,0,0,0,0,0,0,0,0,0,0,0,0,0,0,0,0,0,0
8523,0,3,6,4,0,0,9,11,1,7,3,4,0,0,0,1,0,1,0,0,0,1,3,0,0,0,2,0,0,0,0,0,0,0,0,0,0,3,0,0,0,1,0,0,0,0,0,0,0,0,0,0,0,0,0,0,0,0,1,0,0,0,0,0,0,0,0,0,0,0,0,0,0,0,0,0
8525,0,1,11,7,0,1,9,9,3,6,2,0,0,0,0,2,0,1,0,0,0,2,1,0,1,0,0,0,0,0,0,0,1,0,0,0,0,1,0,0,0,0,0,1,0,1,1,0,0,0,0,0,0,0,0,0,0,0,0,0,0,0,0,0,0,0,1,0,0,0,0,0,0,0,0,0
8526,0,2,12,16,1,0,1,9,4,4,5,1,0,0,0,2,0,3,0,0,0,0,1,0,1,0,1,0,2,0,0,4,0,0,0,0,0,0,0,0,0,2,0,5,0,0,0,0,0,0,0,0,0,0,1,0,0,1,1,0,0,0,0,0,0,0,1,0,0,0,0,0,0,0,0,0
8527,0,4,18,5,0,0,4,3,5,3,1,3,0,0,0,2,2,5,0,0,0,0,1,0,0,1,0,2,0,0,0,0,0,0,0,0,0,1,0,0,0,1,0,11,1,0,0,0,0,0,0,0,1,0,0,0,0,0,1,0,0,0,0,0,0,0,8,0,0,0,0,0,1,0,0,0
8529,0,3,20,10,0,1,17,3,0,8,2,3,0,0,0,0,1,3,0,0,1,1,1,0,1,0,0,0,0,0,1,0,0,0,0,0,3,3,1,0,0,7,1,2,0,0,0,0,0,0,0,0,1,0,0,0,0,0,1,0,0,0,0,0,0,0,0,0,0,0,0,0,0,0,0,0
8530,0,5,6,6,0,0,4,4,0,1,0,1,0,0,0,0,1,2,1,0,0,0,1,0,0,0,0,0,0,0,0,0,0,0,0,0,0,0,0,0,0,1,1,0,0,0,0,0,0,0,0,0,1,0,0,0,0,0,0,1,0,0,0,0,1,0,0,0,0,0,0,0,0,0,0,0
8531,0,3,11,11,0,0,6,7,0,2,1,0,0,0,0,0,0,1,0,0,0,0,0,0,0,0,0,0,0,0,0,1,1,0,0,0,0,1,1,0,0,0,2,0,0,0,0,0,0,0,0,0,0,0,0,0,0,0,0,0,0,0,0,0,0,0,0,0,0,0,0,0,0,0,0,0
8532,0,4,16,8,0,2,6,6,2,1,0,2,0,0,0,1,1,3,1,0,0,0,0,0,0,0,1,1,1,0,0,0,0,0,0,0,0,0,1,1,0,0,0,0,0,0,0,0,0,0,0,0,0,0,0,0,0,0,0,2,0,0,0,0,0,0,0,0,0,0,0,0,0,0,0,0
8533,0,3,18,20,0,1,12,19,2,6,6,4,0,0,0,1,1,6,0,1,0,1,4,0,0,0,3,0,1,0,0,0,1,0,0,0,0,4,0,0,0,1,0,0,0,3,0,0,0,0,0,0,2,0,0,0,0,0,2,2,0,0,0,0,0,0,0,0,0,0,0,0,0,0,0,0
8534,0,0,11,2,0,1,5,14,0,5,3,2,0,0,0,1,1,5,0,2,0,0,3,0,1,0,0,0,0,2,0,0,0,0,0,0,0,0,0,0,0,0,0,0,0,2,0,0,0,0,0,0,0,0,0,0,0,0,0,0,0,0,0,0,0,0,0,0,0,0,0,0,0,0,0,0
8535,0,6,28,18,0,0,13,28,5,6,0,10,0,1,0,0,0,4,1,1,2,0,4,0,2,1,1,4,0,1,0,4,0,0,1,5,0,0,1,2,0,3,0,0,0,0,0,0,0,0,1,0,0,0,0,0,0,0,0,0,0,0,0,0,0,0,0,0,0,0,0,0,0,0,0,0
8567,0,9,18,8,0,1,5,3,1,0,1,1,0,0,0,2,0,0,0,0,0,0,1,0,0,0,3,0,0,0,0,1,0,0,0,0,0,0,0,0,0,0,0,4,0,0,0,0,0,0,0,0,0,0,0,0,0,0,0,0,0,0,0,0,0,0,0,0,0,0,0,0,0,0,0,0
8568,0,3,27,12,0,0,1,0,3,1,0,1,0,0,0,2,1,1,1,2,0,0,0,0,1,1,1,0,0,0,0,0,0,0,0,0,0,0,0,0,0,0,0,6,0,0,0,0,0,0,0,0,0,0,0,0,0,0,0,0,0,0,0,0,0,0,3,1,0,0,0,0,0,0,0,0
8569,0,3,15,12,0,0,0,1,3,2,0,0,0,0,0,7,2,4,0,0,0,0,1,0,0,0,1,0,2,0,0,1,0,0,0,0,0,0,0,0,0,0,0,3,0,0,0,0,0,0,0,0,1,0,0,0,0,0,0,1,0,0,1,0,0,0,4,0,0,0,1,0,0,0,0,0
8570,0,1,16,5,0,0,0,2,3,0,1,2,0,0,0,1,0,2,0,0,0,0,0,0,0,0,1,0,0,0,0,0,0,0,0,0,0,0,0,0,0,0,1,13,0,0,0,1,0,0,0,1,0,0,0,0,0,0,0,0,0,0,0,0,0,0,7,0,0,0,0,0,0,0,0,0
8571,0,3,20,8,0,0,1,6,0,9,0,5,0,0,0,0,0,3,0,0,0,2,3,0,0,1,1,0,2,0,0,0,1,0,0,0,0,0,0,0,0,2,1,3,0,0,0,0,0,0,0,0,0,0,0,0,0,0,0,0,0,0,0,0,0,0,1,0,0,0,0,0,0,0,0,0
8572,0,5,30,23,0,3,3,10,1,0,0,8,0,0,0,5,0,0,0,1,0,0,1,0,0,0,2,5,0,0,0,6,0,0,0,1,0,0,0,0,0,0,0,3,0,0,0,0,0,0,0,0,0,0,0,0,0,0,0,0,0,0,0,0,0,0,4,0,0,0,0,0,0,1,0,0
8574,0,0,0,1,0,2,6,10,2,6,4,4,0,0,0,0,0,2,0,0,0,0,3,0,0,0,0,0,0,0,0,0,0,0,0,0,0,1,0,1,0,0,0,0,0,0,0,0,0,0,0,0,0,0,1,0,0,0,1,0,0,0,0,0,0,0,0,0,0,0,0,0,0,0,0,1
8575,0,2,21,14,0,0,8,5,2,5,4,4,0,0,0,1,1,0,0,0,0,0,6,0,2,0,0,0,0,0,0,0,0,0,0,0,0,0,0,2,0,0,3,0,0,0,0,0,0,0,0,0,0,0,0,0,0,0,0,0,0,0,0,0,0,0,0,0,0,0,0,0,0,0,0,0
8576,0,6,15,2,0,1,12,25,1,2,0,3,0,0,0,3,0,4,0,0,0,0,3,0,2,1,2,0,1,0,0,0,0,0,0,0,0,0,0,0,0,2,0,0,0,0,0,0,0,0,0,0,0,0,0,0,0,0,2,2,0,0,0,0,0,0,0,0,0,0,0,0,0,0,0,0
8577,0,1,4,4,0,2,6,9,1,11,5,4,0,0,0,3,3,2,0,0,0,2,2,0,2,0,0,1,0,0,2,0,1,0,0,0,0,2,0,0,0,2,0,0,0,1,0,0,0,0,0,0,1,0,0,0,0,0,3,1,0,0,0,0,0,0,0,0,0,0,0,0,0,0,0,1
8578,0,12,35,22,0,3,10,9,0,5,1,6,0,0,0,1,0,6,0,0,0,0,0,0,1,0,1,0,2,0,0,2,1,0,0,0,0,1,0,0,0,0,2,1,0,0,0,0,0,0,0,0,1,0,0,0,0,0,1,0,0,0,0,0,0,0,0,0,0,0,0,0,0,0,0,0
8579,0,9,27,11,0,0,6,6,1,7,0,2,0,0,0,0,2,5,0,0,0,0,3,0,2,0,4,1,3,0,0,2,0,0,0,0,0,2,0,0,0,1,2,0,0,1,0,0,0,0,0,0,0,0,1,0,0,0,0,2,0,0,0,0,0,0,0,0,0,0,0,0,0,0,0,0
8581,0,0,4,2,2,0,6,3,1,2,2,3,0,0,0,0,0,4,0,0,0,0,1,0,0,0,0,1,2,0,0,0,0,0,0,0,0,1,0,0,0,0,0,0,0,0,0,0,0,0,0,0,0,0,0,0,0,0,1,0,0,0,0,0,0,0,0,0,0,0,0,0,0,0,0,0
8582,0,12,7,9,0,2,7,24,0,6,1,7,0,0,0,0,1,0,0,2,0,1,1,0,1,0,0,0,0,1,0,3,2,0,0,0,5,2,1,0,0,6,1,1,0,0,0,0,0,0,1,0,1,0,0,0,0,0,0,0,0,0,0,0,0,0,0,0,0,0,0,0,0,0,0,0
8583,0,0,11,3,0,1,3,0,0,0,0,1,0,0,0,1,1,0,1,0,0,0,0,0,1,0,0,1,2,0,0,0,0,0,0,0,0,0,0,0,0,0,0,0,0,0,0,0,0,0,0,0,0,0,0,0,0,0,0,0,0,0,0,0,0,0,0,0,0,0,0,0,0,0,0,0
8584,0,2,9,6,0,0,12,16,0,8,2,5,0,0,0,0,3,5,0,1,2,1,2,0,1,0,0,2,0,0,0,0,1,0,0,0,1,1,0,0,0,0,0,0,0,3,0,0,0,0,0,0,0,0,0,0,0,0,1,0,0,0,0,0,0,0,0,0,0,0,1,0,0,0,0,0
8585,0,2,10,4,0,0,12,2,0,1,0,1,0,0,0,0,1,3,0,0,0,2,3,0,0,1,1,0,0,2,0,0,0,0,0,1,0,0,1,0,0,0,0,2,0,1,1,0,0,0,0,0,2,0,0,0,0,0,0,0,0,0,0,0,0,0,0,0,0,0,0,0,0,0,0,0
8617,0,1,9,10,0,0,0,3,2,0,0,8,0,0,0,1,2,0,0,1,0,0,1,0,0,0,0,0,0,0,0,1,1,0,0,0,0,0,0,0,0,0,0,1,0,0,0,0,0,0,0,0,1,0,0,0,0,0,1,0,0,0,0,0,0,0,0,0,0,0,0,0,0,0,0,0
8619,5,12,21,16,16,0,3,25,1,3,0,10,0,0,0,1,0,3,0,2,1,0,2,1,0,0,2,1,0,2,1,8,2,0,1,2,3,0,0,1,3,0,0,1,0,0,0,0,1,0,2,0,0,1,2,0,0,1,1,2,0,0,0,4,0,0,5,0,0,0,0,0,0,1,0,0
8620,0,1,15,8,0,1,3,5,1,1,1,1,0,0,0,1,0,1,0,0,0,0,0,0,1,0,1,0,0,0,0,0,0,1,0,0,0,0,0,0,0,0,0,1,0,0,0,0,0,0,0,0,0,0,0,0,0,0,0,0,0,0,0,0,0,0,1,0,0,0,0,0,0,0,0,0
8621,0,0,1,2,0,0,4,4,0,0,0,6,0,0,0,0,1,4,0,2,0,1,1,0,0,1,2,1,1,0,0,0,0,0,0,1,0,1,0,0,0,0,0,0,0,0,0,0,0,0,0,0,0,0,0,0,0,0,0,0,0,0,0,0,0,0,0,0,0,0,0,0,0,0,0,0
8622,0,0,6,7,0,3,6,6,0,0,2,3,0,0,0,0,1,3,0,0,0,0,1,0,0,0,3,0,0,0,0,0,0,0,0,0,0,2,0,0,0,1,1,0,0,0,0,1,0,0,0,0,0,0,0,0,0,0,0,0,0,0,0,0,0,0,0,0,0,0,0,0,0,0,0,0
8623,0,4,14,5,0,0,2,5,0,7,1,1,0,0,0,2,4,1,0,0,0,1,1,0,0,0,1,0,1,0,0,1,1,0,0,0,0,0,0,0,0,1,1,1,0,0,0,0,0,0,0,0,0,0,0,0,0,0,0,0,0,0,0,0,0,0,0,0,0,0,0,0,0,0,0,0
8626,0,2,19,19,1,0,8,25,3,8,4,6,0,0,0,6,0,5,0,2,0,1,7,1,1,0,1,0,3,0,0,0,0,0,0,0,0,0,0,0,0,0,0,4,0,0,0,0,1,0,0,0,0,0,3,0,0,0,4,0,0,0,0,0,0,0,2,0,0,0,0,0,0,0,0,0
8627,0,6,20,12,0,1,3,1,1,1,0,2,0,1,0,1,1,0,0,0,0,0,1,0,0,0,0,0,0,0,0,0,1,0,0,0,0,1,0,0,0,0,0,2,0,0,0,0,0,0,0,0,0,0,0,0,0,0,0,0,0,0,0,0,2,0,1,0,0,0,0,0,0,0,0,0
8628,1,7,8,5,0,5,11,13,3,5,6,4,0,0,0,2,2,3,0,2,0,2,3,0,0,0,0,1,0,1,0,0,1,0,0,0,0,0,1,1,0,0,0,0,0,0,0,0,1,0,0,0,0,0,1,0,0,0,0,1,0,0,0,0,0,0,0,0,0,0,0,0,0,0,0,0
8629,0,1,10,6,0,0,5,2,2,2,2,5,0,0,0,1,0,2,0,1,0,4,3,0,0,1,1,0,2,0,1,0,0,0,0,0,0,0,0,0,0,0,0,3,0,0,0,0,0,1,0,0,1,0,2,0,0,0,0,0,0,0,0,0,0,0,0,0,0,0,0,0,0,0,0,0
8630,0,5,23,15,0,1,5,0,2,5,2,3,0,0,0,0,0,5,0,0,0,0,0,0,0,0,0,0,0,0,0,0,0,0,0,0,0,1,1,0,0,0,0,0,0,0,0,1,0,0,0,0,0,0,0,0,0,0,2,1,0,0,0,0,0,0,0,0,0,0,0,0,0,0,0,0
8631,0,10,20,11,0,1,23,11,0,7,1,4,0,0,0,0,1,4,0,0,0,0,1,1,0,0,1,3,0,0,1,1,0,0,0,1,0,2,1,0,0,0,3,1,0,0,0,0,0,0,0,0,1,0,0,0,0,1,1,0,0,0,0,0,0,0,0,0,0,0,0,0,0,0,0,0
8632,0,9,29,23,0,1,29,15,3,11,3,9,0,0,0,2,1,2,0,1,0,0,3,3,0,0,0,0,2,1,0,0,0,0,0,0,0,2,1,3,0,0,0,1,4,2,0,0,0,0,1,0,2,0,0,0,0,0,3,0,0,0,0,0,0,0,0,0,0,0,0,0,0,0,0,0
8633,1,9,33,28,0,0,9,3,0,5,2,2,0,0,0,0,1,3,0,1,0,0,0,0,3,0,0,0,1,0,0,1,0,0,0,0,7,3,0,0,0,5,0,0,0,0,0,0,0,0,0,0,0,0,1,0,1,0,1,0,0,0,0,0,1,0,0,0,0,0,1,0,0,0,0,0
8634,0,1,4,7,0,5,12,6,1,6,6,0,0,1,0,0,9,4,0,0,0,1,1,0,1,0,1,0,1,0,0,0,0,0,0,0,0,3,0,1,0,1,1,0,0,0,0,0,0,0,0,0,3,0,0,0,0,0,3,1,0,1,0,0,0,0,0,0,0,0,0,0,0,0,0,0
8636,0,1,2,1,0,0,16,12,0,2,2,5,0,0,0,0,1,2,0,0,1,0,2,0,2,1,0,0,0,0,0,0,0,0,0,0,1,0,1,0,0,0,0,0,0,1,0,0,0,0,0,0,0,0,0,0,0,0,0,0,0,0,0,0,1,0,0,0,0,0,0,0,0,0,0,0
8637,0,1,23,11,0,1,10,2,0,4,0,1,0,0,0,2,2,3,0,0,1,1,1,0,1,0,0,0,0,0,0,0,1,0,0,1,0,1,0,1,0,0,2,0,0,0,0,1,0,0,0,0,0,0,0,0,0,0,1,0,0,0,0,0,0,0,0,1,0,0,0,0,0,0,0,0
8638,0,6,18,17,1,0,7,31,0,1,1,9,0,0,0,1,0,4,1,0,0,0,4,0,0,0,0,5,0,2,3,4,0,0,4,5,2,0,1,0,0,0,0,0,0,0,0,0,0,0,0,0,0,0,1,0,0,0,0,0,0,0,0,1,0,0,0,0,0,0,0,0,0,0,0,0
8667,0,8,8,17,0,0,3,0,0,0,0,0,0,0,0,0,0,0,0,0,0,0,1,0,0,0,0,0,0,0,0,0,0,1,0,0,0,0,0,0,0,3,0,0,0,0,0,0,0,0,0,0,0,0,0,0,0,0,0,0,0,0,0,0,0,0,0,0,0,0,0,0,0,0,0,0
8668,0,8,14,10,0,0,0,3,2,0,0,7,0,0,0,1,0,2,0,1,0,0,0,0,0,0,0,3,0,0,0,0,0,0,0,0,0,0,0,0,0,0,1,1,0,0,0,0,0,0,1,0,0,0,0,0,0,0,0,0,0,0,0,1,0,0,0,0,0,0,0,0,0,0,0,0
8669,0,6,41,21,0,0,4,3,6,1,3,0,0,0,0,1,0,4,0,0,0,2,2,0,0,0,2,3,0,0,0,0,0,0,0,0,0,0,0,0,0,0,1,4,0,0,0,0,0,0,0,1,0,0,0,0,0,0,4,0,0,0,0,0,0,0,6,0,0,0,0,0,0,0,0,1
8670,1,4,8,3,0,0,5,7,4,3,0,0,0,0,0,5,1,0,0,0,0,2,1,0,0,0,0,1,0,0,0,1,0,0,0,0,0,1,0,0,0,0,1,6,0,0,0,0,0,0,0,0,0,0,0,0,0,0,1,0,0,0,0,0,0,0,1,0,0,0,0,0,0,1,0,0
8671,0,1,1,3,0,0,15,10,0,1,3,2,0,0,0,0,0,1,0,1,0,0,2,0,0,0,0,0,1,0,0,0,0,0,0,0,0,1,0,0,0,0,2,1,0,0,0,0,0,0,0,0,0,0,0,0,0,0,0,0,0,0,0,0,0,0,2,0,0,1,0,0,0,0,0,0
8672,0,4,16,31,2,0,2,1,2,2,1,2,0,0,0,2,3,3,0,0,0,0,2,0,1,1,1,0,0,2,0,0,0,0,0,0,0,1,0,0,0,0,0,0,0,1,0,0,0,0,0,0,0,0,0,0,0,0,0,0,0,0,0,0,0,0,0,0,0,0,1,0,0,0,0,0
8673,0,2,10,2,0,0,3,0,2,1,0,0,0,0,0,3,1,0,1,0,0,1,0,0,0,0,2,1,0,0,0,0,0,0,0,0,0,0,0,0,0,0,0,1,0,0,0,0,0,0,0,0,0,0,0,0,0,0,0,0,0,0,0,0,0,0,0,0,0,0,0,0,0,0,0,0
8674,0,1,13,7,0,0,0,0,1,0,1,1,0,0,0,6,0,0,0,0,0,0,0,0,0,0,0,1,0,0,0,0,0,0,0,0,0,0,0,0,1,0,1,4,0,0,0,0,0,0,0,0,0,0,0,0,0,0,0,0,0,0,0,0,0,0,0,0,0,0,0,0,0,0,0,0
8675,24,6,19,6,40,0,2,21,1,1,2,13,0,0,3,1,0,1,0,1,0,0,2,4,0,0,0,6,0,1,0,5,0,0,1,5,2,0,0,0,0,1,0,1,0,0,0,0,0,0,1,0,1,1,2,0,0,1,1,0,0,0,0,1,0,0,0,0,1,1,0,0,0,0,0,0
8676,0,0,10,3,0,0,1,1,1,2,0,0,0,0,0,0,0,2,0,0,0,1,1,0,0,0,0,0,1,0,0,0,0,0,0,0,0,0,0,0,0,0,0,2,0,0,0,0,0,0,0,0,0,0,0,0,0,0,0,0,0,0,0,0,0,0,1,0,0,0,0,0,0,0,0,0
8677,0,2,14,8,1,0,5,12,2,8,8,3,0,0,0,0,1,2,0,1,0,0,0,0,0,1,0,0,0,0,0,0,0,0,0,0,0,0,1,0,0,2,0,1,0,0,0,0,0,0,0,1,0,0,1,0,0,0,0,0,0,0,0,0,0,0,0,0,0,0,0,0,0,0,0,1
8678,0,4,9,5,0,0,4,3,1,1,0,1,0,0,0,1,0,1,0,0,0,0,0,0,1,0,0,0,1,0,0,0,0,0,0,2,0,0,0,0,0,1,0,0,0,0,0,0,0,0,0,0,1,0,0,0,0,0,0,0,0,0,0,0,0,0,0,0,0,0,0,0,0,0,0,1
8679,0,1,6,1,0,0,7,7,1,6,1,1,0,0,0,0,1,2,0,0,0,0,0,0,0,0,0,0,0,0,0,1,0,0,0,0,0,0,0,0,0,1,0,2,0,0,1,0,0,0,0,0,0,0,0,0,0,0,1,0,0,0,0,0,0,0,0,0,0,0,0,0,0,0,0,0
8680,0,6,28,30,0,0,1,23,2,1,0,10,0,0,0,1,0,4,0,0,1,1,0,2,0,0,0,4,1,3,0,6,1,0,1,3,0,1,0,2,0,0,0,0,0,0,0,0,1,0,0,0,0,1,0,0,0,1,1,0,0,0,0,0,0,0,0,0,0,0,1,0,0,0,0,0
8681,0,5,24,17,0,1,3,12,1,6,4,5,0,0,0,2,2,6,0,3,0,2,6,0,0,0,2,3,6,0,0,1,1,1,0,0,0,0,0,0,0,0,0,1,0,1,0,0,0,0,0,0,2,0,2,0,0,0,0,1,0,0,0,0,0,0,0,0,0,0,0,1,0,0,0,0
8683,0,3,7,8,2,1,7,3,2,0,1,2,0,0,0,0,1,3,0,0,0,1,0,0,0,0,0,0,0,2,0,0,0,0,0,0,1,2,1,0,0,2,0,0,0,0,0,0,0,0,0,0,1,0,0,0,0,0,0,0,0,0,0,0,0,0,0,0,0,0,0,0,0,0,0,0
8684,0,3,23,17,0,1,18,21,0,6,3,2,0,0,0,3,2,4,0,1,0,2,1,0,1,0,0,0,0,0,0,1,0,0,0,0,3,1,0,0,0,0,0,3,0,2,0,0,0,0,0,0,0,0,0,0,0,0,0,0,0,0,0,0,0,0,0,0,0,0,0,0,0,0,0,0
8685,0,4,18,14,0,0,5,9,4,1,0,3,0,0,0,3,1,0,0,1,0,0,1,0,1,0,1,1,0,0,0,0,0,0,0,0,0,1,0,0,0,1,0,0,0,0,0,1,1,0,0,0,1,0,0,0,0,0,0,0,0,1,0,0,1,0,3,0,0,0,0,0,0,0,0,0
8686,0,1,10,2,0,0,5,4,0,5,3,1,0,0,0,0,1,2,1,0,0,0,1,0,0,0,0,0,0,0,0,1,0,0,0,0,0,0,0,0,0,2,0,0,0,0,0,0,0,0,0,0,0,0,0,0,0,0,0,0,0,0,0,0,1,0,0,0,0,0,0,0,0,0,0,0
8687,0,2,17,5,0,0,1,1,1,0,1,1,0,0,0,0,1,1,1,0,0,1,1,0,1,0,1,0,0,0,1,0,0,0,0,0,0,0,0,0,0,2,0,0,0,0,0,0,0,0,0,0,0,0,0,0,0,0,0,0,0,0,0,0,0,0,0,0,0,0,0,0,0,0,0,0
8716,0,1,11,11,1,0,1,4,0,1,2,5,0,0,0,2,0,0,0,0,0,0,2,0,0,1,0,0,0,1,0,0,0,0,0,0,0,0,0,0,0,0,0,0,0,0,0,1,0,0,0,0,0,0,0,0,0,0,0,0,0,0,0,0,0,0,0,0,0,0,0,0,0,0,0,0
8717,0,3,21,19,0,0,0,1,3,0,2,6,0,0,0,4,0,0,0,2,0,1,0,0,0,0,1,0,0,0,0,0,0,1,0,0,0,0,0,0,0,0,0,0,0,0,0,0,0,0,0,0,0,0,0,0,0,0,0,1,0,0,0,0,0,0,0,0,0,0,0,0,0,0,0,0
8718,0,0,4,3,0,1,0,2,4,0,0,0,0,0,0,0,0,0,0,0,0,0,0,0,0,0,0,0,0,0,0,0,0,0,0,0,0,0,0,0,0,1,0,2,0,1,0,0,0,0,0,0,0,0,0,0,0,0,0,0,0,0,0,0,0,0,3,0,0,0,0,0,0,0,0,0
8719,0,0,2,1,0,0,1,2,0,1,0,0,0,0,0,0,3,1,0,1,0,3,6,0,0,0,0,0,1,0,0,0,0,1,0,0,0,0,0,0,0,1,0,0,0,1,0,0,0,0,0,0,0,0,0,0,0,0,0,0,0,0,0,0,0,0,0,0,0,0,0,0,0,0,0,0
8720,0,1,5,6,0,0,1,6,2,2,2,2,0,0,0,4,0,0,0,0,0,0,0,0,0,0,0,0,0,0,0,0,0,0,0,0,1,0,0,0,0,1,0,2,0,0,0,0,0,0,0,0,0,0,0,0,0,0,0,0,0,1,0,1,0,0,1,0,0,0,0,0,0,0,0,0
8721,0,0,15,2,0,2,13,11,0,1,4,5,0,0,0,5,1,8,0,0,0,0,1,0,1,0,0,1,0,0,1,1,0,0,0,0,0,1,0,0,0,0,1,0,0,0,0,0,0,0,0,0,0,0,0,0,0,0,1,2,0,0,0,0,0,0,1,0,0,0,0,0,0,0,0,0
8722,0,0,6,2,0,6,19,2,3,4,1,3,0,0,0,1,1,3,0,1,0,0,7,0,0,0,1,0,0,0,0,0,0,0,0,0,0,0,0,0,0,0,1,2,0,1,0,0,0,0,0,0,0,0,0,0,0,0,1,0,0,0,0,0,0,0,0,0,0,0,0,0,0,0,0,0
8723,1,1,13,10,0,0,14,6,0,4,1,0,0,0,0,0,1,2,0,0,0,0,2,0,0,0,1,0,0,1,0,0,0,0,0,0,0,5,0,0,0,4,1,0,0,0,0,0,1,0,0,0,1,0,0,0,0,1,0,0,0,1,0,0,1,0,0,0,0,0,0,0,0,0,0,0
8724,0,1,6,0,0,0,3,6,0,0,2,1,0,0,1,0,0,2,0,0,0,0,0,0,0,0,1,0,0,0,0,0,0,0,0,0,0,0,0,0,0,0,0,0,0,0,0,0,0,0,0,0,0,0,0,0,0,0,0,0,0,0,0,0,0,0,0,0,0,0,1,0,0,0,0,0
8725,0,13,34,16,0,0,8,9,0,6,1,4,0,0,0,0,0,0,0,0,0,0,2,0,0,1,1,0,0,0,0,0,0,0,0,0,0,0,0,1,0,3,0,0,0,0,0,0,0,0,1,0,0,0,0,0,0,0,0,1,0,0,0,0,0,0,0,0,0,0,0,0,0,0,0,0
8726,0,1,23,11,0,2,4,7,0,2,1,3,0,0,0,1,0,3,0,0,0,1,2,0,0,1,0,0,0,1,0,0,0,0,0,0,7,0,0,0,1,2,3,0,0,0,1,0,1,0,0,0,0,0,0,0,0,0,0,0,0,0,0,0,0,0,0,0,0,0,0,0,0,0,0,0
8727,0,1,7,3,0,3,6,9,0,2,1,3,0,0,0,0,1,6,0,1,0,0,1,0,0,0,0,0,0,0,0,0,2,1,0,0,0,0,0,0,0,0,1,0,0,0,0,0,0,0,0,0,0,0,0,0,0,0,1,1,0,1,0,0,1,0,0,0,0,0,0,0,0,0,0,0
8728,0,12,32,15,0,6,11,18,2,7,8,3,0,0,0,0,2,5,0,2,0,3,3,0,1,0,1,1,4,0,0,0,0,0,0,0,0,4,0,0,0,0,1,1,0,3,0,0,1,0,0,0,4,0,0,0,0,0,1,0,0,0,0,0,1,0,0,0,0,0,0,0,0,1,0,0
8729,0,5,13,5,0,0,11,6,0,1,0,5,0,0,0,1,0,2,0,0,0,0,0,0,1,0,0,1,0,0,0,0,0,0,0,0,1,0,0,0,0,1,0,1,0,0,0,0,0,0,0,0,0,0,0,0,0,0,0,0,0,0,0,0,0,0,0,0,0,0,0,0,0,0,0,0
8730,0,0,2,1,0,3,7,8,0,2,1,4,0,0,0,1,1,3,0,0,0,2,1,0,0,0,1,1,0,0,0,0,1,0,0,0,0,2,1,0,0,1,1,0,0,0,0,0,0,0,0,0,0,0,0,0,0,0,1,0,0,0,0,0,0,0,0,0,0,0,0,0,0,0,0,0
8731,0,0,0,0,0,1,5,4,0,0,0,0,0,0,0,1,1,1,0,0,0,0,4,0,0,0,0,0,0,0,1,0,0,0,0,0,0,1,0,0,0,0,0,0,0,0,0,0,1,0,0,0,0,0,0,0,0,0,1,0,0,0,0,0,0,0,0,0,0,0,0,0,0,0,0,0
8732,0,1,5,7,0,1,4,4,1,0,1,2,0,0,0,0,0,1,0,0,0,0,2,0,0,0,0,0,0,0,0,0,0,0,0,0,0,0,0,0,0,0,0,0,0,0,0,0,0,0,0,0,0,0,0,0,0,0,0,0,0,0,0,0,0,0,0,0,0,0,0,0,0,0,0,0
8761,0,1,14,5,0,0,0,1,2,0,0,1,0,0,0,2,0,1,0,0,0,0,2,0,0,0,0,0,0,0,0,0,0,0,0,0,0,0,0,0,0,0,0,5,0,0,0,0,0,0,0,0,0,0,0,0,0,0,0,0,0,0,0,1,0,0,1,0,0,0,0,0,0,0,0,0
8762,0,3,21,12,0,1,2,9,1,3,2,3,0,0,0,0,2,1,0,1,0,0,1,0,0,2,1,0,1,0,0,1,0,0,0,0,0,0,0,0,2,3,1,4,0,0,0,0,0,0,0,0,1,0,0,0,0,0,1,3,0,0,0,0,0,0,0,0,0,0,0,0,0,0,0,0
8764,0,6,8,4,0,0,1,0,0,0,2,0,0,0,0,0,0,0,0,0,0,1,0,0,0,0,0,0,0,0,1,0,0,0,0,0,0,0,0,0,0,1,0,0,0,0,0,0,0,0,0,0,0,0,0,0,0,0,0,0,0,0,0,0,0,0,0,0,0,0,0,0,0,0,0,0
8765,0,1,18,11,0,0,5,3,8,5,0,0,0,0,0,1,2,1,0,0,0,0,2,0,2,0,2,1,0,0,0,1,0,0,0,2,2,0,0,0,0,0,0,3,0,0,1,0,0,0,0,0,0,0,0,0,0,0,0,0,0,0,0,0,0,0,0,0,0,0,0,0,0,0,0,0
8766,7,0,1,0,8,0,0,2,1,0,0,0,0,0,0,3,0,1,0,0,0,0,2,0,0,0,0,0,0,0,0,0,0,0,0,0,0,0,0,0,1,0,0,1,0,0,0,0,0,0,0,0,0,0,0,0,0,0,0,0,0,0,0,0,0,0,0,0,0,0,0,0,0,0,0,0
8767,2,0,7,2,0,0,4,1,0,9,0,2,0,0,0,1,0,0,0,0,0,0,1,0,0,0,1,0,0,0,0,0,0,0,0,0,0,0,0,1,0,2,0,0,0,0,0,0,0,0,0,0,0,0,0,0,0,0,0,0,0,0,0,1,0,0,0,0,0,0,0,0,0,0,0,1
8768,0,2,4,1,0,0,10,6,0,8,1,2,0,0,0,1,3,3,0,0,0,1,3,0,0,0,0,0,0,0,0,0,0,0,0,0,0,1,0,0,0,0,0,2,0,0,0,0,0,0,0,0,1,0,0,0,0,0,1,0,0,0,0,0,0,0,0,0,0,0,0,0,0,0,0,0
8769,0,1,9,4,0,0,6,0,0,2,0,3,0,0,0,3,0,0,0,0,0,0,0,1,0,0,0,1,0,0,0,0,0,0,0,0,0,0,0,0,0,0,0,0,4,0,0,0,0,0,0,0,0,0,0,0,0,0,0,0,0,0,0,0,0,0,0,0,0,0,0,0,0,0,0,0
8770,0,0,18,11,0,0,5,25,1,5,3,14,0,0,0,0,0,3,0,1,2,0,0,0,0,2,0,8,0,0,0,4,0,0,2,4,0,0,0,2,0,0,0,0,0,0,0,0,0,0,0,0,0,0,1,0,0,0,0,0,0,0,0,0,0,0,0,0,0,0,0,0,0,0,0,0
8771,0,2,9,10,0,0,2,8,0,1,0,4,0,0,0,0,1,6,0,0,0,2,1,0,0,0,3,0,0,0,0,1,0,0,0,0,0,2,0,0,0,1,1,1,0,0,0,0,0,0,0,0,0,0,0,0,0,0,0,0,0,0,0,0,0,0,0,0,0,0,0,0,0,0,0,0
8772,0,2,8,2,0,1,3,2,2,2,1,0,0,0,0,0,1,0,0,0,0,0,1,0,0,0,0,0,0,0,0,0,0,0,0,0,0,0,0,1,0,1,0,0,0,0,0,0,0,0,0,0,0,0,0,0,0,0,0,0,0,0,0,0,0,0,0,0,0,0,0,0,0,0,0,0
8773,0,0,0,0,0,1,15,0,1,1,0,3,0,0,0,2,0,0,0,0,0,0,0,0,0,0,1,0,0,0,0,0,0,0,0,0,0,0,0,0,0,0,1,0,0,0,0,0,0,0,0,0,0,0,0,0,0,0,0,0,0,0,0,0,0,0,0,0,0,0,0,0,0,0,0,0
8774,0,0,13,2,0,1,2,1,0,1,2,7,0,0,0,1,0,0,0,0,0,0,0,0,0,0,0,0,1,0,0,0,0,0,0,0,0,1,0,0,0,0,0,0,0,3,0,0,0,0,0,0,0,0,0,0,0,0,0,1,0,0,0,0,0,0,0,0,0,0,0,0,0,0,0,0
8775,0,4,11,3,0,0,3,3,0,2,1,2,1,0,0,0,1,4,0,0,1,1,0,0,0,0,0,0,0,1,0,1,0,0,0,0,2,0,0,0,0,1,0,0,0,0,0,0,0,0,0,0,1,0,0,0,0,0,0,0,0,0,0,0,0,0,0,0,0,0,0,0,0,0,0,0
8776,0,3,10,8,0,2,13,12,0,2,5,5,0,0,0,1,2,2,0,0,2,2,2,0,2,0,1,0,0,0,2,1,0,0,0,0,2,0,0,0,0,3,1,0,0,2,0,0,0,0,0,0,0,0,0,0,0,0,1,1,0,0,0,0,0,0,0,0,0,0,0,0,0,0,0,0
8777,0,1,10,6,0,0,3,3,0,1,1,3,0,0,0,0,0,0,1,0,0,1,4,0,0,0,0,1,0,0,0,0,0,0,0,0,0,3,0,0,0,0,0,0,0,0,0,0,0,0,0,0,0,0,0,0,0,0,0,0,0,0,0,0,0,0,0,0,0,0,0,0,0,0,0,0
8778,0,0,4,2,0,0,3,3,0,2,0,0,0,0,0,3,0,1,0,0,0,0,0,0,1,0,0,0,0,0,0,0,1,0,0,0,0,0,0,0,0,0,0,0,0,0,0,0,0,0,0,0,0,0,0,0,0,0,0,0,0,0,0,0,0,0,0,0,0,0,0,0,0,0,0,0
8810,0,2,22,23,1,1,2,1,2,1,0,6,0,0,0,4,1,0,0,0,0,0,0,0,1,0,1,7,1,0,0,1,0,0,0,0,0,1,0,0,0,3,0,5,0,0,0,0,0,0,0,0,1,0,0,0,0,0,1,0,0,0,0,0,0,0,7,0,0,0,0,0,0,0,0,0
8811,1,6,23,13,0,0,5,21,4,7,1,1,0,0,0,5,3,2,0,0,0,0,4,0,1,0,5,0,0,1,2,1,0,0,0,0,0,2,0,0,0,4,0,4,0,0,0,1,0,0,0,0,2,0,0,0,0,0,2,0,0,0,0,0,0,0,2,0,0,0,0,0,0,0,0,0
8812,0,0,6,4,0,0,2,0,0,0,0,0,0,0,0,1,2,0,0,0,0,0,0,0,0,0,1,0,0,0,0,1,1,0,0,0,0,0,0,0,0,1,0,4,0,0,0,0,0,0,0,0,0,0,0,0,0,0,1,0,0,0,0,0,0,0,3,0,0,0,0,0,0,0,0,0
8813,0,15,29,25,0,1,7,6,6,3,3,6,0,0,0,0,2,5,0,0,0,1,5,0,0,1,0,0,1,0,0,1,0,0,0,0,0,0,0,0,0,1,0,7,0,0,0,0,1,0,0,0,0,0,1,0,0,0,1,0,1,0,0,0,0,0,1,0,0,0,0,0,0,0,0,0
8814,0,3,22,20,0,1,10,4,1,0,2,2,0,0,1,0,1,5,0,0,0,0,2,0,0,0,1,0,3,0,0,0,0,2,0,0,0,0,0,0,0,2,2,1,0,0,0,0,0,0,0,1,0,0,0,0,0,0,0,2,0,0,0,0,0,0,3,0,0,0,0,0,0,0,0,0
8815,0,3,4,3,0,0,0,3,0,0,2,3,0,0,0,2,0,1,0,0,0,0,0,0,0,0,0,0,0,0,0,0,0,0,0,0,0,0,0,2,0,0,0,0,0,0,0,0,0,0,0,0,0,0,0,0,0,0,0,0,0,0,0,0,0,0,0,0,0,0,0,0,0,0,0,0
8816,18,6,25,21,24,0,4,4,2,2,1,6,0,0,0,6,0,3,0,0,0,1,3,0,0,0,0,3,0,0,1,5,2,0,0,1,0,0,1,0,0,0,0,4,0,0,0,1,0,0,1,0,0,0,0,0,0,0,1,0,0,0,0,0,0,0,5,0,0,0,0,0,0,0,0,0
8817,0,3,20,8,0,3,5,3,1,2,2,6,0,0,0,0,0,3,0,0,0,0,6,0,0,0,1,0,0,0,0,1,0,1,0,0,0,0,0,0,0,0,1,1,0,0,0,0,0,0,0,0,0,0,0,0,0,0,1,0,0,1,0,0,0,0,1,0,0,0,0,0,0,0,0,0
8818,0,5,11,9,0,1,10,5,0,0,6,1,0,0,0,0,2,3,0,0,0,0,0,0,0,0,0,0,0,0,0,0,0,0,0,0,0,0,0,0,0,0,0,0,0,0,0,0,0,0,0,0,0,0,0,0,0,0,1,0,0,1,0,0,0,0,0,0,0,0,0,0,0,0,0,0
8819,0,0,1,5,0,4,5,6,2,3,0,0,0,0,0,0,1,1,0,0,0,0,0,0,0,0,3,0,0,0,0,0,1,0,0,0,0,0,0,0,0,1,0,0,0,0,0,0,0,0,0,0,0,0,0,0,0,0,0,0,0,0,0,0,1,0,0,0,0,0,0,0,0,0,0,0
8820,0,4,11,10,0,0,10,25,0,2,2,17,0,0,0,1,1,3,1,1,7,2,4,1,0,0,1,4,2,2,0,9,1,0,0,8,0,0,0,0,0,1,2,0,2,0,0,0,0,0,2,0,0,0,0,0,0,0,0,0,0,0,0,0,1,0,0,0,0,0,0,0,0,0,0,0
8821,0,2,18,12,0,2,7,12,4,6,0,2,0,0,0,1,1,4,0,0,0,2,0,0,0,0,1,0,0,0,1,1,0,0,0,0,0,3,0,2,0,1,1,2,0,0,0,1,0,0,0,0,2,0,0,0,0,0,1,0,0,0,0,0,0,0,0,0,0,0,0,0,0,0,0,0
8823,0,6,17,10,0,1,9,6,3,3,3,8,0,0,0,1,0,4,0,2,0,0,1,0,2,0,0,1,0,0,0,0,0,0,0,0,1,1,0,0,0,0,0,3,0,0,0,0,0,0,0,0,0,0,0,0,0,0,0,0,0,0,0,0,0,0,0,0,0,0,1,0,0,0,0,0
8824,0,2,9,6,0,1,18,35,1,6,0,15,0,0,0,0,0,5,0,1,2,0,4,1,0,0,0,7,0,0,0,3,0,0,0,4,0,0,1,2,0,0,0,1,0,1,0,0,0,0,0,0,0,0,0,0,0,0,0,0,0,0,0,0,1,0,1,0,0,0,0,0,1,0,0,0
8825,0,6,25,12,0,3,42,21,0,5,4,7,0,0,1,3,6,9,1,0,0,2,3,0,1,0,2,1,0,0,0,0,0,0,0,0,9,1,0,0,2,11,0,0,0,2,0,0,0,0,0,0,0,0,0,0,0,0,1,0,0,0,0,0,2,0,0,1,0,0,0,0,0,0,0,0
8850,1,0,11,7,0,0,6,0,4,1,0,1,0,0,0,0,0,0,0,0,0,0,0,0,0,0,0,1,0,0,1,0,0,0,0,0,0,0,0,0,0,0,0,6,0,0,0,0,0,0,0,0,0,0,0,0,0,0,0,0,0,0,0,0,0,0,3,0,0,0,0,0,0,0,0,0
8851,1,0,7,6,3,0,3,7,2,1,0,3,0,0,0,4,0,0,0,1,0,1,1,0,0,0,1,0,1,0,0,0,0,0,0,0,0,0,0,0,0,1,0,0,0,0,0,0,0,0,0,0,0,0,0,0,0,0,1,1,0,0,0,0,0,0,0,0,0,0,0,0,0,0,0,0
8852,0,1,6,7,0,0,0,1,2,0,0,0,0,0,0,0,0,0,0,0,0,0,0,0,0,0,2,0,0,0,0,1,0,0,0,0,0,0,0,2,0,0,0,4,0,0,0,0,0,0,0,0,0,0,0,0,0,0,0,0,0,1,0,0,0,0,1,0,0,0,0,0,0,0,0,0
8853,0,5,34,19,0,2,9,5,4,9,1,5,0,0,0,2,1,0,0,1,0,0,3,0,0,0,2,0,1,0,0,0,1,0,0,0,0,0,0,0,0,0,1,6,0,2,0,0,0,0,0,0,0,0,2,0,0,0,1,0,0,0,0,0,0,0,4,0,0,0,0,0,0,0,0,0
8854,1,0,0,1,0,0,1,17,2,5,2,3,0,0,0,0,0,2,0,1,0,1,0,0,0,0,0,0,0,0,0,0,0,0,0,0,0,0,0,0,0,0,0,2,0,0,0,0,0,0,0,0,0,0,1,0,0,0,2,1,0,0,0,0,0,0,0,0,0,0,0,0,0,0,0,0
8855,0,0,8,1,0,0,5,10,0,3,1,1,0,0,0,0,0,0,0,0,0,0,0,0,1,0,2,0,0,0,0,0,0,0,0,0,0,2,1,0,0,0,0,1,0,0,0,0,0,0,0,0,0,0,0,0,0,0,2,0,0,0,0,0,0,0,0,0,0,0,0,0,0,0,0,0
8856,0,12,17,13,0,2,4,5,2,4,1,2,0,0,1,0,1,1,0,1,0,2,0,0,0,0,0,0,1,0,0,0,0,1,0,0,0,0,0,0,0,0,0,0,0,0,0,0,0,0,0,0,1,0,0,0,0,0,1,0,0,0,0,0,0,0,0,0,0,0,0,0,0,0,0,0
8857,0,2,3,4,0,0,4,6,0,2,1,6,0,0,1,1,0,1,0,0,0,0,0,0,0,0,0,0,1,0,1,0,0,0,0,0,0,0,0,0,0,0,1,3,0,0,0,0,0,0,0,0,0,0,0,0,0,0,0,0,0,0,0,0,0,0,2,0,0,0,0,0,0,0,0,0
8858,0,1,9,4,0,0,1,0,0,0,0,1,0,0,0,0,0,3,0,0,0,0,1,0,0,0,0,1,0,0,0,1,0,0,0,0,0,0,0,0,0,0,0,4,0,0,0,0,0,0,0,0,0,0,0,0,0,0,0,0,0,0,0,0,0,0,1,0,0,0,0,0,0,0,0,0
8859,1,0,3,4,0,3,0,1,1,2,0,1,0,0,0,0,2,1,0,0,0,0,1,0,0,0,1,0,0,0,0,1,0,0,0,0,0,0,0,0,0,0,0,2,0,0,0,0,0,0,0,0,0,0,0,0,0,0,1,0,0,0,0,0,0,0,0,0,0,0,0,0,0,0,0,0
8860,0,1,9,5,0,0,4,3,1,0,0,5,0,0,0,0,0,2,0,0,0,0,2,0,2,0,0,0,0,0,0,1,0,0,0,0,0,0,0,0,0,0,0,1,1,0,0,0,0,0,0,0,0,0,0,0,0,0,0,0,0,0,0,0,0,0,0,0,0,0,0,0,0,0,0,0
8861,0,12,23,21,0,1,9,25,4,12,5,5,0,0,0,0,1,4,1,1,1,1,1,0,1,1,4,0,0,0,1,1,0,0,0,0,0,1,1,0,0,1,0,1,0,1,0,0,0,0,0,0,1,0,2,0,0,0,1,0,0,0,0,0,0,0,0,0,0,0,0,0,0,0,0,0
8862,0,0,3,2,1,0,6,8,0,1,0,2,0,0,0,0,0,5,0,0,0,0,3,1,0,0,0,1,0,0,0,0,0,0,0,0,0,0,0,2,0,1,0,1,0,0,0,0,0,0,0,0,1,0,0,0,0,0,0,0,0,0,0,0,0,0,0,0,0,0,0,0,0,0,0,0
8863,0,4,18,7,0,2,10,2,0,2,1,4,0,0,0,1,0,3,0,0,0,3,1,0,0,0,0,2,0,0,0,0,1,0,0,0,0,0,0,0,0,0,1,0,0,0,0,0,0,0,0,0,1,0,0,0,0,0,2,1,0,0,0,0,0,0,0,0,0,0,0,0,0,0,0,0
8864,0,3,14,8,0,0,6,5,3,0,0,3,0,0,0,2,0,0,0,0,0,0,4,0,0,0,2,0,0,0,0,0,0,0,0,0,0,3,0,0,0,0,0,1,0,2,0,0,0,0,0,0,0,0,0,0,0,0,1,0,0,0,0,0,0,0,0,0,0,0,0,0,0,0,0,0
8865,0,7,24,15,0,4,14,6,1,2,2,4,0,0,0,2,1,7,0,0,0,0,4,0,0,0,0,1,0,1,0,1,0,0,0,0,0,2,0,0,0,0,0,6,1,0,0,0,0,0,0,0,0,0,0,0,0,0,0,0,0,0,0,0,0,0,1,0,0,0,0,0,0,0,0,0
8866,0,2,1,1,0,1,4,12,1,3,2,5,0,0,0,0,0,3,0,1,0,0,1,0,1,1,0,0,0,0,0,1,0,0,0,0,0,0,1,1,0,0,0,1,0,2,0,1,0,0,0,0,1,0,0,0,0,0,0,0,0,0,0,0,0,0,0,0,0,0,0,0,0,0,0,0
8867,0,0,6,1,0,2,8,7,1,3,0,2,0,0,0,0,0,0,0,2,1,0,1,0,1,0,2,0,0,0,0,0,1,0,0,0,0,0,0,0,0,0,0,0,0,1,0,0,0,0,0,0,0,0,0,0,0,0,0,0,0,0,0,0,0,0,0,0,0,0,0,0,0,0,0,0
8868,1,3,17,8,0,3,9,9,1,2,0,3,0,0,0,1,3,3,0,0,0,1,4,0,0,0,1,0,5,0,0,2,0,0,0,0,0,0,0,0,0,0,1,0,0,2,0,0,0,0,0,0,0,0,0,0,0,0,1,1,0,0,0,0,0,0,0,0,0,0,0,0,0,0,0,0
8869,0,5,15,6,0,1,25,32,3,11,6,10,0,0,1,3,2,0,0,0,0,2,5,0,0,0,1,0,2,0,0,0,1,0,0,0,1,3,0,0,1,1,0,1,0,0,0,0,0,0,0,0,1,0,0,0,0,0,0,0,0,0,0,0,1,0,0,0,0,0,0,0,0,0,0,0
8893,0,4,29,14,0,0,0,1,5,1,0,2,0,0,0,1,0,0,0,0,0,0,0,0,0,0,0,0,0,0,0,0,0,0,0,0,0,0,0,0,0,0,0,1,0,0,0,0,0,0,0,0,0,0,0,0,0,0,0,0,0,0,0,0,0,0,4,0,0,0,0,0,0,0,0,0
8894,0,4,21,8,0,0,2,1,3,1,1,0,0,0,0,3,1,1,0,0,0,0,0,0,0,0,0,0,1,0,0,0,0,0,0,0,0,0,0,0,0,1,0,0,0,0,1,0,0,0,0,0,1,0,0,0,0,0,0,0,0,1,0,0,0,0,1,0,0,0,0,0,0,0,0,0
8895,0,4,10,14,0,0,1,3,3,1,1,3,0,0,0,2,0,1,0,0,0,1,0,0,0,0,1,0,0,0,0,1,1,0,0,0,0,0,0,1,0,0,1,0,0,0,0,0,0,0,0,0,0,0,0,0,0,0,0,1,0,0,1,0,0,0,0,0,0,0,0,0,0,0,0,0
8896,0,0,0,1,0,0,0,11,0,2,2,0,0,0,0,3,0,2,0,0,0,0,3,0,0,0,0,0,0,0,0,0,0,0,0,0,0,0,0,0,0,0,0,1,0,0,0,0,0,0,0,0,1,0,0,0,0,0,0,0,0,0,0,0,0,0,0,0,0,0,0,0,0,0,0,0
8899,0,4,35,25,0,1,10,7,5,1,3,8,0,0,0,4,0,6,0,0,1,1,3,0,0,1,2,0,0,4,1,0,2,0,0,0,0,0,0,0,0,1,3,1,0,0,0,0,0,0,0,0,0,0,0,0,0,0,1,0,0,0,0,0,0,0,1,0,0,0,0,0,0,0,0,1
8900,1,3,13,5,0,0,5,2,0,4,0,4,0,0,0,0,1,0,1,0,0,0,1,0,0,0,1,0,0,0,0,2,0,0,0,0,0,1,0,0,0,1,0,0,0,0,0,0,0,0,0,0,0,0,0,0,0,0,1,0,0,0,0,0,0,0,0,0,0,0,0,0,0,0,0,0
8901,0,4,9,18,0,0,7,10,0,2,5,1,0,0,0,0,1,2,0,0,1,0,6,0,0,0,0,0,0,0,0,0,0,0,0,1,0,2,0,0,0,1,1,0,0,0,0,1,0,0,0,0,0,1,0,0,0,0,1,0,0,0,0,0,0,0,0,0,0,0,0,0,0,0,0,0
8902,0,1,24,13,0,4,13,3,0,7,0,0,0,0,0,0,3,4,0,1,0,0,2,0,0,0,3,1,1,0,0,0,0,0,0,0,1,1,0,0,0,6,0,0,0,0,0,0,0,0,0,0,0,0,1,0,0,0,1,0,0,0,0,0,0,0,1,0,0,0,0,0,0,0,0,0
8903,0,3,20,15,0,4,14,12,1,0,5,3,0,0,0,1,3,8,0,0,1,0,1,0,0,0,1,0,0,0,0,1,0,0,0,0,0,1,0,0,0,1,0,1,0,0,0,0,0,0,0,0,0,0,0,0,0,0,1,2,0,0,0,0,0,0,0,0,0,0,0,0,0,0,0,0
8904,0,1,9,3,0,1,10,2,1,1,0,1,0,0,0,0,0,0,0,1,0,2,0,0,0,0,1,0,0,0,0,0,0,0,0,0,0,0,0,0,0,1,0,0,0,0,0,0,0,0,0,0,1,0,0,0,0,0,0,0,0,0,0,0,0,0,0,0,0,0,0,0,0,0,0,0
8941,0,0,9,6,0,0,2,1,1,0,0,0,0,0,0,0,0,0,0,0,0,0,0,0,0,0,0,0,0,0,0,0,0,0,0,0,0,0,0,0,0,1,0,0,0,0,0,0,0,0,0,0,0,0,0,0,0,0,0,0,0,0,0,0,0,0,1,0,0,0,0,0,0,0,0,0
8942,0,3,13,4,0,0,3,5,6,0,0,7,0,0,0,7,0,1,0,0,0,0,0,0,0,0,1,0,0,0,0,1,0,0,0,0,1,0,1,0,0,1,0,1,0,0,0,0,0,0,0,0,0,0,0,0,0,0,0,1,0,0,0,0,0,0,5,0,0,0,0,0,0,0,0,0
8943,0,3,15,10,0,1,3,6,1,1,0,6,0,0,0,1,1,2,0,0,0,0,0,0,1,0,0,1,0,0,0,0,1,0,1,0,0,0,2,0,0,0,0,3,0,0,0,0,1,0,0,0,0,0,0,0,0,0,0,0,0,0,0,0,0,0,1,0,0,0,0,0,0,0,0,0
8944,0,0,0,1,1,0,1,7,1,1,1,2,0,0,1,0,1,4,0,0,0,0,0,0,0,0,0,3,0,0,0,0,0,0,0,0,0,2,0,0,0,0,0,1,0,0,0,0,0,0,0,0,1,0,0,0,0,0,0,0,0,0,0,0,0,0,2,0,0,0,0,0,0,0,0,0
8945,0,1,27,13,0,0,5,6,1,1,0,1,0,0,0,1,0,1,0,0,0,1,2,0,0,0,0,0,0,0,0,0,0,0,0,0,0,0,0,0,0,0,0,2,0,0,0,0,0,0,0,0,0,0,0,0,0,0,0,0,0,0,0,0,0,0,2,0,0,0,0,0,0,0,0,0
8946,0,1,8,3,0,1,4,1,1,1,0,3,0,0,0,0,0,0,0,0,0,0,1,0,0,0,1,0,1,0,0,0,0,0,0,0,0,0,0,0,0,0,0,0,0,0,0,0,0,0,0,0,0,0,0,0,0,0,0,0,0,0,0,0,0,0,0,0,0,0,0,0,0,0,0,0
8947,0,0,2,1,0,0,4,10,0,1,1,1,0,0,0,0,1,1,0,0,0,0,0,0,0,0,0,0,0,0,0,0,0,0,0,0,0,0,0,0,0,0,0,0,1,0,0,0,0,0,0,0,0,0,0,0,0,0,0,0,0,0,0,0,0,0,0,0,0,0,0,0,0,0,0,0
8948,1,12,38,26,0,5,1,9,2,4,6,2,0,0,0,2,1,2,2,2,0,1,7,0,1,0,1,2,2,0,1,0,1,0,0,0,0,1,0,0,0,4,0,1,0,0,0,0,0,0,0,0,1,0,0,0,0,0,0,0,0,1,0,0,0,0,0,0,0,0,0,0,0,0,0,0
8950,0,0,6,2,0,0,13,7,0,5,0,0,0,0,0,1,1,2,0,0,0,0,2,0,0,0,1,0,0,0,0,0,0,0,0,0,0,3,0,0,0,0,3,0,1,0,0,0,0,0,0,0,0,0,0,0,0,0,0,0,0,0,0,0,0,0,0,0,0,0,0,0,0,0,0,0
8951,1,3,9,5,0,3,4,16,0,2,1,6,0,0,0,2,3,2,1,0,0,0,3,0,0,0,1,0,0,0,0,0,0,0,0,0,0,2,0,0,0,0,0,0,0,0,0,0,0,0,0,0,0,0,0,0,0,0,0,0,0,0,0,0,0,0,0,0,0,0,0,0,0,0,0,0
8952,0,2,11,7,0,1,5,4,1,0,4,0,0,0,0,0,0,0,0,0,0,0,1,0,0,0,0,0,0,0,0,0,0,0,0,0,0,0,0,0,0,0,0,2,0,0,0,0,0,0,0,0,0,0,0,0,0,0,2,0,0,0,0,1,0,0,1,0,0,0,0,0,0,0,0,0
8953,0,12,25,12,0,1,16,13,2,4,4,3,0,0,0,0,1,8,0,0,0,0,1,0,0,0,2,1,1,0,0,0,0,0,0,0,1,4,0,0,0,1,1,0,0,0,0,0,0,0,0,0,1,0,0,0,0,0,0,0,0,0,0,0,0,0,2,0,0,0,0,0,0,0,0,0
8954,0,1,2,0,0,0,6,2,0,1,0,1,0,0,0,0,1,2,0,0,0,0,0,0,1,0,0,0,0,0,0,0,1,0,0,0,0,1,0,0,0,2,1,0,0,0,0,0,0,0,0,0,0,0,0,0,0,0,0,0,0,0,0,0,0,0,0,0,0,0,0,0,0,0,0,0
8981,0,7,13,4,0,0,3,3,3,0,1,1,0,0,0,2,0,0,0,0,0,0,0,0,0,0,0,2,0,0,0,0,0,0,0,0,0,0,0,0,0,0,0,3,0,0,0,0,0,0,0,0,0,0,0,0,0,0,0,0,0,0,0,0,0,0,2,0,0,0,0,0,0,0,0,0
8982,0,1,5,3,0,1,7,6,0,0,0,1,0,0,0,1,0,0,0,0,0,0,0,0,0,0,0,0,0,0,0,0,0,0,0,0,0,0,0,0,0,0,0,0,0,0,0,0,0,0,0,0,0,0,0,0,0,0,0,0,0,0,0,0,0,0,1,0,0,0,0,0,0,0,0,0
8983,11,5,1,0,0,2,0,7,1,0,0,5,0,0,1,0,1,0,0,2,0,3,0,0,2,0,0,5,0,1,0,3,0,0,0,1,0,0,0,0,0,0,0,0,1,0,0,0,0,1,0,0,0,0,0,0,0,0,0,0,0,0,0,0,0,0,0,0,0,0,0,0,0,0,0,0
8984,0,2,1,2,0,0,0,2,2,1,1,2,0,0,0,0,0,3,0,0,0,1,2,0,0,0,0,0,0,0,0,1,0,0,0,0,0,0,0,0,0,0,0,2,0,0,0,0,0,0,0,2,0,0,0,0,0,0,1,0,0,0,0,0,0,0,0,0,0,0,0,0,0,0,0,0
8985,0,2,5,2,0,0,7,9,0,2,1,4,0,0,0,1,1,1,0,1,0,0,2,0,1,0,1,0,0,0,0,0,0,0,0,0,0,1,1,0,0,1,0,0,0,0,0,0,0,0,0,0,0,0,0,0,0,0,0,0,0,0,0,0,0,0,0,0,0,0,0,0,0,0,0,0
8986,0,3,36,29,0,4,9,9,2,9,5,9,0,0,0,1,2,5,1,0,0,3,4,0,0,0,0,0,0,0,0,1,0,0,0,0,0,1,0,0,0,1,3,3,1,0,0,0,0,0,0,0,0,0,0,0,0,0,0,0,0,0,0,0,0,0,0,0,0,0,0,0,0,0,0,0
8987,0,2,5,0,0,0,8,16,0,7,3,5,0,0,0,2,0,5,0,0,1,0,2,0,0,0,0,0,0,0,0,0,1,0,0,0,0,0,1,0,0,0,0,0,0,0,0,0,0,0,0,0,0,0,0,0,0,0,1,0,0,0,0,0,0,0,0,0,0,0,0,0,0,0,0,0
8988,0,0,3,0,0,0,9,5,1,0,3,1,0,0,0,0,1,2,0,0,0,0,0,0,0,0,0,0,0,0,0,0,0,0,0,0,0,0,0,0,0,0,0,0,0,0,0,0,0,0,0,0,0,0,0,0,0,0,0,0,0,0,0,1,0,0,0,0,0,0,0,0,0,0,0,0
8989,0,3,12,5,0,1,11,8,0,5,2,6,0,0,0,0,3,7,1,0,0,0,1,0,1,0,1,0,0,0,1,0,0,0,0,0,0,1,1,0,0,1,1,0,0,1,0,0,0,0,0,0,0,0,2,0,1,0,1,0,0,0,0,1,0,0,0,0,0,0,0,0,0,0,0,0
8990,0,1,7,0,0,0,4,10,0,3,0,1,0,0,0,0,0,7,0,0,0,1,1,0,0,0,1,0,1,0,0,0,0,0,0,0,2,0,1,0,0,2,0,0,0,0,0,0,0,0,0,0,0,0,0,0,0,0,0,0,0,0,0,0,0,0,0,0,0,0,1,0,0,0,0,0
9023,0,4,27,21,2,1,2,3,2,1,1,4,0,0,0,0,1,0,0,0,0,0,0,0,0,0,2,2,0,0,0,2,0,2,0,0,0,0,0,0,0,0,0,0,0,0,0,0,0,0,0,0,1,0,0,0,1,0,0,0,0,0,0,1,0,0,0,0,0,0,0,0,0,0,0,0
9024,8,2,2,3,0,0,1,10,1,1,0,2,0,0,0,1,0,0,0,0,0,0,1,0,1,0,3,3,0,0,0,5,0,0,0,0,0,0,0,0,0,0,0,1,0,0,0,0,0,0,0,0,0,0,2,0,0,1,0,0,0,0,0,0,0,0,0,1,0,0,0,0,0,0,0,0
9025,1,7,18,20,0,1,2,2,1,1,0,0,0,0,1,1,0,0,2,1,0,0,2,0,0,0,0,1,2,0,0,1,2,0,0,1,0,1,0,0,0,0,0,1,0,0,0,2,0,0,0,0,0,0,0,0,0,0,1,1,0,0,0,0,0,0,0,0,0,0,0,0,0,0,0,0
9026,0,9,13,9,1,3,4,7,0,0,2,3,0,0,0,0,0,2,0,0,0,0,3,0,0,0,0,0,0,0,0,0,0,0,0,0,0,0,0,0,0,0,0,0,0,0,0,0,0,0,0,0,0,0,0,0,0,0,0,0,0,0,0,0,0,0,0,0,0,0,0,0,0,0,0,0
9027,0,0,4,3,0,0,1,0,2,0,4,1,0,0,0,0,0,0,0,0,0,2,0,0,0,0,0,0,1,0,0,0,0,2,0,0,0,0,1,0,0,2,1,0,0,0,0,0,0,0,0,0,0,0,0,0,0,0,1,0,0,0,0,0,0,0,0,0,0,0,0,0,0,0,0,0
9028,1,3,24,16,0,1,2,4,1,1,5,3,0,0,0,3,0,2,0,0,0,0,3,0,1,0,0,1,3,0,0,0,0,0,0,0,0,0,0,0,0,0,0,6,0,1,0,0,0,0,0,0,1,0,1,0,0,0,0,0,0,0,0,0,0,0,1,0,0,0,0,0,0,0,0,0
9029,0,2,1,4,0,2,1,9,1,4,1,6,0,0,0,1,3,5,0,1,0,1,1,0,0,0,1,0,0,0,1,0,1,0,0,2,0,1,0,0,0,0,0,0,0,2,0,0,0,0,0,0,1,0,0,0,0,0,1,0,0,0,0,0,0,0,0,0,0,0,0,0,0,0,0,0
9030,0,0,3,1,0,1,2,6,1,6,1,1,0,0,0,0,0,3,0,0,0,0,2,0,1,0,0,0,0,0,0,0,0,0,0,0,0,0,0,0,0,0,1,0,0,0,0,0,0,0,0,0,2,0,0,0,0,0,0,0,0,0,0,0,1,0,0,0,0,0,0,0,0,0,0,0
9031,1,0,7,3,0,0,8,11,1,1,4,0,0,0,0,1,1,3,0,0,0,1,5,0,0,0,0,0,0,0,0,1,0,0,0,0,0,1,0,0,0,1,0,1,0,0,0,0,0,0,0,0,4,0,0,0,0,0,2,0,0,2,0,0,0,0,0,0,0,0,0,0,0,0,0,0
9032,0,2,14,8,0,2,0,7,0,1,0,0,0,0,0,0,1,2,0,1,0,0,0,0,0,0,0,0,0,0,0,0,0,0,0,0,0,3,0,0,0,2,0,0,0,0,0,0,0,0,0,0,2,0,0,0,0,0,0,0,0,0,0,0,0,0,0,0,0,0,0,0,0,0,0,0
9033,0,6,10,8,0,1,8,1,2,0,0,3,0,0,0,0,0,2,0,0,0,0,0,0,0,0,0,1,0,0,0,0,1,0,0,0,0,2,0,0,0,1,0,1,0,0,0,0,0,0,0,0,1,0,0,0,0,0,1,1,0,0,0,0,0,0,2,0,0,0,0,0,0,0,0,0
9034,0,0,0,2,0,0,5,4,0,3,0,3,0,0,0,0,0,2,0,0,0,0,1,0,0,0,0,0,0,0,0,0,0,0,0,1,1,0,0,0,0,1,0,0,0,0,0,0,0,0,0,0,0,0,0,0,0,0,0,0,0,0,0,0,0,0,0,0,0,0,0,0,0,0,0,0
9035,0,0,1,0,0,0,4,2,0,2,1,0,0,0,0,0,0,1,0,0,0,0,1,0,0,0,0,0,0,0,0,0,0,0,0,0,0,0,0,0,0,0,0,0,0,1,0,0,0,0,0,0,1,0,1,0,0,0,1,0,0,0,0,0,0,0,0,0,0,0,0,0,0,0,0,0
9036,0,3,7,13,0,0,13,26,1,5,1,7,0,0,0,3,3,0,0,2,0,1,4,0,1,0,2,0,1,1,0,0,1,0,0,0,0,3,0,0,3,7,2,1,0,0,0,0,1,0,0,0,1,0,0,0,0,0,1,0,0,0,0,0,1,0,0,0,0,0,0,0,0,0,0,0
9037,0,2,6,5,0,0,6,1,0,3,0,2,0,0,0,0,0,0,0,0,0,0,1,0,0,0,0,0,0,1,1,2,0,0,0,1,0,0,0,0,2,1,0,0,0,0,0,0,0,0,0,0,0,0,0,0,0,0,0,0,0,0,0,0,2,0,0,0,0,0,0,0,0,0,0,0
9038,0,3,15,11,0,0,2,1,0,1,1,1,0,0,0,1,0,1,0,0,0,0,3,0,0,0,0,0,0,0,0,0,0,0,0,0,0,1,0,0,0,2,0,0,0,0,0,0,0,0,0,0,0,0,0,0,0,0,1,0,0,0,0,0,0,0,0,0,0,0,0,0,0,0,0,0
9072,0,0,34,19,0,1,0,4,9,0,1,2,0,0,0,1,2,1,0,0,0,0,1,0,0,1,2,0,0,0,0,0,0,0,0,0,0,1,0,0,0,1,0,5,0,0,0,0,0,0,0,0,0,0,0,0,0,0,0,1,0,0,0,0,0,0,5,0,0,0,0,0,0,0,0,0
9073,0,1,6,6,0,0,0,0,2,0,0,1,0,0,0,0,1,1,0,0,0,0,0,0,0,0,0,0,0,0,0,0,0,0,0,0,0,0,0,0,0,0,0,5,0,0,0,0,0,0,0,0,0,0,0,0,0,0,0,0,0,0,0,0,0,0,0,0,0,0,0,0,0,0,0,0
9074,0,3,20,23,0,5,14,16,6,7,7,5,0,0,1,1,3,4,0,1,0,3,6,0,1,0,1,0,4,0,0,0,1,0,0,0,1,0,0,1,0,1,1,1,0,1,0,0,1,0,0,0,0,0,0,0,0,0,2,0,0,0,0,1,0,0,0,0,0,1,0,0,0,0,0,0
9075,0,0,5,3,0,1,9,11,1,7,2,5,0,0,0,0,2,6,0,0,0,1,1,0,0,0,1,0,3,2,1,1,0,0,0,0,0,1,0,0,0,2,0,1,0,0,0,0,0,0,0,1,2,0,0,0,0,0,2,0,0,0,0,0,0,0,0,0,0,0,0,0,0,0,0,0
9076,0,5,18,21,1,4,12,14,5,11,5,4,0,0,0,0,0,10,0,1,0,0,0,0,1,0,5,1,1,0,1,1,1,0,0,0,0,0,0,0,0,2,0,0,0,1,0,0,0,0,0,0,0,0,1,0,1,0,0,0,0,0,0,0,0,0,0,0,0,0,0,0,0,0,0,0
9077,0,3,17,6,0,3,7,8,1,1,3,4,0,0,0,0,1,1,1,0,0,0,3,0,0,0,2,0,0,0,0,0,0,0,0,0,0,0,0,0,0,0,0,3,0,0,0,0,0,0,0,0,0,0,0,0,0,0,0,0,0,0,0,0,0,0,0,0,0,0,0,0,0,0,0,0
9078,1,0,2,1,0,1,2,4,0,1,0,1,0,0,0,1,1,2,0,0,0,0,2,0,0,0,1,0,0,1,0,0,0,1,0,0,0,0,0,0,0,3,1,0,0,0,0,0,0,0,0,0,0,0,0,0,0,0,0,0,0,0,0,0,0,0,0,0,0,0,0,0,0,0,0,0
9079,0,0,3,0,0,1,6,1,0,4,1,1,0,0,0,1,1,0,0,0,0,0,1,0,0,0,0,0,0,0,0,0,0,0,0,0,0,0,0,0,0,0,0,1,0,0,0,0,0,0,0,0,0,0,0,0,0,0,0,0,0,0,0,0,0,0,0,0,0,0,0,0,0,0,0,0
9080,0,3,5,2,0,0,4,6,0,2,6,2,0,0,0,0,0,0,0,0,0,0,4,0,0,0,0,0,3,0,0,1,0,0,0,0,0,3,0,0,0,1,0,0,0,0,0,0,0,0,0,0,0,0,0,0,0,0,1,0,0,0,0,0,0,0,0,0,0,0,0,0,0,0,0,0
9111,0,2,17,10,0,0,1,0,0,0,0,1,0,0,0,2,0,1,0,1,0,0,0,0,0,0,0,0,1,0,0,2,0,2,2,0,0,0,0,0,0,0,0,1,0,0,0,1,0,0,0,0,0,0,0,0,0,0,0,0,0,0,0,0,0,0,0,0,0,0,0,0,0,0,0,0
9112,3,3,28,13,0,4,2,4,5,1,0,8,0,0,0,1,0,3,0,0,0,1,1,1,0,0,1,3,0,0,3,4,1,0,0,2,0,0,0,1,0,1,1,3,0,0,0,0,0,0,0,0,0,0,0,0,0,0,1,0,0,0,0,0,0,0,2,0,0,0,1,0,0,0,0,0
9113,0,1,1,1,0,0,11,4,1,0,1,5,0,0,0,0,0,3,0,1,0,0,0,0,0,1,0,0,0,0,0,0,0,0,0,0,0,0,0,0,0,0,0,0,0,0,0,0,0,0,0,0,0,0,1,0,0,0,0,0,0,0,0,0,0,0,0,0,0,0,0,0,0,0,0,0
9114,0,4,28,12,0,1,10,6,0,2,5,2,0,0,0,0,2,3,0,0,0,0,4,0,1,0,1,0,0,1,0,0,0,0,0,0,0,1,0,0,0,2,0,1,0,1,0,0,0,0,0,0,0,0,0,0,1,0,0,0,0,0,0,0,0,0,0,0,0,0,0,0,0,0,0,0
9115,0,1,18,2,0,1,4,1,1,0,0,1,0,0,0,0,0,2,0,0,1,0,1,0,1,0,0,0,0,0,0,1,0,0,0,0,0,0,0,0,0,0,1,0,0,1,0,0,1,0,0,0,1,0,0,0,0,0,0,0,0,0,1,0,1,0,0,0,0,0,0,0,0,0,0,0
9116,1,3,11,17,0,1,15,25,2,12,1,7,0,0,0,1,2,10,0,0,0,0,6,1,0,1,2,2,0,0,0,2,1,0,0,0,0,3,0,0,0,1,2,0,0,1,0,0,0,0,0,0,1,1,1,0,0,0,3,0,0,0,0,0,0,0,0,0,0,0,0,0,0,0,0,0
9118,0,2,5,3,0,0,1,1,1,0,1,0,0,0,0,0,1,2,0,0,0,0,1,0,1,0,1,0,0,0,0,0,0,0,0,0,0,0,0,0,0,1,0,0,0,0,0,0,0,0,0,0,0,0,0,0,0,0,0,0,0,0,0,0,0,0,0,0,0,0,0,0,0,0,0,0
9119,0,1,22,16,0,1,9,5,0,5,0,12,0,0,0,4,2,2,1,0,0,2,1,0,1,0,1,2,1,1,0,0,0,0,0,0,0,0,0,0,0,0,0,1,0,2,0,0,0,0,0,0,1,0,0,0,0,0,0,0,0,0,0,0,0,0,0,1,0,0,2,0,0,0,0,0
9156,0,2,23,21,0,0,1,5,5,1,0,4,0,0,0,4,0,0,0,0,0,1,1,0,0,0,1,0,1,0,1,0,0,0,0,0,0,0,0,0,0,0,0,1,0,0,0,1,1,0,0,0,0,0,0,0,0,0,0,0,0,0,0,0,0,0,0,0,0,0,0,0,0,0,0,0
9157,0,2,10,7,0,0,0,2,0,0,2,0,0,0,0,1,0,1,0,0,1,0,1,0,1,0,0,1,0,1,0,0,0,0,0,0,0,0,0,0,0,0,2,0,0,0,0,0,0,0,0,0,0,0,0,0,0,0,0,0,0,0,0,0,0,0,2,0,0,0,0,0,0,0,0,0
9158,0,5,30,15,0,0,1,19,8,14,3,2,0,0,1,0,1,1,1,0,0,3,0,0,0,0,0,1,0,0,0,1,0,0,0,0,0,0,0,1,0,1,0,2,1,0,0,0,0,0,0,0,0,0,2,0,0,0,4,0,0,0,0,0,0,0,2,0,0,0,0,0,0,0,0,0
9159,0,3,22,17,0,1,0,1,1,1,0,4,0,0,0,2,0,0,0,0,0,0,0,0,0,0,1,0,4,0,0,0,0,0,0,0,0,0,0,0,0,0,0,6,0,1,0,0,1,0,0,0,0,0,0,0,0,0,0,0,0,0,0,0,0,0,2,0,0,0,0,0,0,0,0,0
9160,0,3,16,13,1,0,0,2,5,1,0,2,0,0,0,1,1,0,0,0,0,0,0,0,0,0,0,0,0,0,0,0,1,0,0,0,0,0,0,0,0,0,0,3,0,0,0,0,0,0,0,0,0,0,0,0,0,0,0,0,0,0,0,0,0,0,6,0,0,0,0,0,0,0,0,0
9161,4,0,4,1,2,0,2,1,1,4,1,0,0,0,0,0,0,0,0,0,0,0,0,0,0,0,0,0,0,0,0,1,0,0,0,3,1,0,0,0,0,2,0,0,0,0,0,0,0,0,0,0,0,0,0,0,0,0,0,0,1,0,0,0,0,0,0,0,0,0,0,0,0,1,0,0
9162,0,0,16,2,0,0,1,2,0,1,2,5,0,0,0,3,0,1,1,0,0,0,2,0,0,1,0,0,0,0,0,0,0,0,0,0,2,0,0,0,0,1,0,0,0,0,0,0,0,0,0,0,0,0,0,0,0,0,0,0,0,0,0,0,0,0,0,0,0,0,0,0,0,0,0,0
9163,0,1,12,4,0,0,6,12,0,6,0,7,0,0,0,0,1,2,0,0,0,0,2,0,0,0,1,1,0,2,0,0,0,0,0,0,0,0,0,1,0,1,0,0,0,0,0,0,0,0,0,0,0,0,0,0,0,0,0,0,0,0,0,0,0,0,0,0,0,0,0,0,0,0,0,0
9164,0,2,10,4,0,2,2,4,3,1,0,1,0,0,0,1,1,5,0,0,0,1,3,0,1,0,0,0,0,0,0,0,0,0,0,0,0,0,1,0,0,0,1,0,0,0,0,1,0,0,0,0,1,0,0,0,0,0,1,0,0,0,0,1,0,0,0,1,0,0,0,0,0,0,0,0
9197,0,1,9,6,0,0,3,2,0,0,0,0,0,0,0,0,0,0,0,0,0,0,0,0,0,0,0,0,0,0,0,1,0,1,0,0,0,0,0,0,0,0,0,0,0,0,0,0,0,0,0,0,0,0,0,0,0,0,0,0,0,0,0,0,0,0,0,0,0,0,0,0,0,0,0,0
9199,0,1,10,5,1,0,3,5,2,0,1,4,0,0,0,2,1,0,0,2,0,0,0,0,0,0,0,0,0,0,0,0,0,0,0,0,0,0,0,0,0,0,1,0,0,2,0,0,0,0,0,0,0,0,0,0,0,0,0,0,0,0,0,0,0,0,0,0,0,0,0,0,0,0,0,0
9200,0,6,29,13,0,0,3,1,0,1,1,9,0,0,0,0,0,2,1,1,0,1,3,0,0,0,1,2,0,0,0,0,0,0,0,0,0,1,0,0,0,0,0,0,0,0,0,0,0,0,0,1,0,0,1,0,0,0,0,0,0,0,0,0,0,0,0,0,0,0,0,0,0,0,0,1
9202,0,0,2,3,0,0,0,3,1,1,1,1,0,0,0,0,1,0,0,0,0,0,1,0,0,0,0,0,0,0,0,0,0,0,0,0,0,0,0,2,0,0,1,3,0,0,0,0,0,0,0,0,0,0,0,0,0,0,3,0,0,0,0,0,0,0,0,0,0,0,0,0,0,0,0,1
9203,0,0,7,2,0,0,2,3,3,1,0,1,0,0,0,5,1,1,0,0,0,0,3,0,1,1,2,0,0,0,0,0,0,0,0,0,0,0,0,0,0,1,0,7,0,0,0,0,0,0,0,0,0,0,0,0,0,0,0,0,0,0,0,0,0,0,0,0,0,0,0,0,0,0,0,0
9204,0,8,29,13,0,1,16,16,3,6,3,5,0,0,0,0,4,3,0,0,0,1,8,0,0,0,1,0,2,0,0,0,1,0,0,0,0,0,0,0,0,1,1,3,0,0,0,0,0,0,0,0,1,0,0,0,0,1,0,1,0,0,1,0,0,0,0,0,0,0,0,0,0,0,0,0
9206,0,1,16,8,0,1,10,8,0,0,1,6,0,0,0,0,2,1,1,0,0,0,5,0,3,0,1,0,0,0,0,0,0,0,0,1,0,0,1,0,0,0,2,0,1,1,0,0,0,0,0,0,0,0,1,0,0,0,1,0,0,0,0,0,0,0,0,0,0,0,1,0,0,0,0,0
9207,0,8,61,51,0,1,11,7,3,5,7,7,0,0,0,2,1,3,0,0,0,4,7,0,2,0,2,0,0,0,0,1,0,0,0,0,0,0,0,0,1,1,2,4,0,0,0,1,0,0,0,0,0,0,1,0,0,0,1,0,0,0,0,0,0,0,0,1,0,0,0,0,0,0,0,0
9208,1,9,35,31,0,1,20,27,5,13,6,0,0,0,0,4,1,5,0,2,0,0,6,0,3,0,8,0,0,2,0,4,1,0,2,0,1,0,0,0,2,9,4,1,0,0,0,0,0,0,0,0,0,0,1,0,1,0,1,0,1,0,0,0,0,0,1,0,0,1,0,0,0,0,0,1
9209,0,7,16,9,0,0,0,0,4,1,1,0,0,0,0,2,0,0,0,0,0,0,1,0,0,0,2,0,0,0,0,0,0,0,0,2,0,0,0,0,0,1,0,2,0,0,0,3,0,0,0,0,0,0,0,0,0,0,0,0,0,0,0,0,0,0,4,0,0,0,0,0,0,0,0,0
9252,1,0,13,3,0,0,0,0,9,2,0,1,0,0,0,6,0,0,0,0,0,0,1,0,0,0,0,1,0,0,0,0,0,0,0,0,0,0,0,0,0,1,1,5,0,0,0,0,0,0,0,0,0,0,0,0,0,0,0,0,0,0,0,0,0,0,2,0,0,0,0,0,0,0,0,0
9253,0,1,17,7,0,0,0,3,12,0,3,4,0,0,0,4,0,0,1,3,1,1,1,0,1,0,0,0,2,0,0,0,1,1,0,0,0,0,0,0,0,0,1,3,0,0,0,0,0,0,0,0,0,0,0,0,0,0,0,0,0,0,0,0,0,0,8,0,0,0,0,0,0,0,0,0
9254,0,1,8,7,2,0,2,6,5,3,1,1,0,0,0,2,1,1,0,1,0,0,4,0,0,0,1,0,0,0,0,0,0,0,0,0,0,0,0,0,0,0,0,3,0,0,0,0,0,0,0,0,1,0,0,0,0,0,0,0,1,0,0,0,0,0,5,0,0,0,0,0,0,0,0,0
9255,0,2,5,2,0,0,3,0,1,1,0,3,0,0,0,0,2,0,1,0,0,0,0,0,0,0,0,1,0,0,0,0,0,0,0,0,0,0,0,0,0,0,0,0,0,0,0,0,0,0,0,0,0,0,0,0,0,0,0,0,0,0,0,0,0,0,1,0,0,0,0,0,0,0,0,0
9256,0,4,8,6,0,0,0,1,0,0,2,1,0,0,0,0,0,0,0,0,0,0,0,0,0,0,0,0,1,0,1,0,0,0,0,0,0,0,0,0,0,0,0,1,1,0,0,0,0,0,0,0,0,0,0,0,0,0,0,0,0,0,0,1,0,0,2,0,0,0,0,0,0,0,0,0
9258,0,1,7,4,0,3,3,17,0,1,1,3,0,0,0,0,1,1,0,0,0,1,1,0,0,0,0,0,0,1,0,1,0,0,0,0,0,0,0,0,0,0,0,0,0,1,0,0,0,0,0,0,0,0,0,0,0,0,1,0,0,0,0,0,0,0,0,0,0,0,0,0,0,0,0,0
9259,0,5,9,12,1,0,5,4,0,1,0,1,0,0,0,0,1,1,0,0,0,0,0,0,1,0,0,1,0,6,0,0,0,1,0,1,5,0,0,0,0,2,0,0,0,0,0,0,0,0,0,0,0,0,0,0,0,0,1,1,0,0,0,0,0,0,0,0,0,0,0,0,0,0,0,0
9294,0,0,5,1,0,0,0,4,1,0,0,4,0,0,0,1,0,0,0,0,0,0,2,1,0,0,0,3,0,0,0,0,0,0,0,1,0,1,0,0,0,0,0,2,0,0,0,0,0,0,0,0,1,0,0,0,0,0,0,0,0,0,0,0,0,0,2,0,0,0,0,0,0,0,0,0
9295,0,3,16,16,0,0,3,1,4,0,0,4,0,0,0,2,0,0,1,2,0,0,0,0,1,0,1,2,1,0,0,0,0,0,0,0,0,0,0,0,0,1,0,1,0,0,0,0,0,0,0,0,0,0,0,0,0,0,0,0,0,0,0,0,0,0,2,0,0,0,0,0,0,0,0,0
9296,0,5,22,23,0,0,4,15,0,7,1,4,0,0,1,0,1,3,0,0,0,1,0,0,0,0,0,0,3,0,1,0,0,0,0,0,0,0,0,1,0,1,0,2,0,0,0,0,0,0,0,0,1,0,0,0,0,0,1,1,0,0,0,0,0,0,0,0,0,0,1,0,0,0,0,2
9297,0,1,8,5,0,0,2,2,0,0,1,0,0,0,0,0,1,0,0,0,0,0,0,0,0,0,0,0,0,0,0,0,0,0,0,0,0,0,0,0,0,0,0,0,0,0,0,0,0,0,0,0,0,0,0,0,0,0,1,0,0,0,0,0,0,0,0,0,0,0,0,0,0,0,0,0
9298,0,2,19,3,0,0,7,10,0,2,1,1,0,0,0,1,0,4,0,2,1,1,0,0,0,0,0,0,0,0,0,0,0,0,0,0,1,0,0,0,0,3,0,1,0,0,0,0,0,0,0,0,1,0,0,0,0,0,0,0,0,0,0,0,0,0,1,0,0,0,0,0,0,0,0,0
9300,0,2,1,3,0,1,2,3,0,2,0,0,0,0,0,0,1,5,0,0,0,1,0,0,0,0,1,0,0,0,0,0,0,0,0,0,0,0,0,0,0,1,1,0,0,0,0,0,0,0,0,0,1,0,0,0,0,0,0,0,0,0,0,0,0,0,0,0,0,0,0,0,0,0,0,0
9302,0,0,6,1,0,1,9,19,0,3,0,1,0,0,0,0,2,3,1,0,0,0,0,0,0,0,0,3,0,9,0,3,0,0,0,0,8,0,0,0,0,7,5,0,0,0,0,0,0,0,0,0,3,0,0,0,0,0,2,0,0,0,0,4,1,0,0,0,0,1,0,0,0,0,0,0
9336,0,0,11,5,0,1,1,0,6,2,0,0,0,0,0,5,0,0,0,0,0,0,0,1,0,0,0,0,0,0,0,0,0,0,0,0,0,0,0,0,0,0,0,1,1,0,0,0,0,0,0,0,1,0,0,0,0,0,0,1,0,0,0,0,0,0,1,0,0,0,0,0,0,0,0,0
9337,0,10,26,16,0,1,8,13,0,5,0,4,0,0,0,0,3,5,0,0,0,0,3,0,0,0,2,0,0,2,0,0,0,0,0,0,0,0,0,1,0,5,1,0,0,0,0,0,0,0,0,0,1,0,0,0,0,0,1,1,0,1,0,0,0,0,0,0,0,0,0,0,0,0,0,0
9338,0,0,2,2,0,0,4,8,3,3,0,1,0,0,0,0,0,2,0,0,0,0,1,0,0,0,1,0,0,0,0,0,0,0,0,0,0,1,0,0,0,4,0,0,0,0,0,0,0,0,0,0,0,0,0,0,0,0,1,0,0,0,0,0,0,0,0,0,0,0,0,0,0,0,0,0
9339,0,1,10,10,0,0,0,1,0,0,0,0,0,0,0,2,0,0,1,0,0,0,0,0,0,0,0,0,0,0,0,0,0,0,0,0,0,0,0,0,0,1,0,0,0,0,0,0,0,0,0,0,0,0,0,0,0,0,0,0,0,0,0,0,0,0,0,0,0,0,0,0,0,0,0,0
9340,0,1,3,5,0,0,1,7,0,0,0,4,0,0,1,2,0,1,0,0,0,1,0,0,0,1,0,0,0,1,0,0,0,0,0,2,0,0,0,0,0,0,0,0,0,0,0,1,0,0,0,0,0,0,0,0,0,0,1,0,0,0,0,0,0,0,0,2,0,0,0,0,0,0,0,0
9341,1,5,16,5,0,2,10,15,1,12,7,6,0,0,0,0,3,2,0,0,0,2,3,0,1,1,2,0,1,0,1,1,2,0,0,0,0,2,0,0,0,1,2,0,0,0,0,0,0,0,0,0,0,0,3,0,0,0,2,1,0,0,0,0,1,0,0,0,0,0,0,0,0,0,0,1
9342,0,11,25,13,0,0,15,23,0,6,0,8,0,0,0,2,1,1,0,1,0,5,3,0,2,0,2,4,0,17,2,3,0,0,0,7,5,0,0,0,0,14,4,0,0,0,0,0,0,0,0,0,0,0,0,0,0,0,1,0,0,0,0,2,0,0,0,0,0,0,1,0,0,0,0,0
9375,1,1,11,2,0,0,0,0,0,0,0,1,0,0,0,7,0,0,1,1,0,0,0,0,0,1,0,0,0,0,0,1,0,0,0,0,0,0,0,0,0,0,0,5,0,0,0,0,0,0,0,0,0,0,0,0,0,0,0,0,0,0,0,0,0,0,1,0,0,0,0,0,0,0,0,0
9377,0,0,2,1,0,0,6,14,1,3,1,5,0,0,0,0,1,3,0,0,0,0,0,0,0,0,1,0,0,0,0,0,0,0,0,0,0,0,0,0,0,3,0,0,0,0,0,0,0,0,0,0,0,0,0,0,0,0,2,0,0,0,0,0,0,0,0,0,0,0,0,0,0,0,0,0
9378,0,0,10,7,0,0,0,0,0,0,0,2,0,0,0,2,0,0,1,1,0,2,0,0,1,1,1,0,0,0,0,0,0,0,0,0,0,0,0,0,0,0,0,1,0,0,0,0,0,0,0,0,0,0,0,0,0,0,0,0,0,0,0,0,0,0,0,0,0,0,0,0,0,0,0,0
9379,0,3,17,14,0,0,1,2,0,1,0,3,0,0,0,1,0,0,0,0,2,0,1,0,0,0,0,1,0,0,0,0,0,1,0,0,0,0,0,0,0,0,0,1,0,0,0,0,0,0,0,0,0,0,0,0,0,0,0,0,0,0,0,0,0,0,1,0,0,0,0,0,0,0,0,0
9380,1,1,8,4,1,2,13,13,0,3,4,7,0,0,0,1,0,4,0,0,0,0,4,0,0,0,1,0,0,0,0,0,0,1,0,0,0,1,0,0,0,4,0,0,0,1,0,0,0,0,0,0,0,0,0,0,1,0,0,0,0,0,0,0,0,0,0,0,0,0,0,0,0,0,0,0
9381,0,4,9,9,0,1,0,3,0,1,0,3,0,0,0,0,0,0,0,0,0,0,1,0,0,0,0,0,1,0,0,0,0,1,0,0,0,0,0,0,0,0,1,0,0,0,0,0,0,0,0,0,0,0,0,0,0,0,0,0,0,0,0,0,0,0,0,0,0,0,0,0,0,0,0,0
9382,0,5,22,14,0,2,0,19,4,8,4,5,0,0,0,0,0,2,0,0,0,1,0,0,0,0,0,1,1,2,2,0,0,0,0,0,0,1,1,0,0,2,0,1,0,0,0,0,0,0,0,0,0,0,0,0,1,0,0,0,0,0,0,0,0,0,0,0,0,0,0,0,0,0,0,0
9421,0,3,17,11,1,0,1,2,1,0,1,4,0,0,0,2,1,1,0,0,0,1,0,0,0,1,0,0,0,0,0,0,0,0,0,0,0,0,0,0,0,1,0,5,1,0,0,0,0,0,0,0,0,0,0,0,1,0,0,0,0,0,0,0,0,0,2,0,0,0,0,0,0,0,0,0
9422,0,3,25,13,0,0,1,0,1,2,0,5,0,0,0,1,0,3,0,0,0,0,0,0,0,0,0,2,0,0,0,0,1,2,0,0,0,2,0,0,0,0,0,2,0,0,0,0,0,0,0,0,0,0,0,0,0,0,0,0,0,0,0,0,0,0,2,0,0,0,0,0,0,0,0,0
9423,0,0,0,0,0,0,1,2,0,2,1,2,0,0,0,0,1,0,0,0,0,1,2,0,1,1,0,0,0,0,0,0,0,0,0,0,0,0,0,0,0,6,0,0,0,0,0,0,0,0,0,0,0,0,0,0,0,0,2,0,0,0,0,0,0,0,0,0,0,0,0,0,0,0,0,0
9424,0,5,25,24,0,0,0,4,8,1,1,2,0,0,0,2,1,1,0,0,0,0,2,0,0,0,1,0,1,0,0,0,0,0,0,0,0,0,0,0,0,0,0,7,0,0,0,0,0,0,0,0,0,0,0,0,0,0,0,0,0,0,0,0,0,0,5,0,0,0,0,0,0,0,0,0
9425,0,2,9,5,0,0,7,1,5,0,1,1,0,0,1,2,1,1,0,1,0,1,1,0,1,0,0,0,0,0,0,0,0,3,0,0,0,0,0,0,0,2,0,1,0,0,0,0,0,0,0,0,0,0,0,0,0,0,0,0,0,0,0,0,0,0,0,0,0,0,1,0,0,0,0,0
9460,0,2,3,4,0,0,0,3,3,0,0,0,0,0,0,2,0,0,0,0,0,0,0,0,0,0,0,0,0,0,0,0,0,0,0,0,0,0,0,0,0,0,0,6,0,0,0,0,0,0,0,0,0,0,0,0,0,0,1,0,0,0,0,0,0,0,4,0,0,0,0,0,0,0,0,0
9461,0,1,14,4,2,0,1,2,1,1,4,2,0,0,0,2,0,1,0,0,0,0,2,0,0,0,1,0,0,0,0,0,0,0,0,0,0,0,0,0,0,2,0,0,0,0,0,0,1,0,0,0,0,0,0,0,0,0,2,0,0,0,0,0,0,0,0,0,0,0,0,0,0,0,0,1
9462,2,1,5,7,0,0,1,11,3,3,1,1,0,0,0,4,1,1,0,0,0,1,1,0,1,0,0,1,0,0,0,1,0,0,0,0,0,0,0,0,0,1,0,1,0,0,0,0,0,0,0,0,1,0,0,0,0,0,1,0,0,0,0,0,0,0,0,0,0,0,0,0,0,0,0,1
9463,0,0,2,1,0,0,7,2,0,2,2,0,0,0,0,0,1,0,0,0,0,0,3,0,0,0,0,0,0,0,0,0,0,0,0,0,0,0,0,0,0,0,1,0,0,0,0,0,0,0,0,0,0,0,0,0,0,0,1,0,0,0,0,0,0,0,0,0,0,0,0,0,0,0,0,0
9464,0,8,14,20,2,1,6,25,2,5,3,9,0,0,0,2,2,6,0,1,0,3,7,0,1,0,1,0,0,1,0,0,1,0,0,1,1,1,0,0,0,4,1,0,0,2,0,0,0,0,0,0,1,0,0,0,0,0,0,0,0,0,0,0,1,0,2,0,0,0,0,0,0,0,0,0
9465,0,5,13,18,0,1,2,12,1,1,4,3,0,0,0,0,0,1,0,0,0,0,1,0,2,0,0,0,0,0,0,0,0,0,0,0,0,1,0,0,0,0,0,1,0,0,0,0,0,0,0,0,1,0,0,0,0,0,0,0,0,0,0,0,0,1,0,0,0,0,1,0,0,0,0,0
9509,0,4,14,8,0,0,1,1,0,2,1,1,0,0,0,0,0,0,0,1,0,1,3,0,0,0,0,0,0,0,0,0,1,0,0,0,0,0,0,0,0,0,0,1,0,0,0,0,0,0,0,0,0,0,0,0,0,0,0,0,0,0,0,0,0,0,1,0,0,0,1,0,0,0,0,0
9510,0,4,29,14,0,0,1,3,5,0,1,1,0,0,0,7,0,1,0,0,1,1,2,0,0,1,0,0,0,0,0,1,0,0,0,1,0,0,0,0,0,0,0,7,0,0,0,0,0,0,0,0,0,0,0,0,1,0,0,0,0,0,0,0,0,0,0,0,0,0,0,0,0,0,0,0
9511,0,6,17,15,0,0,2,1,1,0,0,2,0,0,1,0,0,1,0,0,0,0,0,0,0,0,0,1,0,1,1,0,0,0,0,0,0,1,0,0,0,0,0,0,0,0,0,0,0,0,0,0,0,0,0,0,0,0,0,0,0,0,0,0,0,0,0,0,0,0,0,0,0,0,0,0
9512,0,1,6,4,0,0,3,1,0,1,0,1,0,0,0,1,0,0,0,0,0,0,4,0,0,0,1,0,1,0,0,0,0,0,0,0,0,0,0,0,0,1,0,0,0,0,0,0,0,0,0,0,1,0,0,0,0,0,0,0,0,0,0,0,0,0,0,0,0,0,0,0,0,0,0,0
9513,0,4,3,1,0,0,10,10,1,4,2,2,0,0,0,2,0,0,0,0,0,0,3,0,0,0,0,1,0,0,0,2,1,0,0,0,0,2,0,2,0,0,0,0,0,0,0,0,0,0,0,1,2,0,0,0,0,0,1,0,0,0,0,0,0,0,0,0,0,0,0,0,0,0,0,0
9514,0,2,40,25,0,0,15,12,2,0,1,4,0,0,0,1,1,5,0,2,0,0,3,0,0,0,1,1,4,0,0,0,0,0,0,1,3,0,0,0,0,0,0,1,0,0,0,0,0,0,0,0,1,0,0,0,0,0,1,0,0,0,0,0,0,0,1,0,0,0,0,0,0,0,0,0
9515,0,2,12,10,1,4,12,8,1,3,3,3,0,0,0,1,0,2,0,0,0,1,1,0,1,0,1,0,0,0,0,0,2,0,0,0,0,0,0,0,0,0,1,1,0,0,0,0,0,0,0,0,0,0,0,0,1,0,2,0,0,0,0,0,1,0,0,0,0,0,0,0,0,0,0,0
9516,0,0,1,7,0,0,2,5,1,4,0,1,0,0,0,0,0,2,0,0,0,1,1,0,0,0,0,0,0,0,0,0,0,0,0,0,0,0,0,0,0,0,0,0,0,0,0,0,0,0,0,0,0,0,0,0,0,0,1,0,0,0,0,0,0,0,0,0,0,0,0,0,0,0,0,0
9552,0,2,4,9,0,1,0,3,2,0,0,0,0,0,0,0,1,0,0,0,0,0,0,0,0,0,1,1,0,0,0,0,0,1,0,0,0,0,0,0,0,0,0,0,0,0,0,0,0,0,0,0,2,0,1,0,0,0,1,0,0,0,0,0,0,0,0,0,0,0,0,0,0,0,0,0
9553,0,3,15,6,0,0,0,1,0,0,0,2,0,0,0,1,0,2,0,0,0,2,0,0,0,0,1,1,1,0,0,0,0,0,0,0,0,0,0,0,0,0,0,0,0,0,0,0,0,0,0,0,0,0,0,0,0,0,0,0,0,0,0,0,0,0,0,0,0,0,0,0,0,0,0,0
9554,0,8,14,9,0,0,3,3,0,1,0,2,0,0,0,0,0,5,0,0,0,0,1,0,0,0,1,0,1,0,0,0,0,1,0,0,0,0,0,0,0,1,1,1,0,0,0,0,0,0,0,0,0,0,0,0,0,0,1,0,0,0,0,0,0,0,0,0,0,0,0,0,0,0,0,0
9555,0,0,0,1,0,0,5,7,2,1,0,1,0,0,1,0,0,1,0,0,0,0,0,0,1,0,0,0,0,0,0,0,0,0,0,0,0,0,0,0,0,0,0,0,0,1,0,0,0,0,0,0,0,0,0,0,0,0,0,0,0,0,0,0,0,0,0,0,0,0,0,0,0,0,0,0
9556,0,2,9,5,0,0,6,1,5,3,0,0,0,0,0,1,1,0,1,1,0,0,0,0,0,0,1,0,0,0,0,1,0,0,0,0,0,1,0,0,0,0,0,0,0,0,0,0,0,0,0,0,0,0,0,0,0,0,1,0,0,0,0,0,0,0,0,0,0,0,0,0,0,0,0,0
9557,0,3,9,6,0,0,3,2,2,0,0,0,0,0,0,2,0,5,0,0,0,0,1,0,1,0,1,0,0,0,0,0,0,0,0,0,0,1,0,0,0,2,0,2,0,0,0,0,0,0,0,0,0,0,0,0,0,0,0,0,0,0,0,0,0,0,2,0,0,0,0,0,0,0,0,0
9558,0,0,5,0,0,0,0,4,0,1,1,2,0,0,0,0,0,1,0,1,0,0,2,0,0,0,0,0,0,2,0,0,0,0,0,0,0,0,0,0,0,0,0,0,0,0,0,0,0,0,0,0,0,0,0,0,0,0,0,2,0,0,0,0,0,0,0,0,0,0,0,0,0,0,0,0
9559,0,0,10,8,0,0,3,1,1,2,0,1,0,0,0,1,0,1,0,0,0,0,1,0,0,0,0,0,0,0,0,0,0,0,0,0,0,0,1,0,0,0,0,0,0,0,0,0,0,0,0,0,0,0,0,0,0,0,0,0,0,0,0,0,0,0,1,0,0,0,0,0,0,0,0,0
9599,0,2,8,6,0,1,1,0,0,0,0,1,0,0,0,1,0,0,0,0,0,0,0,0,2,0,0,0,0,0,1,1,0,0,0,0,0,0,0,0,0,0,0,2,0,0,0,0,0,0,0,0,0,0,0,0,0,0,0,0,0,0,0,0,0,0,0,0,0,0,0,0,0,0,0,0
9600,0,9,30,21,0,0,4,6,1,7,2,5,0,0,0,0,1,2,0,0,0,1,1,0,0,0,1,1,2,0,0,0,0,0,0,1,0,1,0,0,0,1,0,1,0,0,0,0,0,0,0,0,1,0,0,0,0,0,0,0,0,0,0,0,0,0,0,0,0,0,0,0,0,0,0,0
9602,0,5,15,12,0,2,5,2,1,2,0,7,0,0,0,2,0,0,0,0,0,0,1,0,0,0,1,0,0,0,0,0,0,0,0,0,0,0,0,0,0,0,0,5,0,0,0,0,0,0,0,0,0,0,0,0,0,1,0,0,0,0,0,0,0,0,2,0,0,0,0,0,0,0,0,0
9603,0,1,25,17,0,1,6,5,2,2,3,2,0,0,0,1,2,5,0,0,0,0,5,0,0,0,0,1,0,0,1,2,0,0,0,0,0,1,1,0,0,0,1,1,0,1,0,0,0,0,0,0,0,0,0,0,0,0,1,0,0,0,0,0,0,0,0,0,0,0,1,0,0,0,0,0
9632,0,5,20,10,0,1,3,3,11,3,0,2,0,0,0,8,1,0,0,0,0,2,2,0,1,0,0,3,2,0,0,0,0,0,0,0,0,0,0,0,0,0,0,6,0,0,0,0,0,0,0,0,0,0,0,0,1,0,0,0,0,0,0,0,0,0,8,0,0,0,0,0,0,0,0,0
9633,0,0,10,5,0,0,2,0,1,2,0,3,0,0,0,1,0,3,0,0,0,0,1,0,0,0,0,0,0,0,0,1,1,0,0,0,0,0,0,0,0,1,0,0,0,0,0,0,0,0,0,0,0,0,0,0,0,0,0,1,0,0,0,0,0,0,0,0,0,0,0,0,0,0,0,0
9635,0,9,16,15,0,1,5,15,0,2,0,4,0,0,0,1,2,4,0,0,0,0,2,1,0,2,1,0,0,1,0,0,1,1,0,1,0,2,1,0,0,2,2,0,0,0,0,0,0,0,0,0,1,0,0,0,0,1,1,0,0,0,0,0,0,0,0,0,0,0,0,0,0,0,0,0
9678,0,0,20,11,0,0,3,3,2,3,1,5,0,0,0,1,0,0,0,0,0,0,5,0,0,0,0,1,0,0,0,0,0,0,0,0,0,3,0,0,0,0,0,0,0,0,0,1,0,0,0,0,0,0,0,0,0,0,1,0,0,0,0,0,0,0,1,0,0,0,1,0,0,0,0,0
9679,0,1,7,1,0,0,1,7,0,1,1,1,0,0,0,0,1,1,0,0,0,0,0,0,0,0,1,0,0,0,0,0,0,1,0,0,0,0,0,0,0,0,0,0,0,1,0,0,0,0,0,0,0,0,0,0,0,0,0,0,0,0,0,0,0,0,0,0,0,0,0,0,0,0,0,0
9730,0,1,7,8,0,1,2,6,0,0,0,4,0,0,0,1,2,1,0,0,0,1,0,0,0,0,0,0,0,0,0,0,0,1,0,1,0,0,0,0,0,0,0,0,0,0,0,0,0,0,0,0,0,0,0,0,0,0,0,0,0,0,0,0,0,0,0,0,0,0,0,0,0,0,0,0
9731,0,3,54,31,0,1,4,12,7,0,0,4,0,0,0,14,1,3,0,0,0,0,2,0,0,0,1,0,0,0,0,2,0,0,0,0,0,0,0,0,0,2,0,6,0,0,0,0,1,0,0,0,0,0,0,0,0,0,0,0,0,0,0,0,1,0,6,1,0,0,1,0,0,0,0,0
9772,0,10,55,38,2,1,3,10,3,4,2,4,0,0,0,4,1,0,1,1,0,0,3,0,0,2,2,1,0,1,0,2,1,0,0,1,0,1,0,1,0,1,0,7,0,0,0,2,0,0,0,0,0,0,0,0,0,0,0,0,0,0,0,0,0,0,3,0,0,1,0,0,0,0,0,2
9774,1,1,13,7,1,0,0,6,2,1,1,5,0,0,0,2,0,0,0,0,0,0,1,1,0,0,0,1,0,0,0,5,0,0,0,1,0,1,0,0,1,0,0,0,0,0,0,0,0,0,1,0,0,0,0,0,0,0,0,0,0,0,0,0,0,0,1,0,0,1,0,0,0,3,0,0
9775,1,0,17,2,0,0,0,3,9,1,1,0,0,0,0,4,0,0,0,0,0,1,0,0,0,0,0,2,0,0,0,0,0,2,0,0,0,1,0,0,0,0,0,6,0,0,0,1,0,0,0,0,0,0,0,0,0,0,0,0,0,0,0,0,0,0,8,0,0,0,0,0,0,0,0,0
9776,0,4,10,5,0,0,1,3,0,0,0,1,0,0,0,1,0,1,1,0,0,0,0,0,0,0,0,0,0,0,0,0,0,0,0,0,1,0,0,0,0,1,0,0,0,0,0,0,0,0,0,0,0,0,0,0,0,0,1,0,0,0,0,0,0,0,0,0,0,0,0,0,0,0,0,0
9777,0,1,7,12,0,0,0,1,0,0,0,3,0,0,0,0,0,1,1,0,1,0,0,0,0,0,0,0,0,0,0,0,0,0,0,0,0,0,0,0,0,0,0,0,0,0,0,0,0,0,0,0,0,0,0,0,0,0,1,0,0,0,0,0,0,0,0,0,0,0,0,0,0,0,0,0
9816,0,0,9,2,0,0,1,5,3,1,0,2,0,0,0,2,0,1,0,0,0,2,0,0,0,0,0,0,0,0,0,2,0,0,0,0,0,0,0,0,0,1,0,1,0,0,0,0,0,0,0,0,0,0,0,0,0,0,0,0,0,0,0,0,0,0,3,0,0,0,0,0,0,0,0,0
9851,0,0,9,9,0,0,0,1,0,0,0,1,0,0,0,0,1,0,0,0,0,0,0,0,0,0,1,0,0,0,0,0,0,0,0,0,0,0,0,0,0,0,0,3,0,0,0,0,0,0,0,0,0,0,0,0,0,0,0,0,0,0,0,0,0,0,3,0,0,0,0,0,0,0,0,0
9892,0,0,5,3,0,0,0,4,0,0,0,0,0,0,0,1,0,0,0,0,0,0,0,0,0,0,0,0,0,0,0,0,0,0,0,0,0,0,0,0,0,2,0,8,0,0,0,0,0,0,0,0,0,0,0,0,0,0,0,1,0,0,0,0,0,0,3,0,0,0,0,0,0,0,0,0
9893,0,6,24,9,0,0,5,4,6,0,3,7,0,0,0,4,0,0,0,0,0,0,0,0,0,0,0,0,0,0,0,0,0,0,0,0,0,1,0,0,0,0,0,5,0,0,0,0,0,0,0,0,1,0,0,0,0,0,1,1,0,0,0,0,0,0,4,0,0,0,0,0,0,0,0,0
9894,0,0,1,0,0,0,0,1,3,2,0,0,0,0,0,2,0,0,0,0,0,0,1,0,0,2,3,0,0,0,0,0,0,0,0,0,0,0,0,0,0,0,0,2,1,0,0,0,0,0,0,0,0,0,0,0,0,0,0,0,0,0,0,0,0,0,0,0,0,0,0,0,0,0,0,0
9895,0,3,13,5,1,0,1,0,3,1,0,1,0,0,0,3,0,1,0,0,0,0,0,0,1,0,0,0,0,0,2,0,0,0,0,0,0,0,0,0,0,0,0,5,0,0,0,0,0,0,0,0,0,0,0,0,0,0,0,0,0,0,0,0,0,0,0,0,0,0,0,0,0,0,0,0
9937,0,3,18,9,0,0,3,1,3,0,0,2,0,0,0,1,0,1,0,0,0,1,0,0,0,1,0,1,0,0,0,0,0,0,0,0,0,0,0,0,0,0,0,6,0,0,0,0,0,0,0,0,0,0,0,0,0,0,0,0,1,0,0,1,0,0,1,0,0,0,0,0,0,0,0,0
9976,0,4,37,14,0,1,0,6,6,0,0,8,0,0,0,1,2,2,1,1,0,0,0,2,1,0,2,0,1,1,2,0,0,0,0,0,0,0,0,0,0,0,0,3,3,0,0,0,0,0,0,0,0,0,0,0,0,0,0,0,0,0,0,1,0,0,5,0,0,0,0,0,0,0,0,0
9977,0,0,12,4,1,0,0,5,3,0,1,10,0,0,0,7,0,2,0,0,0,0,3,0,2,0,1,1,0,0,0,0,0,0,0,0,0,2,0,0,0,0,0,2,0,1,0,2,0,0,0,0,0,0,0,0,0,0,0,0,0,0,0,0,0,0,6,0,0,0,0,0,0,0,0,0
10439,0,0,7,5,0,0,6,1,1,0,0,2,0,0,0,0,1,1,0,0,0,0,4,0,1,0,0,0,0,0,0,0,1,0,0,0,0,0,0,0,2,0,0,1,0,0,0,0,0,0,0,0,0,0,0,0,0,0,2,1,0,0,0,0,0,0,0,0,0,0,0,0,0,0,0,0
10441,0,0,0,1,0,0,3,8,0,1,0,0,0,0,0,0,1,4,0,0,0,0,1,0,0,0,0,0,0,0,0,0,0,0,0,0,0,2,0,0,0,0,0,0,0,0,0,0,0,0,1,0,0,0,0,0,0,0,0,0,0,0,0,0,0,0,0,0,0,0,0,0,0,0,0,0
10442,0,10,29,9,0,15,14,33,0,3,1,5,0,0,3,6,2,3,0,3,0,0,1,0,2,1,0,1,2,1,2,0,0,0,0,0,0,1,0,0,0,0,0,0,0,0,0,1,0,0,0,0,2,0,0,0,0,0,0,0,0,0,0,0,0,0,0,0,0,0,0,0,0,0,0,0
10443,0,1,6,4,0,0,0,6,0,0,0,8,0,0,0,2,0,0,2,0,0,0,0,0,0,0,0,1,0,1,0,1,0,0,0,0,0,0,0,0,0,0,0,0,0,0,0,0,0,0,0,0,0,0,0,0,0,0,0,0,0,0,0,0,0,1,0,1,0,0,0,0,0,0,0,0
10446,0,0,0,0,0,0,11,4,0,2,1,0,0,0,0,1,0,0,0,0,0,0,1,0,0,1,0,1,0,0,1,0,0,0,0,0,0,4,0,0,0,0,0,1,0,0,0,0,1,0,0,0,0,0,0,0,0,0,0,0,0,0,0,0,0,0,0,0,0,0,0,0,0,0,0,0
10448,0,3,6,3,4,2,10,16,0,3,3,1,0,0,0,2,2,2,0,0,0,0,0,0,1,0,0,0,0,0,2,0,0,0,0,1,1,0,0,1,0,0,0,1,0,0,0,0,0,0,0,0,1,0,0,0,0,0,0,0,0,0,0,1,0,0,0,0,0,0,0,0,0,0,0,0
10473,0,0,0,2,0,1,0,8,0,1,0,2,0,0,0,1,0,2,0,1,0,1,2,0,0,0,1,0,0,0,1,0,1,0,0,0,0,1,0,0,0,0,1,0,0,0,0,0,0,0,0,0,0,0,0,0,0,0,0,0,0,0,0,1,0,0,0,0,0,0,0,0,0,0,0,0
10475,0,0,1,1,0,1,5,3,0,1,1,2,0,0,0,0,0,2,0,0,0,0,2,0,0,0,1,0,0,2,0,0,0,0,0,0,0,0,0,0,0,2,0,0,0,0,0,0,0,0,0,0,0,0,0,0,0,0,0,0,0,0,0,0,1,0,0,0,0,0,1,0,0,0,0,0
10479,0,0,1,2,0,2,12,0,0,1,0,3,0,0,0,1,0,0,0,0,0,1,0,0,0,0,1,0,0,0,0,0,0,0,0,0,0,0,0,0,0,1,0,0,0,0,0,0,0,0,0,1,0,0,0,0,0,0,0,0,0,0,0,0,0,0,0,0,0,0,0,0,0,0,0,0
10485,0,2,16,3,0,0,0,5,1,0,0,9,0,0,0,0,0,0,0,0,0,0,0,0,0,0,0,2,0,0,0,2,0,0,0,1,0,0,0,0,0,0,0,0,0,0,0,0,0,0,1,0,0,0,0,0,0,0,0,0,0,0,0,0,0,0,0,0,0,0,0,0,0,0,0,0
10490,0,3,7,5,0,0,2,3,0,0,0,2,0,0,0,2,1,2,0,0,0,0,2,0,0,0,0,0,0,0,0,0,0,1,0,0,0,1,0,0,0,0,0,0,0,0,0,0,0,0,0,0,1,0,0,0,0,0,0,2,0,0,0,0,0,0,0,0,0,0,0,0,0,0,0,0
10500,0,0,5,1,0,0,3,2,0,1,0,1,0,0,0,0,0,3,0,1,0,0,1,0,1,0,0,0,1,0,0,0,1,0,0,0,0,0,1,0,0,0,0,0,0,0,0,0,0,0,0,0,0,0,0,0,0,0,0,0,0,0,0,0,0,0,0,0,0,0,0,0,0,0,0,0
10503,0,1,4,0,0,0,1,7,1,1,0,3,0,0,0,0,1,0,0,0,2,0,0,0,0,0,0,1,0,0,0,4,0,0,0,1,0,0,0,0,0,0,0,0,0,0,0,0,0,0,0,0,1,0,0,0,0,0,0,0,0,0,0,0,0,0,0,0,0,0,0,0,0,0,0,0
10509,0,2,1,2,0,1,3,4,0,2,0,2,0,0,0,0,1,0,0,0,0,0,1,0,0,0,0,0,0,0,1,0,1,0,0,0,0,0,0,0,0,3,1,0,0,0,0,0,0,0,0,0,0,0,0,0,0,0,1,0,0,0,0,0,0,0,0,0,0,0,0,0,0,0,0,0
10519,0,0,0,2,0,2,0,0,1,2,0,1,0,0,0,1,0,2,0,0,0,0,3,0,0,0,0,0,0,0,0,1,0,0,0,0,0,1,0,0,0,0,1,0,0,0,0,0,0,0,0,0,1,0,0,0,0,0,2,0,0,2,0,0,0,0,0,0,0,0,0,0,0,0,0,0
10532,0,0,3,2,0,0,4,6,1,3,0,0,0,0,0,0,0,0,0,0,0,0,1,0,0,0,0,0,0,0,0,0,0,0,0,0,0,2,0,0,0,0,1,0,0,0,0,0,0,0,0,1,1,0,0,0,0,0,0,0,0,0,0,0,0,0,0,0,0,0,1,0,0,0,0,0
10550,0,1,0,4,0,0,3,3,0,3,3,0,0,0,0,0,0,1,0,0,0,0,1,0,0,0,1,0,0,0,0,0,0,0,0,0,0,0,0,0,0,0,0,0,0,0,0,0,0,0,0,0,0,0,0,0,0,0,1,0,0,0,0,0,0,0,0,0,0,0,0,0,0,0,0,0
10582,0,1,11,4,0,0,3,1,0,0,0,4,0,0,0,0,0,0,0,0,0,0,1,0,0,0,0,0,0,0,0,0,0,0,0,0,0,0,0,0,0,0,0,0,0,0,0,0,0,0,0,0,2,0,0,0,0,0,0,0,0,0,0,0,0,0,0,0,0,0,0,0,0,0,0,0
10584,1,2,6,2,0,1,1,1,2,5,2,1,0,0,0,0,0,1,0,0,0,0,1,0,1,0,0,0,0,0,0,0,0,0,0,0,0,0,0,0,0,1,1,0,0,0,0,0,0,0,0,0,0,0,0,0,0,0,1,0,0,0,0,0,0,0,0,0,0,0,0,0,0,0,0,0
10587,1,1,5,1,0,1,4,9,0,1,0,0,0,0,0,0,0,2,1,0,1,2,0,0,0,0,0,1,2,0,0,0,0,0,0,2,0,1,1,0,0,1,0,0,0,0,0,0,0,0,1,0,0,0,0,0,0,0,0,0,0,0,0,0,0,0,0,0,0,0,0,0,0,0,0,0
10605,0,0,0,2,0,0,2,9,0,0,0,0,0,0,0,1,0,1,0,0,0,0,0,0,0,0,0,1,0,0,0,1,0,0,0,0,0,0,0,0,0,0,1,0,0,0,0,0,0,0,0,0,0,0,0,0,0,0,0,1,0,0,0,0,0,0,0,0,1,0,1,0,0,0,0,0
10620,0,5,16,5,1,3,3,3,2,1,2,0,0,0,0,2,0,0,0,1,0,0,0,0,2,0,0,0,0,0,2,0,1,0,0,1,0,0,0,0,0,0,0,1,0,0,0,0,0,0,0,0,1,0,0,0,1,0,0,0,0,0,0,0,0,0,3,0,0,0,0,0,0,0,0,0
10641,0,1,0,0,0,0,3,5,0,4,1,1,0,1,0,2,4,2,0,0,0,0,1,0,0,0,0,0,0,0,3,1,0,0,0,0,0,0,0,0,1,1,0,3,0,0,0,0,0,0,0,0,0,0,0,0,0,0,1,0,0,0,0,0,0,0,0,0,0,0,0,0,0,0,0,0
10651,0,0,0,1,0,0,2,4,0,4,0,0,0,0,0,1,0,2,0,0,0,0,0,0,1,0,0,0,0,0,2,0,0,0,0,0,0,0,0,0,0,0,1,0,0,0,0,0,0,0,0,1,0,0,0,0,0,0,2,0,0,0,0,1,0,0,0,0,0,0,0,0,0,0,0,0
10666,0,0,2,0,2,5,2,0,0,0,0,4,0,0,0,2,0,0,0,0,0,0,2,0,0,0,0,1,0,0,0,0,0,0,0,0,0,0,0,1,0,1,0,0,0,0,1,0,0,0,0,0,0,0,0,0,0,0,0,0,0,0,0,0,0,0,0,0,0,0,0,0,0,0,0,0
10667,0,0,4,0,1,0,2,2,0,0,2,2,0,0,0,0,1,1,0,0,0,0,0,0,0,0,0,0,0,0,1,0,0,0,0,0,0,0,0,0,0,2,0,0,0,1,0,0,0,0,0,0,0,0,0,0,0,0,0,0,0,0,0,0,0,0,0,0,0,0,0,0,0,0,0,0
