,sample_name,area,x,y,experiment,layer,x_um,y_um,rotated_x,rotated_y,xc_adjusted,yc_adjusted
0,215,90.12,76.27577,875.421,BARISTAseq,L2/3,76.27577,875.421,100.984516,1178.561351,105.984516,1183.561351
1,244,38.75,80.19917,954.0097,BARISTAseq,L1,80.19917,954.0097,171.017247,1214.4361512,176.017247,1219.4361512
2,279,119.2,89.95397,1030.5406,BARISTAseq,L1,89.95397,1030.5406,242.181608,1244.2315153,247.181608,1249.2315153
3,280,21.26,82.3906,1082.19,BARISTAseq,L1,82.3906,1082.19,283.139679,1276.5935246,288.139679,1281.5935246
4,303,176.0,89.18025,818.5604,BARISTAseq,L2/3,89.18025,818.5604,58.181706,1138.9687779,63.181706,1143.9687779
5,304,54.67,91.43913,834.1186,BARISTAseq,L2/3,91.43913,834.1186,72.786752,1144.7870781,77.786752,1149.7870781
6,333,23.28,97.61375,818.6145,BARISTAseq,L2/3,97.61375,818.6145,62.443035,1131.6908672,67.44303500000001,1136.6908672
7,335,101.0,93.92729,1109.6258,BARISTAseq,L1,93.92729,1109.6258,312.669276,1280.3111519,317.669276,1285.3111519
8,393,72.24,110.33863,880.0887,BARISTAseq,L2/3,110.33863,880.0887,122.049802,1151.3893192,127.049802,1156.3893192
9,394,56.23,107.85695,1031.5545,BARISTAseq,L1,107.85695,1031.5545,252.006474,1229.2309589,257.006474,1234.2309589
10,424,46.09,115.62737,800.2627,BARISTAseq,L2/3,115.62737,800.2627,55.549029,1106.9168801,60.549029,1111.9168801
11,452,188.2,127.73677,800.3746,BARISTAseq,L2/3,127.73677,800.3746,61.697326,1096.4838228,66.697326,1101.4838228
12,453,84.25,115.74873,836.3275,BARISTAseq,L2/3,115.74873,836.3275,86.848318,1124.8344181,91.848318,1129.8344181
13,454,50.4,123.86137,835.1719,BARISTAseq,L2/3,123.86137,835.1719,89.901433,1117.2298895,94.901433,1122.2298895
14,480,94.98,126.69503,848.7318,BARISTAseq,L2/3,126.69503,848.7318,103.062833,1121.5517187,108.062833,1126.5517187
15,481,72.82,125.85157,873.0565,BARISTAseq,L2/3,125.85157,873.0565,123.710916,1134.438092,128.710916,1139.438092
16,483,40.33,130.27869,1008.838,BARISTAseq,L1,130.27869,1008.838,243.534691,1198.4575533,248.534691,1203.4575533
17,510,213.4,140.63961,803.9469,BARISTAseq,L2/3,140.63961,803.9469,71.239595,1087.0928545,76.239595,1092.0928545
18,511,69.64,131.64175,811.9539,BARISTAseq,L2/3,131.64175,811.9539,73.678583,1098.8879561,78.678583,1103.8879561
19,512,36.16,135.25826,839.4952,BARISTAseq,L2/3,135.25826,839.4952,99.341585,1109.5186059,104.341585,1114.5186059
20,513,56.52,136.00113,846.3807,BARISTAseq,L2/3,136.00113,846.3807,105.676905,1112.3160409,110.676905,1117.3160409
21,514,80.99,131.65461,857.0297,BARISTAseq,L2/3,131.65461,857.0297,112.728838,1121.4025745,117.728838,1126.4025745
22,515,49.87,131.23795,878.0298,BARISTAseq,L2/3,131.23795,878.0298,130.710473,1132.257837,135.710473,1137.257837
23,517,71.65,127.93555,1158.3604,BARISTAseq,L1,127.93555,1158.3604,371.877195,1275.2079739,376.877195,1280.2079739
24,550,71.17,143.53458,842.27,BARISTAseq,L2/3,143.53458,842.27,105.881022,1103.7364888,110.881022,1108.7364888
25,551,173.3,144.01586,858.5571,BARISTAseq,L2/3,144.01586,858.5571,120.229083,1111.4587495,125.229083,1116.4587495
26,552,106.1,137.17111,870.9612,BARISTAseq,L2/3,137.17111,870.9612,127.552796,1123.5862815,132.552796,1128.5862815
27,553,88.3,140.24067,904.4379,BARISTAseq,L2/3,140.24067,904.4379,158.083631,1137.6567983,163.083631,1142.6567983
28,582,30.29,143.94253,781.0341,BARISTAseq,L2/3,143.94253,781.0341,53.043464,1072.7816717,58.043464,1077.7816717
29,583,129.5,144.137,787.3694,BARISTAseq,L2/3,144.137,787.3694,58.628193,1075.7791851,63.628193,1080.7791851
30,605,62.19,154.21784,781.8027,BARISTAseq,L2/3,154.21784,781.8027,58.844163,1064.2655295,63.844163,1069.2655295
31,606,45.96,149.90516,807.1233,BARISTAseq,L2/3,149.90516,807.1233,78.621162,1080.6545347,83.621162,1085.6545347
32,607,142.2,147.06169,827.6831,BARISTAseq,L2/3,147.06169,827.6831,95.008731,1093.3918606,100.008731,1098.3918606
33,608,41.64,150.94521,839.6284,BARISTAseq,L2/3,150.94521,839.6284,107.296184,1095.99743,112.296184,1100.99743
34,609,19.64,150.46608,853.9337,BARISTAseq,L2/3,150.46608,853.9337,119.447784,1103.5612607,124.447784,1108.5612607
35,610,130.2,156.7272,862.5173,BARISTAseq,L2/3,156.7272,862.5173,130.01161,1102.4274833,135.01161,1107.4274833
36,611,13.48,149.83114,877.9645,BARISTAseq,L2/3,149.83114,877.9645,139.945473,1116.1201268,144.945473,1121.1201268
37,612,66.93,152.31455,1090.2345,BARISTAseq,L1,152.31455,1090.2345,325.050811,1220.0468136,330.050811,1225.0468136
38,637,28.81,155.94184,791.9627,BARISTAseq,L2/3,155.94184,791.9627,68.506043,1067.849458,73.506043,1072.849458
39,638,20.71,154.73707,806.3785,BARISTAseq,L2/3,154.73707,806.3785,80.390695,1076.097027,85.390695,1081.097027
40,639,16.5,158.74491,814.1944,BARISTAseq,L2/3,158.74491,814.1944,89.163486,1076.5313372,94.163486,1081.5313372
41,640,52.22,156.69731,835.459,BARISTAseq,L2/3,156.69731,835.459,106.559298,1088.9315345,111.559298,1093.9315345
42,641,23.45,159.76916,841.7565,BARISTAseq,L2/3,159.76916,841.7565,113.549095,1089.4177583,118.549095,1094.4177583
43,642,159.0,158.41005,876.3183,BARISTAseq,L2/3,158.41005,876.3183,142.806706,1107.8665818,147.806706,1112.8665818
44,643,68.9,159.12785,887.9994,BARISTAseq,L2/3,159.12785,887.9994,153.283371,1113.0822426,158.283371,1118.0822426
45,644,146.3,157.30147,966.2651,BARISTAseq,L2/3,157.30147,966.2651,220.162916,1153.77594,225.162916,1158.77594
46,645,102.5,165.27477,1003.7608,BARISTAseq,L2/3,165.27477,1003.7608,256.625544,1165.6073925,261.625544,1170.6073925
47,679,132.0,163.8286,809.7612,BARISTAseq,L2/3,163.8286,809.7612,87.864016,1069.9125401,92.864016,1074.9125401
48,680,37.75,165.10121,822.9276,BARISTAseq,L2/3,165.10121,822.9276,99.904466,1075.389878,104.904466,1080.389878
49,681,24.73,167.45251,828.735,BARISTAseq,L2/3,167.45251,828.735,106.109785,1076.2553841,111.109785,1081.2553841
50,682,23.35,161.72011,831.207,BARISTAseq,L2/3,161.72011,831.207,105.386285,1082.4559854,110.386285,1087.4559854
51,683,44.25,165.4799,835.5426,BARISTAseq,L2/3,165.4799,835.5426,111.020598,1081.3659772,116.020598,1086.3659772
52,684,37.84,165.91613,867.1116,BARISTAseq,L2/3,165.91613,867.1116,138.583111,1096.764124,143.583111,1101.764124
53,685,68.41,169.80995,876.2254,BARISTAseq,L2/3,169.80995,876.2254,148.423092,1097.9457728,153.423092,1102.9457728
54,686,33.26,165.4972,879.9799,BARISTAseq,L2/3,165.4972,879.9799,149.519997,1103.5576526,154.519997,1108.5576526
55,687,110.0,167.02531,888.0142,BARISTAseq,L2/3,167.02531,888.0142,157.242776,1106.2490001,162.242776,1111.2490001
56,688,66.18,162.65086,915.8032,BARISTAseq,L2/3,162.65086,915.8032,179.127063,1123.925087,184.127063,1128.925087
57,689,62.76,162.94449,1010.0375,BARISTAseq,L2/3,162.94449,1010.0375,260.897804,1170.7624986,265.897804,1175.7624986
58,712,117.1,171.28736,781.962,BARISTAseq,L2/3,171.28736,781.962,67.512224,1049.5597967,72.512224,1054.5597967
59,713,37.97,171.73509,831.4892,BARISTAseq,L2/3,171.73509,831.4892,110.635489,1073.9222197,115.635489,1078.9222197
60,714,144.4,168.73682,849.1985,BARISTAseq,L2/3,168.73682,849.1985,124.476653,1085.3691506,129.476653,1090.3691506
61,715,94.36,171.05055,861.4534,BARISTAseq,L2/3,171.05055,861.4534,136.247859,1089.4891922,141.247859,1094.4891922
62,744,90.96,172.40287,770.9222,BARISTAseq,L2/3,172.40287,770.9222,58.507221,1043.0766471,63.507221,1048.0766471
63,745,40.59,177.47128,778.6319,BARISTAseq,L2/3,177.47128,778.6319,67.718092,1042.5392745,72.718092,1047.5392745
64,746,134.8,176.15051,800.3962,BARISTAseq,L2/3,176.15051,800.3962,85.909921,1054.5595987,90.909921,1059.5595987
65,747,30.25,171.19562,822.0818,BARISTAseq,L2/3,171.19562,822.0818,102.217425,1069.6883533,107.217425,1074.6883533
66,748,35.81,174.59643,903.5707,BARISTAseq,L2/3,174.59643,903.5707,174.50105,1107.4651019,179.50105,1112.4651019
67,749,30.57,178.27193,932.7326,BARISTAseq,L2/3,178.27193,932.7326,201.597313,1118.8545474,206.597313,1123.8545474
68,752,54.8,175.65419,1208.1884,BARISTAseq,L1,175.65419,1208.1884,438.883791,1258.7755976,443.883791,1263.7755976
69,753,29.93,174.73142,1214.3704,BARISTAseq,L1,174.73142,1214.3704,443.777333,1262.6641811,448.777333,1267.6641811
70,782,23.78,182.48663,789.8097,BARISTAseq,L2/3,182.48663,789.8097,79.90638,1043.7809341,84.90638,1048.7809341
71,783,85.74,186.09886,794.691,BARISTAseq,L2/3,186.09886,794.691,85.93966,1043.0914603,90.93966,1048.0914603
72,784,174.3,181.59106,847.1412,BARISTAseq,L2/3,181.59106,847.1412,129.118347,1073.2069767,134.118347,1078.2069767
73,785,39.75,183.57866,883.2981,BARISTAseq,L2/3,183.57866,883.2981,161.430048,1089.5540626,166.430048,1094.5540626
74,815,125.9,186.43511,815.6979,BARISTAseq,L2/3,186.43511,815.6979,104.303474,1053.2979803,109.303474,1058.2979803
75,816,174.1,184.79712,835.1607,BARISTAseq,L2/3,184.79712,835.1607,120.34317,1064.442895,125.34317,1069.442895
76,817,61.01,190.30025,882.1278,BARISTAseq,L2/3,190.30025,882.1278,163.775271,1083.1470722,168.775271,1088.1470722
77,818,63.74,184.06498,902.9983,BARISTAseq,L2/3,184.06498,902.9983,178.736969,1098.977572,183.736969,1103.977572
78,820,105.4,189.2687,1028.9377,BARISTAseq,L2/3,189.2687,1028.9377,290.423769,1157.4059453,295.423769,1162.4059453
79,823,60.38,184.71185,1202.979,BARISTAseq,L1,184.71185,1202.979,438.897818,1248.3266802,443.897818,1253.3266802
80,824,29.36,186.86922,1234.0626,BARISTAseq,L1,186.86922,1234.0626,466.899977,1261.9914409,471.899977,1266.9914409
81,849,155.9,200.55394,758.0139,BARISTAseq,L2/3,200.55394,758.0139,61.394277,1012.2420778,66.394277,1017.2420778
82,850,69.72,196.45083,765.7614,BARISTAseq,L2/3,196.45083,765.7614,66.054543,1019.6677598,71.054543,1024.6677598
83,851,42.21,198.0361,795.8802,BARISTAseq,L2/3,198.0361,795.8802,92.935137,1033.3459268,97.935137,1038.3459268
84,852,33.33,194.56406,813.0525,BARISTAseq,L2/3,194.56406,813.0525,106.074382,1044.9348625,111.074382,1049.9348625
85,854,138.9,194.4362,907.3354,BARISTAseq,L2/3,194.4362,907.3354,187.676517,1092.1616185,192.676517,1097.1616185
86,856,106.8,195.72358,937.302,BARISTAseq,L2/3,195.72358,937.302,214.276315,1106.0216936,219.276315,1111.0216936
87,857,58.85,198.92367,958.018,BARISTAseq,L2/3,198.92367,958.018,233.819377,1113.6022986,238.819377,1118.6022986
88,858,39.45,192.84119,977.7858,BARISTAseq,L2/3,192.84119,977.7858,247.902217,1128.7493556,252.902217,1133.7493556
89,860,51.68,199.70268,1046.0313,BARISTAseq,L2/3,199.70268,1046.0313,310.444111,1156.91043,315.444111,1161.91043
90,861,39.27,194.74441,1060.5824,BARISTAseq,L2/3,194.74441,1060.5824,320.570209,1168.4768236,325.570209,1173.4768236
91,888,81.1,204.07921,817.6369,BARISTAseq,L2/3,204.07921,817.6369,114.800268,1038.9839653,119.800268,1043.9839653
92,889,40.59,203.74089,823.8265,BARISTAseq,L2/3,203.74089,823.8265,119.992505,1042.3701339,124.992505,1047.3701339
93,890,70.03,202.13749,892.0646,BARISTAseq,L2/3,202.13749,892.0646,178.297838,1077.8596373,183.297838,1082.8596373
94,891,122.8,202.64626,917.0662,BARISTAseq,L2/3,202.64626,917.0662,200.207932,1089.9129642,205.207932,1094.9129642
95,892,58.71,202.9713,944.5075,BARISTAseq,L2/3,202.9713,944.5075,224.139543,1103.3446947,229.139543,1108.3446947
96,893,100.7,197.99253,950.8308,BARISTAseq,L2/3,197.99253,950.8308,227.128583,1110.8171342,232.128583,1115.8171342
97,894,52.68,201.19974,968.2201,BARISTAseq,L2/3,201.19974,968.2201,243.793656,1116.7290938,248.793656,1121.7290938
98,895,80.76,201.78072,981.0709,BARISTAseq,L2/3,201.78072,981.0709,255.21509,1122.6477919,260.21509000000003,1127.6477919
99,896,20.35,196.93138,1018.3381,BARISTAseq,L2/3,196.93138,1018.3381,285.071861,1145.4717338,290.071861,1150.4717338
100,918,47.88,206.57911,792.5909,BARISTAseq,L2/3,206.57911,792.5909,94.355186,1024.3023601,99.355186,1029.3023601
101,919,24.98,208.07691,813.6493,BARISTAseq,L2/3,208.07691,813.6493,113.34405,1033.5285045,118.34405,1038.5285045
102,920,27.34,211.28427,827.1874,BARISTAseq,L2/3,211.28427,827.1874,126.673344,1037.5157654,131.673344,1042.5157654
103,921,71.61,203.51613,829.3059,BARISTAseq,L2/3,203.51613,829.3059,124.626358,1045.3030523,129.62635799999998,1050.3030523
104,922,158.8,208.50506,886.4993,BARISTAseq,L2/3,208.50506,886.4993,176.659278,1069.5629869,181.659278,1074.5629869
105,923,79.88,209.40139,971.7219,BARISTAseq,L2/3,209.40139,971.7219,250.925462,1111.37494,255.925462,1116.37494
106,924,30.71,208.06891,990.8608,BARISTAseq,L2/3,208.06891,990.8608,266.837329,1122.0933916,271.837329,1127.0933916
107,925,47.01,208.18077,1045.2551,BARISTAseq,L2/3,208.18077,1045.2551,314.008546,1149.1789818,319.008546,1154.1789818
108,926,149.1,206.31957,1072.6603,BARISTAseq,L2/3,206.31957,1072.6603,336.816266,1164.4862989,341.816266,1169.4862989
109,927,36.03,206.7234,1167.1709,BARISTAseq,L1,206.7234,1167.1709,418.881353,1211.3663043,423.881353,1216.3663043
110,928,106.0,205.00705,1193.6776,BARISTAseq,L1,205.00705,1193.6776,440.983255,1226.0991755,445.983255,1231.0991755
111,950,75.42,215.45351,751.5798,BARISTAseq,L2/3,215.45351,751.5798,63.266928,996.1210241,68.26692800000001,1001.1210241
112,951,82.75,211.32309,810.1463,BARISTAseq,L2/3,211.32309,810.1463,111.932027,1028.9661644,116.932027,1033.9661644
113,952,140.6,215.82099,821.9122,BARISTAseq,L2/3,215.82099,821.9122,124.371163,1030.949951,129.371163,1035.949951
114,954,38.58,216.25745,893.3042,BARISTAseq,L2/3,216.25745,893.3042,186.427691,1066.2486444,191.427691,1071.2486444
115,955,69.26,209.36364,912.5582,BARISTAseq,L2/3,209.36364,912.5582,199.660113,1081.8417407,204.660113,1086.8417407
116,956,65.69,212.60145,929.3045,BARISTAseq,L2/3,212.60145,929.3045,215.783478,1087.40585,220.783478,1092.40585
117,957,71.83,211.84451,957.8434,BARISTAseq,L2/3,211.84451,957.8434,240.125047,1102.3232394,245.125047,1107.3232394
118,958,26.83,211.436,981.9343,BARISTAseq,L2/3,211.436,981.9343,260.787955,1114.716016,265.787955,1119.716016
119,959,90.56,215.69053,988.4316,BARISTAseq,L2/3,215.69053,988.4316,268.541902,1114.2777162,273.541902,1119.2777162
120,960,49.33,211.03417,1023.0513,BARISTAseq,L2/3,211.03417,1023.0513,296.201895,1135.6114735,301.201895,1140.6114735
121,961,95.89,210.40515,1032.0653,BARISTAseq,L2/3,210.40515,1032.0653,303.69533,1140.6608955,308.69533,1145.6608955
122,962,20.97,213.33122,1085.0544,BARISTAseq,L2/3,213.33122,1085.0544,351.055798,1164.6066788,356.055798,1169.6066788
123,984,110.4,219.81089,736.5835,BARISTAseq,L2/3,219.81089,736.5835,52.454971,984.8526573,57.454971,989.8526573
124,985,57.84,219.06632,746.0738,BARISTAseq,L2/3,219.06632,746.0738,60.303209,990.2401879,65.30320900000001,995.2401879
125,986,39.56,219.21177,764.0707,BARISTAseq,L2/3,219.21177,764.0707,75.964392,999.1077528,80.964392,1004.1077528
126,987,97.28,215.35286,769.4131,BARISTAseq,L2/3,215.35286,769.4131,78.663475,1005.1200317,83.663475,1010.1200317
127,988,291.6,220.89177,789.174,BARISTAseq,L2/3,220.89177,789.174,98.548027,1010.1974874,103.548027,1015.1974874
128,989,138.3,222.16194,837.626,BARISTAseq,L2/3,222.16194,837.626,141.150976,1033.3102258,146.150976,1038.3102258
129,990,81.61,216.67709,859.6837,BARISTAseq,L2/3,216.67709,859.6837,157.515924,1049.0839551,162.515924,1054.0839551
130,991,90.63,224.08265,862.1653,BARISTAseq,L2/3,224.08265,862.1653,163.36628,1043.909562,168.36628,1048.909562
131,992,151.0,215.40386,875.1716,BARISTAseq,L2/3,215.40386,875.1716,170.294971,1057.9265696,175.294971,1062.9265696
132,993,22.8,220.71046,887.1377,BARISTAseq,L2/3,220.71046,887.1377,183.311655,1059.3099246,188.311655,1064.3099246
133,994,138.5,221.51011,906.1375,BARISTAseq,L2/3,221.51011,906.1375,200.168594,1068.1120903,205.168594,1073.1120903
134,995,108.4,222.50642,929.5188,BARISTAseq,L2/3,222.50642,929.5188,220.918922,1078.9334466,225.918922,1083.9334466
135,996,101.9,222.13956,938.0706,BARISTAseq,L2/3,222.13956,938.0706,228.142987,1083.5248012,233.142987,1088.5248012
136,997,100.9,220.33341,956.2817,BARISTAseq,L2/3,220.33341,956.2817,243.014502,1094.1898901,248.014502,1099.1898901
137,998,27.15,215.62004,973.1395,BARISTAseq,L2/3,215.62004,973.1395,255.260947,1106.6968516,260.260947,1111.6968516
138,999,38.27,219.72545,983.5182,BARISTAseq,L2/3,219.72545,983.5182,266.302398,1108.3273745,271.302398,1113.3273745
139,1000,22.55,220.06548,999.986,BARISTAseq,L2/3,220.06548,999.986,280.736467,1116.2623376,285.736467,1121.2623376
140,1001,30.52,216.03762,1033.6596,BARISTAseq,L2/3,216.03762,1033.6596,307.891035,1136.5789018,312.891035,1141.5789018
141,1002,119.4,215.44278,1067.9974,BARISTAseq,L2/3,215.44278,1067.9974,337.336508,1154.253756,342.336508,1159.253756
142,1031,68.07,226.57297,765.6934,BARISTAseq,L2/3,226.57297,765.6934,81.04862,993.5425703,86.04862,998.5425703
143,1033,133.5,223.90392,850.6722,BARISTAseq,L2/3,223.90392,850.6722,153.321835,1038.3209218,158.321835,1043.3209218
144,1034,104.3,226.60203,883.0395,BARISTAseq,L2/3,226.60203,883.0395,182.706107,1052.158782,187.706107,1057.158782
145,1035,112.7,222.45411,917.8393,BARISTAseq,L2/3,222.45411,917.8393,210.776161,1073.1421266,215.776161,1078.1421266
146,1036,125.7,228.13997,947.3269,BARISTAseq,L2/3,228.13997,947.3269,239.159157,1082.9529929,244.159157,1087.9529929
147,1037,42.4,225.44664,969.729,BARISTAseq,L2/3,225.44664,969.729,257.217517,1096.4809238,262.217517,1101.4809238
148,1038,101.4,223.88287,1004.8384,BARISTAseq,L2/3,223.88287,1004.8384,286.847153,1115.3806605,291.847153,1120.3806605
149,1039,101.0,223.69015,1014.9351,BARISTAseq,L2/3,223.69015,1014.9351,295.496428,1120.5932232,300.496428,1125.5932232
150,1040,129.7,227.48799,1114.0564,BARISTAseq,L2/3,227.48799,1114.0564,383.251351,1166.8375322,388.251351,1171.8375322
151,1058,119.3,231.02574,732.6036,BARISTAseq,L2/3,231.02574,732.6036,54.612038,973.1496808,59.612038,978.1496808
152,1059,46.69,231.96431,744.5209,BARISTAseq,L2/3,231.96431,744.5209,65.403608,978.2921443,70.403608,983.2921443
153,1060,89.7,229.12858,750.9037,BARISTAseq,L2/3,229.12858,750.9037,69.515151,983.9380639,74.515151,988.9380639
154,1061,63.56,233.44244,760.8352,BARISTAseq,L2/3,233.44244,760.8352,80.27337,985.1645404,85.27337,990.1645404
155,1062,47.96,233.62639,768.9247,BARISTAseq,L2/3,233.62639,768.9247,87.372294,989.0477925,92.372294,994.0477925
156,1063,115.4,235.04903,788.4953,BARISTAseq,L2/3,235.04903,788.4953,105.034953,997.5955674,110.034953,1002.5955674
157,1064,28.42,231.32515,852.0586,BARISTAseq,L2/3,231.32515,852.0586,158.231337,1032.5856253,163.231337,1037.5856253
158,1065,84.57,235.40889,885.4822,BARISTAseq,L2/3,235.40889,885.4822,189.222949,1045.7511239,194.222949,1050.7511239
159,1066,88.68,233.00543,969.016,BARISTAseq,L2/3,233.00543,969.016,260.377325,1089.5773552,265.377325,1094.5773552
160,1067,47.44,230.82498,975.5483,BARISTAseq,L2/3,230.82498,975.5483,264.945796,1094.730378,269.945796,1099.730378
161,1068,38.68,230.66353,1017.4111,BARISTAseq,L2/3,230.66353,1017.4111,301.125847,1115.7903161,306.125847,1120.7903161
162,1069,34.14,231.0066,1032.802,BARISTAseq,L2/3,231.0066,1032.802,314.628639,1123.184474,319.628639,1128.184474
163,1070,228.2,233.21348,1062.4766,BARISTAseq,L2/3,233.21348,1062.4766,341.43505,1136.1021994,346.43505,1141.1021994
164,1071,57.11,231.59566,1145.7596,BARISTAseq,L1,231.59566,1145.7596,412.764785,1179.122591,417.764785,1184.122591
165,1073,34.72,230.20103,1168.4923,BARISTAseq,L1,230.20103,1168.4923,431.758431,1191.6907841,436.758431,1196.6907841
166,1105,109.4,236.70669,720.0456,BARISTAseq,L2/3,236.70669,720.0456,46.573468,961.9533302,51.573468,966.9533302
167,1107,38.4,237.00923,796.7452,BARISTAseq,L2/3,237.00923,796.7452,113.160359,1000.0203638,118.160359,1005.0203638
168,1108,94.28,235.7488,843.9416,BARISTAseq,L2/3,235.7488,843.9416,153.411168,1024.6976227,158.411168,1029.6976227
169,1109,55.97,236.59957,870.4705,BARISTAseq,L2/3,236.59957,870.4705,176.815177,1037.2180065,181.815177,1042.2180065
170,1110,19.69,237.34936,900.6779,BARISTAseq,L2/3,237.34936,900.6779,203.354926,1051.6640941,208.354926,1056.6640941
171,1111,152.0,234.53883,907.1077,BARISTAseq,L2/3,234.53883,907.1077,207.519795,1057.3116926,212.519795,1062.3116926
172,1112,52.6,232.80129,938.2527,BARISTAseq,L2/3,232.80129,938.2527,233.628715,1074.3808256,238.628715,1079.3808256
173,1113,152.6,241.39233,975.8856,BARISTAseq,L2/3,241.39233,975.8856,270.51875,1085.7456808,275.51875,1090.7456808
174,1114,82.55,234.89247,983.9041,BARISTAseq,L2/3,234.89247,983.9041,274.21613,1095.382866,279.21613,1100.382866
175,1116,179.4,231.85972,994.3204,BARISTAseq,L2/3,231.85972,994.3204,281.722918,1103.2150931,286.722918,1108.2150931
176,1117,20.02,236.28896,1051.1648,BARISTAseq,L2/3,236.28896,1051.1648,333.173888,1127.7854345,338.173888,1132.7854345
177,1118,63.08,237.38342,1119.2544,BARISTAseq,L2/3,237.38342,1119.2544,392.698803,1160.8638922,397.698803,1165.8638922
178,1142,182.7,242.51743,749.9806,BARISTAseq,L2/3,242.51743,749.9806,75.406366,971.8795896,80.406366,976.8795896
179,1143,50.2,246.83168,779.4126,BARISTAseq,L2/3,246.83168,779.4126,103.055844,982.8507719,108.055844,987.8507719
180,1144,50.97,248.07706,810.2038,BARISTAseq,L2/3,248.07706,810.2038,130.348936,997.1593286,135.348936,1002.1593286
181,1145,80.39,243.16956,898.1146,BARISTAseq,L2/3,243.16956,898.1146,204.043122,1045.3417617,209.043122,1050.3417617
182,1146,23.52,242.83041,905.7557,BARISTAseq,L2/3,242.83041,905.7557,210.492286,1049.4540577,215.492286,1054.4540577
183,1147,142.3,241.45222,944.1577,BARISTAseq,L2/3,241.45222,944.1577,243.066582,1069.8384217,248.066582,1074.8384217
184,1148,17.53,242.45757,954.0408,BARISTAseq,L2/3,242.45757,954.0408,252.129582,1073.9065103,257.129582,1078.9065103
185,1149,26.09,245.47707,985.2016,BARISTAseq,L2/3,245.47707,985.2016,280.629392,1086.8630611,285.629392,1091.8630611
186,1150,78.0,245.27782,998.8955,BARISTAseq,L2/3,245.27782,998.8955,292.391213,1093.8789015,297.391213,1098.8789015
187,1151,41.4,243.37465,993.1623,BARISTAseq,L2/3,243.37465,993.1623,286.474159,1092.6623454,291.474159,1097.6623454
188,1152,75.84,245.72842,1042.6246,BARISTAseq,L2/3,245.72842,1042.6246,330.493751,1115.3413774,335.493751,1120.3413774
189,1153,31.59,243.78263,1088.0707,BARISTAseq,L2/3,243.78263,1088.0707,368.885946,1139.7375799,373.885946,1144.7375799
190,1176,84.9,250.74082,743.6001,BARISTAseq,L2/3,250.74082,743.6001,73.989207,961.568133,78.989207,966.568133
191,1178,149.5,250.73258,851.8963,BARISTAseq,L2/3,250.73258,851.8963,167.78925,1015.6941722,172.78925,1020.6941722
192,1179,141.4,249.99574,864.0249,BARISTAseq,L2/3,249.99574,864.0249,177.926553,1022.3934178,182.926553,1027.3934178
193,1180,60.43,248.65305,929.8236,BARISTAseq,L2/3,248.65305,929.8236,234.249123,1056.438014,239.249123,1061.438014
194,1181,57.36,251.09937,950.8208,BARISTAseq,L2/3,251.09937,950.8208,253.659043,1064.8120113,258.659043,1069.8120113
195,1182,59.68,247.16986,957.2944,BARISTAseq,L2/3,247.16986,957.2944,257.30267,1071.4507415,262.30267,1076.4507415
196,1183,182.7,253.06094,968.0701,BARISTAseq,L2/3,253.06094,968.0701,269.580301,1071.7329264,274.580301,1076.7329264
197,1184,24.78,253.29763,998.0707,BARISTAseq,L2/3,253.29763,998.0707,295.684517,1086.520108,300.684517,1091.520108
198,1186,49.13,247.53249,1079.9122,BARISTAseq,L2/3,247.53249,1079.9122,363.69311,1132.4124643,368.69311,1137.4124643
199,1187,49.78,248.85021,1103.7854,BARISTAseq,L2/3,248.85021,1103.7854,385.030094,1143.2012246,390.030094,1148.2012246
200,1188,136.9,247.59419,1113.0345,BARISTAseq,L2/3,247.59419,1113.0345,392.413827,1148.9112154,397.413827,1153.9112154
201,1189,130.6,250.96055,1130.7499,BARISTAseq,L2/3,250.96055,1130.7499,409.440846,1154.8482692,414.440846,1159.8482692
202,1214,63.53,258.58546,721.2083,BARISTAseq,L2/3,258.58546,721.2083,58.514079,943.5834077,63.514079,948.5834077
203,1215,192.7,251.0235,726.7967,BARISTAseq,L2/3,251.0235,726.7967,59.575695,952.9261131,64.575695,957.9261131
204,1216,28.06,251.31467,754.0365,BARISTAseq,L2/3,251.31467,754.0365,83.315828,966.2864824,88.315828,971.2864824
205,1217,102.1,257.33712,788.2468,BARISTAseq,L2/3,257.33712,788.2468,115.957711,978.1658468,120.957711,983.1658468
206,1218,67.5,252.56345,800.7941,BARISTAseq,L2/3,252.56345,800.7941,124.440419,988.5709921,129.44041900000002,993.5709921
207,1219,83.8,254.90404,831.9644,BARISTAseq,L2/3,254.90404,831.9644,152.609163,1002.1203324,157.609163,1007.1203324
208,1220,200.6,255.01992,843.2903,BARISTAseq,L2/3,255.01992,843.2903,162.477347,1007.6798508,167.477347,1012.6798508
209,1221,34.28,259.12029,863.1128,BARISTAseq,L2/3,259.12029,863.1128,181.696308,1014.0340902,186.696308,1019.0340902
210,1223,49.83,256.24638,944.707,BARISTAseq,L2/3,256.24638,944.707,250.935468,1057.2985068,255.935468,1062.2985068
211,1224,39.88,259.00647,977.6651,BARISTAseq,L2/3,259.00647,977.6651,280.862494,1071.3779508,285.862494,1076.3779508
212,1225,63.83,254.65733,983.441,BARISTAseq,L2/3,254.65733,983.441,283.692029,1078.031453,288.692029,1083.031453
213,1227,105.7,252.43023,1007.3034,BARISTAseq,L2/3,252.43023,1007.3034,303.248251,1091.8853034,308.248251,1096.8853034
214,1229,147.0,255.88769,1043.8908,BARISTAseq,L2/3,255.88769,1043.8908,336.667347,1107.1743375,341.667347,1112.1743375
215,1230,151.0,258.84348,1068.7249,BARISTAseq,L2/3,258.84348,1068.7249,359.65528,1117.0244407,364.65528,1122.0244407
216,1231,89.33,252.99962,1082.6075,BARISTAseq,L2/3,252.99962,1082.6075,368.759759,1129.0238294,373.759759,1134.0238294
217,1254,56.08,261.82244,741.5154,BARISTAseq,L2/3,261.82244,741.5154,77.721313,950.927661,82.721313,955.927661
218,1255,146.0,261.98711,811.0055,BARISTAseq,L2/3,261.98711,811.0055,137.994641,985.5113511,142.994641,990.5113511
219,1256,121.8,264.8378,826.7948,BARISTAseq,L2/3,264.8378,826.7948,153.095565,990.9325019,158.095565,995.9325019
220,1257,123.6,264.67936,874.7576,BARISTAseq,L2/3,264.67936,874.7576,194.560873,1015.0382067,199.560873,1020.0382067
221,1258,29.16,263.93638,887.3573,BARISTAseq,L2/3,263.93638,887.3573,205.103206,1021.9782058,210.103206,1026.9782058
222,1259,171.7,260.86846,895.1202,BARISTAseq,L2/3,260.86846,895.1202,210.294102,1028.5149079,215.294102,1033.5149079
223,1260,40.31,262.32505,919.0553,BARISTAseq,L2/3,262.32505,919.0553,231.754155,1039.2143514,236.754155,1044.2143514
224,1261,38.58,259.07705,924.3674,BARISTAseq,L2/3,259.07705,924.3674,234.732292,1044.682332,239.732292,1049.682332
225,1262,97.81,263.88548,950.4792,BARISTAseq,L2/3,263.88548,950.4792,259.752781,1053.5662266,264.752781,1058.5662266
226,1264,64.48,264.30075,999.6604,BARISTAseq,L2/3,264.30075,999.6604,302.560142,1077.7838721,307.560142,1082.7838721
227,1265,38.33,263.76108,1006.9131,BARISTAseq,L2/3,263.76108,1006.9131,308.572582,1081.8757021,313.572582,1086.8757021
228,1266,93.24,259.66653,1013.3958,BARISTAseq,L2/3,259.66653,1013.3958,312.141575,1088.661911,317.141575,1093.661911
229,1267,94.76,261.20055,1056.2287,BARISTAseq,L2/3,261.20055,1056.2287,350.009241,1108.7380821,355.009241,1113.7380821
230,1268,72.33,258.31395,1113.0043,BARISTAseq,L2/3,258.31395,1113.0043,397.744697,1139.6108957,402.744697,1144.6108957
231,1269,72.84,256.45071,1119.4415,BARISTAseq,L2/3,256.45071,1119.4415,402.389337,1144.4416518,407.389337,1149.4416518
232,1270,114.0,265.41663,1123.5556,BARISTAseq,L2/3,265.41663,1123.5556,410.433456,1138.7314888,415.433456,1143.7314888
233,1271,24.44,262.70865,1137.7017,BARISTAseq,L2/3,262.70865,1137.7017,421.333284,1148.1463279,426.333284,1153.1463279
234,1292,59.77,268.15114,700.278,BARISTAseq,L2/3,268.15114,700.278,45.164914,924.8382884,50.164914,929.8382884
235,1293,69.33,264.16221,733.3052,BARISTAseq,L2/3,264.16221,733.3052,71.779029,944.7980964,76.779029,949.7980964
236,1294,25.92,267.34805,753.616,BARISTAseq,L2/3,267.34805,753.616,90.963885,952.1884909,95.963885,957.1884909
237,1295,137.4,266.61572,780.6895,BARISTAseq,L2/3,266.61572,780.6895,114.048551,966.3523054,119.048551,971.3523054
238,1296,60.05,266.91545,796.8443,BARISTAseq,L2/3,266.91545,796.8443,128.191294,974.1657168,133.191294,979.1657168
239,1298,61.33,264.91458,836.073,BARISTAseq,L2/3,264.91458,836.073,161.170555,995.5025995,166.170555,1000.5025995
240,1299,94.55,269.25985,905.0662,BARISTAseq,L2/3,269.25985,905.0662,223.102625,1026.2167968,228.102625,1031.2167968
241,1300,62.29,269.64464,960.9445,BARISTAseq,L2/3,269.64464,960.9445,271.695646,1053.8075784,276.695646,1058.8075784
242,1301,131.7,265.36128,978.9915,BARISTAseq,L2/3,265.36128,978.9915,285.187084,1066.5363722,290.187084,1071.5363722
243,1302,20.49,268.95972,1130.4492,BARISTAseq,L2/3,268.95972,1130.4492,418.17512,1139.107458,423.17512,1144.107458
244,1303,72.58,266.66945,1158.3151,BARISTAseq,L2/3,266.66945,1158.3151,441.167517,1155.0166777,446.167517,1160.0166777
245,1336,30.62,275.90227,691.1137,BARISTAseq,L2/3,275.90227,691.1137,41.100417,913.5447194,46.100417,918.5447194
246,1337,116.9,277.13086,702.3911,BARISTAseq,L2/3,277.13086,702.3911,51.482618,918.1161745,56.482618,923.1161745
247,1338,87.23,271.46334,722.6385,BARISTAseq,L2/3,271.46334,722.6385,66.188319,933.143522,71.188319,938.143522
248,1340,82.61,271.43505,739.0054,BARISTAseq,L2/3,271.43505,739.0054,80.350929,941.3470903,85.350929,946.3470903
249,1341,27.99,279.15321,748.0282,BARISTAseq,L2/3,279.15321,748.0282,92.023318,939.1707371,97.023318,944.1707371
250,1342,71.48,272.38716,749.6498,BARISTAseq,L2/3,272.38716,749.6498,90.046697,945.8417113,95.046697,950.8417113
251,1343,35.93,276.91935,765.8556,BARISTAseq,L2/3,276.91935,765.8556,106.348701,950.014525,111.348701,955.014525
252,1344,74.34,273.77051,791.9922,BARISTAseq,L2/3,273.77051,791.9922,127.414196,965.8032674,132.414196,970.8032674
253,1346,121.4,275.97667,877.3658,BARISTAseq,L2/3,275.97667,877.3658,202.465644,1006.5560826,207.465644,1011.5560826
254,1347,77.44,277.10056,946.9897,BARISTAseq,L2/3,277.10056,946.9897,263.334162,1040.3757431,268.334162,1045.3757431
255,1348,35.29,274.77923,985.0341,BARISTAseq,L2/3,274.77923,985.0341,295.12749,1061.3983873,300.12749,1066.3983873
256,1349,82.82,274.78682,999.2252,BARISTAseq,L2/3,274.78682,999.2252,307.42339,1068.4835589,312.42339,1073.4835589
257,1350,93.71,271.71132,1007.4615,BARISTAseq,L2/3,271.71132,1007.4615,313.020553,1075.2633965,318.020553,1080.2633965
258,1351,155.3,275.40699,1022.3316,BARISTAseq,L2/3,275.40699,1022.3316,327.74759,1079.4933222,332.74759,1084.4933222
259,1353,56.8,272.47216,1077.5858,BARISTAseq,L2/3,272.47216,1077.5858,374.141093,1109.6476019,379.141093,1114.6476019
260,1354,41.31,273.13138,1085.8254,BARISTAseq,L2/3,273.13138,1085.8254,381.607521,1113.1941709,386.607521,1118.1941709
261,1355,59.98,273.75888,1171.9903,BARISTAseq,L2/3,273.75888,1171.9903,456.555475,1155.7098397,461.555475,1160.7098397
262,1356,52.28,273.96192,1246.9061,BARISTAseq,L1,273.96192,1246.9061,521.547654,1192.9716945,526.547654,1197.9716945
263,1373,145.4,278.6797,717.1309,BARISTAseq,L2/3,278.6797,717.1309,65.023964,924.1405265,70.023964,929.1405265
264,1374,173.6,288.53642,711.0337,BARISTAseq,L2/3,288.53642,711.0337,64.668378,912.555863,69.668378,917.555863
265,1375,34.33,282.62012,730.4426,BARISTAseq,L2/3,282.62012,730.4426,78.523513,927.3796997,83.523513,932.3796997
266,1376,23.25,281.73265,744.0522,BARISTAseq,L2/3,281.73265,744.0522,89.86838,934.9495278,94.86838,939.9495278
267,1379,29.57,283.36512,796.7426,BARISTAseq,L2/3,283.36512,796.7426,136.323597,959.8665044,141.323597,964.8665044
268,1380,69.85,275.89571,799.149,BARISTAseq,L2/3,275.89571,799.149,134.675262,967.5388998,139.675262,972.5388998
269,1381,44.12,278.91414,831.4889,BARISTAseq,L2/3,278.91414,831.4889,164.195876,981.0856246,169.195876,986.0856246
270,1382,55.62,282.83691,855.6262,BARISTAseq,L2/3,282.83691,855.6262,187.063451,989.749918,192.063451,994.749918
271,1383,140.6,278.61559,894.7219,BARISTAseq,L2/3,278.61559,894.7219,218.817895,1012.943656,223.817895,1017.943656
272,1384,145.3,277.90522,939.7577,BARISTAseq,L2/3,277.90522,939.7577,257.47208,1036.0647235,262.47208,1041.0647235
273,1385,37.9,282.40094,982.5482,BARISTAseq,L2/3,282.40094,982.5482,296.783055,1053.5543223,301.783055,1058.5543223
274,1386,52.53,278.36969,991.8835,BARISTAseq,L2/3,278.36969,991.8835,302.854587,1061.711249,307.854587,1066.711249
275,1387,33.29,284.17521,997.3421,BARISTAseq,L2/3,284.17521,997.3421,310.483945,1059.410472,315.483945,1064.410472
276,1388,25.45,282.27664,1009.275,BARISTAseq,L2/3,282.27664,1009.275,319.871188,1067.0181789,324.871188,1072.0181789
277,1389,98.97,280.0594,1068.0605,BARISTAseq,L2/3,280.0594,1068.0605,369.682041,1098.315594,374.682041,1103.315594
278,1390,21.52,279.31191,1094.7826,BARISTAseq,L2/3,279.31191,1094.7826,392.454696,1112.3169098,397.454696,1117.3169098
279,1391,189.7,280.07465,1104.2494,BARISTAseq,L2/3,280.07465,1104.2494,401.035784,1116.3870683,406.035784,1121.3870683
280,1392,51.4,281.42249,1140.0892,BARISTAseq,L2/3,281.42249,1140.0892,432.753154,1133.1298596,437.753154,1138.1298596
281,1395,108.1,284.94962,1262.1168,BARISTAseq,L1,284.94962,1262.1168,540.213707,1191.0555712,545.213707,1196.0555712
282,1412,40.07,283.86719,697.4085,BARISTAseq,L2/3,283.86719,697.4085,50.533138,909.7913419,55.533138,914.7913419
283,1413,74.32,292.26725,756.6192,BARISTAseq,L2/3,292.26725,756.6192,106.018119,932.1047597,111.018119,937.1047597
284,1414,35.44,288.84889,764.8624,BARISTAseq,L2/3,288.84889,764.8624,111.449988,939.1850728,116.449988,944.1850728
285,1415,97.56,289.73436,774.531,BARISTAseq,L2/3,289.73436,774.531,120.267211,943.2497651,125.267211,948.2497651
286,1416,48.8,286.45142,850.9175,BARISTAseq,L2/3,286.45142,850.9175,184.791184,984.2660429,189.791184,989.2660429
287,1417,94.61,293.49723,856.4908,BARISTAseq,L2/3,293.49723,856.4908,193.139685,980.9482402,198.139685,985.9482402
288,1418,33.19,289.87083,869.0653,BARISTAseq,L2/3,289.87083,869.0653,202.219214,990.3731906,207.219214,995.3731906
289,1419,113.9,288.34281,874.8656,BARISTAseq,L2/3,288.34281,874.8656,206.479727,994.5953213,211.479727,999.5953213
290,1420,43.52,287.42014,908.1546,BARISTAseq,L2/3,287.42014,908.1546,234.853003,1012.0300773,239.853003,1017.0300773
291,1421,103.5,286.20211,989.3801,BARISTAseq,L2/3,286.20211,989.3801,304.600268,1053.6759265,309.600268,1058.6759265
292,1422,52.14,288.09669,1007.5484,BARISTAseq,L2/3,288.09669,1007.5484,321.284118,1061.1141488,326.284118,1066.1141488
293,1423,210.2,285.78546,1042.2475,BARISTAseq,L2/3,285.78546,1042.2475,350.184831,1080.4562814,355.184831,1085.4562814
294,1424,31.6,294.01423,1048.6264,BARISTAseq,L2/3,294.01423,1048.6264,359.822221,1076.5163717,364.822221,1081.5163717
295,1425,110.3,289.56512,1058.9763,BARISTAseq,L2/3,289.56512,1058.9763,366.563794,1085.5422861,371.563794,1090.5422861
296,1426,36.65,286.2547,1121.2547,BARISTAseq,L2/3,286.2547,1121.2547,418.853813,1119.532087,423.853813,1124.532087
297,1427,86.25,287.80949,1128.7847,BARISTAseq,L2/3,287.80949,1128.7847,426.153185,1121.9483606,431.153185,1126.9483606
298,1428,47.81,288.92514,1186.7365,BARISTAseq,L2/3,288.92514,1186.7365,476.907467,1149.9422676,481.907467,1154.9422676
299,1429,113.9,291.49341,1277.5966,BARISTAseq,L1,291.49341,1277.5966,556.892209,1193.1232203,561.892209,1198.1232203
300,1450,133.9,288.87012,684.3989,BARISTAseq,L2/3,288.87012,684.3989,41.764647,898.9566392,46.764647,903.9566392
301,1451,104.5,291.73056,727.7634,BARISTAseq,L2/3,291.73056,727.7634,80.755575,918.149522,85.755575,923.149522
302,1452,164.4,296.94816,766.9445,BARISTAseq,L2/3,296.94816,766.9445,117.300903,933.2101202,122.300903,938.2101202
303,1453,78.6,292.47637,810.535,BARISTAseq,L2/3,292.47637,810.535,152.823434,958.8669645,157.823434,963.8669645
304,1454,54.61,292.88815,819.4197,BARISTAseq,L2/3,292.88815,819.4197,160.725006,962.9502541,165.725006,967.9502541
305,1455,135.9,298.44705,839.2347,BARISTAseq,L2/3,298.44705,839.2347,180.666353,968.0374033,185.666353,973.0374033
306,1456,73.84,293.93633,902.9252,BARISTAseq,L2/3,293.93633,902.9252,233.579657,1003.7725434,238.579657,1008.7725434
307,1457,130.1,293.26731,936.6921,BARISTAseq,L2/3,293.26731,936.6921,262.493621,1021.2264006,267.493621,1026.2264006
308,1459,108.8,295.0893,954.9082,BARISTAseq,L2/3,295.0893,954.9082,279.182558,1028.7513572,284.182558,1033.7513572
309,1460,126.2,286.42113,974.0748,BARISTAseq,L2/3,286.42113,974.0748,291.452579,1045.8377114,296.452579,1050.8377114
310,1461,47.02,293.26143,996.1799,BARISTAseq,L2/3,293.26143,996.1799,314.017873,1050.9593382,319.017873,1055.9593382
311,1462,100.9,297.06964,1023.0357,BARISTAseq,L2/3,297.06964,1023.0357,339.182911,1061.0813805,344.182911,1066.0813805
312,1463,80.04,294.87977,1120.4919,BARISTAseq,L2/3,294.87977,1120.4919,422.503354,1111.6800501,427.503354,1116.6800501
313,1464,50.01,290.94736,1154.7502,BARISTAseq,L2/3,290.94736,1154.7502,450.212064,1132.2061203,455.212064,1137.2061203
314,1465,112.4,288.69335,1165.8322,BARISTAseq,L2/3,288.69335,1165.8322,458.684717,1139.6965255,463.684717,1144.6965255
315,1466,46.08,290.32597,1172.32,BARISTAseq,L2/3,290.32597,1172.32,465.120178,1141.5245175,470.120178,1146.5245175
316,1467,31.24,289.82789,1178.8604,BARISTAseq,L2/3,289.82789,1178.8604,470.536415,1145.2243706,475.536415,1150.2243706
317,1468,78.67,297.35385,1183.3789,BARISTAseq,L2/3,297.35385,1183.3789,478.21119,1140.9635454,483.21119,1145.9635454
318,1492,21.04,298.88246,710.3615,BARISTAseq,L2/3,298.88246,710.3615,69.256362,903.2583976,74.256362,908.2583976
319,1493,11.13,297.10236,757.8559,BARISTAseq,L2/3,297.10236,757.8559,109.505543,928.5346748,114.505543,933.5346748
320,1494,40.27,300.98637,775.1992,BARISTAseq,L2/3,300.98637,775.1992,126.468981,933.8374135,131.46898099999999,938.8374135
321,1496,79.0,301.95164,816.6136,BARISTAseq,L2/3,301.95164,816.6136,162.82369,953.697319,167.82369,958.697319
322,1498,21.81,298.67506,932.7592,BARISTAseq,L2/3,298.67506,932.7592,261.78945,1014.5769357,266.78945,1019.5769357
323,1499,33.92,297.42191,947.5996,BARISTAseq,L2/3,297.42191,947.5996,274.017663,1023.0785724,279.017663,1028.0785724
324,1500,112.0,300.28084,969.9606,BARISTAseq,L2/3,300.28084,969.9606,294.815008,1031.7766743,299.815008,1036.7766743
325,1501,104.2,302.97934,1061.5894,BARISTAseq,L2/3,302.97934,1061.5894,375.530652,1075.2289592,380.530652,1080.2289592
326,1502,23.81,296.8041,1083.9886,BARISTAseq,L2/3,296.8041,1083.9886,391.846478,1091.7714055,396.846478,1096.7714055
327,1503,111.1,300.90238,1099.5286,BARISTAseq,L2/3,300.90238,1099.5286,407.354967,1095.9873596,412.354967,1100.9873596
328,1504,186.8,297.77334,1134.3041,BARISTAseq,L2/3,297.77334,1134.3041,435.913226,1116.07607,440.913226,1121.07607
329,1505,68.84,298.35361,1156.0492,BARISTAseq,L2/3,298.35361,1156.0492,455.038367,1126.4401147,460.038367,1131.4401147
330,1506,60.42,296.54633,1162.3717,BARISTAseq,L2/3,296.54633,1162.3717,459.611622,1131.1650772,464.611622,1136.1650772
331,1535,88.36,310.19291,679.4678,BARISTAseq,L2/3,310.19291,679.4678,48.149006,878.0229889,53.149006,883.0229889
332,1536,100.3,299.97225,681.9298,BARISTAseq,L2/3,299.97225,681.9298,45.174017,888.1062954,50.174017,893.1062954
333,1537,266.7,303.84154,700.5975,BARISTAseq,L2/3,303.84154,700.5975,63.27719,894.0835791,68.27718999999999,899.0835791
334,1538,144.9,305.06536,732.9156,BARISTAseq,L2/3,305.06536,732.9156,91.882124,909.1738803,96.882124,914.1738803
335,1539,68.62,302.45119,756.8517,BARISTAseq,L2/3,302.45119,756.8517,111.308744,923.3998222,116.308744,928.3998222
336,1540,20.56,307.8648,775.8244,BARISTAseq,L2/3,307.8648,775.8244,130.447903,928.191896,135.447903,933.191896
337,1541,61.56,305.0704,822.6063,BARISTAseq,L2/3,305.0704,822.6063,169.573036,953.9906727,174.573036,958.9906727
338,1542,50.43,309.62133,820.5455,BARISTAseq,L2/3,309.62133,820.5455,170.062191,949.0188624,175.062191,954.0188624
339,1543,79.14,305.8716,829.747,BARISTAseq,L2/3,305.8716,829.747,176.158542,956.8651021,181.158542,961.8651021
340,1544,91.71,304.20017,872.0439,BARISTAseq,L2/3,304.20017,872.0439,211.960022,979.4498823,216.960022,984.4498823
341,1545,75.67,307.05641,895.8871,BARISTAseq,L2/3,307.05641,895.8871,234.039959,988.891066,239.039959,993.891066
342,1546,38.82,301.7828,935.7279,BARISTAseq,L2/3,301.7828,935.7279,265.91394,1013.3686292,270.91394,1018.3686292
343,1547,71.19,304.96078,945.1745,BARISTAseq,L2/3,304.96078,945.1745,275.684488,1015.3366458,280.684488,1020.3366458
344,1548,40.34,304.39615,979.531,BARISTAseq,L2/3,304.39615,979.531,305.161283,1032.9947053,310.161283,1037.9947053
345,1549,27.93,308.30768,994.6907,BARISTAseq,L2/3,308.30768,994.6907,320.247074,1037.1823941,325.247074,1042.1823941
346,1552,54.3,301.94585,1120.684,BARISTAseq,L2/3,301.94585,1120.684,426.200821,1105.6555057,431.200821,1110.6555057
347,1553,27.47,308.68376,1139.3241,BARISTAseq,L2/3,308.68376,1139.3241,445.713726,1109.1343217,450.713726,1114.1343217
348,1554,71.96,306.19332,1145.9665,BARISTAseq,L2/3,306.19332,1145.9665,450.222686,1114.6108937,455.222686,1119.6108937
349,1555,37.31,306.63332,1195.4714,BARISTAseq,L2/3,306.63332,1195.4714,493.322717,1138.9688297,498.322717,1143.9688297
350,1556,90.48,299.06949,1197.5432,BARISTAseq,L2/3,299.06949,1197.5432,491.33741,1146.5558327,496.33741,1151.5558327
351,1557,70.76,306.7517,1266.6019,BARISTAseq,L1,306.7517,1266.6019,554.993823,1174.4123869,559.993823,1179.4123869
352,1576,48.36,306.47011,674.3193,BARISTAseq,L2/3,306.47011,674.3193,41.829123,878.674776,46.829123,883.674776
353,1577,53.89,312.02617,710.3136,BARISTAseq,L2/3,312.02617,710.3136,75.78324,891.8496611,80.78324,896.8496611
354,1578,76.2,316.06757,720.1542,BARISTAseq,L2/3,316.06757,720.1542,86.326572,893.2667111,91.326572,898.2667111
355,1579,72.84,308.44713,720.8031,BARISTAseq,L2/3,308.44713,720.8031,83.080507,900.1916917,88.080507,905.1916917
356,1581,52.3,310.46135,770.5504,BARISTAseq,L2/3,310.46135,770.5504,127.177195,923.3072137,132.17719499999998,928.3072137
357,1583,192.4,310.25653,853.2331,BARISTAseq,L2/3,310.25653,853.2331,198.693038,964.8036775,203.693038,969.8036775
358,1585,174.0,315.1819,935.298,BARISTAseq,L2/3,315.1819,935.298,272.237418,1001.5476982,277.237418,1006.5476982
359,1586,183.9,306.29271,1032.6445,BARISTAseq,L2/3,306.29271,1032.6445,352.114987,1057.894382,357.114987,1062.894382
360,1587,29.68,311.29107,1042.9656,BARISTAseq,L2/3,311.29107,1042.9656,363.552699,1058.7226167,368.552699,1063.7226167
361,1588,39.9,309.65896,1047.5889,BARISTAseq,L2/3,309.65896,1047.5889,366.741762,1062.4467586,371.741762,1067.4467586
362,1589,103.4,313.32152,1106.8684,BARISTAseq,L2/3,313.32152,1106.8684,419.918819,1088.8980689,424.918819,1093.8980689
363,1590,91.15,309.33017,1181.5797,BARISTAseq,L2/3,309.33017,1181.5797,482.637744,1129.6908087,487.637744,1134.6908087
364,1591,112.1,314.45728,1193.4529,BARISTAseq,L2/3,314.45728,1193.4529,495.484231,1131.1831844,500.484231,1136.1831844
365,1592,58.3,308.36425,1231.8845,BARISTAseq,L2/3,308.36425,1231.8845,525.728094,1155.6662863,530.728094,1160.6662863
366,1593,63.21,305.74991,1306.9696,BARISTAseq,L1,305.74991,1306.9696,589.458947,1195.4530904,594.458947,1200.4530904
367,1610,113.1,321.09273,780.9827,BARISTAseq,L2/3,321.09273,780.9827,141.526286,919.3118483,146.526286,924.3118483
368,1611,85.24,313.39665,790.348,BARISTAseq,L2/3,313.39665,790.348,145.792355,930.6581657,150.792355,935.6581657
369,1614,155.3,321.19124,925.2927,BARISTAseq,L2/3,321.19124,925.2927,266.574095,991.3425857,271.574095,996.3425857
370,1615,122.5,313.94281,989.3977,BARISTAseq,L2/3,313.94281,989.3977,318.478414,1029.6562675,323.478414,1034.6562675
371,1616,34.72,315.261,1071.9833,BARISTAseq,L2/3,315.261,1071.9833,390.671241,1069.785003,395.671241,1074.785003
372,1617,79.39,323.11125,1081.8963,BARISTAseq,L2/3,323.11125,1081.8963,403.18065,1067.9390561,408.18065,1072.9390561
373,1618,132.3,322.37909,1104.8415,BARISTAseq,L2/3,322.37909,1104.8415,422.689486,1080.0396623,427.689486,1085.0396623
374,1619,36.78,315.60963,1137.8043,BARISTAseq,L2/3,315.60963,1137.8043,447.858369,1102.3757677,452.858369,1107.3757677
375,1620,34.66,314.69386,1145.2811,BARISTAseq,L2/3,314.69386,1145.2811,453.876999,1106.9053836,458.876999,1111.9053836
376,1622,25.55,316.2576,1182.2556,BARISTAseq,L2/3,316.2576,1182.2556,486.685025,1124.0281535,491.685025,1129.0281535
377,1624,115.4,319.4206,1218.437,BARISTAseq,L2/3,319.4206,1218.437,519.605334,1139.3693779,524.605334,1144.3693779
378,1625,155.4,318.36066,1244.295,BARISTAseq,L2/3,318.36066,1244.295,541.473343,1153.2094868,546.473343,1158.2094868
379,1656,210.5,324.37415,728.9814,BARISTAseq,L2/3,324.37415,728.9814,98.123609,890.4829464,103.123609,895.4829464
380,1657,223.8,325.2698,750.7604,BARISTAseq,L2/3,325.2698,750.7604,117.435675,900.5907387,122.435675,905.5907387
381,1658,159.2,325.12723,858.9082,BARISTAseq,L2/3,325.12723,858.9082,211.040022,954.7589568,216.040022,959.7589568
382,1659,63.05,326.90828,894.7535,BARISTAseq,L2/3,326.90828,894.7535,242.978643,971.1292591,247.978643,976.1292591
383,1660,40.58,324.04974,941.3101,BARISTAseq,L2/3,324.04974,941.3101,281.876531,996.8709834,286.876531,1001.8709834
384,1661,35.81,324.27775,968.1193,BARISTAseq,L2/3,324.27775,968.1193,305.212106,1010.0708567,310.212106,1015.0708567
385,1662,81.59,321.61561,1143.2625,BARISTAseq,L2/3,321.61561,1143.2625,455.587498,1099.9011158,460.587498,1104.9011158
386,1663,39.1,324.34128,1181.3434,BARISTAseq,L2/3,324.34128,1181.3434,489.934593,1116.5703965,494.934593,1121.5703965
387,1664,32.94,320.35013,1225.1967,BARISTAseq,L2/3,320.35013,1225.1967,525.924925,1141.9422326,530.924925,1146.9422326
388,1665,91.26,328.54381,1277.3525,BARISTAseq,L2/3,328.54381,1277.3525,575.195913,1160.9088483,580.195913,1165.9088483
389,1685,73.2,335.56299,747.1971,BARISTAseq,L2/3,335.56299,747.1971,119.49304,889.8942908,124.49304,894.8942908
390,1686,159.2,328.00282,766.0147,BARISTAseq,L2/3,328.00282,766.0147,132.01443,905.8464827,137.01443,910.8464827
391,1687,71.12,331.55418,780.626,BARISTAseq,L2/3,331.55418,780.626,146.445221,910.0720908,151.445221,915.0720908
392,1688,177.1,335.0156,847.5273,BARISTAseq,L2/3,335.0156,847.5273,206.12367,940.5064894,211.12367,945.5064894
393,1689,64.69,334.50268,868.1806,BARISTAseq,L2/3,334.50268,868.1806,223.756805,951.2718244,228.756805,956.2718244
394,1690,27.83,324.24575,876.5847,BARISTAseq,L2/3,324.24575,876.5847,225.910562,964.3559594,230.910562,969.3559594
395,1691,66.24,326.64386,887.25,BARISTAseq,L2/3,326.64386,887.25,236.34712,967.6085754,241.34712,972.6085754
396,1692,207.6,337.97897,887.1219,BARISTAseq,L2/3,337.97897,887.1219,241.900624,957.7262842,246.900624,962.7262842
397,1693,49.1,328.22768,905.161,BARISTAseq,L2/3,328.22768,905.161,252.652735,975.1873412,257.652735,980.1873412
398,1694,67.44,333.2522,937.6836,BARISTAseq,L2/3,333.2522,937.6836,283.334112,987.0877303,288.334112,992.0877303
399,1696,50.11,332.62428,956.6365,BARISTAseq,L2/3,332.62428,956.6365,299.436966,997.1029683,304.436966,1002.1029683
400,1697,136.3,333.40864,968.376,BARISTAseq,L2/3,333.40864,968.376,309.997485,1002.2901579,314.997485,1007.2901579
401,1698,23.8,331.60717,1184.4617,BARISTAseq,L2/3,331.60717,1184.4617,496.266521,1111.8350873,501.266521,1116.8350873
402,1699,139.1,326.82617,1192.6488,BARISTAseq,L2/3,326.82617,1192.6488,500.968826,1120.0676432,505.968826,1125.0676432
403,1700,67.25,327.81144,1212.7448,BARISTAseq,L2/3,327.81144,1212.7448,518.867997,1129.2568111,523.867997,1134.2568111
404,1701,29.54,332.7305,1284.7064,BARISTAseq,L2/3,332.7305,1284.7064,583.658002,1160.9574164,588.658002,1165.9574164
405,1702,32.22,331.67456,1289.7556,BARISTAseq,L1,331.67456,1289.7556,587.503773,1164.395257,592.503773,1169.395257
406,1724,51.68,332.88198,679.9497,BARISTAseq,L4,332.88198,679.9497,59.904833,858.6109725,64.904833,863.6109725
407,1725,22.58,339.32643,712.1711,BARISTAseq,L4,339.32643,712.1711,91.034947,869.1309506,96.034947,874.1309506
408,1727,29.06,335.18284,738.7017,BARISTAseq,L2/3,335.18284,738.7017,111.944521,885.9781604,116.944521,890.9781604
409,1728,182.2,338.20526,758.4043,BARISTAseq,L2/3,338.20526,758.4043,130.520979,893.2062095,135.520979,898.2062095
410,1729,101.6,337.63323,771.4818,BARISTAseq,L2/3,337.63323,771.4818,141.562562,900.2368834,146.562562,905.2368834
411,1731,100.9,339.54906,862.8309,BARISTAseq,L2/3,339.54906,862.8309,221.644824,944.2273357,226.644824,949.2273357
412,1732,119.0,336.12618,901.2088,BARISTAseq,L2/3,336.12618,901.2088,253.176522,966.3707765,258.176522,971.3707765
413,1734,215.5,340.32293,1024.7579,BARISTAseq,L2/3,340.32293,1024.7579,362.289688,1024.4768685,367.289688,1029.4768685
414,1735,72.79,335.69472,1061.3534,BARISTAseq,L2/3,335.69472,1061.3534,391.675127,1046.7735926,396.675127,1051.7735926
415,1736,149.1,333.92964,1097.6186,BARISTAseq,L2/3,333.92964,1097.6186,422.205337,1066.425312,427.205337,1071.425312
416,1737,65.13,336.46398,1125.7027,BARISTAseq,L2/3,336.46398,1125.7027,447.797694,1078.2645622,452.797694,1083.2645622
417,1738,82.14,335.04496,1139.3921,BARISTAseq,L2/3,335.04496,1139.3921,458.946063,1086.334696,463.946063,1091.334696
418,1739,32.25,334.97729,1147.5241,BARISTAseq,L2/3,334.97729,1147.5241,465.956069,1090.4571363,470.956069,1095.4571363
419,1740,98.38,333.81037,1178.8961,BARISTAseq,L2/3,333.81037,1178.8961,492.546742,1107.1454306,497.546742,1112.1454306
420,1742,23.92,337.13155,1200.51,BARISTAseq,L2/3,337.13155,1200.51,512.927986,1115.0698069,517.927986,1120.0698069
421,1743,55.02,334.63173,1204.4383,BARISTAseq,L2/3,334.63173,1204.4383,515.081397,1119.1982129,520.081397,1124.1982129
422,1744,102.2,330.81455,1224.8816,BARISTAseq,L2/3,330.81455,1224.8816,530.881374,1132.7206839,535.881374,1137.7206839
423,1770,93.22,340.10309,661.1997,BARISTAseq,L4,340.10309,661.1997,47.27259,842.9862596,52.27259,847.9862596
424,1771,43.03,339.07405,677.1658,BARISTAseq,L4,339.07405,677.1658,60.58783,851.856307,65.58783,856.856307
425,1773,45.13,345.83717,708.4106,BARISTAseq,L4,345.83717,708.4106,91.031238,861.6122045,96.031238,866.6122045
426,1774,46.33,339.0624,707.8194,BARISTAseq,L4,339.0624,707.8194,87.133623,867.1849587,92.133623,872.1849587
427,1775,65.98,343.2093,738.7364,BARISTAseq,L2/3,343.2093,738.7364,115.985702,879.0431681,120.985702,884.0431681
428,1776,62.4,347.41517,771.2345,BARISTAseq,L2/3,347.41517,771.2345,146.236698,891.6403844,151.236698,896.6403844
429,1777,168.4,342.30433,780.5115,BARISTAseq,L2/3,342.30433,780.5115,151.718256,900.703316,156.718256,905.703316
430,1778,45.69,341.10337,806.3492,BARISTAseq,L2/3,341.10337,806.3492,173.498179,914.6554131,178.498179,919.6554131
431,1779,21.1,341.91021,800.0337,BARISTAseq,L2/3,341.91021,800.0337,168.430987,910.8004852,173.430987,915.8004852
432,1780,113.4,343.74884,819.4677,BARISTAseq,L2/3,343.74884,819.4677,186.183169,918.9196495,191.183169,923.9196495
433,1781,71.53,339.30136,834.7963,BARISTAseq,L2/3,339.30136,834.7963,197.238046,930.4321851,202.238046,935.4321851
434,1782,71.11,345.64457,834.4907,BARISTAseq,L2/3,345.64457,834.4907,200.143181,924.785067,205.143181,929.785067
435,1784,154.1,339.81992,916.5318,BARISTAseq,L2/3,339.81992,916.5318,268.294857,970.8286773,273.294857,975.8286773
436,1785,35.43,340.95504,955.8619,BARISTAseq,L2/3,340.95504,955.8619,302.929097,989.4998978,307.929097,994.4998978
437,1786,55.84,335.55585,1048.3279,BARISTAseq,L2/3,335.55585,1048.3279,380.323343,1040.3846799,385.323343,1045.3846799
438,1787,30.68,341.0652,1057.9041,BARISTAseq,L2/3,341.0652,1057.9041,391.371252,1040.3981016,396.371252,1045.3981016
439,1788,27.71,347.98563,1062.6075,BARISTAseq,L2/3,347.98563,1062.6075,398.903556,1036.7541641,403.903556,1041.7541641
440,1789,142.4,342.59996,1069.9985,BARISTAseq,L2/3,342.59996,1069.9985,402.614145,1045.112644,407.614145,1050.112644
441,1792,186.3,340.24431,1111.5828,BARISTAseq,L2/3,340.24431,1111.5828,437.456462,1067.9339839,442.456462,1072.9339839
442,1795,83.79,339.50207,1227.4957,BARISTAseq,L2/3,339.50207,1227.4957,537.487122,1126.5020851,542.487122,1131.5020851
443,1796,36.33,346.23724,1236.7155,BARISTAseq,L2/3,346.23724,1236.7155,548.838914,1125.2756311,553.838914,1130.2756311
444,1798,123.8,341.92632,1276.7849,BARISTAseq,L2/3,341.92632,1276.7849,581.39194,1149.0335383,586.39194,1154.0335383
445,1799,133.4,341.68137,1301.3627,BARISTAseq,L1,341.68137,1301.3627,602.55836,1161.5279794,607.55836,1166.5279794
446,1800,51.15,344.745,1356.4463,BARISTAseq,L1,344.745,1356.4463,651.801718,1186.4012599,656.801718,1191.4012599
447,1822,17.29,352.26748,666.6259,BARISTAseq,L4,352.26748,666.6259,58.051564,835.1613293,63.051564,840.1613293
448,1823,28.87,347.1253,671.162,BARISTAseq,L4,347.1253,671.162,59.4109,841.8821812,64.4109,846.8821812
449,1824,190.9,346.12269,686.4601,BARISTAseq,L4,346.12269,686.4601,72.160857,850.3955885,77.160857,855.3955885
450,1825,24.87,349.2355,721.6004,BARISTAseq,L4,349.2355,721.6004,104.154233,865.2599727,109.154233,870.2599727
451,1826,36.65,350.54516,733.3145,BARISTAseq,L4,350.54516,733.3145,114.955278,869.9794795,119.955278,874.9794795
452,1827,73.02,348.33314,800.7887,BARISTAseq,L2/3,348.33314,800.7887,172.294705,905.6143706,177.294705,910.6143706
453,1828,41.04,347.06841,841.7759,BARISTAseq,L2/3,347.06841,841.7759,207.165051,927.1924137,212.165051,932.1924137
454,1829,57.63,349.5877,865.3917,BARISTAseq,L2/3,349.5877,865.3917,228.879571,936.8117758,233.879571,941.8117758
455,1830,42.34,345.51476,878.5093,BARISTAseq,L2/3,345.51476,878.5093,238.206444,946.8949666,243.206444,951.8949666
456,1831,61.51,346.84158,904.0773,BARISTAseq,L2/3,346.84158,904.0773,261.015989,958.5227864,266.015989,963.5227864
457,1832,138.0,344.35803,933.5761,BARISTAseq,L2/3,344.35803,933.5761,285.326155,975.4154108,290.326155,980.4154108
458,1833,155.7,344.23132,949.1617,BARISTAseq,L2/3,344.23132,949.1617,298.762817,983.3137773,303.762817,988.3137773
459,1834,78.21,349.54776,959.45,BARISTAseq,L2/3,349.54776,959.45,310.331092,983.8501298,315.331092,988.8501298
460,1835,115.5,345.54584,967.6956,BARISTAseq,L2/3,345.54584,967.6956,315.473457,991.4371269,320.473457,996.4371269
461,1836,93.67,341.39294,974.9962,BARISTAseq,L2/3,341.39294,974.9962,319.721774,998.6826315,324.721774,1003.6826315
462,1837,195.1,344.01825,995.4614,BARISTAseq,L2/3,344.01825,995.4614,338.760244,1006.6356892,343.760244,1011.6356892
463,1838,80.98,350.42349,1032.8829,BARISTAseq,L2/3,350.42349,1032.8829,374.374906,1019.7882323,379.374906,1024.7882323
464,1839,35.49,346.59686,1037.7254,BARISTAseq,L2/3,346.59686,1037.7254,376.657167,1025.522765,381.657167,1030.522765
465,1840,100.2,344.89293,1044.5211,BARISTAseq,L2/3,344.89293,1044.5211,381.69192,1030.3946639,386.69192,1035.3946639
466,1842,177.6,344.46994,1089.1623,BARISTAseq,L2/3,344.46994,1089.1623,420.147902,1053.0696113,425.147902,1058.0696113
467,1843,26.2,346.99844,1096.3933,BARISTAseq,L2/3,346.99844,1096.3933,427.674878,1054.4930513,432.674878,1059.4930513
468,1844,38.89,347.44783,1106.1,BARISTAseq,L2/3,347.44783,1106.1,436.307183,1058.9545139,441.307183,1063.9545139
469,1845,96.67,349.77433,1138.3964,BARISTAseq,L2/3,349.77433,1138.3964,465.44432,1073.0788126,470.44432,1078.0788126
470,1846,28.14,344.01,1162.3942,BARISTAseq,L2/3,344.01,1162.3942,483.35014,1090.0641905,488.35014,1095.0641905
471,1847,121.6,349.42385,1194.8505,BARISTAseq,L2/3,349.42385,1194.8505,514.168636,1101.5942108,519.168636,1106.5942108
472,1848,64.69,343.95185,1202.2236,BARISTAseq,L2/3,343.95185,1202.2236,517.820572,1110.0185295,522.820572,1115.0185295
473,1849,60.69,351.60749,1236.9578,BARISTAseq,L2/3,351.60749,1236.9578,551.732413,1120.7450692,556.732413,1125.7450692
474,1850,54.74,347.99419,1243.4683,BARISTAseq,L2/3,347.99419,1243.4683,555.566041,1127.1283544,560.566041,1132.1283544
475,1852,42.15,345.68169,1415.852,BARISTAseq,L1,345.68169,1415.852,703.725917,1215.2767497,708.725917,1220.2767497
476,1853,60.49,347.92817,1442.1998,BARISTAseq,L1,347.92817,1442.1998,727.670483,1226.4976665,732.670483,1231.4976665
477,1875,73.2,354.02137,659.392,BARISTAseq,L4,354.02137,659.392,52.662146,830.027123,57.662146,835.027123
478,1876,27.5,357.34569,664.2736,BARISTAseq,L4,357.34569,664.2736,58.551756,829.5871502,63.551756,834.5871502
479,1877,55.69,353.74903,674.7101,BARISTAseq,L4,353.74903,674.7101,65.794295,837.9179435,70.794295,842.9179435
480,1878,65.03,357.19095,682.7902,BARISTAseq,L4,357.19095,682.7902,74.513176,838.9744979,79.513176,843.9744979
481,1879,74.46,357.68374,725.4259,BARISTAseq,L4,357.68374,725.4259,111.689708,859.8540231,116.689708,864.8540231
482,1880,134.6,352.93062,751.5015,BARISTAseq,L2/3,352.93062,751.5015,131.900574,877.0018154,136.900574,882.0018154
483,1881,29.24,355.75849,757.4722,BARISTAseq,L2/3,355.75849,757.4722,138.48548,877.5361296,143.48548,882.5361296
484,1882,23.81,353.03814,816.0397,BARISTAseq,L2/3,353.03814,816.0397,187.856098,909.1603893,192.856098,914.1603893
485,1883,27.25,351.00364,822.5688,BARISTAseq,L2/3,351.00364,822.5688,192.494771,914.1854226,197.494771,919.1854226
486,1884,65.13,355.21578,825.8901,BARISTAseq,L2/3,355.21578,825.8901,197.476547,912.1966968,202.476547,917.1966968
487,1885,168.4,349.80932,851.0535,BARISTAseq,L2/3,349.80932,851.0535,216.570803,929.4545587,221.570803,934.4545587
488,1886,58.33,357.28036,859.4756,BARISTAseq,L2/3,357.28036,859.4756,227.59941,927.1920867,232.59941,932.1920867
489,1887,23.62,358.75922,895.3812,BARISTAseq,L2/3,358.75922,895.3812,259.439177,943.854231,264.439177,948.854231
490,1888,70.8,353.58884,890.0354,BARISTAseq,L2/3,353.58884,890.0354,252.224937,945.6612563,257.224937,950.6612563
491,1889,46.75,353.72464,900.976,BARISTAseq,L2/3,353.72464,900.976,261.76939,951.011004,266.76939,956.011004
492,1890,65.46,353.70954,921.1327,BARISTAseq,L2/3,353.70954,921.1327,279.221181,961.0969838,284.221181,966.0969838
493,1891,54.28,352.43713,976.4302,BARISTAseq,L2/3,352.43713,976.4302,326.482947,989.8329424,331.482947,994.8329424
494,1892,32.71,349.25917,989.5822,BARISTAseq,L2/3,349.25917,989.5822,336.286847,999.1580896,341.286847,1004.1580896
495,1893,87.04,355.93405,987.0426,BARISTAseq,L2/3,355.93405,987.0426,337.422703,992.1073044,342.422703,997.1073044
496,1894,55.88,356.41849,1001.7195,BARISTAseq,L2/3,356.41849,1001.7195,350.377637,999.0221762,355.377637,1004.0221762
497,1895,144.0,353.99937,1008.2592,BARISTAseq,L2/3,353.99937,1008.2592,354.833328,1004.3856728,359.833328,1009.3856728
498,1896,33.03,354.77097,1068.705,BARISTAseq,L2/3,354.77097,1068.705,407.575938,1033.9239312,412.575938,1038.9239312
499,1897,47.64,356.31591,1091.5344,BARISTAseq,L2/3,356.31591,1091.5344,428.122397,1043.9942799,433.122397,1048.9942799
500,1898,56.12,351.79346,1116.1649,BARISTAseq,L2/3,351.79346,1116.1649,447.19683,1060.2201265,452.19683,1065.2201265
501,1899,20.12,356.58013,1158.1561,BARISTAseq,L2/3,356.58013,1158.1561,485.96087,1077.0582845,490.96087,1082.0582845
502,1900,65.88,351.02569,1181.3424,BARISTAseq,L2/3,351.02569,1181.3424,503.268706,1093.4563449,508.268706,1098.4563449
503,1901,50.59,353.00178,1186.2484,BARISTAseq,L2/3,353.00178,1186.2484,508.50566,1094.19635,513.50566,1099.19635
504,1902,141.4,351.02512,1215.7302,BARISTAseq,L2/3,351.02512,1215.7302,533.054489,1110.6414641,538.054489,1115.6414641
505,1903,29.22,357.91672,1236.0959,BARISTAseq,L2/3,357.91672,1236.0959,554.138793,1114.8494381,559.138793,1119.8494381
506,1904,72.99,357.73487,1243.3611,BARISTAseq,L2/3,357.73487,1243.3611,560.340858,1118.6375705,565.340858,1123.6375705
507,1905,33.75,355.40629,1273.0161,BARISTAseq,L2/3,355.40629,1273.0161,584.863797,1135.4740419,589.863797,1140.4740419
508,1907,44.73,350.82185,1420.6618,BARISTAseq,L1,350.82185,1420.6618,710.460762,1213.2280426,715.460762,1218.2280426
509,1923,104.1,363.21252,660.8021,BARISTAseq,L4,363.21252,660.8021,58.47663,822.7705906,63.47663,827.7705906
510,1924,60.65,359.0371,706.3681,BARISTAseq,L4,359.0371,706.3681,95.858463,849.1579737,100.858463,854.1579737
511,1925,148.9,361.70915,734.2194,BARISTAseq,L4,361.70915,734.2194,121.318069,860.7616523,126.318069,865.7616523
512,1927,104.8,363.9938,754.8002,BARISTAseq,L4,363.9938,754.8002,140.286454,869.0675695,145.286454,874.0675695
513,1928,168.6,361.03327,776.0573,BARISTAseq,L2/3,361.03327,776.0573,157.219531,882.2547639,162.219531,887.2547639
514,1929,98.56,365.37519,791.428,BARISTAseq,L2/3,365.37519,791.428,172.703091,886.1750566,177.703091,891.1750566
515,1931,81.41,361.35831,923.733,BARISTAseq,L2/3,361.35831,923.733,285.295801,955.7711957,290.295801,960.7711957
516,1932,106.1,358.63318,940.7722,BARISTAseq,L2/3,358.63318,940.7722,298.693014,966.6466586,303.693014,971.6466586
517,1933,80.49,366.50043,938.2925,BARISTAseq,L2/3,366.50043,938.2925,300.476678,958.593036,305.476678,963.593036
518,1934,111.1,363.0347,962.2396,BARISTAseq,L2/3,363.0347,962.2396,319.487271,973.5620678,324.487271,978.5620678
519,1936,115.9,363.12802,994.6894,BARISTAseq,L2/3,363.12802,994.6894,347.64127,989.6973658,352.64127,994.6973658
520,1937,70.21,362.47036,1066.6112,BARISTAseq,L2/3,362.47036,1066.6112,409.609989,1026.208556,414.609989,1031.208556
521,1938,12.06,361.67323,1071.8327,BARISTAseq,L2/3,361.67323,1071.8327,413.734383,1029.5083469,418.734383,1034.5083469
522,1939,44.93,361.75119,1104.5965,BARISTAseq,L2/3,361.75119,1104.5965,442.152663,1045.8138379,447.152663,1050.8138379
523,1941,62.57,359.90347,1115.0845,BARISTAseq,L2/3,359.90347,1115.0845,450.313852,1052.6554917,455.313852,1057.6554917
524,1942,130.1,363.67048,1154.6279,BARISTAseq,L2/3,363.67048,1154.6279,486.448121,1069.1536428,491.448121,1074.1536428
525,1943,51.1,357.50651,1203.8095,BARISTAseq,L2/3,357.50651,1203.8095,525.967923,1099.0702544,530.967923,1104.0702544
526,1944,91.17,361.49381,1222.7898,BARISTAseq,L2/3,361.49381,1222.7898,544.400855,1105.1015501,549.400855,1110.1015501
527,1972,116.6,360.80699,649.2851,BARISTAseq,L4,360.80699,649.2851,47.298751,819.0988507,52.298751,824.0988507
528,1973,90.59,375.47543,659.2471,BARISTAseq,L4,375.47543,659.2471,63.257864,811.3716035,68.257864,816.3716035
529,1974,181.1,368.99363,701.3572,BARISTAseq,L4,368.99363,701.3572,96.493673,838.0297063,101.493673,843.0297063
530,1975,140.6,361.92038,719.8587,BARISTAseq,L4,361.92038,719.8587,108.984623,853.4021947,113.984623,858.4021947
531,1976,54.01,364.13362,742.0815,BARISTAseq,L4,364.13362,742.0815,129.339603,862.5905188,134.339603,867.5905188
532,1977,123.0,370.33729,781.4744,BARISTAseq,L2/3,370.33729,781.4744,166.561167,876.9028541,171.561167,881.9028541
533,1978,80.31,365.2043,806.6281,BARISTAseq,L2/3,365.2043,806.6281,185.783704,893.9190091,190.783704,898.9190091
534,1979,11.16,370.20626,808.4263,BARISTAseq,L2/3,370.20626,808.4263,189.840934,890.4850389,194.840934,895.4850389
535,1980,140.0,366.48455,817.777,BARISTAseq,L2/3,366.48455,817.777,196.08045,898.3815266,201.08045,903.3815266
536,1981,26.42,365.64961,846.9896,BARISTAseq,L2/3,365.64961,846.9896,220.966641,913.7031749,225.966641,918.7031749
537,1982,79.74,359.66894,851.4114,BARISTAseq,L2/3,359.66894,851.4114,221.807974,921.093212,226.807974,926.093212
538,1983,73.4,368.10123,860.3679,BARISTAseq,L2/3,368.10123,860.3679,233.779775,918.2651351,238.779775,923.2651351
539,1984,61.51,363.93009,890.3795,BARISTAseq,L2/3,363.93009,890.3795,257.69086,936.8758363,262.69086,941.8758363
540,1985,90.73,369.27486,958.0669,BARISTAseq,L2/3,369.27486,958.0669,318.99133,966.0717235,323.99133,971.0717235
541,1987,83.84,363.22864,981.8795,BARISTAseq,L2/3,363.22864,981.8795,336.595892,983.2087344,341.595892,988.2087344
542,1988,71.4,368.55346,986.6967,BARISTAseq,L2/3,368.55346,986.6967,343.429395,981.0037585,348.429395,986.0037585
543,1989,115.9,369.91425,1026.0396,BARISTAseq,L2/3,369.91425,1026.0396,378.187537,999.4859262,383.187537,1004.4859262
544,1990,196.6,364.66238,1041.1063,BARISTAseq,L2/3,364.66238,1041.1063,388.613501,1011.5642784,393.613501,1016.5642784
545,1992,47.12,367.06007,1111.9209,BARISTAseq,L2/3,367.06007,1111.9209,451.149975,1044.875644,456.149975,1049.875644
546,1993,66.03,365.51211,1147.1628,BARISTAseq,L2/3,365.51211,1147.1628,480.902277,1063.8279024,485.902277,1068.8279024
547,1994,121.5,362.59351,1165.1129,BARISTAseq,L2/3,362.59351,1165.1129,494.991811,1075.3261411,499.991811,1080.3261411
548,1995,50.18,362.9134,1209.5676,BARISTAseq,L2/3,362.9134,1209.5676,533.657508,1097.2644322,538.657508,1102.2644322
549,1996,88.63,368.90671,1222.4371,BARISTAseq,L2/3,368.90671,1222.4371,547.799841,1098.5044041,552.799841,1103.5044041
550,1997,39.23,364.95154,1257.5162,BARISTAseq,L2/3,364.95154,1257.5162,576.208182,1119.4603889,581.208182,1124.4603889
551,1998,54.22,370.75088,1282.7736,BARISTAseq,L2/3,370.75088,1282.7736,600.983732,1127.0589741,605.983732,1132.0589741
552,2000,98.4,369.49907,1304.7349,BARISTAseq,L2/3,369.49907,1304.7349,619.380649,1139.1180045,624.380649,1144.1180045
553,2019,63.31,369.37428,645.7792,BARISTAseq,L4,369.37428,645.7792,48.543298,809.925993,53.543298,814.925993
554,2020,53.77,374.09892,673.8792,BARISTAseq,L4,374.09892,673.8792,75.244021,819.8760141,80.244021,824.8760141
555,2021,137.1,369.69582,689.6934,BARISTAseq,L4,369.69582,689.6934,86.741698,831.5927698,91.741698,836.5927698
556,2022,40.05,373.47129,730.3007,BARISTAseq,L4,373.47129,730.3007,123.801626,848.6151982,128.801626,853.6151982
557,2023,67.05,370.74673,736.6245,BARISTAseq,L4,370.74673,736.6245,127.9177,854.1353848,132.9177,859.1353848
558,2024,102.3,371.26587,749.0405,BARISTAseq,L4,371.26587,749.0405,138.931606,859.890353,143.931606,864.890353
559,2025,183.9,373.02611,766.723,BARISTAseq,L4,373.02611,766.723,155.127453,867.2021179,160.127453,872.2021179
560,2026,60.2,375.85111,803.2008,BARISTAseq,L2/3,375.85111,803.2008,188.135604,882.9842338,193.135604,887.9842338
561,2027,87.35,372.81009,907.787,BARISTAseq,L2/3,372.81009,907.787,277.20649,937.8831918,282.20649,942.8831918
562,2028,87.21,372.58644,919.3878,BARISTAseq,L2/3,372.58644,919.3878,287.143126,943.8741799,292.143126,948.8741799
563,2029,100.4,377.05697,932.8086,BARISTAseq,L2/3,377.05697,932.8086,301.002051,946.708693,306.002051,951.708693
564,2030,39.14,375.40548,995.4261,BARISTAseq,L2/3,375.40548,995.4261,354.4148,979.4310058,359.4148,984.4310058
565,2031,65.8,370.13109,1088.6004,BARISTAseq,L2/3,370.13109,1088.6004,432.484911,1030.5616424,437.484911,1035.5616424
566,2032,97.5,372.49243,1133.167,BARISTAseq,L2/3,372.49243,1133.167,472.26765,1050.7875534,477.26765,1055.7875534
567,2033,49.56,371.5951,1157.4572,BARISTAseq,L2/3,371.5951,1157.4572,492.858948,1063.7033472,497.858948,1068.7033472
568,2034,116.3,375.15903,1188.497,BARISTAseq,L2/3,375.15903,1188.497,521.52604,1076.1278712,526.52604,1081.1278712
569,2036,94.14,376.32101,1224.4366,BARISTAseq,L2/3,376.32101,1224.4366,553.236892,1093.0814692,558.236892,1098.0814692
570,2037,44.9,367.5946,1261.1483,BARISTAseq,L2/3,367.5946,1261.1483,580.67507,1118.9860995,585.67507,1123.9860995
571,2038,20.07,374.38619,1274.949,BARISTAseq,L2/3,374.38619,1274.949,596.022951,1119.9999866,601.022951,1124.9999866
572,2039,128.8,367.89628,1325.0564,BARISTAseq,L2/3,367.89628,1325.0564,636.181818,1150.6616056,641.181818,1155.6616056
573,2040,33.71,370.288,1333.3488,BARISTAseq,L2/3,370.288,1333.3488,644.559723,1152.7338841,649.559723,1157.7338841
574,2041,79.21,374.05067,1357.2829,BARISTAseq,L1,374.05067,1357.2829,667.171287,1161.4353164,672.171287,1166.4353164
575,2042,43.92,372.66672,1434.5544,BARISTAseq,L1,372.66672,1434.5544,733.410858,1201.2490011,738.410858,1206.2490011
576,2060,33.77,379.76005,674.082,BARISTAseq,L4,379.76005,674.082,78.248774,815.0738208,83.248774,820.0738208
577,2061,60.74,381.26592,668.8965,BARISTAseq,L4,381.26592,668.8965,74.509695,811.1781068,79.509695,816.1781068
578,2062,55.32,381.44535,682.0828,BARISTAseq,L4,381.44535,682.0828,86.021129,817.6122975,91.021129,822.6122975
579,2063,41.7,376.50221,695.0447,BARISTAseq,L4,376.50221,695.0447,94.778207,828.3713884,99.778207,833.3713884
580,2064,39.61,380.81233,696.4787,BARISTAseq,L4,380.81233,696.4787,98.174255,825.354681,103.174255,830.354681
581,2065,41.35,375.59072,706.3818,BARISTAseq,L4,375.59072,706.3818,104.142664,834.8263837,109.142664,839.8263837
582,2066,42.09,376.1585,720.3818,BARISTAseq,L4,376.1585,720.3818,116.553005,841.3308443,121.553005,846.3308443
583,2067,53.93,379.73006,725.135,BARISTAseq,L4,379.73006,725.135,122.454877,840.6125005,127.454877,845.6125005
584,2068,20.9,382.63724,717.6357,BARISTAseq,L4,382.63724,717.6357,117.411964,834.3467455,122.411964,839.3467455
585,2069,43.07,377.29257,788.0267,BARISTAseq,L2/3,377.29257,788.0267,175.712395,874.1526989,180.712395,879.1526989
586,2070,52.12,375.57105,795.4728,BARISTAseq,L2/3,375.57105,795.4728,181.301813,879.364904,186.301813,884.364904
587,2071,117.6,376.8715,815.2128,BARISTAseq,L2/3,376.8715,815.2128,199.050058,888.1031298,204.050058,893.1031298
588,2072,140.4,374.26846,825.4794,BARISTAseq,L2/3,374.26846,825.4794,206.641993,895.4883725,211.641993,900.4883725
589,2073,53.9,373.99321,866.337,BARISTAseq,L2/3,373.99321,866.337,241.894521,916.1445752,246.894521,921.1445752
590,2074,43.37,377.90041,860.7759,BARISTAseq,L2/3,377.90041,860.7759,239.030131,909.981175,244.030131,914.981175
591,2075,43.73,379.28644,904.5591,BARISTAseq,L2/3,379.28644,904.5591,277.646959,930.660408,282.646959,935.660408
592,2076,40.36,381.12986,915.8187,BARISTAseq,L2/3,381.12986,915.8187,288.321072,934.6904621,293.321072,939.6904621
593,2077,42.86,378.89171,927.1618,BARISTAseq,L2/3,378.89171,927.1618,297.027726,942.2975663,302.027726,947.2975663
594,2078,50.78,379.89872,1010.4315,BARISTAseq,L2/3,379.89872,1010.4315,369.657623,983.0377112,374.657623,988.0377112
595,2079,105.6,372.41322,1013.1285,BARISTAseq,L2/3,372.41322,1013.1285,368.252983,990.8692921,373.252983,995.8692921
596,2080,171.6,379.13103,1053.7337,BARISTAseq,L2/3,379.13103,1053.7337,406.781531,1005.3420924,411.781531,1010.3420924
597,2081,78.57,379.03609,1126.8161,BARISTAseq,L2/3,379.03609,1126.8161,470.036684,1041.9458205,475.036684,1046.9458205
598,2082,40.29,377.99038,1156.4741,BARISTAseq,L2/3,377.99038,1156.4741,495.203279,1057.672577,500.203279,1062.672577
599,2083,56.47,374.14727,1172.4968,BARISTAseq,L2/3,374.14727,1172.4968,507.16138,1069.0084645,512.16138,1074.0084645
600,2084,35.24,380.77309,1204.3641,BARISTAseq,L2/3,380.77309,1204.3641,538.075323,1079.1943366,543.075323,1084.1943366
601,2085,27.3,380.04087,1213.3884,BARISTAseq,L2/3,380.04087,1213.3884,545.526131,1084.3383071,550.526131,1089.3383071
602,2086,24.37,381.31265,1247.9622,BARISTAseq,L2/3,381.31265,1247.9622,576.108794,1100.5142595,581.108794,1105.5142595
603,2109,156.0,382.84817,635.8682,BARISTAseq,L4,382.84817,635.8682,46.691928,793.3023571,51.691928,798.3023571
604,2110,247.7,385.53081,653.5509,BARISTAseq,L4,385.53081,653.5509,63.348909,799.8152667,68.34890899999999,804.8152667
605,2111,93.1,388.99365,673.0276,BARISTAseq,L4,388.99365,673.0276,81.949745,806.5489221,86.949745,811.5489221
606,2112,39.97,385.04888,686.6247,BARISTAseq,L4,385.04888,686.6247,91.755953,816.76068,96.755953,821.76068
607,2113,24.28,383.05028,732.6828,BARISTAseq,L4,383.05028,732.6828,130.651853,841.5084526,135.651853,846.5084526
608,2114,33.85,380.8721,748.5339,BARISTAseq,L4,380.8721,748.5339,143.293269,851.3164277,148.293269,856.3164277
609,2117,68.69,383.85621,796.0399,BARISTAseq,L2/3,383.85621,796.0399,185.933353,872.4718446,190.933353,877.4718446
610,2118,40.03,386.41908,814.8593,BARISTAseq,L2/3,386.41908,814.8593,203.515137,879.6565833,208.515137,884.6565833
611,2119,45.2,385.89486,821.556,BARISTAseq,L2/3,385.89486,821.556,209.053715,883.4571913,214.053715,888.4571913
612,2120,78.1,384.43149,852.3345,BARISTAseq,L2/3,384.43149,852.3345,234.982154,900.105662,239.982154,905.105662
613,2121,38.35,385.61175,894.2803,BARISTAseq,L2/3,385.61175,894.2803,271.904642,920.0449398,276.904642,925.0449398
614,2122,119.6,382.75373,943.4548,BARISTAseq,L2/3,382.75373,943.4548,313.070416,947.094483,318.070416,952.094483
615,2123,49.26,381.24217,964.6574,BARISTAseq,L2/3,381.24217,964.6574,330.680365,958.9993604,335.680365,963.9993604
616,2125,84.23,385.77656,1045.4433,BARISTAseq,L2/3,385.77656,1045.4433,402.921504,995.4428925,407.921504,1000.4428925
617,2127,138.5,391.37905,1127.2151,BARISTAseq,L2/3,391.37905,1127.2151,476.550449,1031.4539717,481.550449,1036.4539717
618,2128,81.15,384.59423,1135.9464,BARISTAseq,L2/3,384.59423,1135.9464,480.72271,1041.6941249,485.72271,1046.6941249
619,2129,130.6,383.10959,1172.2974,BARISTAseq,L2/3,383.10959,1172.2974,511.467348,1061.1457883,516.467348,1066.1457883
620,2130,60.16,387.21436,1184.506,BARISTAseq,L2/3,387.21436,1184.506,524.093515,1063.6913464,529.093515,1068.6913464
621,2131,66.38,381.6053,1190.9949,BARISTAseq,L2/3,381.6053,1190.9949,526.911031,1071.7924886,531.911031,1076.7924886
622,2132,57.95,387.53631,1209.4181,BARISTAseq,L2/3,387.53631,1209.4181,545.832785,1075.8618005,550.832785,1080.8618005
623,2133,231.0,392.28991,1217.626,BARISTAseq,L2/3,392.28991,1217.626,555.317798,1075.8460378,560.317798,1080.8460378
624,2134,48.35,388.76857,1249.123,BARISTAseq,L2/3,388.76857,1249.123,580.840259,1094.6362009,585.840259,1099.6362009
625,2135,94.84,385.50431,1254.9639,BARISTAseq,L2/3,385.50431,1254.9639,584.268261,1100.3824999,589.268261,1105.3824999
626,2137,85.04,385.50504,1272.7557,BARISTAseq,L2/3,385.50504,1272.7557,599.679519,1109.2729546,604.679519,1114.2729546
627,2138,55.87,384.05196,1347.8467,BARISTAseq,L2/3,384.05196,1347.8467,663.995767,1148.056826,668.995767,1153.056826
628,2164,50.2,389.65445,665.0974,BARISTAseq,L4,389.65445,665.0974,75.411035,802.0136232,80.411035,807.0136232
629,2165,42.55,391.78059,694.1392,BARISTAseq,L4,391.78059,694.1392,101.628914,814.6850155,106.628914,819.6850155
630,2166,59.0,394.68155,707.543,BARISTAseq,L4,394.68155,707.543,114.688724,818.8705493,119.688724,823.8705493
631,2167,75.33,389.29235,713.5402,BARISTAseq,L4,389.29235,713.5402,117.190253,826.5355552,122.190253,831.5355552
632,2168,133.0,387.1048,736.8493,BARISTAseq,L4,387.1048,736.8493,136.286994,840.0786422,141.286994,845.0786422
633,2170,116.0,391.03565,758.6084,BARISTAseq,L4,391.03565,758.6084,157.098677,847.5474962,162.098677,852.5474962
634,2171,155.9,392.45091,786.3421,BARISTAseq,L4,392.45091,786.3421,181.828312,860.1809878,186.828312,865.1809878
635,2172,28.19,389.89404,801.6583,BARISTAseq,L4,389.89404,801.6583,193.817159,870.0496626,198.817159,875.0496626
636,2173,65.78,390.08808,845.9677,BARISTAseq,L2/3,390.08808,845.9677,232.294164,892.0243742,237.294164,897.0243742
637,2174,85.6,393.86224,861.9754,BARISTAseq,L2/3,393.86224,861.9754,248.045723,896.754763,253.045723,901.754763
638,2175,85.91,391.95648,897.5646,BARISTAseq,L2/3,391.95648,897.5646,277.920047,916.1904906,282.920047,921.1904906
639,2176,60.06,389.72019,960.6304,BARISTAseq,L2/3,389.72019,960.6304,331.428977,949.6434468,336.428977,954.6434468
640,2178,91.26,388.79133,980.4597,BARISTAseq,L2/3,388.79133,980.4597,348.140493,960.3572738,353.140493,965.3572738
641,2179,110.9,391.65489,1034.9558,BARISTAseq,L2/3,391.65489,1034.9558,396.774989,985.1102581,401.774989,990.1102581
642,2180,219.9,395.42124,1145.5702,BARISTAseq,L2/3,395.42124,1145.5702,494.46933,1037.1253291,499.46933,1042.1253291
643,2181,18.78,393.90324,1189.5686,BARISTAseq,L2/3,393.90324,1189.5686,531.821256,1060.4274829,536.821256,1065.4274829
644,2182,122.4,387.1615,1199.555,BARISTAseq,L2/3,387.1615,1199.555,537.102261,1071.2575693,542.102261,1076.2575693
645,2183,228.4,396.5166,1283.0628,BARISTAseq,L2/3,396.5166,1283.0628,614.110173,1104.8857365,619.110173,1109.8857365
646,2185,28.1,393.21156,1298.9015,BARISTAseq,L2/3,393.21156,1298.9015,626.177701,1115.6635669,631.177701,1120.6635669
647,2186,96.46,387.40014,1299.0536,BARISTAseq,L2/3,387.40014,1299.0536,623.405304,1120.7733171,628.405304,1125.7733171
648,2187,53.83,392.55264,1316.7033,BARISTAseq,L2/3,392.55264,1316.7033,641.26805,1125.1304283,646.26805,1130.1304283
649,2188,106.8,394.76592,1326.2699,BARISTAseq,L2/3,394.76592,1326.2699,650.660443,1127.9940155,655.660443,1132.9940155
650,2189,59.98,398.80939,1334.9304,BARISTAseq,L2/3,398.80939,1334.9304,660.182682,1128.8195747,665.182682,1133.8195747
651,2209,127.8,400.09855,629.7025,BARISTAseq,L4,400.09855,629.7025,49.971841,775.2792216,54.971841,780.2792216
652,2210,67.27,400.6509,677.4511,BARISTAseq,L4,400.6509,677.4511,91.606796,798.6621992,96.606796,803.6621992
653,2211,59.29,393.66492,683.1108,BARISTAseq,L4,393.66492,683.1108,93.01804,807.5416553,98.01804,812.5416553
654,2212,79.84,396.85484,698.0968,BARISTAseq,L4,396.85484,698.0968,107.592671,812.2675287,112.592671,817.2675287
655,2213,101.9,397.88014,717.7751,BARISTAseq,L4,397.88014,717.7751,125.150064,821.2133109,130.150064,826.2133109
656,2214,177.7,404.00995,737.3475,BARISTAseq,L4,404.00995,737.3475,145.166513,825.6846751,150.166513,830.6846751
657,2215,22.25,395.19652,741.0773,BARISTAseq,L4,395.19652,741.0773,143.992853,835.1825956,148.992853,840.1825956
658,2216,62.08,396.29106,772.7043,BARISTAseq,L4,396.29106,772.7043,171.934584,850.0395211,176.934584,855.0395211
659,2217,70.84,397.13333,798.2688,BARISTAseq,L4,397.13333,798.2688,194.498969,862.0853121,199.498969,867.0853121
660,2219,81.48,396.79517,811.0098,BARISTAseq,L4,396.79517,811.0098,205.365976,868.7452685,210.365976,873.7452685
661,2220,23.97,401.31565,865.5203,BARISTAseq,L2/3,401.31565,865.5203,254.840981,892.0702708,259.840981,897.0702708
662,2221,55.53,397.67308,880.0075,BARISTAseq,L2/3,397.67308,880.0075,265.569245,902.4651097,270.569245,907.4651097
663,2222,42.3,396.48142,936.4316,BARISTAseq,L2/3,396.48142,936.4316,313.8472,931.6941097,318.8472,936.6941097
664,2223,123.4,398.64848,964.1667,BARISTAseq,L2/3,398.64848,964.1667,338.953775,943.6771165,343.953775,948.6771165
665,2224,19.95,399.99936,973.0029,BARISTAseq,L2/3,399.99936,973.0029,347.282618,946.9227384,352.282618,951.9227384
666,2225,200.7,402.57725,981.0977,BARISTAseq,L2/3,402.57725,981.0977,355.58236,948.7350038,360.58236,953.7350038
667,2226,96.79,393.45794,1013.046,BARISTAseq,L2/3,393.45794,1013.046,378.698195,972.5995105,383.698195,977.5995105
668,2227,35.66,393.23762,1073.3765,BARISTAseq,L2/3,393.23762,1073.3765,430.845282,1002.9393599,435.845282,1007.9393599
669,2228,32.43,396.37012,1069.7036,BARISTAseq,L2/3,396.37012,1069.7036,429.229259,998.3905652,434.229259,1003.3905652
670,2229,55.39,397.32208,1082.9565,BARISTAseq,L2/3,397.32208,1082.9565,441.184368,1004.188857,446.184368,1009.188857
671,2230,27.48,399.26341,1086.4876,BARISTAseq,L2/3,399.26341,1086.4876,445.213077,1004.2719122,450.213077,1009.2719122
672,2231,212.5,397.62891,1105.5025,BARISTAseq,L2/3,397.62891,1105.5025,460.866615,1015.1900021,465.866615,1020.1900021
673,2232,60.38,397.87612,1117.6089,BARISTAseq,L2/3,397.87612,1117.6089,471.476524,1021.0258228,476.476524,1026.0258228
674,2233,78.11,393.92335,1157.0304,BARISTAseq,L2/3,393.92335,1157.0304,503.647363,1044.1497555,508.647363,1049.1497555
675,2234,88.02,394.48137,1164.7233,BARISTAseq,L2/3,394.48137,1164.7233,510.58965,1047.510774,515.58965,1052.510774
676,2235,85.46,396.53075,1206.2558,BARISTAseq,L2/3,396.53075,1206.2558,547.588423,1066.490676,552.588423,1071.490676
677,2236,84.97,401.36113,1298.8273,BARISTAseq,L2/3,401.36113,1298.8273,630.18604,1108.5674863,635.18604,1113.5674863
678,2239,97.02,398.70016,1374.3213,BARISTAseq,L2/3,398.70016,1374.3213,694.247783,1148.5990237,699.247783,1153.5990237
679,2260,177.6,410.95028,623.4907,BARISTAseq,L4,410.95028,623.4907,50.014254,762.7754417,55.014254,767.7754417
680,2261,40.52,405.82759,633.6942,BARISTAseq,L4,405.82759,633.6942,56.292349,772.311603,61.292349,777.311603
681,2262,22.2,406.64111,680.9908,BARISTAseq,L4,406.64111,680.9908,97.666287,795.2424739,102.666287,800.2424739
682,2263,50.19,401.92207,684.0899,BARISTAseq,L4,401.92207,684.0899,97.992439,800.8787461,102.992439,805.8787461
683,2264,55.65,403.54642,711.3412,BARISTAseq,L4,403.54642,711.3412,122.408754,813.0900727,127.408754,818.0900727
684,2265,163.5,402.0744,752.0896,BARISTAseq,L4,402.0744,752.0896,156.96864,834.7283164,161.96864,839.7283164
685,2266,97.5,401.93125,768.2551,BARISTAseq,L4,401.93125,768.2551,170.899294,842.9306615,175.899294,847.9306615
686,2267,111.2,408.0178,781.247,BARISTAseq,L4,408.0178,781.247,185.194303,844.1510805,190.194303,849.1510805
687,2268,77.73,404.03231,805.9257,BARISTAseq,L4,404.03231,805.9257,204.578879,859.9359431,209.578879,864.9359431
688,2269,122.1,399.66628,820.9777,BARISTAseq,L2/3,399.66628,820.9777,215.434763,871.2396317,220.434763,876.2396317
689,2270,257.8,401.05802,837.026,BARISTAseq,L2/3,401.05802,837.026,230.031025,878.053976,235.031025,883.053976
690,2271,77.37,402.39277,858.359,BARISTAseq,L2/3,402.39277,858.359,249.176286,887.5585876,254.176286,892.5585876
691,2273,105.4,403.0248,943.6332,BARISTAseq,L2/3,403.0248,943.6332,323.355036,929.6252365,328.355036,934.6252365
692,2274,58.39,402.03229,1005.049,BARISTAseq,L2/3,402.03229,1005.049,376.056223,961.1762453,381.056223,966.1762453
693,2275,85.92,401.89612,1031.5256,BARISTAseq,L2/3,401.89612,1031.5256,398.92174,974.5253717,403.92174,979.5253717
694,2276,101.7,407.45467,1114.4901,BARISTAseq,L2/3,407.45467,1114.4901,473.561773,1011.1705107,478.561773,1016.1705107
695,2277,82.95,402.1593,1130.3669,BARISTAseq,L2/3,402.1593,1130.3669,484.667668,1023.6913627,489.667668,1028.6913627
696,2278,102.3,404.179,1211.6639,BARISTAseq,L2/3,404.179,1211.6639,556.094889,1062.5684979,561.094889,1067.5684979
697,2279,45.05,403.36837,1251.8833,BARISTAseq,L2/3,403.36837,1251.8833,590.527135,1083.3695385,595.527135,1088.3695385
698,2280,32.37,406.55566,1288.7797,BARISTAseq,L2/3,406.55566,1288.7797,624.078868,1099.0470052,629.078868,1104.0470052
699,2281,30.96,401.34068,1306.1684,BARISTAseq,L2/3,401.34068,1306.1684,636.534525,1112.2537677,641.534525,1117.2537677
700,2282,98.52,401.97695,1385.8334,BARISTAseq,L2/3,401.97695,1385.8334,705.856797,1151.5136494,710.856797,1156.5136494
701,2303,102.9,406.5571,645.4892,BARISTAseq,L4,406.5571,645.4892,66.8735,777.5740301,71.8735,782.5740301
702,2305,75.33,413.41688,671.1656,BARISTAseq,L4,413.41688,671.1656,92.541959,784.4634952,97.541959,789.4634952
703,2307,123.1,409.01639,704.3448,BARISTAseq,L4,409.01639,704.3448,119.08211,804.8557704,124.08211,809.8557704
704,2308,58.45,408.57753,715.8965,BARISTAseq,L4,408.57753,715.8965,128.86861,811.0086092,133.86861,816.0086092
705,2309,30.81,411.18389,746.525,BARISTAseq,L4,411.18389,746.525,156.700987,824.057057,161.700987,829.057057
706,2310,43.58,410.48368,773.7166,BARISTAseq,L4,410.48368,773.7166,179.903857,838.251989,184.903857,843.251989
707,2311,39.09,411.0299,803.2657,BARISTAseq,L4,411.0299,803.2657,205.771713,852.5454623,210.771713,857.5454623
708,2312,44.13,410.47419,821.6936,BARISTAseq,L4,410.47419,821.6936,221.45591,862.235788,226.45591,867.235788
709,2313,141.7,411.83919,855.7425,BARISTAseq,L2/3,411.83919,855.7425,251.630591,878.0687358,256.630591,883.0687358
710,2314,151.8,406.41328,879.5619,BARISTAseq,L2/3,406.41328,879.5619,269.550971,894.6718082,274.550971,899.6718082
711,2315,103.7,406.07566,896.0422,BARISTAseq,L2/3,406.07566,896.0422,283.657228,903.1999747,288.657228,908.1999747
712,2317,34.85,405.292,916.4255,BARISTAseq,L2/3,405.292,916.4255,300.921185,914.06489,305.921185,919.06489
713,2318,177.0,406.99867,933.2875,BARISTAseq,L2/3,406.99867,933.2875,316.37958,921.0130394,321.37958,926.0130394
714,2319,159.3,414.60256,947.0572,BARISTAseq,L2/3,414.60256,947.0572,332.106612,921.3078793,337.106612,926.3078793
715,2320,21.07,407.955,953.2813,BARISTAseq,L2/3,407.955,953.2813,334.175786,930.1762208,339.175786,935.1762208
716,2321,109.0,413.19523,960.9927,BARISTAseq,L2/3,413.19523,960.9927,343.473983,929.4908696,348.473983,934.4908696
717,2322,70.58,408.66132,971.7703,BARISTAseq,L2/3,408.66132,971.7703,350.54356,938.8039239,355.54356,943.8039239
718,2323,38.09,410.46876,986.6342,BARISTAseq,L2/3,410.46876,986.6342,364.321598,944.6662822,369.321598,949.6662822
719,2324,71.28,409.88431,1017.0637,BARISTAseq,L2/3,409.88431,1017.0637,390.387037,960.3790827,395.387037,965.3790827
720,2325,125.5,410.81158,1045.837,BARISTAseq,L2/3,410.81158,1045.837,415.773257,973.9547654,420.773257,978.9547654
721,2327,178.0,409.29714,1079.4404,BARISTAseq,L2/3,409.29714,1079.4404,444.123097,992.059186,449.123097,997.059186
722,2328,34.09,411.03392,1104.68,BARISTAseq,L2/3,411.03392,1104.68,466.8531,1003.1678237,471.8531,1008.1678237
723,2329,76.1,412.40667,1128.3757,BARISTAseq,L2/3,412.40667,1128.3757,488.063859,1013.8202275,493.063859,1018.8202275
724,2330,53.35,404.584,1163.0045,BARISTAseq,L2/3,404.584,1163.0045,514.149436,1037.9011258,519.149436,1042.9011258
725,2331,29.66,413.13661,1190.7667,BARISTAseq,L2/3,413.13661,1190.7667,542.470583,1044.3666615,547.470583,1049.3666615
726,2332,253.5,410.5725,1197.875,BARISTAseq,L2/3,410.5725,1197.875,547.346259,1050.1398605,552.346259,1055.1398605
727,2333,50.58,408.62593,1253.2262,BARISTAseq,L2/3,408.62593,1253.2262,594.317671,1079.4866102,599.317671,1084.4866102
728,2334,26.29,412.72277,1278.5088,BARISTAseq,L2/3,412.72277,1278.5088,618.264329,1088.5725059,623.264329,1093.5725059
729,2335,31.13,407.28026,1304.0326,BARISTAseq,L2/3,407.28026,1304.0326,637.652713,1106.0416862,642.652713,1111.0416862
730,2336,60.31,413.82014,1308.8869,BARISTAseq,L2/3,413.82014,1308.8869,645.125636,1102.8028253,650.125636,1107.8028253
731,2337,163.3,412.56796,1350.9867,BARISTAseq,L2/3,412.56796,1350.9867,680.965941,1124.9259902,685.965941,1129.9259902
732,2338,33.4,412.22079,1374.0196,BARISTAseq,L2/3,412.22079,1374.0196,700.743119,1136.7369481,705.743119,1141.7369481
733,2351,39.14,417.31167,654.9849,BARISTAseq,L4,417.31167,654.9849,80.472929,773.0039412,85.472929,778.0039412
734,2352,51.2,418.6565,677.0287,BARISTAseq,L4,418.6565,677.0287,100.238869,782.8550041,105.238869,787.8550041
735,2353,61.03,416.15444,685.6576,BARISTAseq,L4,416.15444,685.6576,106.46272,789.3343678,111.46272,794.3343678
736,2354,43.59,415.98783,697.1892,BARISTAseq,L4,415.98783,697.1892,116.367867,795.2413512,121.367867,800.2413512
737,2355,40.59,415.45539,711.8999,BARISTAseq,L4,415.45539,711.8999,128.843906,803.053912,133.843906,808.053912
738,2356,95.61,413.11935,732.4666,BARISTAseq,L4,413.11935,732.4666,145.491048,815.3551718,150.491048,820.3551718
739,2357,64.3,418.198,745.3193,BARISTAseq,L4,418.198,745.3193,159.161805,817.3790468,164.161805,822.3790468
740,2358,43.92,412.06413,758.7992,BARISTAseq,L4,412.06413,758.7992,167.772549,829.428393,172.772549,834.428393
741,2360,23.29,414.14009,833.34,BARISTAseq,L4,414.14009,833.34,233.37577,864.8805132,238.37577,869.8805132
742,2361,62.38,415.26651,879.9991,BARISTAseq,L2/3,415.26651,879.9991,274.353873,887.2217772,279.353873,892.2217772
743,2362,131.2,411.36025,891.1332,BARISTAseq,L2/3,411.36025,891.1332,282.045956,896.1693516,287.045956,901.1693516
744,2363,94.17,421.56682,895.0695,BARISTAseq,L2/3,421.56682,895.0695,290.55604,889.2957059,295.55604,894.2957059
745,2364,117.5,418.16827,901.4116,BARISTAseq,L2/3,418.16827,901.4116,294.351107,895.4088161,299.351107,900.4088161
746,2365,20.23,412.50436,980.6147,BARISTAseq,L2/3,412.50436,980.6147,360.124924,939.8949839,365.124924,944.8949839
747,2367,97.03,416.00124,1010.454,BARISTAseq,L2/3,416.00124,1010.454,387.718664,951.777652,392.718664,956.777652
748,2368,152.4,414.14643,1029.8246,BARISTAseq,L2/3,414.14643,1029.8246,403.570173,963.0643117,408.570173,968.0643117
749,2369,104.8,412.80507,1057.427,BARISTAseq,L2/3,412.80507,1057.427,426.808535,978.0199288,431.808535,983.0199288
750,2370,171.5,418.45166,1114.7322,BARISTAseq,L2/3,418.45166,1114.7322,479.266982,1001.7661029,484.266982,1006.7661029
751,2371,143.1,411.88765,1138.6407,BARISTAseq,L2/3,411.88765,1138.6407,496.695885,1019.3995497,501.695885,1024.3995497
752,2373,55.49,418.10762,1231.0406,BARISTAseq,L2/3,418.10762,1231.0406,579.839182,1060.1869243,584.839182,1065.1869243
753,2374,57.44,415.09878,1237.681,BARISTAseq,L2/3,415.09878,1237.681,584.087401,1066.1115549,589.087401,1071.1115549
754,2375,95.87,415.16754,1263.9949,BARISTAseq,L2/3,415.16754,1263.9949,606.914387,1079.2018563,611.914387,1084.2018563
755,2376,32.23,412.3523,1272.7597,BARISTAseq,L2/3,412.3523,1272.7597,613.099392,1086.020373,618.099392,1091.020373
756,2377,32.06,418.00789,1282.4007,BARISTAseq,L2/3,418.00789,1282.4007,624.276549,1085.9395326,629.276549,1090.9395326
757,2378,154.3,416.52486,1301.0224,BARISTAseq,L2/3,416.52486,1301.0224,639.665128,1096.5298878,644.665128,1101.5298878
758,2379,33.53,417.19398,1315.2812,BARISTAseq,L2/3,417.19398,1315.2812,652.350261,1103.0758985,657.350261,1108.0758985
759,2380,177.3,419.28602,1365.6569,BARISTAseq,L2/3,419.28602,1365.6569,697.03014,1126.438036,702.03014,1131.438036
760,2381,55.75,415.17145,1421.5357,BARISTAseq,L1,415.17145,1421.5357,743.375176,1157.9263595,748.375176,1162.9263595
761,2382,24.5,418.5567,1426.0964,BARISTAseq,L1,418.5567,1426.0964,749.017236,1157.2732139,754.017236,1162.2732139
762,2400,155.8,422.29905,620.7539,BARISTAseq,L4,422.29905,620.7539,53.314956,751.577656,58.314956,756.577656
763,2401,50.69,420.1174,642.0987,BARISTAseq,L4,420.1174,642.0987,70.713243,764.1340319,75.713243,769.1340319
764,2402,96.59,423.35622,653.0388,BARISTAseq,L4,423.35622,653.0388,81.807819,766.795694,86.807819,771.795694
765,2403,18.27,421.27419,669.5295,BARISTAseq,L4,421.27419,669.5295,95.051317,776.8400182,100.051317,781.8400182
766,2404,69.25,422.29328,692.987,BARISTAseq,L4,422.29328,692.987,115.879013,787.6797107,120.879013,792.6797107
767,2406,74.65,425.36584,712.6323,BARISTAseq,L4,425.36584,712.6323,134.430923,794.8357136,139.430923,799.8357136
768,2407,15.57,420.5909,709.9312,BARISTAseq,L4,420.5909,709.9312,129.705089,797.6218449,134.705089,802.6218449
769,2408,62.48,418.87446,732.1509,BARISTAseq,L4,418.87446,732.1509,148.093616,810.2124555,153.093616,815.2124555
770,2409,72.65,424.05262,786.4975,BARISTAseq,L4,424.05262,786.4975,197.755283,832.885862,202.755283,837.885862
771,2411,18.97,421.69748,810.2083,BARISTAseq,L4,421.69748,810.2083,217.116225,846.7748556,222.116225,851.7748556
772,2412,49.33,422.92153,817.2304,BARISTAseq,L4,422.92153,817.2304,223.810323,849.22376,228.810323,854.22376
773,2413,116.8,420.21574,846.4508,BARISTAseq,L4,420.21574,846.4508,247.76831,866.1697794,252.76831,871.1697794
774,2414,113.7,423.23065,859.5906,BARISTAseq,L4,423.23065,859.5906,260.656413,870.1246867,265.656413,875.1246867
775,2415,49.95,419.64007,874.8757,BARISTAseq,L2/3,419.64007,874.8757,272.101703,880.8731781,277.101703,885.8731781
776,2416,80.32,428.18454,870.7301,BARISTAseq,L2/3,428.18454,870.7301,272.780777,871.400425,277.780777,876.400425
777,2417,87.74,418.00642,930.9191,BARISTAseq,L2/3,418.00642,930.9191,319.82903,910.294783,324.82903,915.294783
778,2418,169.7,423.20221,958.1366,BARISTAseq,L2/3,423.20221,958.1366,346.000808,919.3956926,351.000808,924.3956926
779,2419,77.61,418.7554,1022.3193,BARISTAseq,L2/3,418.7554,1022.3193,399.372482,955.3214915,404.372482,960.3214915
780,2420,28.9,419.15248,1042.5674,BARISTAseq,L2/3,419.15248,1042.5674,417.109438,965.0961383,422.109438,970.0961383
781,2421,42.43,418.09155,1062.0945,BARISTAseq,L2/3,418.09155,1062.0945,433.49327,975.7733853,438.49327,980.7733853
782,2422,103.6,420.8254,1102.0754,BARISTAseq,L2/3,420.8254,1102.0754,469.490115,993.3850123,474.490115,998.3850123
783,2423,57.39,422.08038,1170.8813,BARISTAseq,L2/3,422.08038,1170.8813,529.715646,1026.6823663,534.715646,1031.6823663
784,2424,114.3,423.29617,1247.4928,BARISTAseq,L2/3,423.29617,1247.4928,596.682671,1063.9143788,601.682671,1068.9143788
785,2425,36.15,420.14463,1276.2488,BARISTAseq,L2/3,420.14463,1276.2488,620.015602,1081.0143963,625.015602,1086.0143963
786,2426,19.71,422.02593,1292.8026,BARISTAseq,L2/3,422.02593,1292.8026,635.294371,1087.6573048,640.294371,1092.6573048
787,2427,147.6,423.90468,1319.7099,BARISTAseq,L2/3,423.90468,1319.7099,659.539848,1099.4763675,664.539848,1104.4763675
788,2428,103.5,423.51327,1332.5582,BARISTAseq,L2/3,423.51327,1332.5582,670.473211,1106.2360787,675.473211,1111.2360787
789,2429,112.5,423.2042,1390.4701,BARISTAseq,L2/3,423.2042,1390.4701,720.480936,1135.4441145,725.480936,1140.4441145
790,2450,67.76,430.52553,613.9701,BARISTAseq,L4,430.52553,613.9701,51.550035,741.0619945,56.550035,746.0619945
791,2451,71.6,424.89156,630.9867,BARISTAseq,L4,424.89156,630.9867,63.473971,754.4457175,68.473971,759.4457175
792,2452,57.75,424.9779,637.7954,BARISTAseq,L4,424.9779,637.7954,69.414725,757.773461,74.414725,762.773461
793,2453,28.69,430.82097,646.1874,BARISTAseq,L4,430.82097,646.1874,79.603646,756.9060305,84.603646,761.9060305
794,2454,29.0,430.66063,655.6658,BARISTAseq,L4,430.66063,655.6658,87.733552,761.7815606,92.733552,766.7815606
795,2455,50.98,426.08867,677.2103,BARISTAseq,L4,426.08867,677.2103,104.110287,776.5081676,109.110287,781.5081676
796,2456,172.3,427.36377,705.2467,BARISTAseq,L4,427.36377,705.2467,129.032027,789.4143035,134.032027,794.4143035
797,2457,168.2,429.64415,731.6191,BARISTAseq,L4,429.64415,731.6191,153.014883,800.6181771,158.014883,805.6181771
798,2458,135.1,422.73357,755.0634,BARISTAseq,L4,422.73357,755.0634,169.868472,818.3198157,174.868472,823.3198157
799,2459,143.3,429.97757,806.3875,BARISTAseq,L4,429.97757,806.3875,217.94452,837.6934259,222.94452,842.6934259
800,2460,66.08,427.44043,825.3403,BARISTAseq,L4,427.44043,825.3403,233.093185,849.362329,238.093185,854.362329
801,2461,52.25,425.51788,833.8535,BARISTAseq,L4,425.51788,833.8535,239.506359,855.2818862,244.506359,860.2818862
802,2463,84.79,427.90117,879.0265,BARISTAseq,L2/3,427.90117,879.0265,279.825389,875.7918612,284.825389,880.7918612
803,2464,98.05,429.48741,889.8045,BARISTAseq,L2/3,429.48741,889.8045,289.953756,879.803959,294.953756,884.803959
804,2465,61.38,428.7895,926.1899,BARISTAseq,L2/3,428.7895,926.1899,321.121372,898.5913876,326.121372,903.5913876
805,2466,89.87,424.23778,1002.0437,BARISTAseq,L2/3,424.23778,1002.0437,384.549869,940.440439,389.549869,945.440439
806,2467,27.36,428.04464,1015.0796,BARISTAseq,L2/3,428.04464,1015.0796,397.743738,943.657449,402.743738,948.657449
807,2468,91.31,428.73334,1036.7651,BARISTAseq,L2/3,428.73334,1036.7651,416.871402,953.8977714,421.871402,958.8977714
808,2469,31.71,425.27072,1042.009,BARISTAseq,L2/3,425.27072,1042.009,419.683201,959.5175717,424.683201,964.5175717
809,2470,70.35,427.10998,1062.1893,BARISTAseq,L2/3,427.10998,1062.1893,438.08218,968.0091753,443.08218,973.0091753
810,2471,111.8,432.06116,1126.7369,BARISTAseq,L2/3,432.06116,1126.7369,496.466279,995.9769023,501.466279,1000.9769023
811,2472,150.7,426.55542,1158.725,BARISTAseq,L2/3,426.55542,1158.725,521.422423,1016.7313109,526.422423,1021.7313109
812,2473,44.71,430.26247,1174.1042,BARISTAseq,L2/3,430.26247,1174.1042,536.596135,1021.2058036,541.596135,1026.2058035999999
813,2474,25.61,429.96279,1223.7817,BARISTAseq,L2/3,429.96279,1223.7817,579.476092,1046.2907252,584.476092,1051.2907252
814,2475,41.91,423.88078,1225.0308,BARISTAseq,L2/3,423.88078,1225.0308,577.518663,1052.1830531,582.518663,1057.1830531
815,2476,97.52,430.64252,1240.6976,BARISTAseq,L2/3,430.64252,1240.6976,594.468002,1054.1553396,599.468002,1059.1553396
816,2477,26.37,427.0841,1294.0,BARISTAseq,L2/3,427.0841,1294.0,638.859263,1083.8743949,643.859263,1088.8743949
817,2478,39.3,426.39659,1306.2783,BARISTAseq,L2/3,426.39659,1306.2783,649.150904,1090.605728,654.150904,1095.605728
818,2479,19.15,430.32575,1333.06,BARISTAseq,L2/3,430.32575,1333.06,674.312249,1100.5859981,679.312249,1105.5859981
819,2480,32.79,432.2235,1423.1475,BARISTAseq,L2/3,432.2235,1423.1475,753.292701,1143.9616512,758.292701,1148.9616512
820,2504,133.0,435.53853,605.3436,BARISTAseq,L4,435.53853,605.3436,46.583021,732.4088762,51.583021,737.4088762
821,2505,79.08,436.92759,650.658,BARISTAseq,L4,436.92759,650.658,86.527712,753.8507084,91.527712,758.8507084
822,2506,27.59,431.62437,661.9641,BARISTAseq,L4,431.62437,661.9641,93.670617,764.0942285,98.670617,769.0942285
823,2507,62.0,434.63509,683.5056,BARISTAseq,L4,434.63509,683.5056,113.834027,772.2513529,118.834027,777.2513529
824,2508,28.29,435.45947,749.5669,BARISTAseq,L4,435.45947,749.5669,171.467065,804.5501384,176.467065,809.5501384
825,2509,79.23,428.68803,772.1683,BARISTAseq,L4,428.68803,772.1683,187.660033,821.7100037,192.660033,826.7100037
826,2510,113.3,440.96728,774.674,BARISTAseq,L4,440.96728,774.674,195.966739,812.326131,200.966739,817.326131
827,2511,108.1,431.97097,780.0026,BARISTAseq,L4,431.97097,780.0026,196.086591,822.7814521,201.086591,827.7814521
828,2512,89.53,434.93086,794.5752,BARISTAseq,L4,434.93086,794.5752,210.188211,827.499997,215.188211,832.499997
829,2513,93.03,430.81716,815.5802,BARISTAseq,L4,430.81716,815.5802,226.326586,841.5600321,231.326586,846.5600321
830,2514,130.9,434.50256,826.6107,BARISTAseq,L4,434.50256,826.6107,237.722696,843.8800787,242.722696,848.8800787
831,2515,271.7,436.02255,846.7566,BARISTAseq,L4,436.02255,846.7566,255.932314,852.631027,260.932314,857.631027
832,2516,89.89,441.27817,857.3978,BARISTAseq,L4,441.27817,857.3978,267.775902,853.3964347,272.775902,858.3964347
833,2517,126.8,433.7299,863.8274,BARISTAseq,L4,433.7299,863.8274,269.572981,863.147656,274.572981,868.147656
834,2518,39.13,433.53466,898.4549,BARISTAseq,L2/3,433.53466,898.4549,299.469158,880.6212144,304.469158,885.6212144
835,2520,23.94,435.66124,955.6524,BARISTAseq,L2/3,435.66124,955.6524,350.075193,907.3624861,355.075193,912.3624861
836,2521,95.91,429.40273,990.4109,BARISTAseq,L2/3,429.40273,990.4109,377.054835,930.1533996,382.054835,935.1533996
837,2522,132.6,432.03476,1022.8658,BARISTAseq,L2/3,432.03476,1022.8658,406.481972,944.0922782,411.481972,949.0922782
838,2523,56.78,435.35316,1119.3872,BARISTAseq,L2/3,435.35316,1119.3872,491.745246,989.4525875,496.745246,994.4525875
839,2524,17.89,432.89541,1143.9532,BARISTAseq,L2/3,432.89541,1143.9532,511.795635,1003.8578119,516.795635,1008.8578119
840,2525,70.59,435.42531,1170.5394,BARISTAseq,L2/3,435.42531,1170.5394,536.088341,1014.9523707,541.088341,1019.9523707
841,2526,79.83,432.86495,1216.4676,BARISTAseq,L2/3,432.86495,1216.4676,574.591049,1040.1218502,579.591049,1045.1218502
842,2527,143.6,431.82891,1251.8694,BARISTAseq,L2/3,431.82891,1251.8694,604.737624,1058.7105675,609.737624,1063.7105675
843,2529,41.2,435.34173,1289.554,BARISTAseq,L2/3,435.34173,1289.554,639.134813,1074.4999843,644.134813,1079.4999843
844,2530,20.28,432.3237,1304.5217,BARISTAseq,L2/3,432.3237,1304.5217,650.59132,1084.5939434,655.59132,1089.5939434
845,2531,159.7,432.33238,1352.0262,BARISTAseq,L2/3,432.33238,1352.0262,691.743206,1108.3258908,696.743206,1113.3258908
846,2532,71.49,433.33513,1368.1005,BARISTAseq,L2/3,433.33513,1368.1005,706.167539,1115.4901225,711.167539,1120.4901225
847,2557,38.45,441.12268,599.7949,BARISTAseq,L4,441.12268,599.7949,44.56741,724.799143,49.56741,729.799143
848,2558,13.49,435.66787,658.3319,BARISTAseq,L4,435.66787,658.3319,92.545172,758.7767373,97.545172,763.7767373
849,2559,98.51,440.20364,663.64,BARISTAseq,L4,440.20364,663.64,99.409605,757.5005505,104.409605,762.5005505
850,2560,112.1,436.96984,692.3733,BARISTAseq,L4,436.96984,692.3733,122.681815,774.6605054,127.681815,779.6605054
851,2561,94.04,442.32556,703.2704,BARISTAseq,L4,442.32556,703.2704,134.797088,775.4670937,139.797088,780.4670937
852,2562,68.91,440.65776,732.82,BARISTAseq,L4,440.65776,732.82,159.558943,791.6785319,164.558943,796.6785319
853,2563,44.96,441.43622,750.3532,BARISTAseq,L4,441.43622,750.3532,175.13484,799.766093,180.13484,804.766093
854,2564,63.22,434.58557,764.8527,BARISTAseq,L4,434.58557,764.8527,184.27056,812.9458353,189.27056,817.9458353
855,2565,32.89,437.593,788.731,BARISTAseq,L4,437.593,788.731,206.456426,822.2735804,211.456426,827.2735804
856,2566,102.3,441.37748,874.5631,BARISTAseq,L4,441.37748,874.5631,282.69376,861.8884125,287.69376,866.8884125
857,2567,59.64,439.10061,890.4136,BARISTAseq,L2/3,439.10061,890.4136,295.28539,871.7816024,300.28539,876.7816024
858,2568,35.32,442.66477,901.5816,BARISTAseq,L2/3,442.66477,901.5816,306.74004,874.2753857,311.74004,879.2753857
859,2569,92.66,438.2084,925.1213,BARISTAseq,L2/3,438.2084,925.1213,324.902625,889.8988656,329.902625,894.8988656
860,2570,39.32,446.14268,928.4161,BARISTAseq,L2/3,446.14268,928.4161,331.721591,884.6729047,336.721591,889.6729047
861,2571,46.91,446.53805,947.2552,BARISTAseq,L2/3,446.53805,947.2552,348.237174,893.7448721,353.237174,898.7448721
862,2574,75.92,437.89798,986.8917,BARISTAseq,L2/3,437.89798,986.8917,378.251863,921.0362893,383.251863,926.0362893
863,2576,116.9,436.43224,1044.6837,BARISTAseq,L2/3,436.43224,1044.6837,427.577748,951.1863136,432.577748,956.1863136
864,2577,155.8,444.17793,1056.6158,BARISTAseq,L2/3,444.17793,1056.6158,441.783874,950.4399792,446.783874,955.4399792
865,2578,65.91,438.09842,1063.4081,BARISTAseq,L2/3,438.09842,1063.4081,444.629066,959.1002287,449.629066,964.1002287
866,2579,93.84,438.91306,1075.6336,BARISTAseq,L2/3,438.91306,1075.6336,455.625739,964.5040929,460.625739,969.5040929
867,2580,51.71,439.40566,1088.3405,BARISTAseq,L2/3,439.40566,1088.3405,466.878339,970.4274118,471.878339,975.4274118
868,2582,78.03,441.30584,1124.5056,BARISTAseq,L2/3,441.30584,1124.5056,499.153477,986.8543201,504.153477,991.8543201
869,2583,89.08,439.13791,1146.063,BARISTAseq,L2/3,439.13791,1146.063,516.742731,999.5050359,521.742731,1004.5050359
870,2584,48.37,439.89269,1165.0566,BARISTAseq,L2/3,439.89269,1165.0566,533.571736,1008.3428992,538.571736,1013.3428992
871,2585,33.22,439.22683,1176.51,BARISTAseq,L2/3,439.22683,1176.51,543.159739,1014.6432786,548.159739,1019.6432786
872,2586,135.3,437.89669,1204.2925,BARISTAseq,L2/3,437.89669,1204.2925,566.559704,1029.679177,571.559704,1034.679177
873,2587,149.1,450.09231,1208.1059,BARISTAseq,L2/3,450.09231,1208.1059,575.957356,1021.0212554,580.957356,1026.0212554
874,2588,29.41,439.66423,1278.0687,BARISTAseq,L2/3,439.66423,1278.0687,631.346518,1065.0163481,636.346518,1070.0163481
875,2589,97.4,442.46178,1283.4083,BARISTAseq,L2/3,442.46178,1283.4083,637.369656,1065.2615584,642.369656,1070.2615584
876,2590,154.6,435.2552,1309.8661,BARISTAseq,L2/3,435.2552,1309.8661,656.685555,1084.7255251,661.685555,1089.7255251
877,2609,65.29,442.02152,617.3038,BARISTAseq,L4,442.02152,617.3038,60.182509,732.7703385,65.18250900000001,737.7703385
878,2610,71.26,443.81003,657.7182,BARISTAseq,L4,443.81003,657.7182,96.082484,751.4174664,101.082484,756.4174664
879,2611,100.8,451.03118,673.488,BARISTAseq,L4,451.03118,673.488,113.350561,753.0432561,118.350561,758.0432561
880,2612,140.3,447.26709,684.6801,BARISTAseq,L4,447.26709,684.6801,121.163906,761.8966708,126.163906,766.8966708
881,2613,62.09,445.15945,691.8181,BARISTAseq,L4,445.15945,691.8181,126.293514,767.2893733,131.29351400000002,772.2893733
882,2614,58.74,450.6985,717.1499,BARISTAseq,L4,450.6985,717.1499,151.003429,775.1505941,156.003429,780.1505941
883,2615,27.38,445.27765,718.2889,BARISTAseq,L4,445.27765,718.2889,149.281051,780.4152231,154.281051,785.4152231
884,2616,54.06,445.63662,756.6432,BARISTAseq,L4,445.63662,756.6432,182.682212,799.2710979,187.682212,804.2710979
885,2617,60.65,450.51953,793.1881,BARISTAseq,L4,450.51953,793.1881,216.776857,813.3042117,221.776857,818.3042117
886,2618,79.91,442.90898,798.0334,BARISTAseq,L4,442.90898,798.0334,217.170555,822.3176714,222.170555,827.3176714
887,2619,77.45,444.69873,828.0576,BARISTAseq,L4,444.69873,828.0576,244.071362,835.771435,249.071362,840.771435
888,2620,47.88,448.77391,868.8208,BARISTAseq,L4,448.77391,868.8208,281.416137,852.612179,286.416137,857.612179
889,2621,73.48,440.91578,882.8528,BARISTAseq,L4,440.91578,882.8528,289.643411,866.430945,294.643411,871.430945
890,2623,77.64,442.76565,943.4608,BARISTAseq,L2/3,442.76565,943.4608,343.065378,895.116289,348.065378,900.116289
891,2625,89.85,447.31044,1020.1125,BARISTAseq,L2/3,447.31044,1020.1125,411.730774,929.484835,416.730774,934.484835
892,2626,89.22,445.02095,1040.1113,BARISTAseq,L2/3,445.02095,1040.1113,427.90923,941.4619523,432.90923,946.4619523
893,2627,71.77,446.12421,1049.0085,BARISTAseq,L2/3,446.12421,1049.0085,436.167185,944.9525504,441.167185,949.9525504
894,2628,65.52,446.1738,1069.795,BARISTAseq,L2/3,446.1738,1069.795,454.196834,955.2972346,459.196834,960.2972346
895,2629,227.5,449.2529,1084.3355,BARISTAseq,L2/3,449.2529,1084.3355,468.330295,959.8965291,473.330295,964.8965291
896,2630,34.85,447.20648,1108.1587,BARISTAseq,L2/3,447.20648,1108.1587,487.942817,973.5742493,492.942817,978.5742493
897,2632,55.27,450.44415,1149.1178,BARISTAseq,L2/3,450.44415,1149.1178,525.038746,991.2383307,530.038746,996.2383307
898,2633,31.13,447.11608,1162.1146,BARISTAseq,L2/3,447.11608,1162.1146,534.633199,1000.6159343,539.633199,1005.6159343
899,2634,48.75,445.13717,1173.2963,BARISTAseq,L2/3,445.13717,1173.2963,543.329626,1007.9178443,548.329626,1012.9178443
900,2635,169.4,449.377,1185.1895,BARISTAseq,L2/3,449.377,1185.1895,555.750074,1010.1887876,560.750074,1015.1887876
901,2637,103.7,447.08546,1241.3968,BARISTAseq,L2/3,447.08546,1241.3968,603.290636,1040.262172,608.290636,1045.262172
902,2638,57.59,449.01635,1275.9853,BARISTAseq,L2/3,449.01635,1275.9853,634.215523,1055.8746255,639.215523,1060.8746255
903,2639,39.79,444.39494,1292.9891,BARISTAseq,L2/3,444.39494,1292.9891,646.634431,1068.3749101,651.634431,1073.3749101
904,2640,52.63,448.84247,1287.942,BARISTAseq,L2/3,448.84247,1287.942,644.485254,1062.0003392,649.485254,1067.0003392
905,2641,69.79,448.88581,1317.0309,BARISTAseq,L2/3,448.88581,1317.0309,669.703126,1076.4993759,674.703126,1081.4993759
906,2642,27.77,443.70646,1439.2193,BARISTAseq,L2/3,443.70646,1439.2193,772.952163,1142.046882,777.952163,1147.046882
907,2659,25.6,450.67232,665.9226,BARISTAseq,L4,450.67232,665.9226,106.618209,749.5734292,111.618209,754.5734292
908,2661,37.86,449.71021,743.6415,BARISTAseq,L4,449.71021,743.6415,173.456073,789.2452895,178.456073,794.2452895
909,2662,44.63,455.48052,753.7903,BARISTAseq,L4,455.48052,753.7903,185.130429,789.3188467,190.130429,794.3188467
910,2663,80.65,450.66172,819.1632,BARISTAseq,L4,450.66172,819.1632,239.347062,826.1615953,244.347062,831.1615953
911,2664,118.4,453.69782,858.1873,BARISTAseq,L4,453.69782,858.1873,274.666213,843.0332916,279.666213,848.0332916
912,2665,87.3,449.02672,885.975,BARISTAseq,L4,449.02672,885.975,296.401142,860.9656927,301.401142,865.9656927
913,2666,62.43,452.93763,900.4166,BARISTAseq,L4,452.93763,900.4166,310.864539,864.7950177,315.864539,869.7950177
914,2667,106.6,452.33044,913.6065,BARISTAseq,L2/3,452.33044,913.6065,321.985988,871.9123624,326.985988,876.9123624
915,2668,56.36,454.16588,942.3531,BARISTAseq,L2/3,454.16588,942.3531,347.802991,884.688095,352.802991,889.688095
916,2669,64.28,452.43565,955.8588,BARISTAseq,L2/3,452.43565,955.8588,358.636723,892.9359977,363.636723,897.9359977
917,2670,156.9,453.76178,966.4559,BARISTAseq,L2/3,453.76178,966.4559,368.478408,897.0829996,373.478408,902.0829996
918,2671,26.87,450.14263,987.3719,BARISTAseq,L2/3,450.14263,987.3719,384.786823,910.6701851,389.786823,915.6701851
919,2672,192.6,454.63308,1036.6043,BARISTAseq,L2/3,454.63308,1036.6043,429.675072,931.3835956,434.675072,936.3835956
920,2673,144.6,461.44371,1088.4954,BARISTAseq,L2/3,461.44371,1088.4954,478.025636,951.4159015,483.025636,956.4159015
921,2674,62.82,452.77504,1101.503,BARISTAseq,L2/3,452.77504,1101.503,484.960572,965.4248334,489.960572,970.4248334
922,2675,50.58,455.27123,1108.5743,BARISTAseq,L2/3,455.27123,1108.5743,492.333005,966.7964131,497.333005,971.7964131
923,2676,63.01,452.11269,1133.0722,BARISTAseq,L2/3,452.11269,1133.0722,511.974226,981.7746318,516.974226,986.7746318
924,2677,47.89,448.3188,1155.158,BARISTAseq,L2/3,448.3188,1155.158,529.208571,996.0977488,534.208571,1001.0977488
925,2678,78.64,452.10291,1198.1923,BARISTAseq,L2/3,452.10291,1198.1923,568.375087,1014.3255538,573.375087,1019.3255538
926,2679,63.21,451.52311,1257.2463,BARISTAseq,L2/3,451.52311,1257.2463,619.236829,1044.338859,624.236829,1049.338859
927,2680,20.48,453.45564,1252.6696,BARISTAseq,L2/3,453.45564,1252.6696,616.23831,1040.3778106,621.23831,1045.3778106
928,2681,76.92,446.42279,1263.0061,BARISTAseq,L2/3,446.42279,1263.0061,621.677088,1051.6350082,626.677088,1056.6350082
929,2684,49.35,453.50374,1306.545,BARISTAseq,L2/3,453.50374,1306.545,662.928199,1067.2593148,667.928199,1072.2593148
930,2685,25.33,452.47383,1353.2447,BARISTAseq,L2/3,452.47383,1353.2447,702.863893,1091.4886355,707.863893,1096.4886355
931,2701,120.2,462.2313,611.164,BARISTAseq,L4,462.2313,611.164,64.963723,712.1967367,69.963723,717.1967367
932,2704,70.73,455.54575,644.0245,BARISTAseq,L4,455.54575,644.0245,90.085907,734.4090238,95.085907,739.4090238
933,2705,105.2,457.47815,660.6114,BARISTAseq,L4,457.47815,660.6114,105.418838,741.0241918,110.418838,746.0241918
934,2706,67.9,457.54978,711.5217,BARISTAseq,L4,457.54978,711.5217,149.552176,766.4035614,154.552176,771.4035614
935,2707,154.2,462.68711,724.5391,BARISTAseq,L4,462.68711,724.5391,163.394931,768.4589237,168.394931,773.4589237
936,2708,55.58,456.28042,740.2027,BARISTAseq,L4,456.28042,740.2027,173.760809,781.835835,178.760809,786.835835
937,2709,21.99,460.86654,806.5086,BARISTAseq,L4,460.86654,806.5086,233.485573,810.9985096,238.485573,815.9985096
938,2710,129.4,458.05753,813.3872,BARISTAseq,L4,458.05753,813.3872,238.039864,816.8690141,243.039864,821.8690141
939,2711,132.3,455.01989,830.3337,BARISTAseq,L4,455.01989,830.3337,251.200636,827.9688665,256.20063600000003,832.9688665
940,2712,22.34,458.67526,837.0414,BARISTAseq,L4,458.67526,837.0414,258.837411,828.1546804,263.837411,833.1546804
941,2714,39.99,462.08845,891.2084,BARISTAseq,L4,462.08845,891.2084,307.461546,852.2671535,312.461546,857.2671535
942,2715,19.46,456.30722,905.1195,BARISTAseq,L4,456.30722,905.1195,316.621985,864.2265216,321.621985,869.2265216
943,2716,22.05,460.03628,937.3506,BARISTAseq,L2/3,460.03628,937.3506,346.403455,877.1033238,351.403455,882.1033238
944,2717,63.83,460.72519,958.4259,BARISTAseq,L2/3,460.72519,958.4259,365.002758,887.038572,370.002758,892.038572
945,2718,22.62,461.69523,973.6175,BARISTAseq,L2/3,461.69523,973.6175,378.646263,893.7900785,383.646263,898.7900785
946,2719,84.37,458.28512,986.8537,BARISTAseq,L2/3,458.28512,986.8537,388.407009,903.3583403,393.407009,908.3583403
947,2720,71.76,455.91083,1016.4929,BARISTAseq,L2/3,455.91083,1016.4929,412.893436,920.2265269,417.893436,925.2265269
948,2721,134.2,465.19888,1042.1549,BARISTAseq,L2/3,465.19888,1042.1549,439.762874,925.0054573,444.762874,930.0054573
949,2722,74.04,455.82373,1064.7565,BARISTAseq,L2/3,455.82373,1064.7565,454.654906,944.4207311,459.654906,949.4207311
950,2723,59.65,459.85916,1077.2568,BARISTAseq,L2/3,459.85916,1077.2568,467.499113,947.1721354,472.499113,952.1721354
951,2724,40.27,457.227,1098.0074,BARISTAseq,L2/3,457.227,1098.0074,484.157499,959.8217512,489.157499,964.8217512
952,2725,53.42,454.94421,1126.09,BARISTAseq,L2/3,454.94421,1126.09,507.341337,975.8327858,512.3413370000001,980.8327858
953,2726,57.83,457.88179,1146.299,BARISTAseq,L2/3,457.88179,1146.299,526.313953,983.3873352,531.313953,988.3873352
954,2727,38.41,462.00988,1208.5531,BARISTAseq,L2/3,462.00988,1208.5531,582.300227,1010.9219249,587.300227,1015.9219249
955,2728,110.8,456.26399,1299.708,BARISTAseq,L2/3,456.26399,1299.708,658.3855,1061.451782,663.3855,1066.451782
956,2729,47.45,462.3412,1331.8602,BARISTAseq,L2/3,462.3412,1331.8602,689.272119,1072.255254,694.272119,1077.255254
957,2730,58.03,455.395,1346.8817,BARISTAseq,L2/3,455.395,1346.8817,698.812227,1085.7786213,703.812227,1090.7786213
958,2731,20.69,457.18756,1354.4892,BARISTAseq,L2/3,457.18756,1354.4892,706.297445,1088.0276127,711.297445,1093.0276127
959,2732,59.67,461.17283,1350.62,BARISTAseq,L2/3,461.17283,1350.62,704.937608,1082.6421033,709.937608,1087.6421033
960,2733,22.92,460.28196,1376.99,BARISTAseq,L2/3,460.28196,1376.99,727.333607,1096.591648,732.333607,1101.591648
961,2734,85.09,457.4281,1406.7747,BARISTAseq,L2/3,457.4281,1406.7747,751.706433,1113.9479413,756.706433,1118.9479413
962,2751,44.69,465.69839,713.0781,BARISTAseq,L4,465.69839,713.0781,154.972438,760.1231909,159.972438,765.1231909
963,2753,89.02,465.52516,750.5465,BARISTAseq,L4,465.52516,750.5465,187.340266,778.9973129,192.340266,783.9973129
964,2754,63.32,462.40834,758.6746,BARISTAseq,L4,462.40834,758.6746,192.823151,785.7589248,197.823151,790.7589248
965,2756,252.8,461.34589,786.0595,BARISTAseq,L4,461.34589,786.0595,216.012472,800.3642491,221.012472,805.3642491
966,2757,21.37,466.0301,807.0447,BARISTAseq,L4,466.0301,807.0447,236.530254,806.7937993,241.530254,811.7937993
967,2758,28.4,468.5039,832.4562,BARISTAseq,L4,468.5039,832.4562,259.777508,817.3499647,264.777508,822.3499647
968,2759,121.7,463.01441,838.6189,BARISTAseq,L4,463.01441,838.6189,262.372262,825.1845519,267.372262,830.1845519
969,2760,182.6,464.4004,883.8568,BARISTAseq,L4,464.4004,883.8568,302.249075,846.5907612,307.249075,851.5907612
970,2761,224.6,464.7053,904.9313,BARISTAseq,L4,464.7053,904.9313,320.655765,856.8582191,325.655765,861.8582191
971,2762,55.3,462.95524,967.3817,BARISTAseq,L2/3,462.95524,967.3817,373.874578,889.5824596,378.874578,894.5824596
972,2763,85.46,464.78284,1002.1497,BARISTAseq,L2/3,464.78284,1002.1497,404.903237,905.3740295,409.903237,910.3740295
973,2764,113.3,464.98303,1019.3181,BARISTAseq,L2/3,464.98303,1019.3181,419.874275,913.7802243,424.874275,918.7802243
974,2766,59.28,464.89794,1071.354,BARISTAseq,L2/3,464.89794,1071.354,464.904255,939.857838,469.904255,944.857838
975,2767,40.3,464.11302,1098.1608,BARISTAseq,L2/3,464.11302,1098.1608,487.731553,953.9338854,492.731553,958.9338854
976,2768,20.2,468.07923,1114.031,BARISTAseq,L2/3,468.07923,1114.031,503.460028,958.4292294,508.460028,963.4292294
977,2769,92.32,465.84586,1120.8416,BARISTAseq,L2/3,465.84586,1120.8416,508.243127,963.7671798,513.243127,968.7671798
978,2770,20.26,461.60175,1116.035,BARISTAseq,L2/3,461.60175,1116.035,501.95886,965.0413624,506.95886,970.0413624
979,2771,134.3,460.25474,1196.4054,BARISTAseq,L2/3,460.25474,1196.4054,570.901052,1006.3716402,575.901052,1011.3716402
980,2772,55.28,468.17927,1217.5357,BARISTAseq,L2/3,468.17927,1217.5357,593.163824,1010.0669976,598.163824,1015.0669976
981,2773,126.3,459.94575,1222.316,BARISTAseq,L2/3,459.94575,1222.316,593.189881,1019.5875773,598.189881,1024.5875773
982,2775,51.96,467.23979,1281.5861,BARISTAseq,L2/3,467.23979,1281.5861,648.173551,1042.8886669,653.173551,1047.8886669
983,2776,110.5,465.04501,1293.6656,BARISTAseq,L2/3,465.04501,1293.6656,657.539813,1050.8262478,662.539813,1055.8262478
984,2777,79.46,461.95791,1339.3673,BARISTAseq,L2/3,461.95791,1339.3673,695.583096,1076.3387929,700.583096,1081.3387929
985,2778,47.93,463.08453,1359.6033,BARISTAseq,L2/3,463.08453,1359.6033,713.674134,1085.4754706,718.674134,1090.4754706
986,2779,149.5,466.9665,1400.7996,BARISTAseq,L2/3,466.9665,1400.7996,751.297538,1102.7000268,756.297538,1107.7000268
987,2780,47.15,465.9168,1441.7726,BARISTAseq,L2/3,465.9168,1441.7726,786.262972,1124.0846775,791.262972,1129.0846775
988,2800,26.93,471.77979,620.333,BARISTAseq,L4,471.77979,620.333,77.677466,708.5080704,82.677466,713.5080704
989,2801,135.5,467.96294,639.8786,BARISTAseq,L4,467.96294,639.8786,92.700097,721.5816857,97.700097,726.5816857
990,2802,105.8,469.36016,652.6158,BARISTAseq,L4,469.36016,652.6158,104.430998,726.7365694,109.430998,731.7365694
991,2803,31.35,471.50008,668.7464,BARISTAseq,L4,471.50008,668.7464,119.472412,732.9439705,124.472412,737.9439705
992,2804,174.4,468.93164,676.7489,BARISTAseq,L4,468.93164,676.7489,125.12048,739.1677838,130.12048,744.1677838
993,2805,132.3,472.60461,693.3307,BARISTAseq,L4,472.60461,693.3307,141.318812,744.272751,146.318812,749.272751
994,2806,29.68,468.21993,708.5077,BARISTAseq,L4,468.21993,708.5077,152.273696,755.655084,157.273696,760.655084
995,2807,39.16,478.12766,723.022,BARISTAseq,L4,478.12766,723.022,169.796955,754.3264712,174.796955,759.3264712
996,2808,129.4,470.47249,822.4988,BARISTAseq,L4,470.47249,822.4988,252.136352,810.6687901,257.136352,815.6687901
997,2809,97.9,472.50368,851.9433,BARISTAseq,L4,472.50368,851.9433,278.655635,823.6237027,283.655635,828.6237027
998,2810,43.45,470.39355,890.9099,BARISTAseq,L4,470.39355,890.9099,311.353302,844.9242623,316.353302,849.9242623
999,2811,155.7,465.07505,919.28,BARISTAseq,L4,465.07505,919.28,333.269097,863.708421,338.269097,868.708421
1000,2812,55.01,469.10419,934.0787,BARISTAseq,L4,469.10419,934.0787,348.100983,867.6138434,353.100983,872.6138434
1001,2813,64.32,466.80206,940.9442,BARISTAseq,L2/3,466.80206,940.9442,352.897293,873.0387923,357.897293,878.0387923
1002,2816,73.48,469.32213,991.476,BARISTAseq,L2/3,469.32213,991.476,397.926357,896.1082423,402.926357,901.1082423
1003,2817,185.0,471.82042,1009.0764,BARISTAseq,L2/3,471.82042,1009.0764,414.419891,902.739678,419.419891,907.739678
1004,2818,51.1,467.48524,1065.1484,BARISTAseq,L2/3,467.48524,1065.1484,460.822032,934.5156414,465.822032,939.5156414
1005,2819,48.83,471.81754,1073.5273,BARISTAseq,L2/3,471.81754,1073.5273,470.244647,934.9502665,475.244647,939.9502665
1006,2820,39.05,473.93213,1148.1359,BARISTAseq,L2/3,473.93213,1148.1359,535.925947,970.402834,540.925947,975.402834
1007,2821,72.34,470.72784,1154.0625,BARISTAseq,L2/3,470.72784,1154.0625,539.45818,976.1400263,544.45818,981.1400263
1008,2822,61.89,473.63316,1178.0819,BARISTAseq,L2/3,473.63316,1178.0819,561.715139,985.6266727,566.715139,990.6266727
1009,2823,111.1,468.79692,1188.5763,BARISTAseq,L2/3,468.79692,1188.5763,568.388414,995.0601313,573.388414,1000.0601313
1010,2824,57.42,467.3355,1201.9594,BARISTAseq,L2/3,467.3355,1201.9594,579.250299,1003.0139293,584.250299,1008.0139293
1011,2825,76.73,473.75646,1275.1976,BARISTAseq,L2/3,473.75646,1275.1976,645.896594,1034.0515627,650.896594,1039.0515627
1012,2827,145.4,473.31617,1365.3319,BARISTAseq,L2/3,473.31617,1365.3319,723.749146,1079.4757332,728.749146,1084.4757332
1013,2828,114.6,465.15332,1368.6577,BARISTAseq,L2/3,465.15332,1368.6577,722.550725,1088.20828,727.550725,1093.20828
1014,2830,28.98,472.57336,1446.3464,BARISTAseq,L2/3,472.57336,1446.3464,793.551195,1120.6045573,798.551195,1125.6045573
1015,2847,80.08,481.69777,585.7938,BARISTAseq,L4,481.69777,585.7938,52.716502,682.6569852,57.716502,687.6569852
1016,2848,77.73,473.01618,591.3219,BARISTAseq,L4,473.01618,591.3219,53.166404,692.9393819,58.166404,697.9393819
1017,2849,122.6,472.08565,599.7205,BARISTAseq,L4,472.08565,599.7205,59.976139,697.9424494,64.976139,702.9424494
1018,2850,184.1,477.5408,620.747,BARISTAseq,L4,477.5408,620.747,80.915009,703.7248782,85.915009,708.7248782
1019,2851,28.75,479.66888,657.139,BARISTAseq,L4,479.66888,657.139,113.500475,720.0677301,118.500475,725.0677301
1020,2852,63.64,478.75873,702.0123,BARISTAseq,L4,478.75873,702.0123,151.914046,743.2806278,156.914046,748.2806278
1021,2853,39.62,476.91071,770.308,BARISTAseq,L4,476.91071,770.308,210.14704,779.0108076,215.14704,784.0108076
1022,2854,66.32,476.95517,785.5846,BARISTAseq,L4,476.95517,785.5846,223.40157,786.6064782,228.40157,791.6064782
1023,2855,76.43,481.8904,819.7924,BARISTAseq,L4,481.8904,819.7924,255.498008,799.426351,260.498008,804.426351
1024,2856,63.75,476.48953,829.9538,BARISTAseq,L4,476.48953,829.9538,261.600581,809.1824018,266.600581,814.1824018
1025,2857,82.12,476.3326,896.574,BARISTAseq,L4,476.3326,896.574,319.227318,842.6104684,324.227318,847.6104684
1026,2858,68.42,476.68898,937.8012,BARISTAseq,L4,476.68898,937.8012,355.115665,862.9042738,360.115665,867.9042738
1027,2859,82.82,473.61497,949.1091,BARISTAseq,L2/3,473.61497,949.1091,363.374194,871.2178329,368.374194,876.2178329
1028,2860,109.5,478.17322,986.4321,BARISTAseq,L2/3,478.17322,986.4321,397.980532,885.9209694,402.980532,890.9209694
1029,2861,36.39,480.26933,1018.0697,BARISTAseq,L2/3,480.26933,1018.0697,426.431964,899.9156533,431.431964,904.9156533
1030,2862,157.3,474.84324,1032.4186,BARISTAseq,L2/3,474.84324,1032.4186,436.14911,911.7862061,441.14911,916.7862061
1031,2864,96.77,478.59453,1067.198,BARISTAseq,L2/3,478.59453,1067.198,468.148982,925.9172089,473.148982,930.9172089
1032,2865,25.56,479.80967,1074.4462,BARISTAseq,L2/3,479.80967,1074.4462,475.034518,928.4868531,480.034518,933.4868531
1033,2866,133.9,479.04214,1087.1166,BARISTAseq,L2/3,479.04214,1087.1166,485.625812,935.4834445,490.625812,940.4834445
1034,2867,46.0,477.8366,1104.832,BARISTAseq,L2/3,477.8366,1104.832,500.368079,945.3805644,505.368079,950.3805644
1035,2868,143.2,476.17909,1119.8769,BARISTAseq,L2/3,476.17909,1119.8769,512.57141,954.3346735,517.57141,959.3346735
1036,2869,54.57,475.44696,1128.8398,BARISTAseq,L2/3,475.44696,1128.8398,519.968985,959.4478418,524.968985,964.4478418
1037,2870,109.1,476.95255,1136.7406,BARISTAseq,L2/3,476.95255,1136.7406,527.564901,962.0919979,532.564901,967.0919979
1038,2871,24.14,480.55657,1168.8682,BARISTAseq,L2/3,480.55657,1168.8682,557.194289,975.0254094,562.194289,980.0254094
1039,2872,62.06,477.29292,1172.8983,BARISTAseq,L2/3,477.29292,1172.8983,559.05413,979.866285,564.05413,984.866285
1040,2873,36.84,478.53586,1190.7282,BARISTAseq,L2/3,478.53586,1190.7282,575.119196,987.6998171,580.119196,992.6998171
1041,2874,105.5,473.47751,1211.3244,BARISTAseq,L2/3,473.47751,1211.3244,590.43144,1002.3738193,595.43144,1007.3738193
1042,2875,19.41,475.8515,1280.5346,BARISTAseq,L2/3,475.8515,1280.5346,651.56632,1034.903915,656.56632,1039.903915
1043,2876,85.44,481.40505,1292.501,BARISTAseq,L2/3,481.40505,1292.501,664.706696,1036.0735231,669.706696,1041.0735231
1044,2877,29.37,478.73742,1297.2,BARISTAseq,L2/3,478.73742,1297.2,667.443769,1040.7324013,672.443769,1045.7324013
1045,2878,165.0,479.38824,1308.3727,BARISTAseq,L2/3,479.38824,1308.3727,677.446611,1045.752018,682.446611,1050.752018
1046,2879,52.98,472.21775,1358.9182,BARISTAseq,L2/3,472.21775,1358.9182,717.644875,1077.2220893,722.644875,1082.2220893
1047,2880,22.09,477.72726,1385.6243,BARISTAseq,L2/3,477.72726,1385.6243,743.530462,1085.7956999,748.530462,1090.7956999
1048,2898,54.71,481.02756,602.4456,BARISTAseq,L4,481.02756,602.4456,66.805066,691.5589167,71.805066,696.5589167
1049,2899,81.22,477.38351,648.4763,BARISTAseq,L4,477.38351,648.4763,104.854955,717.7182678,109.854955,722.7182678
1050,2900,155.5,485.73613,668.2176,BARISTAseq,L4,485.73613,668.2176,126.128573,720.3487252,131.12857300000002,725.3487252
1051,2901,38.08,483.35115,684.8064,BARISTAseq,L4,483.35115,684.8064,139.305622,730.7044595,144.305622,735.7044595
1052,2902,84.56,490.27736,707.625,BARISTAseq,L4,490.27736,707.625,162.531946,736.1082867,167.531946,741.1082867
1053,2903,100.2,480.46745,729.2448,BARISTAseq,L4,480.46745,729.2448,176.356225,755.4094686,181.356225,760.4094686
1054,2904,50.14,479.74712,739.5006,BARISTAseq,L4,479.74712,739.5006,184.879678,761.1585649,189.879678,766.1585649
1055,2905,50.39,483.56944,764.0247,BARISTAseq,L4,483.56944,764.0247,208.032111,770.1031654,213.032111,775.1031654
1056,2906,97.91,486.29802,774.7524,BARISTAseq,L4,486.29802,774.7524,218.687762,773.1006594,223.687762,778.1006594
1057,2907,49.62,484.71018,839.4286,BARISTAseq,L4,484.71018,839.4286,273.915579,806.7966813,278.915579,811.7966813
1058,2908,71.77,485.04979,890.7389,BARISTAseq,L4,485.04979,890.7389,318.529317,832.1438258,323.529317,837.1438258
1059,2909,62.3,483.68682,899.8623,BARISTAseq,L4,483.68682,899.8623,325.750762,837.8836713,330.750762,842.8836713
1060,2910,127.7,479.26284,914.5669,BARISTAseq,L4,479.26284,914.5669,336.27675,849.0639403,341.27675,854.0639403
1061,2912,40.24,481.06833,947.9006,BARISTAseq,L4,481.06833,947.9006,366.052063,864.1579315,371.052063,869.1579315
1062,2913,181.7,482.33261,968.9393,BARISTAseq,L2/3,482.33261,968.9393,384.907175,873.5765069,389.907175,878.5765069
1063,2914,61.74,485.04191,1004.4916,BARISTAseq,L2/3,485.04191,1004.4916,417.055819,888.996323,422.055819,893.996323
1064,2915,19.71,480.1577,1010.0835,BARISTAseq,L2/3,480.1577,1010.0835,419.458657,896.021385,424.458657,901.021385
1065,2916,40.46,485.06886,1013.3594,BARISTAseq,L2/3,485.06886,1013.3594,424.750461,893.4045142,429.750461,898.4045142
1066,2917,39.79,483.18684,1082.3487,BARISTAseq,L2/3,483.18684,1082.3487,483.567192,929.5107244,488.567192,934.5107244
1067,2918,153.4,484.84247,1098.8103,BARISTAseq,L2/3,484.84247,1098.8103,498.653248,936.3029912,503.653248,941.3029912
1068,2919,53.53,484.143,1111.095,BARISTAseq,L2/3,484.143,1111.095,508.94447,943.0478904,513.94447,948.0478904
1069,2920,43.6,486.67244,1147.4128,BARISTAseq,L2/3,486.67244,1147.4128,541.666309,959.0060488,546.666309,964.0060488
1070,2921,194.5,485.21281,1155.4208,BARISTAseq,L2/3,485.21281,1155.4208,547.873297,964.2722077,552.873297,969.2722077
1071,2922,190.0,484.88284,1182.6605,BARISTAseq,L2/3,484.88284,1182.6605,571.302911,978.170516,576.302911,983.170516
1072,2923,114.4,482.16155,1217.9029,BARISTAseq,L2/3,482.16155,1217.9029,600.469267,998.1393292,605.469267,1003.1393292
1073,2924,151.6,483.51252,1233.2595,BARISTAseq,L2/3,483.51252,1233.2595,614.446024,1004.6433181,619.446024,1009.6433181
1074,2925,136.3,480.93142,1256.0892,BARISTAseq,L2/3,480.93142,1256.0892,632.930761,1018.2876724,637.930761,1023.2876724
1075,2927,43.45,486.07532,1287.8966,BARISTAseq,L2/3,486.07532,1287.8966,663.052303,1029.7272549,668.052303,1034.7272549
1076,2928,51.23,487.94483,1349.8883,BARISTAseq,L2/3,487.94483,1349.8883,717.682588,1059.087045,722.682588,1064.087045
1077,2929,30.54,480.7871,1357.4632,BARISTAseq,L2/3,480.7871,1357.4632,720.666923,1069.0723636,725.666923,1074.0723636
1078,2931,53.88,482.55168,1383.6118,BARISTAseq,L2/3,482.55168,1383.6118,744.198156,1080.6111558,749.198156,1085.6111558
1079,2948,110.3,488.51392,578.6493,BARISTAseq,L4,488.51392,578.6493,49.934318,673.1826454,54.934318,678.1826454
1080,2949,125.8,488.76886,611.8594,BARISTAseq,L4,488.76886,611.8594,78.827726,689.557933,83.827726,694.557933
1081,2950,20.44,479.31146,610.602,BARISTAseq,L4,479.31146,610.602,73.012429,697.1213922,78.012429,702.1213922
1082,2951,57.07,480.86923,639.937,BARISTAseq,L4,480.86923,639.937,99.200335,710.4316776,104.200335,715.4316776
1083,2952,254.3,493.24521,653.1049,BARISTAseq,L4,493.24521,653.1049,116.790783,706.2922422,121.790783,711.2922422
1084,2953,24.75,490.23461,664.7695,BARISTAseq,L4,490.23461,664.7695,125.389947,714.7291156,130.389947,719.7291156
1085,2954,21.34,495.60333,666.199,BARISTAseq,L4,495.60333,666.199,129.311083,710.7932042,134.311083,715.7932042
1086,2955,25.52,483.06375,720.9152,BARISTAseq,L4,483.06375,720.9152,170.438742,748.9980536,175.438742,753.9980536
1087,2956,116.4,489.36009,736.6975,BARISTAseq,L4,489.36009,736.6975,187.25561,751.4312154,192.25561,756.4312154
1088,2957,46.41,491.63356,759.5789,BARISTAseq,L4,491.63356,759.5789,208.211164,760.8964997,213.211164,765.8964997
1089,2958,44.64,488.71619,804.5713,BARISTAseq,L4,488.71619,804.5713,245.724792,785.9075089,250.724792,790.9075089
1090,2959,156.2,485.95798,877.5601,BARISTAseq,L4,485.95798,877.5601,307.567946,824.7713337,312.567946,829.7713337
1091,2960,20.5,485.82328,903.959,BARISTAseq,L4,485.82328,903.959,330.366905,838.0803601,335.366905,843.0803601
1092,2961,66.11,485.89102,921.7413,BARISTAseq,L4,485.89102,921.7413,345.803419,846.9080208,350.803419,851.9080208
1093,2962,129.8,492.1185,948.6311,BARISTAseq,L4,492.1185,948.6311,372.206879,854.9515256,377.206879,859.9515256
1094,2964,80.48,485.78291,987.2043,BARISTAseq,L2/3,485.78291,987.2043,402.452173,879.715491,407.452173,884.715491
1095,2965,79.03,489.42584,1056.0084,BARISTAseq,L2/3,489.42584,1056.0084,463.869487,910.9435514,468.869487,915.9435514
1096,2966,122.3,492.89471,1088.5511,BARISTAseq,L2/3,492.89471,1088.5511,493.790856,924.2014523,498.790856,929.2014523
1097,2967,48.31,487.98043,1081.1219,BARISTAseq,L2/3,487.98043,1081.1219,484.900021,924.7455202,489.900021,929.7455202
1098,2968,31.14,485.77428,1115.4517,BARISTAseq,L2/3,485.77428,1115.4517,513.53338,943.8120969,518.53338,948.8120969
1099,2969,175.8,488.29983,1124.9022,BARISTAseq,L2/3,488.29983,1124.9022,522.981318,946.3472102,527.981318,951.3472102
1100,2970,104.9,488.67913,1167.3155,BARISTAseq,L2/3,488.67913,1167.3155,559.908414,967.2138489,564.908414,972.2138489
1101,2972,80.18,490.43427,1195.6233,BARISTAseq,L2/3,490.43427,1195.6233,585.305215,979.8398496,590.305215,984.8398496
1102,2973,170.0,489.07045,1207.198,BARISTAseq,L2/3,489.07045,1207.198,594.649431,986.8053778,599.649431,991.8053778
1103,2974,86.23,488.12445,1243.8867,BARISTAseq,L2/3,488.12445,1243.8867,625.955753,1005.9592447,630.955753,1010.9592447
1104,2975,83.57,487.48364,1267.0105,BARISTAseq,L2/3,487.48364,1267.0105,645.66492,1018.0699657,650.66492,1023.0699657
1105,2976,70.36,486.93451,1275.1186,BARISTAseq,L2/3,486.93451,1275.1186,652.413591,1022.5974727,657.413591,1027.5974727
1106,2977,53.39,490.42927,1291.0334,BARISTAseq,L2/3,490.42927,1291.0334,667.945142,1027.5235008,672.945142,1032.5235008
1107,2978,42.89,487.72228,1333.3019,BARISTAseq,L2/3,487.72228,1333.3019,703.204539,1050.9910802,708.204539,1055.9910802
1108,2980,121.7,495.15853,1345.5683,BARISTAseq,L2/3,495.15853,1345.5683,717.545642,1050.679871,722.545642,1055.679871
1109,2981,49.62,490.42882,1358.5149,BARISTAseq,L2/3,490.42882,1358.5149,726.396115,1061.2464312,731.396115,1066.2464312
1110,3001,86.28,493.00401,589.1102,BARISTAseq,L4,493.00401,589.1102,61.239245,674.5210695,66.239245,679.5210695
1111,3002,95.31,489.57187,599.4047,BARISTAseq,L4,489.57187,599.4047,68.440957,682.6383736,73.440957,687.6383736
1112,3003,72.94,496.94798,620.9045,BARISTAseq,L4,496.94798,620.9045,90.749772,686.9934424,95.749772,691.9934424
1113,3004,93.92,493.30869,638.2864,BARISTAseq,L4,493.30869,638.2864,103.986966,698.8319834,108.986966,703.8319834
1114,3005,36.13,497.83084,670.3338,BARISTAseq,L4,497.83084,670.3338,134.00572,710.9300595,139.00572,715.9300595
1115,3006,123.9,493.08797,718.3668,BARISTAseq,L4,493.08797,718.3668,173.240832,739.0417868,178.240832,744.0417868
1116,3007,78.61,496.33868,792.064,BARISTAseq,L4,496.33868,792.064,238.700398,773.0547871,243.700398,778.0547871
1117,3008,66.23,497.42624,800.5007,BARISTAseq,L4,497.42624,800.5007,246.551556,776.3288079,251.551556,781.3288079
1118,3009,127.0,493.89663,841.1675,BARISTAseq,L4,493.89663,841.1675,280.012533,799.7085262,285.012533,804.7085262
1119,3010,56.08,497.92015,853.7296,BARISTAseq,L4,497.92015,853.7296,292.904299,802.5011229,297.904299,807.5011229
1120,3011,75.47,493.59326,873.1509,BARISTAseq,L4,493.59326,873.1509,307.56436,815.9543862,312.56436,820.9543862
1121,3012,64.04,497.85778,902.3158,BARISTAseq,L4,497.85778,902.3158,334.957562,826.8351257,339.957562,831.8351257
1122,3013,31.57,498.27804,910.7829,BARISTAseq,L4,498.27804,910.7829,342.501639,830.7023786,347.501639,835.7023786
1123,3014,89.2,498.14248,939.346,BARISTAseq,L4,498.14248,939.346,367.174709,845.0936422,372.174709,850.0936422
1124,3015,48.66,495.82763,973.8557,BARISTAseq,L4,495.82763,973.8557,395.909584,864.3442809,400.909584,869.3442809
1125,3016,39.98,496.14367,991.02,BARISTAseq,L2/3,496.14367,991.02,410.934872,872.648031,415.934872,877.648031
1126,3017,131.6,495.90005,1012.6853,BARISTAseq,L2/3,495.90005,1012.6853,429.57922,883.6858596,434.57922,888.6858596
1127,3018,134.6,490.97087,1036.301,BARISTAseq,L2/3,490.97087,1036.301,447.571431,899.7569037,452.571431,904.7569037
1128,3019,51.99,499.64969,1109.3473,BARISTAseq,L2/3,499.64969,1109.3473,515.17985,928.7429303,520.17985,933.7429303
1129,3020,92.64,495.26533,1114.2434,BARISTAseq,L2/3,495.26533,1114.2434,517.22974,934.9873026,522.22974,939.9873026
1130,3021,33.23,497.05129,1135.1943,BARISTAseq,L2/3,497.05129,1135.1943,536.269477,943.9101193,541.269477,948.9101193
1131,3022,85.91,495.03085,1142.8586,BARISTAseq,L2/3,495.03085,1142.8586,541.898477,949.4902704,546.898477,954.4902704
1132,3023,19.13,497.35041,1242.285,BARISTAseq,L2/3,497.35041,1242.285,629.178909,997.1674929,634.178909,1002.1674929
1133,3024,80.68,498.83905,1248.018,BARISTAseq,L2/3,498.83905,1248.018,634.888646,998.7430109,639.888646,1003.7430109
1134,3025,33.11,495.30453,1273.0536,BARISTAseq,L2/3,495.30453,1273.0536,654.80771,1014.3156021,659.80771,1019.3156021
1135,3026,45.95,493.2751,1278.5948,BARISTAseq,L2/3,493.2751,1278.5948,658.593181,1018.8425389,663.593181,1023.8425389
1136,3028,171.2,495.0861,1315.8064,BARISTAseq,L2/3,495.0861,1315.8064,691.730236,1035.8696782,696.730236,1040.8696782
1137,3029,96.23,499.43433,1390.632,BARISTAseq,L2/3,499.43433,1390.632,758.7157,1069.4959396,763.7157,1074.4959396
1138,3030,96.03,500.98235,1420.0009,BARISTAseq,L2/3,500.98235,1420.0009,784.928035,1082.8315723,789.928035,1087.8315723
1139,3056,70.25,503.80804,572.7014,BARISTAseq,L4,503.80804,572.7014,52.425363,656.9628603,57.425363,661.9628603
1140,3058,79.7,501.81325,586.8731,BARISTAseq,L4,501.81325,586.8731,63.703722,665.7727163,68.703722,670.7727163
1141,3060,81.92,502.77275,676.9724,BARISTAseq,L4,502.77275,676.9724,142.225526,709.9669536,147.225526,714.9669536
1142,3061,105.2,500.63461,699.4916,BARISTAseq,L4,500.63461,699.4916,160.66278,723.0725292,165.66278,728.0725292
1143,3062,21.29,503.69322,716.5581,BARISTAseq,L4,503.69322,716.5581,176.973897,728.9518368,181.973897,733.9518368
1144,3064,93.33,504.34637,745.7978,BARISTAseq,L4,504.34637,745.7978,202.627197,742.9980719,207.627197,747.9980719
1145,3065,120.7,508.5842,800.4584,BARISTAseq,L4,508.5842,800.4584,252.090924,766.6428849,257.090924,771.6428849
1146,3066,113.5,501.47396,826.2877,BARISTAseq,L4,501.47396,826.2877,270.910606,785.709341,275.910606,790.709341
1147,3067,39.66,507.0205,836.6044,BARISTAseq,L4,507.0205,836.6044,282.618481,786.0605784,287.618481,791.0605784
1148,3068,34.49,505.41381,858.55,BARISTAseq,L4,505.41381,858.55,300.824457,798.4191557,305.824457,803.4191557
1149,3069,129.8,499.54726,864.7818,BARISTAseq,L4,499.54726,864.7818,303.290622,806.6148663,308.290622,811.6148663
1150,3070,78.5,501.343,880.6523,BARISTAseq,L4,501.343,880.6523,317.934738,812.9903995,322.934738,817.9903995
1151,3071,42.15,505.89942,933.6706,BARISTAseq,L4,505.89942,933.6706,366.135189,835.5385755,371.135189,840.5385755
1152,3072,68.52,501.68617,947.0965,BARISTAseq,L4,501.68617,947.0965,375.658951,845.8973339,380.658951,850.8973339
1153,3073,74.15,504.2189,1017.3158,BARISTAseq,L2/3,504.2189,1017.3158,437.747271,878.7942485,442.747271,883.7942485
1154,3074,66.06,500.3708,1029.3485,BARISTAseq,L2/3,500.3708,1029.3485,446.246703,888.140464,451.246703,893.140464
1155,3075,122.6,499.37958,1051.2331,BARISTAseq,L2/3,499.37958,1051.2331,464.707367,899.9354336,469.707367,904.9354336
1156,3076,46.67,504.77772,1068.7077,BARISTAseq,L2/3,504.77772,1068.7077,482.541178,903.9922684,487.541178,908.9922684
1157,3077,32.13,500.43511,1130.1089,BARISTAseq,L2/3,500.43511,1130.1089,533.555602,938.4377871,538.555602,943.4377871
1158,3078,174.1,506.1427,1142.1424,BARISTAseq,L2/3,506.1427,1142.1424,546.831047,939.5074854,551.831047,944.5074854
1159,3079,56.18,498.24085,1158.0772,BARISTAseq,L2/3,498.24085,1158.0772,556.684706,954.315035,561.684706,959.315035
1160,3081,89.27,504.72018,1154.7189,BARISTAseq,L2/3,504.72018,1154.7189,557.013729,947.0245159,562.013729,952.0245159
1161,3082,26.57,501.72023,1182.1782,BARISTAseq,L2/3,501.72023,1182.1782,579.29925,963.3452442,584.29925,968.3452442
1162,3083,157.1,498.91765,1202.5695,BARISTAseq,L2/3,498.91765,1202.5695,595.561291,975.9629362,600.561291,980.9629362
1163,3085,136.0,502.30345,1218.0238,BARISTAseq,L2/3,502.30345,1218.0238,610.639542,980.7532277,615.639542,985.7532277
1164,3086,60.07,503.71302,1279.7739,BARISTAseq,L2/3,503.71302,1279.7739,664.830656,1010.3906452,669.830656,1015.3906452
1165,3087,69.17,499.64778,1302.5851,BARISTAseq,L2/3,499.64778,1302.5851,682.557775,1025.3113312,687.557775,1030.3113312
1166,3088,100.5,501.17705,1341.2725,BARISTAseq,L2/3,501.17705,1341.2725,716.832257,1043.3199575,721.832257,1048.3199575
1167,3103,95.6,507.31926,561.2129,BARISTAseq,L4,507.31926,561.2129,44.22887,648.1803416,49.22887,653.1803416
1168,3104,59.06,514.65474,565.6789,BARISTAseq,L4,514.65474,565.6789,51.76299,644.0582783,56.76299,649.0582783
1169,3105,44.59,508.3082,572.156,BARISTAseq,L4,508.3082,572.156,54.201746,652.79231,59.201746,657.79231
1170,3106,89.87,501.90846,599.5594,BARISTAseq,L4,501.90846,599.5594,74.739919,672.0299581,79.739919,677.0299581
1171,3107,119.8,512.3569,602.7499,BARISTAseq,L4,512.3569,602.7499,82.724869,664.5741104,87.724869,669.5741104
1172,3108,39.24,513.82089,612.885,BARISTAseq,L4,513.82089,612.885,92.235311,668.3708454,97.235311,673.3708454
1173,3109,42.43,507.19045,620.5703,BARISTAseq,L4,507.19045,620.5703,95.57878,677.9546119,100.57878,682.9546119
1174,3111,48.07,505.74645,719.0717,BARISTAseq,L4,505.74645,719.0717,180.177179,728.4294849,185.177179,733.4294849
1175,3112,49.82,510.38831,731.0918,BARISTAseq,L4,510.38831,731.0918,192.908498,730.4156276,197.908498,735.4156276
1176,3113,185.1,502.45642,756.419,BARISTAseq,L4,502.45642,756.419,210.882636,749.9428524,215.882636,754.9428524
1177,3115,173.3,500.52888,809.9679,BARISTAseq,L4,500.52888,809.9679,256.302359,778.3724098,261.302359,783.3724098
1178,3116,102.2,506.17387,819.6682,BARISTAseq,L4,506.17387,819.6682,267.525556,778.330371,272.525556,783.330371
1179,3117,24.33,512.32443,826.642,BARISTAseq,L4,512.32443,826.642,276.639737,776.4878761,281.639737,781.4878761
1180,3118,83.11,503.44161,844.1299,BARISTAseq,L4,503.44161,844.1299,287.348481,792.9212879,292.348481,797.9212879
1181,3119,55.96,511.78847,842.2198,BARISTAseq,L4,511.78847,842.2198,289.865127,784.7368329,294.865127,789.7368329
1182,3120,40.18,507.60797,866.0927,BARISTAseq,L4,507.60797,866.0927,308.454245,800.287909,313.454245,805.287909
1183,3121,116.0,511.62785,944.3341,BARISTAseq,L4,511.62785,944.3341,378.23438,835.9055944,383.23438,840.9055944
1184,3124,33.78,509.75073,1064.7687,BARISTAseq,L2/3,509.75073,1064.7687,481.614435,897.7162862,486.614435,902.7162862
1185,3125,73.93,504.0723,1096.7904,BARISTAseq,L2/3,504.0723,1096.7904,506.513402,918.63708,511.513402,923.63708
1186,3126,73.31,506.93879,1122.9943,BARISTAseq,L2/3,506.93879,1122.9943,530.64312,929.2490254,535.64312,934.2490254
1187,3127,109.3,509.94224,1117.9983,BARISTAseq,L2/3,509.94224,1117.9983,527.816649,924.1508751,532.816649,929.1508751
1188,3128,112.7,510.61441,1167.7069,BARISTAseq,L2/3,510.61441,1167.7069,571.209156,948.409517,576.209156,953.409517
1189,3129,110.5,505.05773,1186.7384,BARISTAseq,L2/3,505.05773,1186.7384,584.917071,962.7332403,589.917071,967.7332403
1190,3130,28.38,507.28129,1197.5441,BARISTAseq,L2/3,507.28129,1197.5441,595.387967,966.2071761,600.387967,971.2071761
1191,3131,43.27,506.25963,1202.9104,BARISTAseq,L2/3,506.25963,1202.9104,599.525571,969.7738041,604.525571,974.7738041
1192,3132,46.73,509.84209,1213.4693,BARISTAseq,L2/3,509.84209,1213.4693,610.461732,971.9473358,615.461732,976.9473358
1193,3133,124.3,508.28639,1263.9444,BARISTAseq,L2/3,508.28639,1263.9444,653.404885,998.5187935,658.404885,1003.5187935
1194,3134,115.0,506.85219,1373.2656,BARISTAseq,L2/3,506.85219,1373.2656,747.380184,1054.3922092,752.380184,1059.3922092
1195,3153,16.32,513.694,574.6326,BARISTAseq,L4,513.694,574.6326,59.038386,649.3648734,64.038386,654.3648734
1196,3154,44.99,511.29712,580.5345,BARISTAseq,L4,511.29712,580.5345,62.952731,654.3903786,67.952731,659.3903786
1197,3155,69.36,510.2013,616.7196,BARISTAseq,L4,510.2013,616.7196,93.748004,673.4223666,98.748004,678.4223666
1198,3156,52.03,511.62484,642.312,BARISTAseq,L4,511.62484,642.312,116.626984,684.9785888,121.626984,689.9785888
1199,3157,136.1,515.96835,664.7874,BARISTAseq,L4,515.96835,664.7874,138.265339,692.4479585,143.265339,697.4479585
1200,3158,100.4,511.26107,689.6613,BARISTAseq,L4,511.26107,689.6613,157.458262,708.9555462,162.458262,713.9555462
1201,3159,166.7,513.12077,701.1638,BARISTAseq,L4,513.12077,701.1638,168.350884,713.0928709,173.350884,718.0928709
1202,3161,96.55,513.3844,755.8581,BARISTAseq,L4,513.3844,755.8581,215.857794,740.1969139,220.857794,745.1969139
1203,3162,77.73,513.78694,791.7445,BARISTAseq,L4,513.78694,791.7445,247.143056,757.7817584,252.143056,762.7817584
1204,3165,28.13,515.59518,860.9138,BARISTAseq,L4,515.59518,860.9138,307.959838,790.7814892,312.959838,795.7814892
1205,3166,81.01,513.92924,884.6326,BARISTAseq,L4,513.92924,884.6326,327.672108,804.0775057,332.672108,809.0775057
1206,3167,71.8,504.852,902.0665,BARISTAseq,L4,504.852,902.0665,338.236835,820.6522751,343.236835,825.6522751
1207,3168,106.3,520.23695,912.1483,BARISTAseq,L4,520.23695,912.1483,354.6578,812.3642837,359.6578,817.3642837
1208,3170,82.03,516.493,927.2943,BARISTAseq,L4,516.493,927.2943,365.906076,823.1761773,370.906076,828.1761773
1209,3171,35.52,510.27682,976.1128,BARISTAseq,L4,510.27682,976.1128,405.085323,852.9565908,410.085323,857.9565908
1210,3172,72.94,515.43616,982.6132,BARISTAseq,L4,515.43616,982.6132,413.294107,851.7361133,418.294107,856.7361133
1211,3174,128.1,507.92949,1023.9014,BARISTAseq,L2/3,507.92949,1023.9014,445.305843,878.8711955,450.305843,883.8711955
1212,3175,33.43,518.07261,1161.0443,BARISTAseq,L2/3,518.07261,1161.0443,569.165302,938.6199046,574.165302,943.6199046
1213,3176,55.34,509.85055,1174.955,BARISTAseq,L2/3,509.85055,1174.955,577.105636,952.6932677,582.105636,957.6932677
1214,3177,34.1,510.65404,1220.8982,BARISTAseq,L2/3,510.65404,1220.8982,617.302305,974.9565195,622.302305,979.9565195
1215,3178,35.25,512.19068,1253.6374,BARISTAseq,L2/3,512.19068,1253.6374,646.428251,989.986249,651.428251,994.986249
1216,3179,61.94,511.43188,1273.801,BARISTAseq,L2/3,511.43188,1273.801,663.514387,1000.7198769,668.514387,1005.7198769
1217,3180,67.15,509.65186,1296.4316,BARISTAseq,L2/3,509.65186,1296.4316,682.227082,1013.5709083,687.227082,1018.5709083
1218,3181,80.89,509.28428,1335.6444,BARISTAseq,L2/3,509.28428,1335.6444,716.008783,1033.4851216,721.008783,1038.4851216
1219,3183,78.34,510.5199,1362.9765,BARISTAseq,L2/3,510.5199,1362.9765,740.300823,1046.0735329,745.300823,1051.0735329
1220,3184,196.3,521.74497,1367.733,BARISTAseq,L2/3,521.74497,1367.733,750.030268,1038.7275263,755.030268,1043.7275263
1221,3185,104.8,517.16124,1379.0952,BARISTAseq,L2/3,517.16124,1379.0952,757.581377,1048.3759181,762.581377,1053.3759181
1222,3186,218.1,512.67396,1398.0609,BARISTAseq,L2/3,512.67396,1398.0609,771.766725,1061.7404696,776.766725,1066.7404696
1223,3203,43.81,517.65212,583.7817,BARISTAseq,L4,517.65212,583.7817,68.941188,650.5085229,73.941188,655.5085229
1224,3204,113.0,523.09056,608.702,BARISTAseq,L4,523.09056,608.702,93.244387,658.2512514,98.244387,663.2512514
1225,3205,52.61,520.53997,632.6344,BARISTAseq,L4,520.53997,632.6344,112.699579,672.4202702,117.699579,677.4202702
1226,3206,26.42,521.90667,644.7067,BARISTAseq,L4,521.90667,644.7067,123.839397,677.2693823,128.83939700000002,682.2693823
1227,3207,117.6,520.59949,654.4203,BARISTAseq,L4,520.59949,654.4203,131.599922,683.2558287,136.599922,688.2558287
1228,3208,75.93,518.20582,733.7527,BARISTAseq,L4,518.20582,733.7527,199.119901,724.9739506,204.119901,729.9739506
1229,3209,115.8,524.60154,750.7579,BARISTAseq,L4,524.60154,750.7579,217.045645,727.9321278,222.045645,732.9321278
1230,3211,106.3,523.64011,778.0665,BARISTAseq,L4,523.64011,778.0665,240.219356,742.4118079,245.219356,747.4118079
1231,3212,40.52,519.42103,823.3022,BARISTAseq,L4,519.42103,823.3022,277.29325,768.6719392,282.29325,773.6719392
1232,3213,123.5,521.04947,831.5064,BARISTAseq,L4,521.04947,831.5064,285.213367,771.3613119,290.213367,776.3613119
1233,3214,45.45,519.21663,852.2221,BARISTAseq,L4,519.21663,852.2221,302.240995,783.3011463,307.240995,788.3011463
1234,3215,103.6,514.63484,901.3139,BARISTAseq,L4,514.63484,901.3139,342.47372,811.8024587,347.47372,816.8024587
1235,3216,79.97,522.67521,895.4918,BARISTAseq,L4,522.67521,895.4918,341.448798,801.9285946,346.448798,806.9285946
1236,3217,76.92,521.26877,943.8115,BARISTAseq,L4,521.26877,943.8115,382.599531,827.2936225,387.599531,832.2936225
1237,3218,128.9,521.26395,974.3204,BARISTAseq,L4,521.26395,974.3204,409.023375,842.5440277,414.023375,847.5440277
1238,3220,41.42,521.82405,995.7935,BARISTAseq,L4,521.82405,995.7935,427.902873,852.7896433,432.902873,857.7896433
1239,3221,169.9,514.92381,1002.954,BARISTAseq,L4,514.92381,1002.954,430.656849,862.3447867,435.656849,867.3447867
1240,3222,233.6,525.39319,1015.3773,BARISTAseq,L4,525.39319,1015.3773,446.649565,859.4847187,451.649565,864.4847187
1241,3223,75.96,518.53115,1032.2344,BARISTAseq,L2/3,518.53115,1032.2344,457.821748,873.8525182,462.821748,878.8525182
1242,3224,180.5,518.04121,1042.3245,BARISTAseq,L2/3,518.04121,1042.3245,466.316723,879.3192057,471.316723,884.3192057
1243,3225,118.5,517.30336,1055.6907,BARISTAseq,L2/3,517.30336,1055.6907,477.525533,886.6378051,482.525533,891.6378051
1244,3226,210.6,511.67234,1080.9985,BARISTAseq,L2/3,511.67234,1080.9985,496.632706,904.162375,501.632706,909.162375
1245,3227,57.57,520.11659,1115.0836,BARISTAseq,L2/3,520.11659,1115.0836,530.376443,913.8814884,535.376443,918.8814884
1246,3228,124.1,521.03926,1178.6369,BARISTAseq,L2/3,521.03926,1178.6369,585.886182,944.8417924,590.886182,949.8417924
1247,3230,95.87,520.57616,1239.9643,BARISTAseq,L2/3,520.57616,1239.9643,638.775363,975.8900513,643.775363,980.8900513
1248,3231,161.3,522.0488,1270.5474,BARISTAseq,L2/3,522.0488,1270.5474,666.001834,989.8978152,671.001834,994.8978152
1249,3232,220.0,520.63886,1304.6527,BARISTAseq,L2/3,520.63886,1304.6527,694.838541,1008.1624866,699.838541,1013.1624866
1250,3233,89.25,514.24023,1415.2661,BARISTAseq,L2/3,514.24023,1415.2661,787.452205,1068.9817272,792.452205,1073.9817272
1251,3246,182.1,526.29766,579.8946,BARISTAseq,L4,526.29766,579.8946,69.8947,641.0774278,74.8947,646.0774278
1252,3247,55.62,528.67423,603.1966,BARISTAseq,L4,528.67423,603.1966,91.266108,650.6636078,96.266108,655.6636078
1253,3248,49.61,526.23272,618.3864,BARISTAseq,L4,526.23272,618.3864,103.203127,660.3691908,108.203127,665.3691908
1254,3249,60.85,529.24185,641.4249,BARISTAseq,L4,529.24185,641.4249,124.662329,669.2757404,129.662329,674.2757404
1255,3250,35.2,529.03752,697.7218,BARISTAseq,L4,529.03752,697.7218,173.32357,697.5860166,178.32357,702.5860166
1256,3251,67.36,522.48378,700.3649,BARISTAseq,L4,522.48378,700.3649,172.33786,704.5835756,177.33786,709.5835756
1257,3253,87.96,525.37739,847.466,BARISTAseq,L4,525.37739,847.466,301.200085,775.5880611,306.200085,780.5880611
1258,3255,38.69,528.19219,867.6788,BARISTAseq,L4,528.19219,867.6788,320.114708,783.2508945,325.114708,788.2508945
1259,3256,67.42,528.88298,876.6226,BARISTAseq,L4,528.88298,876.6226,328.206849,787.1220264,333.206849,792.1220264
1260,3257,46.03,522.77088,882.4182,BARISTAseq,L4,522.77088,882.4182,330.172479,795.3124398,335.172479,800.3124398
1261,3258,80.36,529.38883,886.9625,BARISTAseq,L4,529.38883,886.9625,337.415816,791.850998,342.415816,796.850998
1262,3259,41.35,525.45108,936.0545,BARISTAseq,L4,525.45108,936.0545,377.970571,819.7945729,382.970571,824.7945729
1263,3260,105.2,529.63899,943.4657,BARISTAseq,L4,529.63899,943.4657,386.482869,819.8706979,391.482869,824.8706979
1264,3261,84.99,523.72363,954.5478,BARISTAseq,L4,523.72363,954.5478,393.125907,830.5325424,398.125907,835.5325424
1265,3262,68.78,525.0012,983.4059,BARISTAseq,L4,525.0012,983.4059,418.760659,843.8471788,423.760659,848.8471788
1266,3263,74.32,533.71195,982.3218,BARISTAseq,L4,533.71195,982.3218,422.174661,835.7603364,427.174661,840.7603364
1267,3264,58.15,526.25,1001.0732,BARISTAseq,L4,526.25,1001.0732,434.687786,851.5943694,439.687786,856.5943694
1268,3265,127.8,529.52775,1051.1814,BARISTAseq,L2/3,529.52775,1051.1814,479.728546,873.7958267,484.728546,878.7958267
1269,3266,74.3,526.30866,1067.5377,BARISTAseq,L2/3,526.30866,1067.5377,492.287376,884.7578743,497.287376,889.7578743
1270,3267,50.09,525.759,1101.6047,BARISTAseq,L2/3,525.759,1101.6047,521.520969,902.2583332,526.520969,907.2583332
1271,3268,73.08,529.41997,1174.0759,BARISTAseq,L2/3,529.41997,1174.0759,586.12357,935.3032729,591.12357,940.3032729
1272,3269,54.53,524.07407,1213.498,BARISTAseq,L2/3,524.07407,1213.498,617.598746,959.6342066,622.598746,964.6342066
1273,3270,241.4,532.72569,1242.1852,BARISTAseq,L2/3,532.72569,1242.1852,646.77058,966.4762274,651.77058,971.4762274
1274,3271,20.97,526.78526,1258.4389,BARISTAseq,L2/3,526.78526,1258.4389,657.880587,979.7441691,662.880587,984.7441691
1275,3272,41.27,526.2246,1293.3957,BARISTAseq,L2/3,526.2246,1293.3957,687.879348,997.6987885,692.879348,1002.6987885
1276,3273,87.39,526.41543,1346.4641,BARISTAseq,L2/3,526.41543,1346.4641,733.941516,1024.0533525,738.941516,1029.0533525
1277,3274,55.92,525.86528,1356.0079,BARISTAseq,L2/3,525.86528,1356.0079,741.933284,1029.2992276,746.933284,1034.2992276
1278,3276,63.07,526.26429,1396.859,BARISTAseq,L2/3,526.26429,1396.859,777.517145,1049.3681447,782.517145,1054.3681447
1279,3294,90.7,533.91287,571.3836,BARISTAseq,L4,533.91287,571.3836,66.328164,630.2280542,71.328164,635.2280542
1280,3295,42.19,535.21871,603.5311,BARISTAseq,L4,535.21871,603.5311,94.826276,645.1620343,99.826276,650.1620343
1281,3296,43.74,532.73349,617.1266,BARISTAseq,L4,532.73349,617.1266,105.360557,654.1088016,110.360557,659.1088016
1282,3298,92.9,531.62664,645.9412,BARISTAseq,L4,531.62664,645.9412,129.766049,669.4670306,134.766049,674.4670306
1283,3299,118.5,531.82978,658.4462,BARISTAseq,L4,531.82978,658.4462,140.699174,675.5402183,145.699174,680.5402183
1284,3300,37.0,526.61422,665.2565,BARISTAseq,L4,526.61422,665.2565,143.991778,683.4611645,148.991778,688.4611645
1285,3301,91.73,531.72363,688.313,BARISTAseq,L4,531.72363,688.313,166.516142,690.5574759,171.516142,695.5574759
1286,3302,114.0,537.52084,746.8108,BARISTAseq,L4,537.52084,746.8108,220.082921,714.7691971,225.082921,719.7691971
1287,3303,29.53,534.51675,771.2088,BARISTAseq,L4,534.51675,771.2088,239.714713,729.5636625,244.714713,734.5636625
1288,3304,37.14,533.0726,780.4235,BARISTAseq,L4,533.0726,780.4235,246.974707,735.4194686,251.974707,740.4194686
1289,3305,49.3,528.9757,785.487,BARISTAseq,L4,528.9757,785.487,249.31325,741.4985032,254.31325,746.4985032
1290,3306,47.98,533.81185,802.0423,BARISTAseq,L4,533.81185,802.0423,266.069887,745.5826841,271.069887,750.5826841
1291,3307,57.8,533.67413,816.4423,BARISTAseq,L4,533.67413,816.4423,278.474057,752.8980861,283.474057,757.8980861
1292,3308,258.0,540.13075,847.2324,BARISTAseq,L4,540.13075,847.2324,308.370427,762.6922307,313.370427,767.6922307
1293,3310,67.46,530.69261,989.6144,BARISTAseq,L4,530.69261,989.6144,426.98254,842.0199848,431.98254,847.0199848
1294,3312,56.07,528.60346,1136.0931,BARISTAseq,L2/3,528.60346,1136.0931,552.815569,917.0293743,557.815569,922.0293743
1295,3313,72.37,527.59654,1186.9328,BARISTAseq,L2/3,527.59654,1186.9328,596.348787,943.3076979,601.348787,948.3076979
1296,3314,124.8,535.18608,1212.5587,BARISTAseq,L2/3,535.18608,1212.5587,622.338175,949.5398184,627.338175,954.5398184
1297,3315,28.44,527.12545,1218.7279,BARISTAseq,L2/3,527.12545,1218.7279,623.653709,959.6047372,628.653709,964.6047372
1298,3316,80.3,534.8981,1230.7983,BARISTAseq,L2/3,534.8981,1230.7983,637.993094,958.9041561,642.993094,963.9041561
1299,3317,20.71,529.38167,1253.1696,BARISTAseq,L2/3,529.38167,1253.1696,654.613918,974.8619787,659.613918,979.8619787
1300,3318,23.94,534.31828,1253.8172,BARISTAseq,L2/3,534.31828,1253.8172,657.641836,970.9096039,662.641836,975.9096039
1301,3319,143.6,535.0082,1262.1789,BARISTAseq,L2/3,535.0082,1262.1789,665.229401,974.4906259,670.229401,979.4906259
1302,3320,102.2,531.42559,1286.4797,BARISTAseq,L2/3,531.42559,1286.4797,684.487954,989.7376602,689.487954,994.7376602
1303,3321,70.41,536.85476,1312.8212,BARISTAseq,L2/3,536.85476,1312.8212,710.01756,998.1986516,715.01756,1003.1986516
1304,3322,35.21,535.36385,1336.5205,BARISTAseq,L2/3,535.36385,1336.5205,729.800375,1011.3332892,734.800375,1016.3332892
1305,3323,64.76,530.66581,1340.2512,BARISTAseq,L2/3,530.66581,1340.2512,730.684072,1017.2669847,735.684072,1022.2669847
1306,3324,149.6,535.06557,1393.6833,BARISTAseq,L2/3,535.06557,1393.6833,779.164689,1040.1576603,784.164689,1045.1576603
1307,3341,76.57,536.83576,548.3998,BARISTAseq,L5,536.83576,548.3998,47.880695,616.2106061,52.880695,621.2106061
1308,3342,36.18,536.04728,633.3927,BARISTAseq,L4,536.04728,633.3927,121.105891,659.3670883,126.105891,664.3670883
1309,3343,40.96,542.01186,645.0516,BARISTAseq,L4,542.01186,645.0516,134.185332,660.0270135,139.185332,665.0270135
1310,3344,54.39,540.49097,652.6776,BARISTAseq,L4,540.49097,652.6776,140.030764,665.1552968,145.030764,670.1552968
1311,3345,101.7,543.10488,661.5281,BARISTAseq,L4,543.10488,661.5281,149.003164,667.3140554,154.003164,672.3140554
1312,3346,144.1,538.70877,676.6774,BARISTAseq,L4,538.70877,676.6774,159.928318,678.6924327,164.928318,683.6924327
1313,3347,51.46,539.4674,738.8526,BARISTAseq,L4,539.4674,738.8526,214.162449,709.1061703,219.162449,714.1061703
1314,3348,85.12,542.27001,769.6039,BARISTAseq,L4,542.27001,769.6039,242.199149,722.0459313,247.199149,727.0459313
1315,3349,114.8,538.65924,810.3022,BARISTAseq,L4,538.65924,810.3022,275.646884,745.5117149,280.646884,750.5117149
1316,3350,181.5,538.1486,832.213,BARISTAseq,L4,538.1486,832.213,294.370406,756.9035043,299.370406,761.9035043
1317,3351,47.33,534.73338,867.7965,BARISTAseq,L4,534.73338,867.7965,323.485474,777.6438525,328.485474,782.6438525
1318,3352,37.46,539.21258,888.2055,BARISTAseq,L4,539.21258,888.2055,343.401711,783.9630253,348.401711,788.9630253
1319,3353,84.13,539.77714,895.7717,BARISTAseq,L4,539.77714,895.7717,350.237526,787.2550707,355.237526,792.2550707
1320,3354,34.86,541.24145,934.311,BARISTAseq,L4,541.24145,934.311,384.351363,805.2459962,389.351363,810.2459962
1321,3355,75.16,539.12067,941.2893,BARISTAseq,L4,539.12067,941.2893,389.336013,810.5702416,394.336013,815.5702416
1322,3356,43.3,540.24528,989.8692,BARISTAseq,L4,540.24528,989.8692,431.976948,833.87294,436.976948,838.87294
1323,3357,60.03,542.78659,1045.432,BARISTAseq,L4,542.78659,1045.432,481.374433,859.4381535,486.374433,864.4381535
1324,3358,31.36,539.14004,1062.515,BARISTAseq,L2/3,539.14004,1062.515,494.349078,871.1335976,499.349078,876.1335976
1325,3359,95.97,535.25976,1100.6556,BARISTAseq,L2/3,535.25976,1100.6556,525.446654,893.5546407,530.446654,898.5546407
1326,3360,58.87,537.84524,1132.7239,BARISTAseq,L2/3,537.84524,1132.7239,554.515631,907.3406255,559.515631,912.3406255
1327,3363,78.95,540.66822,1156.7322,BARISTAseq,L2/3,540.66822,1156.7322,576.721932,916.8931118,581.721932,921.8931118
1328,3364,87.28,536.99053,1163.2141,BARISTAseq,L2/3,536.99053,1163.2141,580.498526,923.3178298,585.498526,928.3178298
1329,3365,51.95,535.96259,1175.6696,BARISTAseq,L2/3,535.96259,1175.6696,590.77359,930.4326273,595.77359,935.4326273
1330,3366,43.49,537.5755,1180.8103,BARISTAseq,L2/3,537.5755,1180.8103,596.032392,931.6045192,601.032392,936.6045192
1331,3367,23.06,538.56138,1255.055,BARISTAseq,L2/3,538.56138,1255.055,660.834412,967.8528823,665.834412,972.8528823
1332,3368,49.95,539.60569,1273.3078,BARISTAseq,L2/3,539.60569,1273.3078,677.166524,976.0698073,682.166524,981.0698073
1333,3369,124.5,537.7516,1346.835,BARISTAseq,L2/3,537.7516,1346.835,739.927841,1014.4195388,744.927841,1019.4195388
1334,3384,161.1,548.08351,566.9734,BARISTAseq,L5,548.08351,566.9734,69.589622,615.7498035,74.589622,620.7498035
1335,3385,24.18,547.03253,630.2997,BARISTAseq,L4,547.03253,630.2997,123.916474,648.3062139,128.916474,653.3062139
1336,3386,113.1,545.98895,706.8009,BARISTAseq,L4,545.98895,706.8009,189.658877,687.4401192,194.658877,692.4401192
1337,3387,96.59,549.90653,720.6687,BARISTAseq,L4,549.90653,720.6687,203.628608,690.9769329,208.628608,695.9769329
1338,3388,180.2,540.31655,726.7229,BARISTAseq,L4,540.31655,726.7229,204.080248,702.3090582,209.080248,707.3090582
1339,3389,19.81,544.53845,740.6132,BARISTAseq,L4,544.53845,740.6132,218.221559,705.5935208,223.221559,710.5935208
1340,3390,38.81,549.14574,769.3932,BARISTAseq,L4,549.14574,769.3932,245.452629,715.9850044,250.452629,720.9850044
1341,3391,74.12,542.02268,788.7528,BARISTAseq,L4,542.02268,788.7528,258.661949,731.8294425,263.661949,736.8294425
1342,3392,173.4,549.14615,810.7602,BARISTAseq,L4,549.14615,810.7602,281.284223,736.6570336,286.284223,741.6570336
1343,3393,121.7,544.21907,823.6082,BARISTAseq,L4,544.21907,823.6082,289.950663,747.3452805,294.950663,752.3452805
1344,3394,48.95,540.62951,909.2208,BARISTAseq,L4,540.62951,909.2208,362.312854,793.2376885,367.312854,798.2376885
1345,3395,50.49,544.92153,912.2558,BARISTAseq,L4,544.92153,912.2558,367.086599,791.0367229,372.086599,796.0367229
1346,3396,31.22,543.38571,938.971,BARISTAseq,L4,543.38571,938.971,389.459313,805.7174252,394.459313,810.7174252
1347,3397,110.1,544.16848,973.8672,BARISTAseq,L4,544.16848,973.8672,420.07686,822.4780509,425.07686,827.4780509
1348,3398,38.74,543.07503,983.7122,BARISTAseq,L4,543.07503,983.7122,428.058053,828.3450596,433.058053,833.3450596
1349,3399,40.8,544.66203,1000.3042,BARISTAseq,L4,544.66203,1000.3042,443.222763,835.2619388,448.222763,840.2619388
1350,3400,112.0,542.57318,1008.9688,BARISTAseq,L4,542.57318,1008.9688,449.684033,841.4012374,454.684033,846.4012374
1351,3401,117.6,542.26731,1014.6463,BARISTAseq,L4,542.26731,1014.6463,454.448911,844.5033857,459.448911,849.5033857
1352,3402,90.96,546.01255,1054.6236,BARISTAseq,L4,546.01255,1054.6236,490.948126,861.2372117,495.948126,866.2372117
1353,3403,201.5,543.1122,1071.5291,BARISTAseq,L2/3,543.1122,1071.5291,504.141925,872.197606,509.141925,877.197606
1354,3404,37.99,544.78567,1094.9157,BARISTAseq,L2/3,544.78567,1094.9157,525.235212,882.435057,530.235212,887.435057
1355,3406,66.47,541.16382,1110.3865,BARISTAseq,L2/3,541.16382,1110.3865,536.825804,893.3034671,541.825804,898.3034671
1356,3407,111.7,546.00658,1199.4988,BARISTAseq,L2/3,546.00658,1199.4988,616.433289,933.6408871,621.433289,938.6408871
1357,3408,17.36,543.44971,1209.639,BARISTAseq,L2/3,543.44971,1209.639,623.93882,940.9229767,628.93882,945.9229767
1358,3409,122.8,546.17648,1245.2434,BARISTAseq,L2/3,546.17648,1245.2434,656.141294,956.3536866,661.141294,961.3536866
1359,3410,135.5,543.0701,1306.5696,BARISTAseq,L2/3,543.0701,1306.5696,707.708561,989.6909454,712.708561,994.6909454
1360,3411,55.32,546.20419,1317.8049,BARISTAseq,L2/3,546.20419,1317.8049,719.006515,992.5908448,724.006515,997.5908448
1361,3412,35.49,545.58224,1330.5534,BARISTAseq,L2/3,545.58224,1330.5534,729.738248,999.5003858,734.738248,1004.5003858
1362,3413,121.7,544.19348,1378.35,BARISTAseq,L2/3,544.19348,1378.35,770.444738,1024.588708,775.444738,1029.588708
1363,3425,124.4,550.63458,533.9451,BARISTAseq,L5,550.63458,533.9451,42.255986,597.0348817,47.255986,602.0348817
1364,3426,70.81,554.68986,556.2138,BARISTAseq,L5,554.68986,556.2138,63.571276,604.6506243,68.571276,609.6506243
1365,3427,145.0,553.58846,578.9825,BARISTAseq,L5,553.58846,578.9825,82.74264,616.982819,87.74264,621.982819
1366,3428,53.12,548.7626,619.9136,BARISTAseq,L4,548.7626,619.9136,115.784811,641.6174282,120.784811,646.6174282
1367,3429,48.85,549.53285,665.419,BARISTAseq,L4,549.53285,665.419,155.585631,663.6906632,160.585631,668.6906632
1368,3430,73.46,553.51179,678.207,BARISTAseq,L4,553.51179,678.207,168.650753,666.6347288,173.650753,671.6347288
1369,3431,141.7,553.20243,710.2203,BARISTAseq,L4,553.20243,710.2203,196.225433,682.90069,201.225433,687.90069
1370,3432,83.5,550.75748,737.4636,BARISTAseq,L4,550.75748,737.4636,218.601248,698.6327527,223.601248,703.6327527
1371,3433,149.7,549.10291,754.1619,BARISTAseq,L4,549.10291,754.1619,232.23822,708.4105977,237.23822,713.4105977
1372,3434,25.15,548.88087,783.5047,BARISTAseq,L4,548.88087,783.5047,257.543455,723.2664115,262.543455,728.2664115
1373,3435,98.19,549.88657,792.8146,BARISTAseq,L4,549.88657,792.8146,266.110073,727.047718,271.110073,732.047718
1374,3436,29.02,548.76254,877.1988,BARISTAseq,L4,548.76254,877.1988,338.640382,770.1906863,343.640382,775.1906863
1375,3437,145.0,549.60963,890.9963,BARISTAseq,L4,549.60963,890.9963,351.014754,776.3519364,356.014754,781.3519364
1376,3438,47.76,547.34317,904.8903,BARISTAseq,L4,547.34317,904.8903,361.916904,785.2583765,366.916904,790.2583765
1377,3439,42.02,548.88739,901.2636,BARISTAseq,L4,548.88739,901.2636,359.547179,782.1084148,364.547179,787.1084148
1378,3440,59.39,549.51367,945.0359,BARISTAseq,L4,549.51367,945.0359,397.774932,803.4403009,402.774932,808.4403009
1379,3441,83.23,548.87305,962.7542,BARISTAseq,L4,548.87305,962.7542,412.802024,812.849548,417.802024,817.849548
1380,3442,52.93,552.7236,982.1188,BARISTAseq,L4,552.7236,982.1188,431.49949,819.19134,436.49949,824.19134
1381,3443,33.26,551.79735,989.1684,BARISTAseq,L4,551.79735,989.1684,437.142908,823.5165773,442.142908,828.5165773
1382,3444,109.7,549.47135,1080.193,BARISTAseq,L2/3,549.47135,1080.193,514.824276,871.0190386,519.824276,876.0190386
1383,3445,25.62,550.327,1093.9719,BARISTAseq,L2/3,550.327,1093.9719,527.186904,877.1636261,532.186904,882.1636261
1384,3447,88.38,546.35746,1115.4239,BARISTAseq,L2/3,546.35746,1115.4239,543.784557,891.3221995,548.784557,896.3221995
1385,3448,44.71,554.19288,1112.1624,BARISTAseq,L2/3,554.19288,1112.1624,544.875096,882.9054341,549.875096,887.9054341
1386,3449,46.22,551.40983,1130.0295,BARISTAseq,L2/3,551.40983,1130.0295,558.960468,894.2447854,563.960468,899.2447854
1387,3450,67.21,550.88867,1142.2307,BARISTAseq,L2/3,550.88867,1142.2307,569.268455,900.793499,574.268455,905.793499
1388,3452,38.38,542.71142,1189.5596,BARISTAseq,L2/3,542.71142,1189.5596,606.177449,931.528171,611.177449,936.528171
1389,3453,56.94,550.74662,1203.8915,BARISTAseq,L2/3,550.74662,1203.8915,622.606918,931.7303348,627.606918,936.7303348
1390,3454,48.52,551.71491,1276.9253,BARISTAseq,L2/3,551.71491,1276.9253,686.351276,967.3888052,691.351276,972.3888052
1391,3455,50.91,545.44757,1296.2143,BARISTAseq,L2/3,545.44757,1296.2143,699.92707,982.4567544,704.92707,987.4567544
1392,3456,38.6,553.53911,1324.1005,BARISTAseq,L2/3,553.53911,1324.1005,728.125176,989.3836042,733.125176,994.3836042
1393,3458,150.1,554.04622,1349.1669,BARISTAseq,L2/3,554.04622,1349.1669,750.090576,1001.4707537,755.090576,1006.4707537
1394,3459,168.7,552.87908,1374.1932,BARISTAseq,L2/3,552.87908,1374.1932,771.184644,1014.9881162,776.184644,1019.9881162
1395,3472,39.99,559.03593,533.9111,BARISTAseq,L5,559.03593,533.9111,46.424924,589.7407806,51.424924,594.7407806
1396,3473,88.29,557.89717,546.1251,BARISTAseq,L5,557.89717,546.1251,56.435407,596.8308746,61.435407,601.8308746
1397,3474,88.91,560.9414,564.8521,BARISTAseq,L5,560.9414,564.8521,74.177701,603.5524876,79.177701,608.5524876
1398,3475,139.4,558.86957,612.9218,BARISTAseq,L4,558.86957,612.9218,114.77943,629.3689552,119.77943,634.3689552
1399,3476,122.2,551.34176,633.748,BARISTAseq,L4,551.34176,633.748,129.056765,646.2968618,134.056765,651.2968618
1400,3477,101.2,557.16341,639.8494,BARISTAseq,L4,557.16341,639.8494,137.250909,644.3032853,142.250909,649.3032853
1401,3478,84.26,550.41639,647.3982,BARISTAseq,L4,550.41639,647.3982,140.417923,653.9198347,145.417923,658.9198347
1402,3479,58.03,553.75776,656.6675,BARISTAseq,L4,553.75776,656.6675,150.116563,655.657736,155.116563,660.657736
1403,3480,91.89,558.65248,667.6006,BARISTAseq,L4,558.65248,667.6006,162.032672,656.8816416,167.032672,661.8816416
1404,3481,36.87,561.43977,677.0922,BARISTAseq,L4,561.43977,677.0922,171.646983,659.2105682,176.646983,664.2105682
1405,3482,61.91,557.05138,687.8919,BARISTAseq,L4,557.05138,687.8919,178.808486,668.4086524,183.808486,673.4086524
1406,3483,79.78,555.09944,728.7288,BARISTAseq,L4,555.09944,728.7288,213.205218,690.506833,218.205218,695.506833
1407,3484,124.6,559.56346,753.4045,BARISTAseq,L4,559.56346,753.4045,236.809576,698.9713327,241.809576,703.9713327
1408,3485,89.18,557.09843,772.7677,BARISTAseq,L4,557.09843,772.7677,252.349794,710.7828877,257.349794,715.7828877
1409,3486,23.34,554.15604,784.4215,BARISTAseq,L4,554.15604,784.4215,260.973715,719.1552994,265.973715,724.1552994
1410,3487,58.66,558.84535,810.6083,BARISTAseq,L4,558.84535,810.6083,285.999604,728.1798349,290.999604,733.1798349
1411,3488,33.02,556.53793,831.6113,BARISTAseq,L4,556.53793,831.6113,303.038889,740.6743007,308.038889,745.6743007
1412,3489,92.01,553.44116,861.8119,BARISTAseq,L4,553.44116,861.8119,327.650521,758.4488097,332.650521,763.4488097
1413,3490,112.4,552.5741,952.3273,BARISTAseq,L4,552.5741,952.3273,405.619938,804.4331239,410.619938,809.4331239
1414,3491,56.28,555.93195,975.756,BARISTAseq,L4,555.93195,975.756,427.591525,813.2326827,432.591525,818.2326827
1415,3492,24.09,559.91642,982.5148,BARISTAseq,L4,559.91642,982.5148,435.437029,813.1589917,440.437029,818.1589917
1416,3493,80.05,557.93583,989.1969,BARISTAseq,L4,557.93583,989.1969,440.235151,818.2137756,445.235151,823.2137756
1417,3494,195.9,556.79812,1011.6909,BARISTAseq,L4,556.79812,1011.6909,459.150475,830.4401649,464.150475,835.4401649
1418,3496,31.32,555.59765,1022.6654,BARISTAseq,L4,555.59765,1022.6654,468.056461,836.9642672,473.056461,841.9642672
1419,3497,132.0,550.75851,1030.1645,BARISTAseq,L4,550.75851,1030.1645,472.133759,844.9033603,477.133759,849.9033603
1420,3498,41.92,557.44853,1043.1942,BARISTAseq,L4,557.44853,1043.1942,486.763079,845.6199516,491.763079,850.6199516
1421,3499,30.05,561.38215,1076.9515,BARISTAseq,L4,561.38215,1076.9515,517.968738,859.0822519,522.968738,864.0822519
1422,3501,22.88,560.38529,1122.2976,BARISTAseq,L2/3,560.38529,1122.2976,556.748543,882.6065517,561.748543,887.6065517
1423,3502,52.37,553.82027,1182.9186,BARISTAseq,L2/3,553.82027,1182.9186,605.976596,918.5872057,610.976596,923.5872057
1424,3503,112.5,554.83838,1194.7047,BARISTAseq,L2/3,554.83838,1194.7047,616.694256,923.5952034,621.694256,928.5952034
1425,3504,52.12,552.93415,1222.0008,BARISTAseq,L2/3,552.93415,1222.0008,639.38597,938.8852606,644.38597,943.8852606
1426,3505,114.3,552.86969,1236.6124,BARISTAseq,L2/3,552.86969,1236.6124,652.010037,946.2429555,657.010037,951.2429555
1427,3506,33.2,555.95931,1284.3364,BARISTAseq,L2/3,555.95931,1284.3364,694.891685,967.4159346,699.891685,972.4159346
1428,3507,30.09,559.5919,1289.9227,BARISTAseq,L2/3,559.5919,1289.9227,701.545745,967.0610975,706.545745,972.0610975
1429,3508,42.36,555.50379,1293.8532,BARISTAseq,L2/3,555.50379,1293.8532,702.907276,972.5663024,707.907276,977.5663024
1430,3531,32.84,565.24997,540.5227,BARISTAseq,L5,565.24997,540.5227,55.257136,587.6623356,60.257136,592.6623356
1431,3532,47.11,564.06181,556.5983,BARISTAseq,L5,564.06181,556.5983,68.587749,596.7249562,73.587749,601.7249562
1432,3533,101.1,561.6392,594.8925,BARISTAseq,L5,561.6392,594.8925,100.546862,617.9601685,105.546862,622.9601685
1433,3534,35.29,560.39658,603.5961,BARISTAseq,L5,560.39658,603.5961,107.464702,623.3859168,112.464702,628.3859168
1434,3536,138.2,563.50825,648.8106,BARISTAseq,L4,563.50825,648.8106,148.183693,643.2857242,153.183693,648.2857242
1435,3537,28.38,558.43967,663.6185,BARISTAseq,L4,558.43967,663.6185,158.477091,655.0759902,163.477091,660.0759902
1436,3538,29.43,563.71149,689.1673,BARISTAseq,L4,563.71149,689.1673,183.24144,663.2771336,188.24144,668.2771336
1437,3539,86.43,565.45657,694.8874,BARISTAseq,L4,565.45657,694.8874,189.068182,664.6241002,194.068182,669.6241002
1438,3540,96.79,562.06962,726.6751,BARISTAseq,L4,562.06962,726.6751,214.90955,683.4430954,219.90955,688.4430954
1439,3541,50.68,565.16181,758.9293,BARISTAseq,L4,565.16181,758.9293,244.39278,696.8830909,249.39278,701.8830909
1440,3542,46.52,567.702,776.3459,BARISTAseq,L4,567.702,776.3459,260.748094,703.3864187,265.748094,708.3864187
1441,3544,40.61,565.31271,839.3359,BARISTAseq,L4,565.31271,839.3359,314.114841,736.9339801,319.114841,741.9339801
1442,3545,70.2,560.15236,889.1535,BARISTAseq,L4,560.15236,889.1535,354.687141,766.2991508,359.687141,771.2991508
1443,3546,19.7,562.41557,923.1423,BARISTAseq,L4,562.41557,923.1423,385.258595,781.3240373,390.258595,786.3240373
1444,3547,159.0,556.89015,939.3228,BARISTAseq,L4,556.89015,939.3228,396.512578,794.195916,401.512578,799.195916
1445,3548,52.31,559.39852,1048.1639,BARISTAseq,L4,559.39852,1048.1639,492.042213,846.4144131,497.042213,851.4144131
1446,3549,110.2,564.18205,1107.3697,BARISTAseq,L2/3,564.18205,1107.3697,545.715584,871.8579116,550.715584,876.8579116
1447,3550,83.89,557.74061,1137.0413,BARISTAseq,L2/3,557.74061,1137.0413,568.197624,892.2651917,573.197624,897.2651917
1448,3551,85.77,563.00956,1161.6979,BARISTAseq,L2/3,563.00956,1161.6979,592.187786,900.0229884,597.187786,905.0229884
1449,3552,192.4,562.99718,1177.1579,BARISTAseq,L2/3,562.99718,1177.1579,605.572737,907.7595293,610.572737,912.7595293
1450,3553,76.21,562.88319,1252.7931,BARISTAseq,L2/3,562.88319,1252.7931,671.029521,945.655439,676.029521,950.655439
1451,3554,116.3,562.32367,1281.1684,BARISTAseq,L2/3,562.32367,1281.1684,695.328099,960.3201011,700.328099,965.3201011
1452,3555,113.5,565.45982,1294.0012,BARISTAseq,L2/3,565.45982,1294.0012,708.010872,964.016575,713.010872,969.016575
1453,3556,156.2,559.59475,1330.1629,BARISTAseq,L2/3,559.59475,1330.1629,736.402476,987.1678744,741.402476,992.1678744
1454,3557,79.61,564.07455,1337.2071,BARISTAseq,L2/3,564.07455,1337.2071,744.742725,986.8077623,749.742725,991.8077623
1455,3558,81.31,567.26568,1370.9699,BARISTAseq,L2/3,567.26568,1370.9699,775.582082,1000.9159207,780.582082,1005.9159207
1456,3572,80.41,572.58971,537.3013,BARISTAseq,L5,572.58971,537.3013,56.134729,579.6949627,61.134729,584.6949627
1457,3573,36.25,568.68087,564.3267,BARISTAseq,L5,568.68087,564.3267,77.590245,596.5861373,82.590245,601.5861373
1458,3574,54.17,575.87877,566.6311,BARISTAseq,L5,575.87877,566.6311,83.183237,591.5030015,88.183237,596.5030015
1459,3575,29.81,563.79618,641.8107,BARISTAseq,L4,563.79618,641.8107,142.264394,639.5382624,147.264394,644.5382624
1460,3576,47.64,568.5465,656.1735,BARISTAseq,L4,568.5465,656.1735,157.079029,642.6011312,162.079029,647.6011312
1461,3577,49.83,573.07834,679.8742,BARISTAseq,L4,573.07834,679.8742,179.872811,650.5196855,184.872811,655.5196855
1462,3578,210.7,570.02791,707.5544,BARISTAseq,L4,570.02791,707.5544,202.324516,666.994558,207.324516,671.994558
1463,3579,97.62,565.91366,716.2223,BARISTAseq,L4,565.91366,716.2223,207.776452,674.8898498,212.776452,679.8898498
1464,3580,63.18,574.50489,744.072,BARISTAseq,L4,574.50489,744.072,236.192624,681.3656195,241.192624,686.3656195
1465,3581,66.69,568.64283,754.8492,BARISTAseq,L4,568.64283,754.8492,242.598189,691.8289229,247.598189,696.8289229
1466,3582,42.1,572.22275,778.4394,BARISTAseq,L4,572.22275,778.4394,264.820594,700.5168127,269.820594,705.5168127
1467,3583,130.8,565.54815,848.6372,BARISTAseq,L4,565.54815,848.6372,322.289083,741.3781732,327.289083,746.3781732
1468,3584,96.43,569.65182,858.7781,BARISTAseq,L4,569.65182,858.7781,333.123645,742.8913571,338.123645,747.8913571
1469,3585,53.74,567.87895,904.1048,BARISTAseq,L4,567.87895,904.1048,371.498861,767.0781358,376.498861,772.0781358
1470,3586,49.39,573.49314,941.6858,BARISTAseq,L4,573.49314,941.6858,406.856418,780.9955998,411.856418,785.9955998
1471,3587,43.53,569.27674,953.9035,BARISTAseq,L4,569.27674,953.9035,415.332038,790.7532858,420.332038,795.7532858
1472,3588,123.3,574.80162,978.1005,BARISTAseq,L4,574.80162,978.1005,439.052022,798.0597423,444.052022,803.0597423
1473,3589,39.02,567.23533,981.3051,BARISTAseq,L4,567.23533,981.3051,438.046655,806.2149474,443.046655,811.2149474
1474,3590,112.6,571.39178,1007.776,BARISTAseq,L4,571.39178,1007.776,463.052338,815.843,468.052338,820.843
1475,3591,80.7,567.71415,1015.065,BARISTAseq,L4,567.71415,1015.065,467.52813,822.6710472,472.52813,827.6710472
1476,3592,65.23,565.86498,1037.8166,BARISTAseq,L4,565.86498,1037.8166,486.311015,835.6423995,491.311015,840.6423995
1477,3593,76.62,565.3033,1058.0355,BARISTAseq,L4,565.3033,1058.0355,503.543624,846.2329511,508.543624,851.2329511
1478,3594,30.42,574.41796,1060.1712,BARISTAseq,L4,574.41796,1060.1712,509.948365,839.4052641,514.948365,844.4052641
1479,3595,21.0,567.2349,1081.2638,BARISTAseq,L4,567.2349,1081.2638,524.628795,856.1677056,529.628795,861.1677056
1480,3596,27.32,567.54883,1096.2946,BARISTAseq,L4,567.54883,1096.2946,537.805046,863.4071188,542.805046,868.4071188
1481,3597,97.71,562.10226,1125.8796,BARISTAseq,L2/3,562.10226,1125.8796,560.709167,882.9093419,565.709167,887.9093419
1482,3599,27.46,569.48706,1144.4448,BARISTAseq,L2/3,569.48706,1144.4448,580.48048,885.7903984,585.48048,890.7903984
1483,3600,155.5,571.81985,1159.5818,BARISTAseq,L2/3,571.81985,1159.5818,594.757562,891.3341645,599.757562,896.3341645
1484,3601,35.31,569.88407,1193.1546,BARISTAseq,L2/3,569.88407,1193.1546,622.870388,909.7882808,627.870388,914.7882808
1485,3602,69.84,563.34502,1226.7412,BARISTAseq,L2/3,563.34502,1226.7412,648.694671,932.2365077,653.694671,937.2365077
1486,3603,24.0,563.96992,1233.9375,BARISTAseq,L2/3,563.96992,1233.9375,655.240245,935.2914369,660.240245,940.2914369
1487,3604,23.85,564.90129,1242.36,BARISTAseq,L2/3,564.90129,1242.36,663.001091,938.6936766,668.001091,943.6936766
1488,3605,134.7,570.26045,1249.7548,BARISTAseq,L2/3,570.26045,1249.7548,672.084455,937.7470707,677.084455,942.7470707
1489,3608,101.7,570.34143,1328.7387,BARISTAseq,L2/3,570.34143,1328.7387,740.539251,977.1475582,745.539251,982.1475582
1490,3609,83.61,570.31992,1364.8408,BARISTAseq,L2/3,570.31992,1364.8408,771.799515,995.2075348,776.799515,1000.2075348
1491,3631,26.56,577.00804,581.8618,BARISTAseq,L5,577.00804,581.8618,96.940172,598.1361233,101.940172,603.1361233
1492,3632,46.79,577.26706,594.1574,BARISTAseq,L5,577.26706,594.1574,107.719839,604.0562598,112.719839,609.0562598
1493,3633,25.55,576.42726,600.114,BARISTAseq,L5,576.42726,600.114,112.459625,607.7603495,117.459625,612.7603495
1494,3635,165.7,576.79744,632.6343,BARISTAseq,L5,576.79744,632.6343,140.813114,623.6911054,145.813114,628.6911054
1495,3636,79.17,572.74986,641.5524,BARISTAseq,L4,572.74986,641.5524,146.515066,631.6536662,151.515066,636.6536662
1496,3637,186.6,583.59529,675.542,BARISTAseq,L4,583.59529,675.542,181.376047,639.2452133,186.376047,644.2452133
1497,3638,25.8,572.29262,674.4976,BARISTAseq,L4,572.29262,674.4976,174.823066,648.5134242,179.823066,653.5134242
1498,3639,34.26,577.76444,697.8571,BARISTAseq,L4,577.76444,697.8571,197.791091,655.447295,202.791091,660.447295
1499,3640,114.7,579.29749,717.2883,BARISTAseq,L4,579.29749,717.2883,215.388167,663.8297769,220.388167,668.8297769
1500,3641,99.46,576.16769,730.4207,BARISTAseq,L4,576.16769,730.4207,225.199117,673.1033841,230.199117,678.1033841
1501,3642,75.9,570.37153,740.5259,BARISTAseq,L4,570.37153,740.5259,231.055535,683.1737862,236.055535,688.1737862
1502,3643,168.4,576.99641,823.7432,BARISTAseq,L4,576.99641,823.7432,306.447436,719.0216398,311.447436,724.0216398
1503,3644,130.5,574.38152,835.8269,BARISTAseq,L4,574.38152,835.8269,315.607403,727.3252162,320.607403,732.3252162
1504,3645,24.92,575.66308,858.9443,BARISTAseq,L4,575.66308,858.9443,336.271666,737.7676059,341.271666,742.7676059
1505,3646,86.11,576.7006,928.3637,BARISTAseq,L4,576.7006,928.3637,396.919872,771.5598713,401.919872,776.5598713
1506,3647,32.99,571.31756,958.2975,BARISTAseq,L4,571.31756,958.2975,420.15791,791.1813977,425.15791,796.1813977
1507,3648,46.8,572.83574,988.3061,BARISTAseq,L4,572.83574,988.3061,446.9095,804.8625994,451.9095,809.8625994
1508,3650,174.5,575.20705,1023.4244,BARISTAseq,L4,575.20705,1023.4244,478.513343,820.3583042,483.513343,825.3583042
1509,3651,37.27,574.53624,1035.9848,BARISTAseq,L4,574.53624,1035.9848,489.057695,827.2161492,494.057695,832.2161492
1510,3652,109.5,571.1154,1046.1441,BARISTAseq,L4,571.1154,1046.1441,496.147939,835.2561019,501.147939,840.2561019
1511,3653,36.95,574.16376,1068.0,BARISTAseq,L4,574.16376,1068.0,516.602491,843.5377375,521.602491,848.5377375
1512,3654,165.1,573.13538,1102.0402,BARISTAseq,L4,573.13538,1102.0402,545.573542,861.4394055,550.573542,866.4394055
1513,3657,180.7,575.18903,1132.7218,BARISTAseq,L2/3,575.18903,1132.7218,573.175623,874.9930905,578.175623,879.9930905
1514,3659,200.3,574.54296,1230.4734,BARISTAseq,L2/3,574.54296,1230.4734,657.523339,924.4021266,662.523339,929.4021266
1515,3660,111.4,577.40695,1241.3567,BARISTAseq,L2/3,577.40695,1241.3567,668.381515,927.3601317,673.381515,932.3601317
1516,3661,79.01,575.99595,1291.569,BARISTAseq,L2/3,575.99595,1291.569,711.169334,953.6749177,716.169334,958.6749177
1517,3662,43.44,577.97384,1325.677,BARISTAseq,L2/3,577.97384,1325.677,741.701472,969.0065212,746.701472,974.0065212
1518,3663,64.84,573.02653,1344.6565,BARISTAseq,L2/3,573.02653,1344.6565,755.668851,982.7764275,760.668851,987.7764275
1519,3678,89.75,581.30428,619.1152,BARISTAseq,L5,581.30428,619.1152,131.355259,613.0314159,136.355259,618.0314159
1520,3679,84.35,585.91193,642.0476,BARISTAseq,L5,585.91193,642.0476,153.521488,620.500399,158.521488,625.500399
1521,3681,105.4,579.84193,690.7579,BARISTAseq,L4,579.84193,690.7579,192.680052,650.1001128,197.680052,655.1001128
1522,3682,53.59,587.24524,716.4794,BARISTAseq,L4,587.24524,716.4794,218.659212,656.54133,223.659212,661.54133
1523,3684,103.6,581.40603,781.434,BARISTAseq,L4,581.40603,781.434,272.003635,694.0589292,277.003635,699.0589292
1524,3685,37.62,584.76894,816.3398,BARISTAseq,L4,584.76894,816.3398,303.918921,708.5895152,308.918921,713.5895152
1525,3686,82.21,582.04498,869.2396,BARISTAseq,L4,582.04498,869.2396,348.378493,737.3846035,353.378493,742.3846035
1526,3688,152.9,576.71506,899.2858,BARISTAseq,L4,576.71506,899.2858,371.740381,757.0162415,376.740381,762.0162415
1527,3689,111.5,580.603,961.2216,BARISTAseq,L4,580.603,961.2216,427.330977,784.5998108,432.330977,789.5998108
1528,3690,121.4,586.06042,972.7648,BARISTAseq,L4,586.06042,972.7648,440.056684,785.6411678,445.056684,790.6411678
1529,3691,77.08,578.48762,988.2008,BARISTAseq,L4,578.48762,988.2008,449.642678,799.9144058,454.642678,804.9144058
1530,3692,52.18,581.14719,1013.9128,BARISTAseq,L4,581.14719,1013.9128,473.242996,810.4597959,478.242996,815.4597959
1531,3693,67.1,584.95113,1036.2856,BARISTAseq,L4,584.95113,1036.2856,494.522831,818.3452606,499.522831,823.3452606
1532,3694,35.85,581.67005,1041.9359,BARISTAseq,L4,581.67005,1041.9359,497.777341,824.0108878,502.777341,829.0108878
1533,3695,193.4,581.17758,1049.6043,BARISTAseq,L4,581.17758,1049.6043,504.173516,828.2696223,509.173516,833.2696223
1534,3696,33.7,583.36696,1058.3718,BARISTAseq,L4,583.36696,1058.3718,512.861835,830.754584,517.861835,835.754584
1535,3697,122.9,578.38577,1079.5639,BARISTAseq,L4,578.38577,1079.5639,528.728826,845.6595625,533.728826,850.6595625
1536,3698,72.57,582.71155,1099.4605,BARISTAseq,L4,582.71155,1099.4605,548.124587,851.8555717,553.124587,856.8555717
1537,3699,30.03,581.66597,1115.6548,BARISTAseq,L4,581.66597,1115.6548,561.629282,860.8540254,566.629282,865.8540254
1538,3700,38.72,581.30871,1127.3392,BARISTAseq,L4,581.30871,1127.3392,571.571542,867.0025124,576.571542,872.0025124
1539,3701,24.25,588.97536,1136.8445,BARISTAseq,L4,588.97536,1136.8445,583.636142,865.1119058,588.636142,870.1119058
1540,3702,74.71,578.91223,1142.1481,BARISTAseq,L2/3,578.91223,1142.1481,583.201156,876.478768,588.201156,881.478768
1541,3703,66.98,586.4903,1159.9172,BARISTAseq,L2/3,586.4903,1159.9172,602.379346,878.7945076,607.379346,883.7945076
1542,3704,212.4,582.82913,1210.901,BARISTAseq,L2/3,582.82913,1210.901,644.711018,907.4439218,649.711018,912.4439218
1543,3705,24.98,578.25414,1278.0095,BARISTAseq,L2/3,578.25414,1278.0095,700.552859,944.9428334,705.552859,949.9428334
1544,3706,38.43,578.66432,1341.8066,BARISTAseq,L2/3,578.66432,1341.8066,756.017638,976.4688672,761.017638,981.4688672
1545,3707,38.05,579.25849,1348.9495,BARISTAseq,L2/3,579.25849,1348.9495,762.501615,979.5237344,767.501615,984.5237344
1546,3729,43.93,590.061,514.5479,BARISTAseq,L5,590.061,514.5479,45.157097,553.1911045,50.157097,558.1911045
1547,3730,81.85,587.75659,553.5562,BARISTAseq,L5,587.75659,553.5562,77.793712,574.680741,82.793712,579.680741
1548,3731,106.7,586.03554,561.8498,BARISTAseq,L5,586.03554,561.8498,84.117468,580.3160748,89.117468,585.3160748
1549,3732,163.1,589.26085,593.8799,BARISTAseq,L5,589.26085,593.8799,113.473133,593.5287856,118.473133,598.5287856
1550,3733,151.1,586.20909,659.7858,BARISTAseq,L5,586.20909,659.7858,169.034493,629.1073184,174.034493,634.1073184
1551,3734,73.9,588.65864,686.798,BARISTAseq,L4,588.65864,686.798,193.656096,640.4843954,198.656096,645.4843954
1552,3735,59.59,586.52143,698.1904,BARISTAseq,L4,586.52143,698.1904,202.455923,648.0287202,207.455923,653.0287202
1553,3736,82.35,587.65841,739.6003,BARISTAseq,L4,587.65841,739.6003,238.892607,667.7376821,243.892607,672.7376821
1554,3738,59.14,587.97726,772.5947,BARISTAseq,L4,587.97726,772.5947,267.631026,683.9497831,272.631026,688.9497831
1555,3739,36.75,587.16873,793.9266,BARISTAseq,L4,587.16873,793.9266,285.704252,695.3102974,290.704252,700.3102974
1556,3740,66.89,583.40911,855.6749,BARISTAseq,L4,583.40911,855.6749,337.310676,729.4243044,342.310676,734.4243044
1557,3741,63.19,588.40623,867.1041,BARISTAseq,L4,588.40623,867.1041,349.707674,730.8074334,354.707674,735.8074334
1558,3742,54.77,585.74403,907.3334,BARISTAseq,L4,585.74403,907.3334,383.223122,753.2171619,388.223122,758.2171619
1559,3743,38.0,584.90856,928.7435,BARISTAseq,L4,584.90856,928.7435,401.350648,764.6401061,406.350648,769.6401061
1560,3744,56.74,591.19824,928.9377,BARISTAseq,L4,591.19824,928.9377,404.661964,759.2891263,409.661964,764.2891263
1561,3745,135.6,587.08603,939.8844,BARISTAseq,L4,587.08603,939.8844,412.088804,768.3214501,417.088804,773.3214501
1562,3746,35.66,589.95237,956.2975,BARISTAseq,L4,589.95237,956.2975,427.737974,774.0408338,432.737974,779.0408338
1563,3747,81.51,591.41709,982.1709,BARISTAseq,L4,591.41709,982.1709,450.880945,785.7018268,455.880945,790.7018268
1564,3748,101.7,587.38681,990.9125,BARISTAseq,L4,587.38681,990.9125,456.4387,793.5612116,461.4387,798.5612116
1565,3749,89.67,589.39497,1011.3762,BARISTAseq,L4,589.39497,1011.3762,475.167539,802.0481295,480.167539,807.0481295
1566,3750,89.84,594.27304,1102.4687,BARISTAseq,L4,594.27304,1102.4687,556.507815,843.3444924,561.507815,848.3444924
1567,3751,35.58,588.42921,1116.0528,BARISTAseq,L4,588.42921,1116.0528,565.353758,855.1946918,570.353758,860.1946918
1568,3752,61.58,582.4261,1155.1373,BARISTAseq,L2/3,582.4261,1155.1373,596.208103,879.9261896,601.208103,884.9261896
1569,3753,152.3,589.3343,1169.1374,BARISTAseq,L2/3,589.3343,1169.1374,611.78701,880.9387345,616.78701,885.9387345
1570,3754,46.94,589.36143,1262.4017,BARISTAseq,L2/3,589.36143,1262.4017,692.584275,927.5221943,697.584275,932.5221943
1571,3755,152.5,585.11062,1302.1683,BARISTAseq,L2/3,585.11062,1302.1683,724.905161,951.0767795,729.905161,956.0767795
1572,3756,99.72,589.37815,1332.0274,BARISTAseq,L2/3,589.37815,1332.0274,752.901113,962.3017841,757.901113,967.3017841
1573,3757,147.4,589.34031,1343.9476,BARISTAseq,L2/3,589.34031,1343.9476,763.207268,968.2914541,768.207268,973.2914541
1574,3778,51.46,592.64372,522.8398,BARISTAseq,L5,592.64372,522.8398,53.630067,555.0977274,58.630067,560.0977274
1575,3779,102.8,591.10311,546.4518,BARISTAseq,L5,591.10311,546.4518,73.312452,568.2318029,78.312452,573.2318029
1576,3780,57.11,595.77037,557.2329,BARISTAseq,L5,595.77037,557.2329,84.983167,569.5767304,89.983167,574.5767304
1577,3781,94.14,598.0225,590.3612,BARISTAseq,L5,598.0225,590.3612,114.803759,584.1812102,119.803759,589.1812102
1578,3782,58.72,598.33135,683.5057,BARISTAseq,L5,598.33135,683.5057,195.6381,630.4608148,200.6381,635.4608148
1579,3784,89.74,596.58257,733.5728,BARISTAseq,L4,596.58257,733.5728,238.131345,656.9956115,243.131345,661.9956115
1580,3785,52.39,597.24208,793.68,BARISTAseq,L4,597.24208,793.68,290.524653,686.4617434,295.524653,691.4617434
1581,3786,30.6,599.56494,798.1045,BARISTAseq,L4,599.56494,798.1045,295.517864,686.660778,300.517864,691.660778
1582,3787,170.8,590.68602,806.6185,BARISTAseq,L4,590.68602,806.6185,298.455423,698.6062044,303.455423,703.6062044
1583,3788,92.92,592.18826,818.1222,BARISTAseq,L4,592.18826,818.1222,309.170462,703.0537596,314.170462,708.0537596
1584,3789,77.09,601.62502,820.0947,BARISTAseq,L4,601.62502,820.0947,315.594842,695.8655445,320.594842,700.8655445
1585,3790,54.0,589.80492,827.2922,BARISTAseq,L4,589.80492,827.2922,315.922322,709.7006976,320.922322,714.7006976
1586,3792,126.4,587.29108,834.2024,BARISTAseq,L4,587.29108,834.2024,320.651593,715.3313936,325.651593,720.3313936
1587,3793,60.1,592.53845,855.7015,BARISTAseq,L4,592.53845,855.7015,341.895977,721.5299704,346.895977,726.5299704
1588,3794,64.46,597.3688,891.5936,BARISTAseq,L4,597.3688,891.5936,375.398857,735.282355,380.398857,740.282355
1589,3795,138.8,589.73295,898.0112,BARISTAseq,L4,589.73295,898.0112,377.141767,745.1034295,382.141767,750.1034295
1590,3796,52.25,590.65687,948.2287,BARISTAseq,L4,590.65687,948.2287,421.100948,769.3983681,426.100948,774.3983681
1591,3797,53.76,595.77047,1020.37,BARISTAseq,L4,595.77047,1020.37,486.143811,801.0202642,491.143811,806.0202642
1592,3798,120.7,589.55558,1027.115,BARISTAseq,L4,589.55558,1027.115,488.880395,809.7741326,493.880395,814.7741326
1593,3799,106.7,597.91142,1043.1588,BARISTAseq,L4,597.91142,1043.1588,506.95296,810.5540711,511.95296,815.5540711
1594,3800,94.49,589.78171,1072.9499,BARISTAseq,L4,589.78171,1072.9499,528.69474,832.4833648,533.69474,837.4833648
1595,3801,50.21,596.50885,1129.029,BARISTAseq,L4,596.50885,1129.029,580.631198,854.6808869,585.631198,859.6808869
1596,3803,31.46,596.42559,1167.7016,BARISTAseq,L2/3,596.42559,1167.7016,614.087049,874.0788681,619.087049,879.0788681
1597,3804,35.34,592.58292,1178.3684,BARISTAseq,L2/3,592.58292,1178.3684,621.406125,882.7378346,626.406125,887.7378346
1598,3805,54.94,593.06704,1217.9083,BARISTAseq,L2/3,593.06704,1217.9083,655.896741,902.0777688,660.896741,907.0777688
1599,3806,187.9,588.90151,1319.3201,BARISTAseq,L2/3,588.90151,1319.3201,741.656138,956.3644419,746.656138,961.3644419
1600,3826,146.4,601.89946,514.7259,BARISTAseq,L5,601.89946,514.7259,51.227325,543.025812,56.227325,548.025812
1601,3827,42.88,598.40313,577.5543,BARISTAseq,L5,598.40313,577.5543,103.900877,577.4515166,108.900877,582.4515166
1602,3828,19.53,598.44017,600.9169,BARISTAseq,L5,598.44017,600.9169,124.155611,589.0944284,129.155611,594.0944284
1603,3830,54.39,598.29973,626.6571,BARISTAseq,L5,598.29973,626.6571,146.38109,602.0792174,151.38109,607.0792174
1604,3831,47.57,603.30824,656.0511,BARISTAseq,L5,603.30824,656.0511,174.344531,612.4300154,179.344531,617.4300154
1605,3832,128.1,597.6254,693.5577,BARISTAseq,L4,597.6254,693.5577,203.992168,636.0955798,208.992168,641.0955798
1606,3833,110.2,600.84701,766.0813,BARISTAseq,L4,600.84701,766.0813,268.420673,669.5473159,273.420673,674.5473159
1607,3834,27.86,598.2245,775.8553,BARISTAseq,L4,598.2245,775.8553,275.576156,676.7032356,280.576156,681.7032356
1608,3835,29.97,602.45364,779.7106,BARISTAseq,L4,602.45364,779.7106,281.028977,674.9666506,286.028977,679.9666506
1609,3836,86.34,600.6008,785.5766,BARISTAseq,L4,600.6008,785.5766,285.184097,679.5029674,290.184097,684.5029674
1610,3837,44.9,599.82355,811.6793,BARISTAseq,L4,599.82355,811.6793,307.405303,693.2204904,312.405303,698.2204904
1611,3838,115.9,600.10059,854.5101,BARISTAseq,L4,600.10059,854.5101,344.643003,714.3843867,349.643003,719.3843867
1612,3839,74.71,593.29742,876.6458,BARISTAseq,L4,593.29742,876.6458,360.416762,731.3390317,365.416762,736.3390317
1613,3840,60.64,604.15938,890.6384,BARISTAseq,L4,604.15938,890.6384,377.964905,728.9231133,382.964905,733.9231133
1614,3841,154.9,601.94242,921.6443,BARISTAseq,L4,601.94242,921.6443,403.713812,746.3380352,408.713812,751.3380352
1615,3842,32.68,599.33681,929.7801,BARISTAseq,L4,599.33681,929.7801,409.458786,752.6606689,414.458786,757.6606689
1616,3843,32.25,595.31529,972.7577,BARISTAseq,L4,595.31529,972.7577,444.675451,777.6212154,449.675451,782.6212154
1617,3844,119.2,600.87934,1000.3606,BARISTAseq,L4,600.87934,1000.3606,471.365119,786.5957619,476.365119,791.5957619
1618,3845,60.04,600.92141,1024.1061,BARISTAseq,L4,600.92141,1024.1061,491.954064,798.4256746,496.954064,803.4256746
1619,3846,31.96,599.31417,1029.6217,BARISTAseq,L4,599.31417,1029.6217,495.928324,802.5741149,500.928324,807.5741149
1620,3847,62.31,600.09723,1051.8384,BARISTAseq,L4,600.09723,1051.8384,515.563325,812.9981945,520.563325,817.9981945
1621,3848,37.99,601.10758,1061.8004,BARISTAseq,L4,601.10758,1061.8004,524.697143,817.1013753,529.697143,822.1013753
1622,3849,30.35,602.68508,1091.1919,BARISTAseq,L4,602.68508,1091.1919,550.943862,830.4228153,555.943862,835.4228153
1623,3850,30.91,603.32889,1129.3686,BARISTAseq,L4,603.32889,1129.3686,584.333487,848.9431799,589.333487,853.9431799
1624,3851,90.03,602.9797,1143.9196,BARISTAseq,L4,602.9797,1143.9196,596.762838,856.5172447,601.762838,861.5172447
1625,3853,43.19,599.41188,1178.8906,BARISTAseq,L2/3,599.41188,1178.8906,625.271102,877.0836945,630.271102,882.0836945
1626,3854,129.2,598.54921,1208.2922,BARISTAseq,L2/3,598.54921,1208.2922,650.307078,892.52377,655.307078,897.52377
1627,3855,197.4,597.28971,1227.1515,BARISTAseq,L2/3,597.28971,1227.1515,666.013227,903.0392783,671.013227,908.0392783
1628,3856,98.47,598.22758,1241.9606,BARISTAseq,L2/3,598.22758,1241.9606,679.309266,909.6274668,684.309266,914.6274668
1629,3857,202.4,597.37921,1253.6214,BARISTAseq,L2/3,597.37921,1253.6214,688.985677,916.1895658,693.985677,921.1895658
1630,3858,112.6,592.75414,1280.1309,BARISTAseq,L2/3,592.75414,1280.1309,709.636434,933.4433226,714.636434,938.4433226
1631,3859,121.5,603.32143,1314.4408,BARISTAseq,L2/3,603.32143,1314.4408,744.635789,941.4358159,749.635789,946.4358159
1632,3860,101.5,603.14408,1328.6371,BARISTAseq,L2/3,603.14408,1328.6371,756.843743,948.6837619,761.843743,953.6837619
1633,3861,33.12,597.40456,1351.1026,BARISTAseq,L2/3,597.40456,1351.1026,773.434782,964.8819494,778.434782,969.8819494
1634,3881,18.75,605.24614,535.6147,BARISTAseq,L5,605.24614,535.6147,70.993239,550.5657472,75.993239,555.5657472
1635,3882,25.92,603.625,573.2723,BARISTAseq,L5,603.625,573.2723,102.801404,570.7885836,107.801404,575.7885836
1636,3884,80.63,605.1481,606.2817,BARISTAseq,L5,605.1481,606.2817,132.154674,585.9651035,137.154674,590.9651035
1637,3885,181.3,609.50462,619.4947,BARISTAseq,L5,609.50462,619.4947,145.776575,588.7944873,150.776575,593.7944873
1638,3886,190.3,604.27093,644.5198,BARISTAseq,L5,604.27093,644.5198,164.837387,605.8336001,169.837387,610.8336001
1639,3887,40.31,596.92353,653.3099,BARISTAseq,L5,596.92353,653.3099,168.779547,616.5904864,173.779547,621.5904864
1640,3888,73.35,606.25239,692.1818,BARISTAseq,L5,606.25239,692.1818,207.111514,627.9354406,212.111514,632.9354406
1641,3889,79.52,606.18243,735.9644,BARISTAseq,L4,606.18243,735.9644,245.000188,649.8755145,250.000188,654.8755145
1642,3890,210.2,602.66773,754.338,BARISTAseq,L4,602.66773,754.338,259.158676,662.1017331,264.158676,667.1017331
1643,3891,40.01,609.61162,950.4361,BARISTAseq,L4,609.61162,950.4361,432.48521,754.0832255,437.48521,759.0832255
1644,3892,93.54,602.72879,978.9661,BARISTAseq,L4,602.72879,978.9661,453.757832,774.3023203,458.757832,779.3023203
1645,3893,33.13,607.01,1039.5681,BARISTAseq,L4,607.01,1039.5681,508.389558,800.8786516,513.3895580000001,805.8786516
1646,3895,73.44,607.16114,1073.3449,BARISTAseq,L4,607.16114,1073.3449,537.721943,817.6270484,542.721943,822.6270484
1647,3896,41.56,607.16442,1087.2007,BARISTAseq,L4,607.16442,1087.2007,549.725176,824.5483396,554.725176,829.5483396
1648,3898,47.85,606.40171,1117.7991,BARISTAseq,L4,606.40171,1117.7991,575.847849,840.4999667,580.847849,845.4999667
1649,3899,142.6,607.907,1185.7353,BARISTAseq,L2/3,607.907,1185.7353,635.445114,873.1458766,640.445114,878.1458766
1650,3900,80.81,605.12649,1200.6112,BARISTAseq,L2/3,605.12649,1200.6112,646.940808,882.9882232,651.940808,887.9882232
1651,3901,78.86,611.50652,1206.2448,BARISTAseq,L2/3,611.50652,1206.2448,655.008839,880.2772561,660.008839,885.2772561
1652,3903,48.25,604.33322,1237.413,BARISTAseq,L2/3,604.33322,1237.413,678.421458,902.0663432,683.421458,907.0663432
1653,3904,24.75,605.82839,1264.2222,BARISTAseq,L2/3,605.82839,1264.2222,702.390203,914.168585,707.390203,919.168585
1654,3905,295.2,602.17442,1287.6229,BARISTAseq,L2/3,602.17442,1287.6229,720.833459,929.0276321,725.833459,934.0276321
1655,3906,59.71,610.18764,1300.2102,BARISTAseq,L2/3,610.18764,1300.2102,735.74079,928.3769843,740.74079,933.3769843
1656,3907,88.05,606.29059,1347.1512,BARISTAseq,L2/3,606.29059,1347.1512,774.452719,955.2103699,779.452719,960.2103699
1657,3922,114.0,611.18559,532.2913,BARISTAseq,L5,611.18559,532.2913,71.082691,543.7603029,76.082691,548.7603029
1658,3923,50.08,612.08302,557.8771,BARISTAseq,L5,612.08302,557.8771,93.693052,555.7689296,98.693052,560.7689296
1659,3924,151.8,609.39708,632.7693,BARISTAseq,L5,609.39708,632.7693,157.221048,595.5213605,162.221048,600.5213605
1660,3925,86.78,609.35192,680.4196,BARISTAseq,L5,609.35192,680.4196,198.472253,619.3727597,203.472253,624.3727597
1661,3926,65.99,613.8213,716.2047,BARISTAseq,L5,613.8213,716.2047,231.702165,633.3843977,236.702165,638.3843977
1662,3927,106.2,611.54272,731.6216,BARISTAseq,L4,611.54272,731.6216,243.917302,643.0623354,248.917302,648.0623354
1663,3928,134.5,613.79571,759.1139,BARISTAseq,L4,613.79571,759.1139,268.856439,654.8495477,273.856439,659.8495477
1664,3929,133.8,612.06772,789.9645,BARISTAseq,L4,612.06772,789.9645,294.71514,671.763289,299.71514,676.763289
1665,3930,20.49,613.77048,821.1425,BARISTAseq,L4,613.77048,821.1425,322.571886,685.8689951,327.571886,690.8689951
1666,3931,39.47,611.18137,835.9506,BARISTAseq,L4,611.18137,835.9506,334.104467,695.5116563,339.104467,700.5116563
1667,3932,76.17,608.10497,828.3155,BARISTAseq,L4,608.10497,828.3155,325.953786,694.3609258,330.953786,699.3609258
1668,3933,23.85,613.76259,843.9129,BARISTAseq,L4,613.76259,843.9129,342.291185,697.2548578,347.291185,702.2548578
1669,3934,84.42,611.0656,869.6284,BARISTAseq,L4,611.0656,869.6284,363.217743,712.4417758,368.217743,717.4417758
1670,3935,102.6,611.95073,878.562,BARISTAseq,L4,611.95073,878.562,371.398159,716.1394755,376.398159,721.1394755
1671,3936,35.23,609.68379,895.5424,BARISTAseq,L4,609.68379,895.5424,384.973374,726.588661,389.973374,731.588661
1672,3937,90.54,608.88602,913.3614,BARISTAseq,L4,608.88602,913.3614,400.009254,736.1844078,405.009254,741.1844078
1673,3938,53.73,612.16991,933.2062,BARISTAseq,L4,612.16991,933.2062,418.839484,743.2569954,423.839484,748.2569954
1674,3940,52.79,610.23447,975.072,BARISTAseq,L4,610.23447,975.072,454.135642,765.8550333,459.135642,770.8550333
1675,3941,79.15,615.12806,985.0067,BARISTAseq,L4,615.12806,985.0067,465.186345,766.5809585,470.186345,771.5809585
1676,3943,97.41,609.19056,992.0952,BARISTAseq,L4,609.19056,992.0952,468.359129,775.2662577,473.359129,780.2662577
1677,3944,96.95,612.19218,1035.4359,BARISTAseq,L4,612.19218,1035.4359,507.400034,794.3249706,512.400034,799.3249706
1678,3945,26.53,608.90157,1046.789,BARISTAseq,L4,608.90157,1046.789,515.589501,802.8487456,520.589501,807.8487456
1679,3946,137.3,612.97943,1057.7883,BARISTAseq,L4,612.97943,1057.7883,527.154639,804.8132179,532.154639,809.8132179
1680,3947,34.57,609.51779,1067.3388,BARISTAseq,L4,609.51779,1067.3388,533.69724,812.5843172,538.69724,817.5843172
1681,3948,23.47,614.52676,1071.4424,BARISTAseq,L4,614.52676,1071.4424,539.754872,810.2963584,544.754872,815.2963584
1682,3949,59.3,613.0613,1080.647,BARISTAseq,L4,613.0613,1080.647,546.995362,816.1655101,551.995362,821.1655101
1683,3950,146.7,614.43043,1126.2533,BARISTAseq,L4,614.43043,1126.2533,587.182901,837.77046,592.182901,842.77046
1684,3951,45.62,609.77529,1138.888,BARISTAseq,L4,609.77529,1138.888,595.800494,848.1165826,600.800494,853.1165826
1685,3952,119.9,609.38597,1160.8461,BARISTAseq,L4,609.38597,1160.8461,614.625636,859.426924,619.625636,864.426924
1686,3953,96.78,617.47438,1161.3754,BARISTAseq,L4,617.47438,1161.3754,619.126083,852.6853824,624.126083,857.6853824
1687,3954,192.9,608.58112,1174.3718,BARISTAseq,L4,608.58112,1174.3718,625.939149,866.8832881,630.939149,871.8832881
1688,3955,119.9,614.38063,1234.7841,BARISTAseq,L2/3,614.38063,1234.7841,681.165331,892.0497186,686.165331,897.0497186
1689,3956,78.08,614.06402,1275.4471,BARISTAseq,L2/3,614.06402,1275.4471,716.228629,912.6444862,721.228629,917.6444862
1690,3957,101.4,614.39316,1290.5217,BARISTAseq,L2/3,614.39316,1290.5217,729.450435,919.8926178,734.450435,924.8926178
1691,3979,133.3,617.84996,488.4597,BARISTAseq,L5,617.84996,488.4597,36.446933,516.0837517,41.446933,521.0837517
1692,3980,63.09,618.85045,500.654,BARISTAseq,L5,618.85045,500.654,47.509406,521.3110132,52.509406,526.3110132
1693,3981,55.79,617.74544,556.4892,BARISTAseq,L5,617.74544,556.4892,95.320584,550.1706928,100.320584,555.1706928
1694,3983,81.62,621.4971,580.3136,BARISTAseq,L5,621.4971,580.3136,117.831641,558.82684,122.831641,563.82684
1695,3984,109.4,625.28833,659.7917,BARISTAseq,L5,625.28833,659.7917,188.56865,595.2605578,193.56865,600.2605578
1696,3985,47.95,621.15387,698.9332,BARISTAseq,L5,621.15387,698.9332,220.406173,618.4019426,225.406173,623.4019426
1697,3987,110.9,621.03232,714.0535,BARISTAseq,L5,621.03232,714.0535,233.442401,626.0633229,238.442401,631.0633229
1698,3989,149.5,624.28743,770.5661,BARISTAseq,L4,624.28743,770.5661,284.019226,651.4848676,289.019226,656.4848676
1699,3990,121.7,617.039,830.5241,BARISTAseq,L4,617.039,830.5241,332.331413,687.7261249,337.331413,692.7261249
1700,3991,67.49,622.48266,839.9504,BARISTAseq,L4,622.48266,839.9504,343.216648,687.7215363,348.216648,692.7215363
1701,3992,59.58,617.1676,892.5824,BARISTAseq,L4,617.1676,892.5824,386.149434,718.6271629,391.149434,723.6271629
1702,3993,44.86,618.79071,897.9128,BARISTAseq,L4,618.79071,897.9128,391.57758,719.8849785,396.57758,724.8849785
1703,3995,89.13,621.97111,943.3463,BARISTAseq,L4,621.97111,943.3463,432.52058,739.834682,437.52058,744.834682
1704,3996,43.13,616.95966,948.2344,BARISTAseq,L4,616.95966,948.2344,434.25023,746.6182657,439.25023,751.6182657
1705,3997,19.97,614.06042,998.7351,BARISTAseq,L4,614.06042,998.7351,476.544097,774.3662322,481.544097,779.3662322
1706,3998,74.62,621.0552,998.8266,BARISTAseq,L4,621.0552,998.8266,480.118882,768.3532189,485.118882,773.3532189
1707,3999,77.24,616.59997,1006.1411,BARISTAseq,L4,616.59997,1006.1411,484.228151,775.8675332,489.228151,780.8675332
1708,4001,81.61,619.64154,1031.5495,BARISTAseq,L4,619.64154,1031.5495,507.756345,785.9303043,512.756345,790.9303043
1709,4003,28.33,617.5163,1050.722,BARISTAseq,L4,617.5163,1050.722,523.301191,797.3522458,528.301191,802.3522458
1710,4004,44.83,619.9322,1073.8929,BARISTAseq,L4,619.9322,1073.8929,544.578649,806.8388135,549.578649,811.8388135
1711,4005,62.79,615.99878,1089.7513,BARISTAseq,L4,615.99878,1089.7513,556.349287,818.1708144,561.349287,823.1708144
1712,4006,49.65,617.1228,1115.768,BARISTAseq,L4,617.1228,1115.768,579.446195,830.1985562,584.446195,835.1985562
1713,4007,93.5,614.49782,1148.9233,BARISTAseq,L4,614.49782,1148.9233,606.852902,849.0409738,611.852902,854.0409738
1714,4008,82.49,616.2785,1195.0577,BARISTAseq,L2/3,616.2785,1195.0577,647.703486,870.5533233,652.703486,875.5533233
1715,4009,81.01,619.45136,1206.0853,BARISTAseq,L2/3,619.45136,1206.0853,658.840933,873.315861,663.840933,878.315861
1716,4025,172.8,620.56431,516.3416,BARISTAseq,L5,620.56431,516.3416,61.954183,527.6660798,66.954183,532.6660798
1717,4026,70.79,626.40184,575.282,BARISTAseq,L5,626.40184,575.282,115.924425,552.0640126,120.924425,557.0640126
1718,4027,220.2,624.03493,631.6646,BARISTAseq,L5,624.03493,631.6646,163.579106,582.2902546,168.579106,587.2902546
1719,4028,74.9,621.58482,759.9878,BARISTAseq,L4,621.58482,759.9878,273.505857,648.5394778,278.505857,653.5394778
1720,4029,36.75,632.96891,766.0049,BARISTAseq,L5,632.96891,766.0049,284.406735,641.6857325,289.406735,646.6857325
1721,4030,101.5,619.7412,786.6092,BARISTAseq,L4,619.7412,786.6092,295.643568,663.4399547,300.643568,668.4399547
1722,4031,66.12,625.4013,819.865,BARISTAseq,L4,625.4013,819.865,327.277561,675.156168,332.277561,680.156168
1723,4032,34.54,627.02178,842.4667,BARISTAseq,L4,627.02178,842.4667,347.664549,685.0472982,352.664549,690.0472982
1724,4034,34.88,625.78137,901.4335,BARISTAseq,L4,625.78137,901.4335,398.120604,715.5892106,403.120604,720.5892106
1725,4036,154.2,628.75271,1056.0263,BARISTAseq,L4,628.75271,1056.0263,533.510825,790.2701899,538.510825,795.2701899
1726,4037,63.44,624.39767,1082.3671,BARISTAseq,L4,624.39767,1082.3671,554.150421,807.2057518,559.150421,812.2057518
1727,4038,42.77,619.41252,1098.4815,BARISTAseq,L4,619.41252,1098.4815,565.617176,819.5766542,570.617176,824.5766542
1728,4039,125.3,627.04072,1125.2965,BARISTAseq,L4,627.04072,1125.2965,592.655845,826.3695025,597.655845,831.3695025
1729,4040,64.52,619.88918,1170.732,BARISTAseq,L4,619.88918,1170.732,628.437421,855.2695457,633.437421,860.2695457
1730,4041,87.88,624.36436,1178.6206,BARISTAseq,L4,624.36436,1178.6206,637.506684,855.335361,642.506684,860.335361
1731,4042,64.47,623.98972,1216.249,BARISTAseq,L2/3,623.98972,1216.249,669.912512,874.4639397,674.912512,879.4639397
1732,4043,79.93,620.3834,1228.2999,BARISTAseq,L2/3,620.3834,1228.2999,678.54858,883.6098588,683.54858,888.6098588
1733,4044,85.36,626.74154,1228.7778,BARISTAseq,L2/3,626.74154,1228.7778,682.139929,878.3414099,687.139929,883.3414099
1734,4045,148.8,624.85339,1269.9787,BARISTAseq,L2/3,624.85339,1269.9787,716.883774,900.5662108,721.883774,905.5662108
1735,4046,100.6,623.57457,1288.3104,BARISTAseq,L2/3,623.57457,1288.3104,732.123265,910.8347967,737.123265,915.8347967
1736,4047,74.63,628.22907,1309.7233,BARISTAseq,L2/3,628.22907,1309.7233,752.996744,917.503846,757.996744,922.503846
1737,4068,177.1,628.1688,499.9921,BARISTAseq,L5,628.1688,499.9921,51.592741,512.9088652,56.592741,517.9088652
1738,4069,12.76,627.09397,510.7837,BARISTAseq,L5,627.09397,510.7837,60.403116,519.2327607,65.403116,524.2327607
1739,4070,81.36,632.54515,511.8147,BARISTAseq,L5,632.54515,511.8147,64.020234,515.0262545,69.020234,520.0262545
1740,4071,27.11,627.42172,537.879,BARISTAseq,L5,627.42172,537.879,84.036319,532.4892015,89.036319,537.4892015
1741,4072,103.5,632.7905,535.2288,BARISTAseq,L5,632.7905,535.2288,84.423732,526.5144891,89.423732,531.5144891
1742,4073,92.53,636.12033,545.5064,BARISTAseq,L5,636.12033,545.5064,94.990027,528.7662987,99.990027,533.7662987
1743,4074,95.42,633.29544,567.1908,BARISTAseq,L5,633.29544,567.1908,112.360961,542.0495115,117.360961,547.0495115
1744,4075,150.3,625.67207,595.1451,BARISTAseq,L5,625.67207,595.1451,132.764815,562.6223408,137.764815,567.6223408
1745,4076,140.3,635.85781,589.6677,BARISTAseq,L5,635.85781,589.6677,133.110475,551.0623926,138.110475,556.0623926
1746,4077,23.16,632.62358,617.8576,BARISTAseq,L5,632.62358,617.8576,155.91182,567.9511835,160.91182,572.9511835
1747,4078,154.1,633.55165,650.1084,BARISTAseq,L5,633.55165,650.1084,184.310649,583.2640205,189.310649,588.2640205
1748,4080,22.24,628.05481,714.1782,BARISTAseq,L5,628.05481,714.1782,237.059759,620.0428924,242.059759,625.0428924
1749,4081,158.9,630.00901,733.807,BARISTAseq,L5,630.00901,733.807,255.038438,628.1593105,260.03843800000004,633.1593105
1750,4082,92.89,627.23819,742.7583,BARISTAseq,L5,627.23819,742.7583,261.407172,635.0325461,266.407172,640.0325461
1751,4083,172.2,626.43799,797.3031,BARISTAseq,L4,626.43799,797.3031,308.252928,662.983333,313.252928,667.983333
1752,4084,63.65,631.9072,810.9104,BARISTAseq,L4,631.9072,810.9104,322.772454,665.0459969,327.772454,670.0459969
1753,4085,29.17,632.29,838.3629,BARISTAseq,L4,632.29,838.3629,346.742641,678.4332946,351.742641,683.4332946
1754,4086,75.18,631.97156,884.6524,BARISTAseq,L4,631.97156,884.6524,386.678567,701.8413704,391.678567,706.8413704
1755,4087,66.78,632.65853,894.5672,BARISTAseq,L4,632.65853,894.5672,395.609849,706.2010301,400.609849,711.2010301
1756,4088,167.3,627.40123,914.3539,BARISTAseq,L4,627.40123,914.3539,410.121519,720.6428451,415.121519,725.6428451
1757,4089,23.53,630.96124,959.0798,BARISTAseq,L4,630.96124,959.0798,450.641259,739.9100968,455.641259,744.9100968
1758,4090,99.82,632.41346,970.0006,BARISTAseq,L4,632.41346,970.0006,460.826442,744.1097044,465.826442,749.1097044
1759,4091,77.1,632.28108,976.1734,BARISTAseq,L4,632.28108,976.1734,466.106971,747.3090548,471.106971,752.3090548
1760,4092,32.4,627.86757,983.1101,BARISTAseq,L4,627.86757,983.1101,469.909882,754.5984632,474.909882,759.5984632
1761,4093,100.0,629.62503,1009.1943,BARISTAseq,L4,629.62503,1009.1943,493.381756,766.1112269,498.381756,771.1112269
1762,4094,178.2,627.81303,1028.7778,BARISTAseq,L4,627.81303,1028.7778,509.439146,777.4672437,514.4391459999999,782.4672437
1763,4095,29.3,626.84924,1064.5006,BARISTAseq,L4,626.84924,1064.5006,539.899912,796.1538137,544.899912,801.1538137
1764,4096,197.2,634.16334,1075.5249,BARISTAseq,L4,634.16334,1075.5249,553.104002,795.3276468,558.104002,800.3276468
1765,4097,127.8,631.1592,1107.0681,BARISTAseq,L4,631.1592,1107.0681,578.924913,813.6928875,583.924913,818.6928875
1766,4098,77.15,629.65312,1115.6825,BARISTAseq,L4,629.65312,1115.6825,585.633855,819.3022683,590.633855,824.3022683
1767,4099,32.07,625.88859,1142.847,BARISTAseq,L4,625.88859,1142.847,607.282044,836.1379914,612.282044,841.1379914
1768,4100,51.0,627.51936,1159.9329,BARISTAseq,L4,627.51936,1159.9329,622.8964,843.263755,627.8964,848.263755
1769,4101,66.06,634.07211,1161.9791,BARISTAseq,L4,634.07211,1161.9791,627.943418,838.61045,632.943418,843.61045
1770,4102,116.4,634.82121,1186.9234,BARISTAseq,L4,634.82121,1186.9234,649.924086,850.427034,654.924086,855.427034
1771,4103,159.2,626.61456,1190.748,BARISTAseq,L4,626.61456,1190.748,649.135755,859.4467403,654.135755,864.4467403
1772,4104,110.6,632.22597,1211.2599,BARISTAseq,L4,632.22597,1211.2599,669.706978,864.8366648,674.706978,869.8366648
1773,4105,78.94,631.6639,1257.7294,BARISTAseq,L2/3,631.6639,1257.7294,709.677042,888.5456988,714.677042,893.5456988
1774,4106,86.17,627.16323,1299.7811,BARISTAseq,L2/3,627.16323,1299.7811,743.85232,913.4586127,748.85232,918.4586127
1775,4107,54.93,629.13425,1324.1633,BARISTAseq,L2/3,629.13425,1324.1633,765.956672,923.9358594,770.956672,928.9358594
1776,4125,136.5,637.82523,480.0452,BARISTAseq,L5,637.82523,480.0452,39.140739,494.5765897,44.140739,499.5765897
1777,4126,74.31,635.90551,499.4117,BARISTAseq,L5,635.90551,499.4117,54.956243,505.9174117,59.956243,510.9174117
1778,4127,178.5,640.70611,531.0043,BARISTAseq,L5,640.70611,531.0043,84.720177,517.5470056,89.720177,522.5470056
1779,4128,117.9,637.76613,605.4311,BARISTAseq,L5,637.76613,605.4311,147.718085,557.2868917,152.718085,562.2868917
1780,4129,34.09,634.89,790.6024,BARISTAseq,L4,634.89,790.6024,306.672649,652.3138298,311.672649,657.3138298
1781,4130,35.45,633.76055,805.4256,BARISTAseq,L4,633.76055,805.4256,318.947868,660.6997781,323.947868,665.6997781
1782,4131,159.5,632.40533,826.1666,BARISTAseq,L4,632.40533,826.1666,336.236089,672.2385478,341.236089,677.2385478
1783,4132,79.9,639.99121,835.7217,BARISTAseq,L4,639.99121,835.7217,348.303351,670.4427269,353.303351,675.4427269
1784,4133,41.82,635.95472,857.147,BARISTAseq,L4,635.95472,857.147,364.844399,684.6459375,369.844399,689.6459375
1785,4134,15.6,637.35157,870.2109,BARISTAseq,L4,637.35157,870.2109,376.858178,689.9644554,381.858178,694.9644554
1786,4135,109.8,641.33074,915.6309,BARISTAseq,L4,641.33074,915.6309,418.188619,709.2155167,423.188619,714.2155167
1787,4136,95.12,638.34048,959.1072,BARISTAseq,L4,638.34048,959.1072,454.352645,733.5320443,459.352645,738.5320443
1788,4137,99.72,638.80795,1001.9234,BARISTAseq,L4,638.80795,1001.9234,491.672842,754.5236846,496.672842,759.5236846
1789,4138,124.1,636.09996,1015.7496,BARISTAseq,L4,636.09996,1015.7496,502.295544,763.7786506,507.295544,768.7786506
1790,4139,109.4,638.90808,1028.5772,BARISTAseq,L4,638.90808,1028.5772,514.809875,767.756653,519.809875,772.756653
1791,4140,64.43,642.47518,1058.5145,BARISTAseq,L4,642.47518,1058.5145,542.523582,779.6274672,547.523582,784.6274672
1792,4141,62.91,637.06796,1089.1204,BARISTAseq,L4,637.06796,1089.1204,566.331685,799.605788,571.331685,804.605788
1793,4142,137.7,630.39694,1094.0179,BARISTAseq,L4,630.39694,1094.0179,567.240168,807.8315738,572.240168,812.8315738
1794,4143,61.85,639.43502,1110.1704,BARISTAseq,L4,639.43502,1110.1704,585.747704,808.0748213,590.747704,813.0748213
1795,4144,38.56,635.06202,1142.5368,BARISTAseq,L4,635.06202,1142.5368,611.597589,828.037118,616.597589,833.037118
1796,4145,34.2,634.33374,1155.3878,BARISTAseq,L4,634.33374,1155.3878,622.364933,835.0899767,627.364933,840.0899767
1797,4147,37.37,638.08957,1201.7632,BARISTAseq,L4,638.08957,1201.7632,664.411291,855.0119163,669.411291,860.0119163
1798,4148,88.67,641.7398,1209.0741,BARISTAseq,L4,641.7398,1209.0741,672.568036,855.5036639,677.568036,860.5036639
1799,4149,32.42,634.04489,1228.9325,BARISTAseq,L2/3,634.04489,1228.9325,685.923594,872.0926676,690.923594,877.0926676
1800,4151,93.01,633.09836,1294.6857,BARISTAseq,L2/3,633.09836,1294.6857,742.40479,905.7714157,747.40479,910.7714157
1801,4152,39.61,638.64134,1303.5311,BARISTAseq,L2/3,638.64134,1303.5311,752.836506,905.3905058,757.836506,910.3905058
1802,4153,91.98,637.31598,1309.3517,BARISTAseq,L2/3,637.31598,1309.3517,757.215832,909.4472149,762.215832,914.4472149
1803,4154,35.09,637.98852,1319.1928,BARISTAseq,L2/3,637.98852,1319.1928,766.076072,913.7825557,771.076072,918.7825557
1804,4176,116.8,644.04834,512.3746,BARISTAseq,L5,644.04834,512.3746,70.253754,505.3422427,75.253754,510.3422427
1805,4177,115.4,650.3884,523.9562,BARISTAseq,L5,650.3884,523.9562,83.453783,505.638242,88.453783,510.638242
1806,4178,220.8,641.64439,575.2151,BARISTAseq,L5,641.64439,575.2151,123.483611,538.8277541,128.483611,543.8277541
1807,4179,92.82,643.17727,689.2779,BARISTAseq,L5,643.17727,689.2779,223.048735,594.500662,228.048735,599.500662
1808,4180,123.3,645.66121,706.4483,BARISTAseq,L5,645.66121,706.4483,239.162687,600.929677,244.162687,605.929677
1809,4181,28.54,640.88444,709.4153,BARISTAseq,L5,640.88444,709.4153,239.345564,606.5499348,244.345564,611.5499348
1810,4182,53.7,643.7522,774.9128,BARISTAseq,L5,643.7522,774.9128,297.511311,636.7969847,302.511311,641.7969847
1811,4183,53.39,642.94671,785.0627,BARISTAseq,L5,642.94671,785.0627,305.900512,642.5669368,310.900512,647.5669368
1812,4184,173.7,643.48159,898.1941,BARISTAseq,L4,643.48159,898.1941,404.160024,698.6387873,409.160024,703.6387873
1813,4185,46.35,632.26693,903.9617,BARISTAseq,L4,632.26693,903.9617,403.551531,711.2349658,408.551531,716.2349658
1814,4186,111.1,639.22205,932.4366,BARISTAseq,L4,639.22205,932.4366,431.691616,719.440334,436.691616,724.440334
1815,4187,66.09,643.5514,951.1167,BARISTAseq,L4,643.5514,951.1167,450.035455,725.0253338,455.035455,730.0253338
1816,4188,32.23,644.18535,960.8836,BARISTAseq,L4,644.18535,960.8836,458.812215,729.3570598,463.812215,734.3570598
1817,4189,22.61,642.19324,972.5862,BARISTAseq,L4,642.19324,972.5862,467.953228,736.9307097,472.953228,741.9307097
1818,4190,99.22,634.65685,985.3452,BARISTAseq,L4,634.65685,985.3452,475.238713,749.8346783,480.238713,754.8346783
1819,4191,52.77,647.54378,997.5626,BARISTAseq,L4,647.54378,997.5626,492.261162,744.7776525,497.261162,749.7776525
1820,4192,73.53,645.25562,1118.559,BARISTAseq,L4,645.25562,1118.559,595.922465,807.225154,600.922465,812.225154
1821,4193,86.38,645.14928,1139.2303,BARISTAseq,L4,645.14928,1139.2303,613.774414,817.6473386,618.774414,822.6473386
1822,4194,108.8,643.08074,1146.1965,BARISTAseq,L4,643.08074,1146.1965,618.774709,822.9203006,623.774709,827.9203006
1823,4195,30.37,639.69342,1196.381,BARISTAseq,L4,639.69342,1196.381,660.550842,850.9330469,665.550842,855.9330469
1824,4196,119.5,640.55666,1220.7414,BARISTAseq,L4,640.55666,1220.7414,682.082741,862.3589509,687.082741,867.3589509
1825,4197,57.04,638.21896,1258.7146,BARISTAseq,L2/3,638.21896,1258.7146,713.806162,883.3601712,718.806162,888.3601712
1826,4198,43.29,642.99368,1253.079,BARISTAseq,L2/3,642.99368,1253.079,711.310842,876.408152,716.310842,881.408152
1827,4199,36.71,644.52112,1276.677,BARISTAseq,L2/3,644.52112,1276.677,732.514265,886.8777283,737.514265,891.8777283
1828,4200,76.8,645.85429,1303.0024,BARISTAseq,L2/3,645.85429,1303.0024,755.983089,898.8785774,760.983089,903.8785774
1829,4201,24.77,645.18046,1310.9854,BARISTAseq,L2/3,645.18046,1310.9854,762.561049,903.4515687,767.561049,908.4515687
1830,4219,97.17,645.83053,470.4734,BARISTAseq,L5,645.83053,470.4734,34.850324,482.8592367,39.850324,487.8592367
1831,4220,45.65,648.08638,493.722,BARISTAseq,L5,648.08638,493.722,56.115091,492.5232587,61.115091,497.5232587
1832,4221,223.5,647.26903,606.1227,BARISTAseq,L5,647.26903,606.1227,153.066007,549.4012658,158.066007,554.4012658
1833,4222,86.32,645.85511,675.9448,BARISTAseq,L5,645.85511,675.9448,212.838024,585.5182006,217.838024,590.5182006
1834,4223,55.92,647.52874,683.5249,BARISTAseq,L5,647.52874,683.5249,220.240165,587.8565672,225.240165,592.8565672
1835,4225,43.32,650.11063,698.2142,BARISTAseq,L5,650.11063,698.2142,234.253996,592.9608606,239.253996,597.9608606
1836,4226,114.2,649.01255,719.0757,BARISTAseq,L5,649.01255,719.0757,251.77504,604.3370854,256.77504,609.3370854
1837,4227,76.79,650.15151,728.1185,BARISTAseq,L5,650.15151,728.1185,260.176932,607.8695145,265.176932,612.8695145
1838,4228,287.3,647.55428,751.2719,BARISTAseq,L5,647.55428,751.2719,278.934094,621.6896584,283.934094,626.6896584
1839,4229,147.3,651.73996,770.6833,BARISTAseq,L5,651.73996,770.6833,297.839569,627.764559,302.839569,632.764559
1840,4230,72.65,656.92913,801.7484,BARISTAseq,L5,656.92913,801.7484,327.34079,638.7939861,332.34079,643.7939861
1841,4231,55.58,648.57077,806.7913,BARISTAseq,L4,648.57077,806.7913,327.531848,648.5538844,332.531848,653.5538844
1842,4232,100.6,652.0974,869.9079,BARISTAseq,L4,652.0974,869.9079,383.96464,677.0404637,388.96464,682.0404637
1843,4233,141.6,648.30261,973.8122,BARISTAseq,L4,648.30261,973.8122,472.068235,732.2515827,477.068235,737.2515827
1844,4234,109.1,646.98636,1014.2349,BARISTAseq,L4,646.98636,1014.2349,506.423814,753.5921151,511.423814,758.5921151
1845,4235,42.21,645.875,1025.0044,BARISTAseq,L4,645.875,1025.0044,515.196756,759.9365931,520.196756,764.9365931
1846,4236,78.99,650.2282,1087.6253,BARISTAseq,L4,650.2282,1087.6253,571.613219,787.4594858,576.613219,792.4594858
1847,4237,81.56,647.49244,1102.0841,BARISTAseq,L4,647.49244,1102.0841,582.77008,797.0546845,587.77008,802.0546845
1848,4238,27.2,648.99648,1112.9344,BARISTAseq,L4,648.99648,1112.9344,592.919993,801.1741269,597.919993,806.1741269
1849,4239,50.5,652.31552,1120.4903,BARISTAseq,L4,652.31552,1120.4903,601.123396,802.0751546,606.123396,807.0751546
1850,4240,138.4,646.66135,1156.3015,BARISTAseq,L4,646.66135,1156.3015,629.316849,824.8686398,634.316849,829.8686398
1851,4241,86.57,649.82431,1183.8725,BARISTAseq,L4,649.82431,1183.8725,654.778891,835.9069683,659.778891,840.9069683
1852,4242,135.6,647.90008,1198.4007,BARISTAseq,L4,647.90008,1198.4007,666.401393,844.8339125,671.401393,849.8339125
1853,4243,149.7,650.68617,1213.3062,BARISTAseq,L4,650.68617,1213.3062,680.70451,849.8693547,685.70451,854.8693547
1854,4244,133.8,647.19349,1231.6972,BARISTAseq,L4,647.19349,1231.6972,694.889055,862.0851901,699.889055,867.0851901
1855,4245,20.25,650.73287,1277.8594,BARISTAseq,L2/3,650.73287,1277.8594,736.642598,882.0880855,741.642598,887.0880855
1856,4246,70.48,645.75398,1283.3183,BARISTAseq,L2/3,645.75398,1283.3183,738.88296,889.1287221,743.88296,894.1287221
1857,4247,59.01,651.661,1290.8795,BARISTAseq,L2/3,651.661,1290.8795,748.384193,887.7907049,753.384193,892.7907049
1858,4269,58.46,653.67469,467.5617,BARISTAseq,L5,653.67469,467.5617,36.248234,474.6097115,41.248234,479.6097115
1859,4270,63.47,651.84896,486.474,BARISTAseq,L5,651.84896,486.474,51.717269,485.6421366,56.717269,490.6421366
1860,4271,87.25,657.73852,490.728,BARISTAseq,L5,657.73852,490.728,58.345233,482.6665861,63.345233,487.6665861
1861,4273,168.1,659.05251,553.8797,BARISTAseq,L5,659.05251,553.8797,113.702717,513.0872593,118.702717,518.0872593
1862,4274,84.66,657.3253,618.0008,BARISTAseq,L5,657.3253,618.0008,168.379996,546.6265555,173.379996,551.6265555
1863,4275,170.0,654.75733,629.8733,BARISTAseq,L5,654.75733,629.8733,177.380436,554.7839251,182.380436,559.7839251
1864,4276,30.57,652.70722,650.6404,BARISTAseq,L5,652.70722,650.6404,194.344048,566.9376631,199.344048,571.9376631
1865,4277,79.75,654.39429,658.8077,BARISTAseq,L5,654.39429,658.8077,202.261489,569.5578027,207.261489,574.5578027
1866,4278,171.7,658.51753,671.5772,BARISTAseq,L5,658.51753,671.5772,215.382679,572.3676281,220.382679,577.3676281
1867,4279,29.32,655.00709,697.1079,BARISTAseq,L5,655.00709,697.1079,235.742659,588.1667879,240.742659,593.1667879
1868,4280,48.16,657.95381,704.0157,BARISTAseq,L5,657.95381,704.0157,243.198622,589.0664283,248.198622,594.0664283
1869,4281,69.82,653.5588,710.1989,BARISTAseq,L5,653.5588,710.1989,246.358084,595.9632439,251.358084,600.9632439
1870,4282,46.93,657.97219,748.4575,BARISTAseq,L5,657.97219,748.4575,281.702392,611.2593874,286.702392,616.2593874
1871,4283,66.11,653.54396,783.3874,BARISTAseq,L5,653.54396,783.3874,309.745133,632.5505882,314.745133,637.5505882
1872,4284,30.28,654.93572,795.1786,BARISTAseq,L5,654.93572,795.1786,320.653905,637.2374588,325.653905,642.2374588
1873,4285,13.99,650.72032,799.5118,BARISTAseq,L5,650.72032,799.5118,322.300718,643.0542173,327.300718,648.0542173
1874,4286,51.21,654.67475,807.3858,BARISTAseq,L5,654.67475,807.3858,331.09719,643.5638538,336.09719,648.5638538
1875,4287,173.9,649.57668,820.8175,BARISTAseq,L4,649.57668,820.8175,340.183762,654.6918982,345.183762,659.6918982
1876,4288,28.92,654.24294,831.7106,BARISTAseq,L4,654.24294,831.7106,351.951107,656.0937311,356.951107,661.0937311
1877,4290,110.3,650.60624,878.3163,BARISTAseq,L4,650.60624,878.3163,390.502687,682.534034,395.502687,687.534034
1878,4291,99.79,655.44606,898.1076,BARISTAseq,L4,655.44606,898.1076,410.064109,688.2321581,415.064109,693.2321581
1879,4292,34.13,654.41285,904.1858,BARISTAseq,L4,654.41285,904.1858,414.812654,692.1645925,419.812654,697.1645925
1880,4293,202.1,651.34952,920.0685,BARISTAseq,L4,651.34952,920.0685,427.039056,702.7550347,432.039056,707.7550347
1881,4294,65.45,653.5075,960.7225,BARISTAseq,L4,653.5075,960.7225,463.331217,721.2018769,468.331217,726.2018769
1882,4295,16.2,653.27974,983.8571,BARISTAseq,L4,653.27974,983.8571,483.256139,732.9602118,488.256139,737.9602118
1883,4296,60.9,656.17414,1027.8731,BARISTAseq,L4,656.17414,1027.8731,522.828395,752.4492646,527.828395,757.4492646
1884,4297,41.72,653.52203,1043.9543,BARISTAseq,L4,653.52203,1043.9543,535.432276,762.782733,540.432276,767.782733
1885,4298,77.31,658.49021,1045.6881,BARISTAseq,L4,658.49021,1045.6881,539.416811,759.3458253,544.416811,764.3458253
1886,4299,38.43,652.89155,1056.8536,BARISTAseq,L4,652.89155,1056.8536,546.290378,769.7750412,551.290378,774.7750412
1887,4300,30.22,656.30679,1090.7885,BARISTAseq,L4,656.30679,1090.7885,577.390844,783.7751097,582.390844,788.7751097
1888,4301,37.45,649.89974,1127.0479,BARISTAseq,L4,649.89974,1127.0479,605.59626,807.4447076,610.59626,812.4447076
1889,4302,65.29,656.68402,1184.135,BARISTAseq,L4,656.68402,1184.135,658.434301,830.0964215,663.434301,835.0964215
1890,4303,36.59,657.61691,1205.6667,BARISTAseq,L4,657.61691,1205.6667,677.550818,840.0483923,682.550818,845.0483923
1891,4304,113.3,659.56684,1228.4723,BARISTAseq,L4,659.56684,1228.4723,698.279084,849.7560737,703.279084,854.7560737
1892,4305,144.4,653.16306,1248.2043,BARISTAseq,L4,653.16306,1248.2043,712.170431,865.1635971,717.170431,870.1635971
1893,4306,179.5,657.22884,1270.5492,BARISTAseq,L2/3,657.22884,1270.5492,733.556916,872.8083012,738.556916,877.8083012
1894,4307,62.97,655.70472,1283.2049,BARISTAseq,L2/3,655.70472,1283.2049,743.757366,880.4528755,748.757366,885.4528755
1895,4331,95.91,659.83473,529.6691,BARISTAseq,L5,659.83473,529.6691,93.122814,500.3109312,98.122814,505.3109312
1896,4332,99.2,661.0799,581.7272,BARISTAseq,L5,661.0799,581.7272,138.8368,525.2473919,143.8368,530.2473919
1897,4333,52.67,660.38045,591.8802,BARISTAseq,L5,660.38045,591.8802,147.281624,530.9270077,152.281624,535.9270077
1898,4334,33.19,665.65771,649.065,BARISTAseq,L5,665.65771,649.065,199.451238,554.9329331,204.451238,559.9329331
1899,4336,40.93,662.92559,698.903,BARISTAseq,L5,662.92559,698.903,241.25466,582.2050116,246.25466,587.2050116
1900,4337,70.9,659.45475,715.8226,BARISTAseq,L5,659.45475,715.8226,254.175579,593.6665979,259.17557899999997,598.6665979
1901,4338,62.72,659.62347,827.1464,BARISTAseq,L4,659.62347,827.1464,350.686484,649.1523419,355.686484,654.1523419
1902,4339,40.03,660.42659,833.0908,BARISTAseq,L4,660.42659,833.0908,356.236715,651.427259,361.236715,656.427259
1903,4340,100.3,662.44313,865.9104,BARISTAseq,L4,662.44313,865.9104,385.672132,666.0815096,390.672132,671.0815096
1904,4341,46.54,659.25685,879.8623,BARISTAseq,L4,659.25685,879.8623,396.164763,675.8136093,401.164763,680.8136093
1905,4342,108.5,661.54554,968.4836,BARISTAseq,L4,661.54554,968.4836,474.070621,718.117952,479.070621,723.117952
1906,4343,137.2,660.25291,982.4034,BARISTAseq,L4,660.25291,982.4034,485.481717,726.1937507,490.481717,731.1937507
1907,4344,116.3,660.32828,1001.2297,BARISTAseq,L4,660.32828,1001.2297,501.82633,735.5365128,506.82633,740.5365128
1908,4346,49.2,663.74518,1024.8958,BARISTAseq,L4,663.74518,1024.8958,524.033011,744.4035384,529.033011,749.4035384
1909,4347,118.8,660.2633,1057.5493,BARISTAseq,L4,660.2633,1057.5493,550.576846,763.7374171,555.576846,768.7374171
1910,4348,70.4,662.12078,1083.3207,BARISTAseq,L4,662.12078,1083.3207,573.8278,775.0072569,578.8278,780.0072569
1911,4349,81.24,658.06632,1135.6121,BARISTAseq,L4,658.06632,1135.6121,617.095429,804.6507194,622.095429,809.6507194
1912,4350,79.75,658.84004,1143.8182,BARISTAseq,L4,658.84004,1143.8182,624.590092,808.081401,629.590092,813.081401
1913,4351,77.4,657.71939,1155.7642,BARISTAseq,L4,657.71939,1155.7642,634.377475,815.0218623,639.377475,820.0218623
1914,4352,81.23,659.29724,1175.0764,BARISTAseq,L4,659.29724,1175.0764,651.893854,823.3060627,656.893854,828.3060627
1915,4353,56.21,660.82256,1219.2735,BARISTAseq,L4,660.82256,1219.2735,690.938786,844.0714799,695.938786,849.0714799
1916,4354,96.47,659.71648,1237.6641,BARISTAseq,L4,659.71648,1237.6641,706.3156,854.2198666,711.3156,859.2198666
1917,4355,28.14,661.09696,1263.4381,BARISTAseq,L4,661.09696,1263.4381,729.330471,865.9041919,734.330471,870.9041919
1918,4356,10.58,661.0762,1278.4776,BARISTAseq,L2/3,661.0762,1278.4776,742.346984,873.4378453,747.346984,878.4378453
1919,4357,42.32,657.97773,1298.9337,BARISTAseq,L2/3,657.97773,1298.9337,758.517245,886.3441937,763.517245,891.3441937
1920,4378,89.22,667.75663,456.6616,BARISTAseq,L5,667.75663,456.6616,33.84389,456.9650581,38.84389,461.9650581
1921,4379,105.6,668.63522,489.1351,BARISTAseq,L5,668.63522,489.1351,62.410887,472.4320376,67.410887,477.4320376
1922,4380,29.67,674.66519,495.6554,BARISTAseq,L5,674.66519,495.6554,71.071997,470.4673806,76.071997,475.4673806
1923,4381,33.69,668.43724,503.7816,BARISTAseq,L5,668.43724,503.7816,74.998524,479.9228477,79.998524,484.9228477
1924,4382,247.0,661.56306,512.2397,BARISTAseq,L5,661.56306,512.2397,78.88954,490.1039108,83.88954,495.1039108
1925,4383,48.93,667.17515,528.0228,BARISTAseq,L5,667.17515,528.0228,95.365079,493.1301087,100.365079,498.1301087
1926,4384,83.84,671.04314,543.0275,BARISTAseq,L5,671.04314,543.0275,110.294764,497.2779964,115.294764,502.2779964
1927,4385,41.3,666.46304,593.1601,BARISTAseq,L5,666.46304,593.1601,151.429931,526.2980125,156.429931,531.2980125
1928,4386,168.8,668.6344,609.32,BARISTAseq,L5,668.6344,609.32,166.512405,532.4927926,171.512405,537.4927926
1929,4388,118.3,668.13823,675.0738,BARISTAseq,L5,668.13823,675.0738,223.219167,565.7817438,228.219167,570.7817438
1930,4389,129.6,665.90279,711.166,BARISTAseq,L5,665.90279,711.166,253.364395,585.7543834,258.364395,590.7543834
1931,4390,104.0,670.05573,735.6691,BARISTAseq,L5,670.05573,735.6691,276.663877,594.4021329,281.663877,599.4021329
1932,4391,63.11,672.43458,772.8811,BARISTAseq,L5,672.43458,772.8811,310.084952,610.937555,315.084952,615.937555
1933,4392,69.28,667.36791,777.4073,BARISTAseq,L5,667.36791,777.4073,311.473477,617.5880808,316.473477,622.5880808
1934,4393,24.3,664.97068,788.357,BARISTAseq,L5,664.97068,788.357,319.760017,625.1364552,324.760017,630.1364552
1935,4394,150.4,665.14371,819.1139,BARISTAseq,L5,665.14371,819.1139,346.487497,640.3567174,351.487497,645.3567174
1936,4395,112.3,676.10059,812.8576,BARISTAseq,L5,676.10059,812.8576,346.543907,627.7396168,351.543907,632.7396168
1937,4396,119.6,670.46029,875.9975,BARISTAseq,L4,670.46029,875.9975,398.415846,664.1780445,403.415846,669.1780445
1938,4397,21.94,666.68896,880.3208,BARISTAseq,L4,666.68896,880.3208,400.275917,669.6051558,405.275917,674.6051558
1939,4398,37.93,665.83546,903.6167,BARISTAseq,L4,665.83546,903.6167,420.027894,681.9861243,425.027894,686.9861243
1940,4399,85.26,669.86151,897.9609,BARISTAseq,L4,669.86151,897.9609,417.140857,675.6724527,422.140857,680.6724527
1941,4400,171.1,659.83682,930.6824,BARISTAseq,L4,659.83682,930.6824,440.474033,700.7076123,445.474033,705.7076123
1942,4401,17.5,665.66511,949.3995,BARISTAseq,L4,665.66511,949.3995,459.599003,705.0127598,464.599003,710.0127598
1943,4402,124.9,663.46793,955.2621,BARISTAseq,L4,663.46793,955.2621,463.579077,709.8456297,468.579077,714.8456297
1944,4403,44.4,667.63833,1007.7624,BARISTAseq,L4,667.63833,1007.7624,511.137877,732.4692674,516.137877,737.4692674
1945,4404,61.57,668.58835,1020.2637,BARISTAseq,L4,668.58835,1020.2637,522.441062,737.8936877,527.441062,742.8936877
1946,4405,75.56,670.97961,1056.9785,BARISTAseq,L4,670.97961,1056.9785,555.437716,754.1699136,560.437716,759.1699136
1947,4406,79.31,667.99231,1073.6233,BARISTAseq,L4,667.99231,1073.6233,568.362232,765.0753402,573.362232,770.0753402
1948,4407,112.7,662.80694,1126.26,BARISTAseq,L4,662.80694,1126.26,611.363882,795.8709704,616.363882,800.8709704
1949,4408,25.59,666.39403,1134.5666,BARISTAseq,L4,666.39403,1134.5666,620.351452,796.9149495,625.351452,801.9149495
1950,4409,49.78,666.44502,1139.5328,BARISTAseq,L4,666.44502,1139.5328,624.678559,799.3525449,629.678559,804.3525449
1951,4410,45.79,668.41719,1157.559,BARISTAseq,L4,668.41719,1157.559,641.278124,806.6525503,646.278124,811.6525503
1952,4411,76.97,668.07328,1166.7004,BARISTAseq,L4,668.07328,1166.7004,649.024322,811.5186457,654.024322,816.5186457
1953,4412,38.36,666.07764,1179.2014,BARISTAseq,L4,666.07764,1179.2014,658.855178,819.4943684,663.855178,824.4943684
1954,4413,57.1,666.80991,1282.5272,BARISTAseq,L2/3,666.80991,1282.5272,748.720017,870.4951391,753.720017,875.4951391
1955,4414,144.3,665.63256,1290.9604,BARISTAseq,L2/3,665.63256,1290.9604,755.436278,875.7292314,760.436278,880.7292314
1956,4434,63.54,674.96956,506.5928,BARISTAseq,L5,674.96956,506.5928,80.697905,475.6695005,85.697905,480.6695005
1957,4435,47.8,673.34348,530.4606,BARISTAseq,L5,673.34348,530.4606,100.559105,489.0054298,105.559105,494.0054298
1958,4436,60.62,675.76445,536.136,BARISTAseq,L5,675.76445,536.136,106.684923,489.7446295,111.684923,494.7446295
1959,4437,167.0,673.57102,552.3486,BARISTAseq,L5,673.57102,552.3486,119.631786,499.7464372,124.631786,504.7464372
1960,4438,108.8,678.15584,603.2946,BARISTAseq,L5,678.15584,603.2946,166.05149,521.2344428,171.05149,526.2344428
1961,4439,53.83,674.58269,647.9207,BARISTAseq,L5,674.58269,647.9207,202.920138,546.6304417,207.920138,551.6304417
1962,4440,57.36,673.81054,711.7735,BARISTAseq,L5,673.81054,711.7735,257.842373,579.2084445,262.842373,584.2084445
1963,4441,45.62,675.18391,724.4455,BARISTAseq,L5,675.18391,724.4455,269.504943,584.3514356,274.504943,589.3514356
1964,4443,30.94,673.78119,799.0996,BARISTAseq,L5,673.78119,799.0996,333.467887,622.873337,338.467887,627.873337
1965,4444,101.1,674.22481,846.2222,BARISTAseq,L4,674.22481,846.2222,374.50629,646.0376692,379.50629,651.0376692
1966,4445,70.62,674.60767,858.7363,BARISTAseq,L4,674.60767,858.7363,385.537116,651.9597298,390.537116,656.9597298
1967,4447,32.2,675.22988,868.4858,BARISTAseq,L4,675.22988,868.4858,394.29285,656.2928886,399.29285,661.2928886
1968,4448,88.0,673.96373,925.8839,BARISTAseq,L4,673.96373,925.8839,443.377312,686.0731942,448.377312,691.0731942
1969,4449,71.07,671.47968,948.6217,BARISTAseq,L4,671.47968,948.6217,461.830939,699.5875627,466.830939,704.5875627
1970,4451,66.15,672.66769,1005.0025,BARISTAseq,L4,672.66769,1005.0025,511.260607,726.7337234,516.2606069999999,731.7337234
1971,4452,103.0,675.69683,1021.0198,BARISTAseq,L4,675.69683,1021.0198,526.648253,732.11427,531.648253,737.11427
1972,4453,38.06,671.5496,1099.9703,BARISTAseq,L4,671.5496,1099.9703,592.96124,775.1605046,597.96124,780.1605046
1973,4454,188.8,670.51632,1113.0025,BARISTAseq,L4,670.51632,1113.0025,603.733085,782.5680695,608.733085,787.5680695
1974,4455,93.73,673.84956,1125.1299,BARISTAseq,L4,673.84956,1125.1299,615.903302,785.7413001,620.903302,790.7413001
1975,4456,39.34,672.68791,1137.8622,BARISTAseq,L4,672.68791,1137.8622,626.351326,793.1102438,631.351326,798.1102438
1976,4457,37.84,673.79876,1153.6816,BARISTAseq,L4,673.79876,1153.6816,640.60888,800.0534558,645.60888,805.0534558
1977,4458,95.81,677.38119,1199.9752,BARISTAseq,L4,677.38119,1199.9752,682.497792,820.084749,687.497792,825.084749
1978,4459,258.1,671.99656,1233.8703,BARISTAseq,L4,671.99656,1233.8703,709.166256,841.6872405,714.166256,846.6872405
1979,4460,54.9,673.09295,1278.1436,BARISTAseq,L4,673.09295,1278.1436,748.062847,862.862268,753.062847,867.862268
1980,4474,89.27,679.73984,463.8531,BARISTAseq,L5,679.73984,463.8531,46.061458,450.179275,51.061458,455.179275
1981,4475,99.17,683.2683,508.7733,BARISTAseq,L5,683.2683,508.7733,86.733697,469.570925,91.733697,474.570925
1982,4476,118.1,675.80449,517.8697,BARISTAseq,L5,675.80449,517.8697,90.882988,480.5817185,95.882988,485.5817185
1983,4477,17.1,682.97988,517.8006,BARISTAseq,L5,682.97988,517.8006,94.408846,474.3319675,99.408846,479.3319675
1984,4478,29.06,682.8031,533.0083,BARISTAseq,L5,682.8031,533.0083,107.493204,482.0848862,112.493204,487.0848862
1985,4479,34.03,678.77283,573.7775,BARISTAseq,L5,678.77283,573.7775,140.792637,505.9494178,145.792637,510.9494178
1986,4481,123.4,677.17864,699.3836,BARISTAseq,L5,677.17864,699.3836,248.793554,570.0994161,253.793554,575.0994161
1987,4482,24.03,680.49046,710.0181,BARISTAseq,L5,680.49046,710.0181,259.660027,572.5451905,264.660027,577.5451905
1988,4483,74.69,678.64649,741.1487,BARISTAseq,L5,678.64649,741.1487,285.703276,589.699303,290.703276,594.699303
1989,4484,121.9,678.20874,792.1633,BARISTAseq,L5,678.20874,792.1633,329.672424,615.5720249,334.672424,620.5720249
1990,4485,56.75,681.11107,829.3069,BARISTAseq,L5,681.11107,829.3069,363.295872,631.6198463,368.295872,636.6198463
1991,4486,99.33,675.97533,832.4699,BARISTAseq,L5,675.97533,832.4699,363.469091,637.6489638,368.469091,642.6489638
1992,4487,47.67,683.56054,886.1572,BARISTAseq,L4,683.56054,886.1572,413.762571,657.907967,418.762571,662.907967
1993,4488,41.66,684.26926,939.8826,BARISTAseq,L4,684.26926,939.8826,460.652682,684.1423046,465.652682,689.1423046
1994,4489,56.65,677.12571,962.8558,BARISTAseq,L4,677.12571,962.8558,476.981755,701.8102886,481.981755,706.8102886
1995,4490,136.9,684.19341,1042.3353,BARISTAseq,L4,684.19341,1042.3353,549.357318,735.4066816,554.357318,740.4066816
1996,4491,109.3,677.77898,1049.5165,BARISTAseq,L4,677.77898,1049.5165,552.372091,744.5514224,557.372091,749.5514224
1997,4492,67.89,682.74224,1069.1509,BARISTAseq,L4,682.74224,1069.1509,571.859336,750.0642562,576.859336,755.0642562
1998,4493,145.0,678.31523,1079.4276,BARISTAseq,L4,678.31523,1079.4276,578.548522,759.0344325,583.548522,764.0344325
1999,4494,89.28,679.35467,1106.1959,BARISTAseq,L4,679.35467,1106.1959,602.254171,771.5110216,607.254171,776.5110216
2000,4495,58.95,682.34487,1117.6126,BARISTAseq,L4,682.34487,1117.6126,613.637354,774.626216,618.637354,779.626216
2001,4496,31.16,683.51985,1137.6362,BARISTAseq,L4,683.51985,1137.6362,631.568578,783.6148587,636.568578,788.6148587
2002,4497,125.8,682.00972,1219.688,BARISTAseq,L4,682.00972,1219.688,701.885657,825.9266866,706.885657,830.9266866
2003,4498,136.8,678.28817,1254.2393,BARISTAseq,L4,678.28817,1254.2393,729.953559,846.4165406,734.953559,851.4165406
2004,4523,102.9,683.94662,446.5617,BARISTAseq,L5,683.94662,446.5617,33.186187,437.894381,38.186187,442.894381
2005,4525,74.13,683.98175,524.6905,BARISTAseq,L5,683.98175,524.6905,100.877478,476.9072985,105.877478,481.9072985
2006,4526,145.3,685.32299,541.1361,BARISTAseq,L5,685.32299,541.1361,115.792532,483.9638608,120.792532,488.9638608
2007,4527,39.69,680.48338,564.939,BARISTAseq,L5,680.48338,564.939,133.991696,500.0508932,138.991696,505.0508932
2008,4528,58.73,690.15122,564.5045,BARISTAseq,L5,690.15122,564.5045,138.446611,491.4596411,143.446611,496.4596411
2009,4530,95.88,686.83254,573.2614,BARISTAseq,L5,686.83254,573.2614,144.373281,498.7103364,149.373281,503.7103364
2010,4531,88.43,691.52845,589.7199,BARISTAseq,L5,691.52845,589.7199,160.976008,502.8676303,165.976008,507.8676303
2011,4532,70.9,689.03005,627.5756,BARISTAseq,L5,689.03005,627.5756,192.517388,523.9493533,197.517388,528.9493533
2012,4533,147.9,681.86912,643.3506,BARISTAseq,L5,681.86912,643.3506,202.602821,538.0352377,207.602821,543.0352377
2013,4534,37.9,687.74884,654.7861,BARISTAseq,L5,687.74884,654.7861,215.446353,538.6570182,220.446353,543.6570182
2014,4535,46.31,681.74315,743.176,BARISTAseq,L5,681.74315,743.176,289.006758,588.0301287,294.006758,593.0301287
2015,4537,91.96,687.86113,778.884,BARISTAseq,L5,687.86113,778.884,322.993709,600.5752182,327.993709,605.5752182
2016,4538,30.51,687.37713,789.9359,BARISTAseq,L5,687.37713,789.9359,332.324801,606.5174379,337.324801,611.5174379
2017,4539,179.6,686.16841,799.2979,BARISTAseq,L5,686.16841,799.2979,339.829909,612.242856,344.829909,617.242856
2018,4541,61.24,684.78854,836.4286,BARISTAseq,L5,684.78854,836.4286,371.3023,631.9934229,376.3023,636.9934229
2019,4543,62.82,689.82936,950.5404,BARISTAseq,L4,689.82936,950.5404,472.662845,684.6522909,477.662845,689.6522909
2020,4544,64.05,687.41545,962.951,BARISTAseq,L4,687.41545,962.951,482.206331,692.9450967,487.206331,697.9450967
2021,4545,65.08,688.47432,980.8039,BARISTAseq,L4,688.47432,980.8039,498.199282,700.9495322,503.199282,705.9495322
2022,4546,122.4,688.42494,1014.134,BARISTAseq,L4,688.42494,1014.134,527.04459,717.6484116,532.04459,722.6484116
2023,4547,121.8,682.3688,1028.5364,BARISTAseq,L4,682.3688,1028.5364,536.493177,730.0914042,541.493177,735.0914042
2024,4548,82.79,691.25023,1053.9434,BARISTAseq,L4,691.25023,1053.9434,562.938614,735.0951649,567.938614,740.0951649
2025,4549,68.96,683.91157,1056.3527,BARISTAseq,L4,683.91157,1056.3527,561.358103,742.6557375,566.358103,747.6557375
2026,4550,71.36,686.16563,1088.7748,BARISTAseq,L4,686.16563,1088.7748,590.567962,756.905629,595.567962,761.905629
2027,4552,48.21,687.57194,1122.4656,BARISTAseq,L4,687.57194,1122.4656,620.453053,772.5238148,625.453053,777.5238148
2028,4553,110.6,683.24513,1163.0729,BARISTAseq,L4,683.24513,1163.0729,653.464075,796.5643084,658.464075,801.5643084
2029,4555,57.51,685.41395,1233.8197,BARISTAseq,L4,685.41395,1233.8197,715.827442,830.0400286,720.827442,835.0400286
2030,4556,41.87,686.90703,1239.263,BARISTAseq,L4,686.90703,1239.263,721.288461,831.4669362,726.288461,836.4669362
2031,4557,117.9,689.15632,1274.8909,BARISTAseq,L4,689.15632,1274.8909,753.272741,847.3229921,758.272741,852.3229921
2032,4558,85.09,680.40493,1279.5097,BARISTAseq,L4,680.40493,1279.5097,752.900133,857.2114448,757.900133,862.2114448
2033,4582,173.5,689.91594,467.1965,BARISTAseq,L5,689.91594,467.1965,54.042689,443.0356913,59.042689,448.0356913
2034,4583,36.56,690.8971,503.8943,BARISTAseq,L5,690.8971,503.8943,86.319952,460.5248285,91.319952,465.5248285
2035,4584,107.7,690.62145,518.9878,BARISTAseq,L5,690.62145,518.9878,99.2559,468.3062664,104.2559,473.3062664
2036,4585,26.43,694.49267,530.1757,BARISTAseq,L5,694.49267,530.1757,110.881259,470.5440509,115.881259,475.5440509
2037,4586,39.03,694.58504,536.2523,BARISTAseq,L5,694.58504,536.2523,116.190837,473.5006831,121.190837,478.5006831
2038,4587,42.56,686.17569,552.7,BARISTAseq,L5,686.17569,552.7,126.235148,489.0041364,131.23514799999998,494.0041364
2039,4588,210.5,696.38149,551.8843,BARISTAseq,L5,696.38149,551.8843,130.628726,479.7564296,135.628726,484.7564296
2040,4590,36.12,690.26823,583.2609,BARISTAseq,L5,690.26823,583.2609,154.7516,500.7314734,159.7516,505.7314734
2041,4591,145.9,691.71106,618.1909,BARISTAseq,L5,691.71106,618.1909,185.728269,516.9372625,190.728269,521.9372625
2042,4592,69.74,694.4003,638.2867,BARISTAseq,L5,694.4003,638.2867,204.478833,524.6504151,209.478833,529.6504151
2043,4593,22.05,697.67617,651.2083,BARISTAseq,L5,697.67617,651.2083,217.308257,528.2701809,222.308257,533.2701809
2044,4594,88.92,693.80973,654.2525,BARISTAseq,L5,693.80973,654.2525,218.012963,533.140532,223.012963,538.140532
2045,4595,45.08,691.35591,671.2783,BARISTAseq,L5,691.35591,671.2783,231.534158,543.7742973,236.534158,548.7742973
2046,4596,202.5,689.11162,702.4264,BARISTAseq,L5,689.11162,702.4264,257.392469,561.2838883,262.392469,566.2838883
2047,4597,116.4,692.2876,716.4231,BARISTAseq,L5,692.2876,716.4231,271.103301,565.5274964,276.103301,570.5274964
2048,4598,48.51,686.66524,734.0698,BARISTAseq,L5,686.66524,734.0698,283.578846,579.2160498,288.578846,584.2160498
2049,4599,60.12,692.65958,767.8849,BARISTAseq,L5,692.65958,767.8849,315.864377,590.9222849,320.864377,595.9222849
2050,4601,22.8,693.3406,915.282,BARISTAseq,L4,693.3406,915.282,443.877319,663.9912068,448.877319,668.9912068
2051,4602,184.5,695.33053,926.5851,BARISTAseq,L4,695.33053,926.5851,454.662288,667.9160724,459.662288,672.9160724
2052,4603,123.5,692.9113,937.6698,BARISTAseq,L4,692.9113,937.6698,463.054695,675.5509358,468.054695,680.5509358
2053,4604,79.57,690.87194,971.6341,BARISTAseq,L4,690.87194,971.6341,491.45477,694.2903625,496.45477,699.2903625
2054,4605,69.7,692.50782,1031.3149,BARISTAseq,L4,692.50782,1031.3149,543.966673,722.6977036,548.966673,727.6977036
2055,4606,48.58,694.35208,1042.4644,BARISTAseq,L4,694.35208,1042.4644,554.545789,726.6719831,559.545789,731.6719831
2056,4607,106.6,690.66829,1138.1399,BARISTAseq,L4,690.66829,1138.1399,635.577157,777.674724,640.577157,782.674724
2057,4608,68.36,689.09766,1153.7462,BARISTAseq,L4,689.09766,1153.7462,648.310198,786.8341466,653.310198,791.8341466
2058,4609,138.7,694.06664,1184.5677,BARISTAseq,L4,694.06664,1184.5677,677.490288,797.9325104,682.490288,802.9325104
2059,4610,159.3,694.28894,1198.857,BARISTAseq,L4,694.28894,1198.857,689.97853,804.8807725,694.97853,809.8807725
2060,4611,71.67,688.80078,1213.8322,BARISTAseq,L4,688.80078,1213.8322,700.207175,817.1180789,705.207175,822.1180789
2061,4612,109.8,698.11564,1273.2731,BARISTAseq,L4,698.11564,1273.2731,756.348711,838.7541617,761.348711,843.7541617
2062,4633,25.78,700.93847,617.0158,BARISTAseq,L5,700.93847,617.0158,189.321689,508.3574545,194.321689,513.3574545
2063,4634,64.27,700.82706,624.4058,BARISTAseq,L5,700.82706,624.4058,195.66706,512.1469447,200.66706,517.1469447
2064,4635,65.71,694.69276,664.7859,BARISTAseq,L5,694.69276,664.7859,227.578046,537.6395092,232.578046,542.6395092
2065,4636,79.93,696.62953,687.7499,BARISTAseq,L5,696.62953,687.7499,248.436867,547.4377067,253.436867,552.4377067
2066,4637,115.5,696.84383,727.8295,BARISTAseq,L5,696.84383,727.8295,283.260192,567.2811026,288.260192,572.2811026
2067,4638,131.4,695.46622,751.0095,BARISTAseq,L5,695.46622,751.0095,302.649864,580.0581177,307.649864,585.0581177
2068,4639,99.52,695.15291,760.948,BARISTAseq,L5,695.15291,760.948,311.101813,585.29606,316.101813,590.29606
2069,4640,173.5,702.8969,793.84,BARISTAseq,L5,702.8969,793.84,343.462084,595.0254592,348.462084,600.0254592
2070,4643,72.75,699.42642,838.3514,BARISTAseq,L5,699.42642,838.3514,380.282745,620.2752268,385.282745,625.2752268
2071,4644,43.82,693.102,864.4198,BARISTAseq,L5,693.102,864.4198,399.702219,638.7805043,404.702219,643.7805043
2072,4646,120.6,698.87232,955.8718,BARISTAseq,L4,698.87232,955.8718,481.799774,679.4836698,486.799774,684.4836698
2073,4647,59.45,697.6846,967.4143,BARISTAseq,L4,697.6846,967.4143,491.20412,686.2805797,496.20412,691.2805797
2074,4648,80.75,698.09932,978.0565,BARISTAseq,L4,698.09932,978.0565,500.629475,691.2396063,505.629475,696.2396063
2075,4649,62.17,697.30305,996.4,BARISTAseq,L4,697.30305,996.4,516.120354,701.0961246,521.120354,706.0961246
2076,4650,149.6,696.28406,1002.3486,BARISTAseq,L4,696.28406,1002.3486,520.763721,704.9514579,525.763721,709.9514579
2077,4651,21.76,696.88806,1012.075,BARISTAseq,L4,696.88806,1012.075,529.490358,709.2888544,534.490358,714.2888544
2078,4652,61.26,699.54478,1016.7986,BARISTAseq,L4,699.54478,1016.7986,534.909521,709.3481885,539.909521,714.3481885
2079,4653,21.87,699.49164,1029.8809,BARISTAseq,L4,699.49164,1029.8809,546.214586,715.931836,551.214586,720.931836
2080,4654,75.38,700.09814,1037.5025,BARISTAseq,L4,700.09814,1037.5025,553.119321,719.215219,558.119321,724.215219
2081,4655,129.8,699.9287,1052.2759,BARISTAseq,L4,699.9287,1052.2759,565.83111,726.7447135,570.83111,731.7447135
2082,4656,51.75,698.12957,1101.8052,BARISTAseq,L4,698.12957,1101.8052,607.833404,753.0543907,612.833404,758.0543907
2083,4657,161.8,700.95434,1118.1376,BARISTAseq,L4,700.95434,1118.1376,623.391788,758.7693866,628.391788,763.7693866
2084,4658,40.23,696.63209,1126.4994,BARISTAseq,L4,696.63209,1126.4994,628.474717,766.6919209,633.474717,771.6919209
2085,4659,36.65,703.7325,1142.7272,BARISTAseq,L4,703.7325,1142.7272,646.079217,768.6511956,651.079217,773.6511956
2086,4660,197.9,700.75878,1151.8665,BARISTAseq,L4,700.75878,1151.8665,652.509437,775.7941486,657.509437,780.7941486
2087,4661,78.43,701.38668,1192.0832,BARISTAseq,L4,701.38668,1192.0832,687.65818,795.3477933,692.65818,800.3477933
2088,4662,118.8,698.22993,1228.1714,BARISTAseq,L4,698.22993,1228.1714,717.339563,816.1164614,722.339563,821.1164614
2089,4680,116.2,703.96815,478.9484,BARISTAseq,L5,703.96815,478.9484,71.24434,436.7367423,76.24434,441.7367423
2090,4681,48.29,706.95255,487.9304,BARISTAseq,L5,706.95255,487.9304,80.51575,438.6402788,85.51575,443.6402788
2091,4682,104.7,703.13715,598.6087,BARISTAseq,L5,703.13715,598.6087,174.47655,497.2544112,179.47655,502.2544112
2092,4683,61.63,701.90679,644.0538,BARISTAseq,L5,701.90679,644.0538,213.22536,521.0303949,218.22536,526.0303949
2093,4684,131.4,707.59304,655.9893,BARISTAseq,L5,707.59304,655.9893,226.405272,522.0696151,231.405272,527.0696151
2094,4685,137.9,705.4977,667.054,BARISTAseq,L5,705.4977,667.054,234.942206,529.4139265,239.942206,534.4139265
2095,4686,121.7,700.50353,677.8786,BARISTAseq,L5,700.50353,677.8786,241.822494,539.1491366,246.822494,544.1491366
2096,4687,92.57,704.52155,701.0616,BARISTAseq,L5,704.52155,701.0616,263.91116,547.2540866,268.91116,552.2540866
2097,4688,111.1,699.85861,709.9154,BARISTAseq,L5,699.85861,709.9154,269.249884,555.7175177,274.249884,560.7175177
2098,4689,82.87,704.33091,710.7705,BARISTAseq,L5,704.33091,710.7705,272.225487,552.2710111,277.225487,557.2710111
2099,4690,33.57,700.74879,784.0801,BARISTAseq,L5,700.74879,784.0801,333.934784,592.0088048,338.934784,597.0088048
2100,4691,37.65,703.17218,824.0584,BARISTAseq,L5,703.17218,824.0584,369.774295,609.8880817,374.774295,614.8880817
2101,4692,31.45,707.20018,829.1835,BARISTAseq,L5,707.20018,829.1835,376.226466,608.9602672,381.226466,613.9602672
2102,4693,45.87,704.92034,833.605,BARISTAseq,L5,704.92034,833.605,378.916993,613.1445875,383.916993,618.1445875
2103,4694,183.7,704.46687,867.3238,BARISTAseq,L5,704.46687,867.3238,407.89696,630.3876804,412.89696,635.3876804
2104,4695,112.1,701.81711,903.3757,BARISTAseq,L4,701.81711,903.3757,437.800317,650.6990958,442.800317,655.6990958
2105,4696,27.67,707.92654,938.498,BARISTAseq,L4,707.92654,938.498,471.275644,662.9589002,476.275644,667.9589002
2106,4697,95.73,709.24508,928.6041,BARISTAseq,L4,709.24508,928.6041,463.364629,656.8725062,468.364629,661.8725062
2107,4699,95.65,706.33085,961.0427,BARISTAseq,L4,706.33085,961.0427,490.005973,675.6072902,495.005973,680.6072902
2108,4700,92.29,705.85108,982.9924,BARISTAseq,L4,705.85108,982.9924,508.77861,686.9917765,513.7786100000001,691.9917765
2109,4701,21.88,702.41903,992.0336,BARISTAseq,L4,702.41903,992.0336,514.89483,694.48271,519.89483,699.48271
2110,4702,99.75,708.92258,993.205,BARISTAseq,L4,708.92258,993.205,519.159544,689.4348762,524.159544,694.4348762
2111,4703,58.93,705.6735,1009.5818,BARISTAseq,L4,705.6735,1009.5818,531.721151,700.4331467,536.721151,705.4331467
2112,4704,79.3,702.86111,1065.5496,BARISTAseq,L4,702.86111,1065.5496,578.794,730.8380139,583.794,735.8380139
2113,4706,36.41,704.5713,1125.9511,BARISTAseq,L4,704.5713,1125.9511,631.96726,759.5411293,636.96726,764.5411293
2114,4707,20.29,705.98635,1184.6622,BARISTAseq,L4,705.98635,1184.6622,683.528795,787.6551188,688.528795,792.6551188
2115,4708,144.8,707.52747,1223.1716,BARISTAseq,L4,707.52747,1223.1716,717.655112,805.5645681,722.655112,810.5645681
2116,4709,191.9,703.55988,1241.478,BARISTAseq,L4,703.55988,1241.478,731.529029,818.1494776,736.529029,823.1494776
2117,4733,57.66,713.16914,427.2126,BARISTAseq,L5,713.16914,427.2126,31.029764,402.9130707,36.029764,407.9130707
2118,4734,48.87,713.29289,432.581,BARISTAseq,L5,713.29289,432.581,35.741583,405.4886125,40.741583,410.4886125
2119,4735,108.3,706.15499,439.679,BARISTAseq,L5,706.15499,439.679,38.322753,415.2184378,43.322753,420.2184378
2120,4737,90.4,714.48501,482.9326,BARISTAseq,L5,714.48501,482.9326,79.950905,429.6182231,84.950905,434.6182231
2121,4738,73.8,710.30827,516.2276,BARISTAseq,L5,710.30827,516.2276,106.703174,449.8745695,111.703174,454.8745695
2122,4739,102.7,707.42174,547.3231,BARISTAseq,L5,707.42174,547.3231,132.195024,467.9141901,137.195024,472.9141901
2123,4740,73.52,705.82512,562.1826,BARISTAseq,L5,705.82512,562.1826,144.268182,476.7229049,149.268182,481.7229049
2124,4741,157.4,708.72693,573.5321,BARISTAseq,L5,708.72693,573.5321,155.548992,479.8810796,160.548992,484.8810796
2125,4742,46.53,708.75615,583.8643,BARISTAseq,L5,708.75615,583.8643,164.513161,485.0190886,169.513161,490.0190886
2126,4743,68.8,714.48344,605.6902,BARISTAseq,L5,714.48344,605.6902,186.280453,490.9652805,191.280453,495.9652805
2127,4744,22.82,715.59183,675.191,BARISTAseq,L5,715.59183,675.191,247.034676,524.7368977,252.034676,529.7368977
2128,4745,139.2,710.58323,677.9438,BARISTAseq,L5,710.58323,677.9438,246.916129,530.4508936,251.916129,535.4508936
2129,4746,106.0,703.97168,758.3466,BARISTAseq,L5,703.97168,758.3466,313.255488,576.35738,318.255488,581.35738
2130,4749,32.78,709.9282,899.9819,BARISTAseq,L4,709.9282,899.9819,438.913975,641.9774115,443.913975,646.9774115
2131,4750,169.1,707.31638,913.8066,BARISTAseq,L4,707.31638,913.8066,449.583475,651.1483496,454.583475,656.1483496
2132,4751,37.08,709.99761,946.1032,BARISTAseq,L4,709.99761,946.1032,478.898116,664.9655294,483.898116,669.9655294
2133,4752,19.71,708.61811,953.6524,BARISTAseq,L4,708.61811,953.6524,484.747695,669.9329763,489.747695,674.9329763
2134,4753,59.63,706.0308,972.7378,BARISTAseq,L4,706.0308,972.7378,499.986135,681.711607,504.986135,686.711607
2135,4754,95.2,715.93446,985.1932,BARISTAseq,L4,715.93446,985.1932,515.723895,679.3575588,520.723895,684.3575588
2136,4755,71.76,710.07614,1016.5968,BARISTAseq,L4,710.07614,1016.5968,539.997519,700.1252617,544.997519,705.1252617
2137,4756,35.69,710.68803,1081.6581,BARISTAseq,L4,710.68803,1081.6581,596.658157,732.10834,601.658157,737.10834
2138,4757,87.56,716.29185,1096.2645,BARISTAseq,L4,716.29185,1096.2645,612.110373,734.5536966,617.110373,739.5536966
2139,4758,16.98,708.91835,1126.8013,BARISTAseq,L4,708.91835,1126.8013,634.876004,756.2006363,639.876004,761.2006363
2140,4759,54.37,710.08113,1136.8105,BARISTAseq,L4,710.08113,1136.8105,644.126852,760.19536,649.126852,765.19536
2141,4760,80.81,713.67702,1141.8916,BARISTAseq,L4,713.67702,1141.8916,650.324957,759.6198305,655.324957,764.6198305
2142,4761,69.19,711.92752,1154.8312,BARISTAseq,L4,711.92752,1154.8312,660.658761,767.6015582,665.658761,772.6015582
2143,4762,39.7,707.9488,1213.982,BARISTAseq,L4,707.9488,1213.982,709.905771,800.6072836,714.905771,805.6072836
2144,4784,40.14,720.62498,421.1622,BARISTAseq,L5,720.62498,421.1622,29.51489,393.4313719,34.51489,398.4313719
2145,4785,121.7,721.89664,448.2595,BARISTAseq,L5,721.89664,448.2595,53.621578,405.8712352,58.621578,410.8712352
2146,4786,93.42,720.14821,467.7852,BARISTAseq,L5,720.14821,467.7852,69.660634,417.1432826,74.660634,422.1432826
2147,4787,32.17,716.77087,511.4129,BARISTAseq,L5,716.77087,511.4129,105.762359,441.8707474,110.762359,446.8707474
2148,4788,59.22,719.64627,517.5788,BARISTAseq,L5,719.64627,517.5788,112.540106,442.4614399,117.540106,447.4614399
2149,4789,45.0,718.3638,566.9122,BARISTAseq,L5,718.3638,566.9122,154.630879,468.2256844,159.630879,473.2256844
2150,4790,53.58,716.34311,600.949,BARISTAseq,L5,716.34311,600.949,183.103107,486.9851863,188.103107,491.9851863
2151,4791,128.6,719.11364,637.9286,BARISTAseq,L5,719.11364,637.9286,216.51866,503.0652278,221.51866,508.0652278
2152,4792,97.44,711.01076,642.9103,BARISTAseq,L5,711.01076,642.9103,216.784416,512.5732754,221.784416,517.5732754
2153,4793,35.05,715.24316,705.9638,BARISTAseq,L5,715.24316,705.9638,273.515224,540.4169886,278.515224,545.4169886
2154,4794,144.4,712.05722,750.9848,BARISTAseq,L5,712.05722,750.9848,310.919419,565.6749243,315.919419,570.6749243
2155,4795,48.77,712.35678,760.8144,BARISTAseq,L5,712.35678,760.8144,319.583364,570.3276219,324.583364,575.3276219
2156,4797,46.15,712.8255,827.801,BARISTAseq,L5,712.8255,827.801,377.840099,603.3968388,382.840099,608.3968388
2157,4798,40.41,712.97508,835.2402,BARISTAseq,L5,712.97508,835.2402,384.358542,606.9848638,389.358542,611.9848638
2158,4799,81.79,721.16594,844.7907,BARISTAseq,L5,721.16594,844.7907,396.724233,604.6627799,401.724233,609.6627799
2159,4800,95.17,718.93255,870.359,BARISTAseq,L5,718.93255,870.359,417.754967,619.374584,422.754967,624.374584
2160,4801,89.03,716.31877,890.5484,BARISTAseq,L5,716.31877,890.5484,433.936438,631.7278246,438.936438,636.7278246
2161,4802,115.1,718.44936,931.2019,BARISTAseq,L4,718.44936,931.2019,470.214451,650.1981335,475.214451,655.1981335
2162,4803,41.36,716.66789,941.3004,BARISTAseq,L4,716.66789,941.3004,478.071277,656.7877046,483.071277,661.7877046
2163,4804,70.95,714.62216,950.8038,BARISTAseq,L4,714.62216,950.8038,485.280664,663.3088401,490.280664,668.3088401
2164,4805,20.94,717.83224,971.2874,BARISTAseq,L4,717.83224,971.2874,504.627334,670.7645955,509.627334,675.7645955
2165,4806,93.35,713.97828,1004.4083,BARISTAseq,L4,713.97828,1004.4083,531.39013,690.6543566,536.39013,695.6543566
2166,4807,49.12,717.69263,1012.8742,BARISTAseq,L4,717.69263,1012.8742,540.579314,691.6677337,545.579314,696.6677337
2167,4808,31.95,719.92143,1019.8895,BARISTAseq,L4,719.92143,1019.8895,547.769622,693.2429389,552.769622,698.2429389
2168,4809,118.3,715.1223,1028.4863,BARISTAseq,L4,715.1223,1028.4863,552.817725,701.6959324,557.817725,706.6959324
2169,4810,74.89,716.51866,1066.0442,BARISTAseq,L4,716.51866,1066.0442,586.047425,719.2552158,591.047425,724.2552158
2170,4811,135.2,711.21916,1107.5442,BARISTAseq,L4,711.21916,1107.5442,619.345617,744.5843471,624.345617,749.5843471
2171,4812,47.8,713.02515,1124.0628,BARISTAseq,L4,713.02515,1124.0628,634.556236,751.2748855,639.556236,756.2748855
2172,4814,34.24,717.65977,1153.7017,BARISTAseq,L4,717.65977,1153.7017,662.54495,762.0719223,667.54495,767.0719223
2173,4815,37.11,714.59396,1166.4442,BARISTAseq,L4,714.59396,1166.4442,672.050242,771.0953094,677.050242,776.0953094
2174,4816,58.79,712.2875,1183.0021,BARISTAseq,L4,712.2875,1183.0021,685.239711,781.3675702,690.239711,786.3675702
2175,4817,24.09,717.43061,1199.8161,BARISTAseq,L4,717.43061,1199.8161,702.373871,785.315185,707.373871,790.315185
2176,4818,36.83,713.77686,1242.0883,BARISTAseq,L4,713.77686,1242.0883,737.163404,809.604712,742.163404,814.604712
2177,4819,106.0,716.91597,1251.3755,BARISTAseq,L4,716.91597,1251.3755,746.776506,811.5267709,751.776506,816.5267709
2178,4837,52.55,720.8302,502.2798,BARISTAseq,L5,720.8302,502.2798,99.880046,433.7905731,104.880046,438.7905731
2179,4838,44.16,724.82385,507.496,BARISTAseq,L5,724.82385,507.496,106.393973,432.9380342,111.393973,437.9380342
2180,4839,161.4,723.70708,534.8068,BARISTAseq,L5,723.70708,534.8068,129.491925,447.5533628,134.491925,452.5533628
2181,4840,63.76,725.15349,547.8992,BARISTAseq,L5,725.15349,547.8992,141.555173,452.843205,146.555173,457.843205
2182,4841,262.7,719.96643,582.6434,BARISTAseq,L5,719.96643,582.6434,169.057783,474.6988495,174.057783,479.6988495
2183,4843,275.7,722.93333,689.5854,BARISTAseq,L5,722.93333,689.5854,263.171556,525.5711156,268.171556,530.5711156
2184,4844,35.42,722.37106,716.8038,BARISTAseq,L5,722.37106,716.8038,286.466674,539.660025,291.466674,544.660025
2185,4845,38.99,722.0192,795.6911,BARISTAseq,L5,722.0192,795.6911,354.621519,579.3871634,359.621519,584.3871634
2186,4846,94.12,722.53103,811.4506,BARISTAseq,L5,722.53103,811.4506,368.527851,586.8193138,373.527851,591.8193138
2187,4848,82.85,722.42585,836.2965,BARISTAseq,L5,722.42585,836.2965,389.996343,599.3266608,394.996343,604.3266608
2188,4849,77.77,717.64735,852.6908,BARISTAseq,L5,717.64735,852.6908,401.808852,611.6584619,406.808852,616.6584619
2189,4851,43.06,723.89112,888.7087,BARISTAseq,L5,723.89112,888.7087,436.127046,624.2494398,441.127046,629.2494398
2190,4852,91.4,718.82823,920.8773,BARISTAseq,L4,718.82823,920.8773,461.460767,644.7104242,466.460767,649.7104242
2191,4854,48.09,717.17309,956.1358,BARISTAseq,L4,717.17309,956.1358,491.173885,663.7638127,496.173885,668.7638127
2192,4855,57.22,719.99715,977.3126,BARISTAseq,L4,719.99715,977.3126,510.928107,671.9003562,515.928107,676.9003562
2193,4856,37.72,725.02657,990.4122,BARISTAseq,L4,725.02657,990.4122,524.788081,674.0902349,529.788081,679.0902349
2194,4857,115.2,727.69634,995.3317,BARISTAseq,L4,727.69634,995.3317,530.383486,674.236185,535.383486,679.236185
2195,4858,50.64,719.10039,1034.7746,BARISTAseq,L4,719.10039,1034.7746,560.252535,701.3926487,565.252535,706.3926487
2196,4859,57.34,721.97798,1060.0612,BARISTAseq,L4,721.97798,1060.0612,583.593331,711.5366237,588.593331,716.5366237
2197,4860,103.8,722.06882,1079.4711,BARISTAseq,L4,722.06882,1079.4711,600.451142,721.1576072,605.451142,726.1576072
2198,4861,57.9,723.86409,1138.9707,BARISTAseq,L4,723.86409,1138.9707,652.885789,749.3363633,657.885789,754.3363633
2199,4862,106.5,726.06977,1152.7085,BARISTAseq,L4,726.06977,1152.7085,665.887442,754.29103,670.887442,759.29103
2200,4863,202.2,721.72127,1179.2924,BARISTAseq,L4,721.72127,1179.2924,686.740811,771.3423863,691.740811,776.3423863
2201,4864,22.58,725.64604,1197.2478,BARISTAseq,L4,725.64604,1197.2478,704.254794,776.9156931,709.254794,781.9156931
2202,4865,36.4,718.91962,1225.1236,BARISTAseq,L4,718.91962,1225.1236,725.038839,796.6723478,730.038839,801.6723478
2203,4866,95.36,724.25191,1223.0209,BARISTAseq,L4,724.25191,1223.0209,725.882227,791.0028318,730.882227,796.0028318
2204,4867,102.7,724.42472,1243.3287,BARISTAseq,L4,724.42472,1243.3287,743.558842,801.0015805,748.558842,806.0015805
2205,4888,97.76,730.77559,451.0582,BARISTAseq,L5,730.77559,451.0582,60.482866,399.5790717,65.482866,404.5790717
2206,4889,99.17,724.62483,477.5262,BARISTAseq,L5,724.62483,477.5262,80.335203,418.1335874,85.335203,423.1335874
2207,4890,31.38,727.7466,500.8708,BARISTAseq,L5,727.7466,500.8708,102.115867,427.0955564,107.115867,432.0955564
2208,4891,141.8,730.5907,517.6114,BARISTAseq,L5,730.5907,517.6114,118.037569,432.9978563,123.037569,437.9978563
2209,4893,33.07,730.41192,542.3114,BARISTAseq,L5,730.41192,542.3114,139.342874,445.4960323,144.342874,450.4960323
2210,4894,41.05,727.18586,627.7481,BARISTAseq,L5,727.18586,627.7481,211.734425,490.9857103,216.734425,495.9857103
2211,4895,154.0,729.52487,635.2845,BARISTAseq,L5,729.52487,635.2845,219.431142,492.7258569,224.431142,497.7258569
2212,4896,43.24,729.12978,645.3279,BARISTAseq,L5,729.12978,645.3279,227.93313,498.0870721,232.93313,503.0870721
2213,4897,46.55,725.54866,652.8889,BARISTAseq,L5,725.54866,652.8889,232.69268,504.9674077,237.69268,509.9674077
2214,4898,39.45,727.26924,707.5655,BARISTAseq,L5,727.26924,707.5655,280.912372,530.8006338,285.912372,535.8006338
2215,4899,48.38,728.76161,715.8093,BARISTAseq,L5,728.76161,715.8093,288.79883,533.6276784,293.79883,538.6276784
2216,4900,42.58,726.93882,792.4933,BARISTAseq,L5,726.93882,792.4933,354.310119,573.5278433,359.310119,578.5278433
2217,4901,142.1,732.9008,784.6277,BARISTAseq,L5,732.9008,784.6277,350.476431,564.4329879,355.476431,569.4329879
2218,4902,92.01,731.24923,833.7281,BARISTAseq,L5,731.24923,833.7281,392.180998,590.4005378,397.180998,595.4005378
2219,4903,55.68,730.69813,841.6308,BARISTAseq,L5,730.69813,841.6308,398.750739,594.8270884,403.750739,599.8270884
2220,4905,48.42,730.69244,913.8285,BARISTAseq,L5,730.69244,913.8285,461.2842,630.9114141,466.2842,635.9114141
2221,4906,42.79,726.48263,917.3916,BARISTAseq,L5,726.48263,917.3916,462.266729,636.3384637,467.266729,641.3384637
2222,4907,75.29,729.87914,925.6995,BARISTAseq,L5,729.87914,925.6995,471.160131,637.5481327,476.160131,642.5481327
2223,4908,90.62,726.81824,970.0065,BARISTAseq,L4,726.81824,970.0065,508.008476,662.3410163,513.008476,667.3410163
2224,4909,25.38,727.37269,1007.6969,BARISTAseq,L4,727.37269,1007.6969,540.932244,680.6957838,545.932244,685.6957838
2225,4910,105.5,729.87199,1025.0234,BARISTAseq,L4,729.87199,1025.0234,557.189091,687.1895081,562.189091,692.1895081
2226,4911,42.97,729.40517,1079.4438,BARISTAseq,L4,729.40517,1079.4438,604.093749,714.789389,609.093749,719.789389
2227,4912,151.3,727.05954,1100.0904,BARISTAseq,L4,727.05954,1100.0904,620.805243,727.1388442,625.805243,732.1388442
2228,4913,197.3,726.75643,1165.1086,BARISTAseq,L4,726.75643,1165.1086,676.971284,759.8929472,681.971284,764.8929472
2229,4914,158.5,733.31367,1211.6673,BARISTAseq,L4,733.31367,1211.6673,720.576396,777.4799804,725.576396,782.4799804
2230,4937,102.3,736.69389,419.7467,BARISTAseq,L5,736.69389,419.7467,36.318979,378.8054406,41.318979,383.8054406
2231,4938,40.33,731.94213,435.1417,BARISTAseq,L5,731.94213,435.1417,47.279254,390.6146798,52.279254,395.6146798
2232,4939,206.8,734.27353,471.7789,BARISTAseq,L5,734.27353,471.7789,80.178719,406.9039457,85.178719,411.9039457
2233,4940,112.9,730.87361,493.1484,BARISTAseq,L5,730.87361,493.1484,96.989567,420.5279045,101.989567,425.5279045
2234,4941,40.28,732.26665,506.4591,BARISTAseq,L5,732.26665,506.4591,109.215178,425.9730313,114.215178,430.9730313
2235,4942,107.3,732.22025,567.033,BARISTAseq,L5,732.22025,567.033,161.659926,456.2838101,166.659926,461.2838101
2236,4943,95.6,733.31971,573.3326,BARISTAseq,L5,733.31971,573.3326,167.666011,458.4796143,172.666011,463.4796143
2237,4944,131.9,736.32988,648.5501,BARISTAseq,L5,736.32988,648.5501,234.322273,493.4607339,239.322273,498.4607339
2238,4945,45.76,734.37109,682.418,BARISTAseq,L5,734.37109,682.418,262.679076,512.0821758,267.679076,517.0821758
2239,4946,137.4,737.33938,692.7521,BARISTAseq,L5,737.33938,692.7521,273.113634,514.6753639,278.113634,519.6753639
2240,4947,27.21,733.00083,710.5509,BARISTAseq,L5,733.00083,710.5509,286.362501,527.3279236,291.362501,532.3279236
2241,4948,147.4,738.79303,716.3284,BARISTAseq,L5,738.79303,716.3284,294.261448,525.1980554,299.261448,530.1980554
2242,4949,139.3,733.69838,742.6739,BARISTAseq,L5,733.69838,742.6739,314.535416,542.7765593,319.535416,547.7765593
2243,4950,148.2,732.99924,753.1014,BARISTAseq,L5,732.99924,753.1014,323.218131,548.5930668,328.218131,553.5930668
2244,4951,60.25,740.84116,752.4539,BARISTAseq,L5,740.84116,752.4539,326.576123,541.4769756,331.576123,546.4769756
2245,4952,99.49,732.85326,764.3315,BARISTAseq,L5,732.85326,764.3315,332.872541,554.3315734,337.872541,559.3315734
2246,4953,128.4,737.46744,790.8274,BARISTAseq,L5,737.46744,790.8274,358.128617,563.5756448,363.128617,568.5756448
2247,4954,111.5,736.63346,802.2239,BARISTAseq,L5,736.63346,802.2239,367.583288,569.9931969,372.583288,574.9931969
2248,4956,21.08,735.5648,871.3342,BARISTAseq,L5,735.5648,871.3342,426.911276,605.4553583,431.911276,610.4553583
2249,4957,16.8,733.49619,922.1852,BARISTAseq,L5,733.49619,922.1852,469.923698,632.6589259,474.923698,637.6589259
2250,4958,112.8,734.81953,954.4799,BARISTAseq,L4,734.81953,954.4799,498.558073,647.6513114,503.558073,652.6513114
2251,4959,67.78,736.44549,966.6177,BARISTAseq,L4,736.44549,966.6177,509.88411,652.3085444,514.88411,657.3085444
2252,4960,104.1,731.91368,1052.8721,BARISTAseq,L4,731.91368,1052.8721,582.331369,699.3378543,587.331369,704.3378543
2253,4961,58.63,732.42189,1139.4289,BARISTAseq,L4,732.42189,1139.4289,657.559272,742.1527366,662.559272,747.1527366
2254,4962,97.45,740.15604,1170.3429,BARISTAseq,L4,740.15604,1170.3429,688.201348,750.9022107,693.201348,755.9022107
2255,4963,118.7,735.31394,1180.6604,BARISTAseq,L4,735.31394,1180.6604,694.718388,760.2522926,699.718388,765.2522926
2256,4964,56.91,732.04318,1201.098,BARISTAseq,L4,732.04318,1201.098,710.786584,773.2986628,715.786584,778.2986628
2257,4965,120.0,734.76865,1239.7029,BARISTAseq,L4,734.76865,1239.7029,745.587453,790.2299713,750.587453,795.2299713
2258,4987,38.28,739.89977,493.5202,BARISTAseq,L5,739.89977,493.5202,101.822239,412.8954067,106.822239,417.8954067
2259,4988,97.55,740.12808,527.9158,BARISTAseq,L5,740.12808,527.9158,131.7292,429.8861991,136.7292,434.8861991
2260,4989,162.0,741.29376,555.3751,BARISTAseq,L5,741.29376,555.3751,156.096419,442.5987304,161.096419,447.5987304
2261,4990,122.1,745.18816,573.5656,BARISTAseq,L5,745.18816,573.5656,173.798833,448.3158169,178.798833,453.3158169
2262,4991,63.65,739.99459,582.5653,BARISTAseq,L5,739.99459,582.5653,178.998785,457.3117866,183.998785,462.3117866
2263,4992,138.7,742.96822,606.5226,BARISTAseq,L5,742.96822,606.5226,201.236152,466.7082689,206.236152,471.7082689
2264,4993,128.0,748.03548,632.5965,BARISTAseq,L5,748.03548,632.5965,226.353157,475.3490313,231.353157,480.3490313
2265,4994,121.1,742.54714,680.0384,BARISTAseq,L5,742.54714,680.0384,264.703728,503.8110779,269.703728,508.8110779
2266,4995,25.78,742.71376,744.4864,BARISTAseq,L5,742.71376,744.4864,320.610655,535.8733816,325.610655,540.8733816
2267,4996,110.7,744.33835,763.8822,BARISTAseq,L5,744.33835,763.8822,338.222821,544.1588752,343.222821,549.1588752
2268,4997,168.4,747.31726,800.2203,BARISTAseq,L5,747.31726,800.2203,371.186847,559.737853,376.186847,564.737853
2269,4998,172.1,737.67427,818.3116,BARISTAseq,L5,737.67427,818.3116,382.038283,577.1311824,387.038283,582.1311824
2270,4999,23.33,737.35147,827.956,BARISTAseq,L5,737.35147,827.956,390.230779,582.2303997,395.230779,587.2303997
2271,5000,14.43,741.39586,825.7544,BARISTAseq,L5,741.39586,825.7544,390.344864,577.6269988,395.344864,582.6269988
2272,5001,38.69,742.37537,866.657,BARISTAseq,L5,742.37537,866.657,426.263419,597.2188367,431.263419,602.2188367
2273,5002,32.92,741.76723,871.2492,BARISTAseq,L5,741.76723,871.2492,429.937217,600.040469,434.937217,605.040469
2274,5003,176.6,740.20518,880.5919,BARISTAseq,L5,740.20518,880.5919,437.249087,606.0623195,442.249087,611.0623195
2275,5004,51.63,738.9878,927.0033,BARISTAseq,L5,738.9878,927.0033,476.841399,630.3099626,481.841399,635.3099626
2276,5005,33.69,739.45474,1007.3902,BARISTAseq,L4,739.45474,1007.3902,546.704308,670.0772542,551.704308,675.0772542
2277,5006,31.32,737.5993,1012.3413,BARISTAseq,L4,737.5993,1012.3413,550.06569,674.1586419,555.06569,679.1586419
2278,5007,105.9,736.80045,1038.9875,BARISTAseq,L4,736.80045,1038.9875,572.746864,688.1664705,577.746864,693.1664705
2279,5008,72.71,738.82761,1087.0739,BARISTAseq,L4,738.82761,1087.0739,615.41146,710.4408343,620.41146,715.4408343
2280,5009,55.25,741.22714,1109.1774,BARISTAseq,L4,741.22714,1109.1774,635.75622,719.4082018,640.75622,724.4082018
2281,5011,107.2,745.07946,1135.718,BARISTAseq,L4,745.07946,1135.718,660.670252,729.3345006,665.670252,734.3345006
2282,5014,43.78,739.62014,1200.245,BARISTAseq,L4,739.62014,1200.245,713.834169,766.3093709,718.834169,771.3093709
2283,5042,31.95,744.51344,460.5637,BARISTAseq,L5,744.51344,460.5637,75.581547,392.429772,80.581547,397.429772
2284,5043,83.29,744.23961,489.2492,BARISTAseq,L5,744.23961,489.2492,100.291507,407.001959,105.291507,412.001959
2285,5044,53.6,749.23929,555.2589,BARISTAseq,L5,749.23929,555.2589,159.966353,435.6583652,164.966353,440.6583652
2286,5045,44.23,747.04108,569.536,BARISTAseq,L5,747.04108,569.536,171.234425,444.6971339,176.234425,449.6971339
2287,5046,129.3,746.79861,588.3646,BARISTAseq,L5,746.79861,588.3646,187.422206,454.3163592,192.422206,459.3163592
2288,5047,93.49,747.39226,647.493,BARISTAseq,L5,747.39226,647.493,238.934801,483.3504173,243.934801,488.3504173
2289,5048,51.59,747.30296,752.7722,BARISTAseq,L5,747.30296,752.7722,330.081059,536.0389916,335.081059,541.0389916
2290,5049,71.89,748.22918,787.3936,BARISTAseq,L5,748.22918,787.3936,360.532294,552.5380624,365.532294,557.5380624
2291,5050,38.26,746.9003,816.3775,BARISTAseq,L5,746.9003,816.3775,384.973475,568.1732122,389.973475,573.1732122
2292,5051,131.2,745.63233,828.2218,BARISTAseq,L5,745.63233,828.2218,394.599186,575.1904885,399.599186,580.1904885
2293,5052,83.66,750.1359,842.7879,BARISTAseq,L5,750.1359,842.7879,409.466659,578.5687143,414.466659,583.5687143
2294,5053,56.51,748.88602,868.525,BARISTAseq,L5,748.88602,868.525,431.135037,592.5129364,436.135037,597.5129364
2295,5054,65.17,742.04347,946.6283,BARISTAseq,L5,742.04347,946.6283,495.367211,637.4704095,500.367211,642.4704095
2296,5055,88.92,751.49303,946.2939,BARISTAseq,L5,751.49303,946.2939,499.799778,629.1182611,504.799778,634.1182611
2297,5056,41.44,740.55377,996.4978,BARISTAseq,L4,740.55377,996.4978,537.818732,663.6820283,542.818732,668.6820283
2298,5057,96.57,745.51105,1005.5979,BARISTAseq,L4,745.51105,1005.5979,548.17841,663.9357444,553.17841,668.9357444
2299,5058,24.98,747.47115,1025.4527,BARISTAseq,L4,747.47115,1025.4527,566.355765,672.1599713,571.355765,677.1599713
2300,5059,85.3,742.89571,1034.8818,BARISTAseq,L4,742.89571,1034.8818,572.23661,680.8351499,577.23661,685.8351499
2301,5060,87.35,746.9198,1076.4424,BARISTAseq,L4,746.9198,1076.4424,610.246582,698.1186569,615.246582,703.1186569
2302,5061,22.55,744.72057,1085.9462,BARISTAseq,L4,744.72057,1085.9462,617.37954,704.7729043,622.37954,709.7729043
2303,5062,147.9,746.89855,1101.1579,BARISTAseq,L4,746.89855,1101.1579,631.643998,710.4881124,636.643998,715.4881124
2304,5063,71.35,749.871,1110.0469,BARISTAseq,L4,749.871,1110.0469,640.828964,712.3555654,645.828964,717.3555654
2305,5064,68.75,749.33342,1117.5075,BARISTAseq,L4,749.33342,1117.5075,647.022568,716.5495108,652.022568,721.5495108
2306,5065,151.3,740.72688,1146.7142,BARISTAseq,L4,740.72688,1146.7142,668.019912,738.5998037,673.019912,743.5998037
2307,5066,39.37,754.19512,1180.9312,BARISTAseq,L4,754.19512,1180.9312,704.388456,744.0331016,709.388456,749.0331016
2308,5067,99.85,743.70255,1214.6512,BARISTAseq,L4,743.70255,1214.6512,728.352631,769.9724739,733.352631,774.9724739
2309,5068,95.39,755.18115,1226.563,BARISTAseq,L4,755.18115,1226.563,744.406595,765.9825959,749.406595,770.9825959
2310,5069,135.4,747.23653,1231.941,BARISTAseq,L4,747.23653,1231.941,745.094747,775.551628,750.094747,780.551628
2311,5095,29.11,751.95265,429.7295,BARISTAseq,L5,751.95265,429.7295,52.591162,370.5773059,57.591162,375.5773059
2312,5096,35.28,752.62034,486.0739,BARISTAseq,L5,752.62034,486.0739,101.729246,398.1559393,106.729246,403.1559393
2313,5097,154.0,754.1429,507.9238,BARISTAseq,L5,754.1429,507.9238,121.416071,407.7561738,126.416071,412.7561738
2314,5098,69.47,753.54209,561.1307,BARISTAseq,L5,753.54209,561.1307,167.202653,434.8656897,172.202653,439.8656897
2315,5099,32.0,756.59265,569.8951,BARISTAseq,L5,756.59265,569.8951,176.318695,436.6032021,181.318695,441.6032021
2316,5100,47.43,754.64949,574.4134,BARISTAseq,L5,754.64949,574.4134,179.26133,440.5442813,184.26133,445.5442813
2317,5101,162.0,756.3796,600.4379,BARISTAseq,L5,756.3796,600.4379,202.667774,452.0508744,207.667774,457.0508744
2318,5102,136.4,750.54989,713.1555,BARISTAseq,L5,750.54989,713.1555,297.388357,513.4288607,302.388357,518.4288607
2319,5103,50.76,754.8028,715.4473,BARISTAseq,L5,754.8028,715.4473,301.498792,510.8903595,306.498792,515.8903594999999
2320,5104,163.9,757.86461,765.3878,BARISTAseq,L5,757.86461,765.3878,346.286394,533.1950616,351.286394,538.1950616
2321,5105,73.16,752.76234,791.6136,BARISTAseq,L5,752.76234,791.6136,366.452941,550.7203891,371.452941,555.7203891
2322,5106,107.0,759.08096,830.0894,BARISTAseq,L5,759.08096,830.0894,402.937552,564.4748288,407.937552,569.4748288
2323,5107,166.6,756.11464,861.6887,BARISTAseq,L5,756.11464,861.6887,428.825928,582.8353382,433.825928,587.8353382
2324,5108,54.35,753.12114,882.0355,BARISTAseq,L5,753.12114,882.0355,444.953984,595.5961545,449.953984,600.5961545
2325,5109,83.22,752.3892,932.3005,BARISTAseq,L5,752.3892,932.3005,488.126754,621.3490623,493.126754,626.3490623
2326,5111,35.47,750.77713,986.4374,BARISTAseq,L4,750.77713,986.4374,534.213573,649.7992906,539.213573,654.7992906
2327,5112,205.7,753.82502,993.6784,BARISTAseq,L4,753.82502,993.6784,542.008699,650.7778069,547.008699,655.7778069
2328,5113,111.9,751.99179,1031.2402,BARISTAseq,L4,751.99179,1031.2402,573.627911,671.1364832,578.627911,676.1364832
2329,5114,56.06,749.13705,1043.9193,BARISTAseq,L4,749.13705,1043.9193,583.183662,679.9453111,588.183662,684.9453111
2330,5115,62.37,758.32731,1110.1489,BARISTAseq,L4,758.32731,1110.1489,645.143161,705.0818208,650.143161,710.0818208
2331,5116,23.41,752.27389,1132.247,BARISTAseq,L4,752.27389,1132.247,661.259079,721.3682968,666.259079,726.3682968
2332,5117,152.4,748.98558,1161.2944,BARISTAseq,L4,748.98558,1161.2944,684.776094,738.7324184,689.776094,743.7324184
2333,5118,109.9,755.70236,1174.424,BARISTAseq,L4,755.70236,1174.424,699.505241,739.4756996,704.505241,744.4756996
2334,5119,55.84,752.38333,1185.4147,BARISTAseq,L4,752.38333,1185.4147,707.36655,747.8429695,712.36655,752.8429695
2335,5120,125.7,750.89441,1198.2122,BARISTAseq,L4,750.89441,1198.2122,717.707485,755.5279641,722.707485,760.5279641
2336,5121,86.64,751.61367,1211.2643,BARISTAseq,L4,751.61367,1211.2643,729.372423,761.4274953,734.372423,766.4274953
2337,5122,70.86,748.5292,1219.5154,BARISTAseq,L4,748.5292,1219.5154,734.977957,768.2225161,739.977957,773.2225161
2338,5123,46.55,761.44273,1219.6444,BARISTAseq,L4,761.44273,1219.6444,741.542962,757.101519,746.542962,762.101519
2339,5151,67.95,756.72347,398.2189,BARISTAseq,L6,756.72347,398.2189,27.681365,350.6980868,32.681365,355.6980868
2340,5152,66.85,755.48657,433.1453,BARISTAseq,L5,755.48657,433.1453,57.315805,369.2232245,62.315805,374.2232245
2341,5153,28.61,759.15704,463.5201,BARISTAseq,L5,759.15704,463.5201,85.460151,381.223157,90.460151,386.223157
2342,5154,197.2,761.48709,474.5922,BARISTAseq,L5,761.48709,474.5922,96.21503,384.7379994,101.21503,389.7379994
2343,5155,45.24,762.04131,505.896,BARISTAseq,L5,762.04131,505.896,123.606707,399.9013677,128.606707,404.9013677
2344,5156,26.02,760.46879,523.9976,BARISTAseq,L5,760.46879,523.9976,138.500143,410.30938,143.500143,415.30938
2345,5157,55.41,761.88716,546.5059,BARISTAseq,L5,761.88716,546.5059,158.705264,420.3289222,163.705264,425.3289222
2346,5158,61.11,757.40164,549.8078,BARISTAseq,L5,757.40164,549.8078,159.323711,425.8642354,164.323711,430.8642354
2347,5159,41.58,761.50855,560.7824,BARISTAseq,L5,761.50855,560.7824,170.882015,427.7912251,175.882015,432.7912251
2348,5160,166.7,761.86463,623.0649,BARISTAseq,L5,761.86463,623.0649,225.007901,458.6072487,230.007901,463.6072487
2349,5161,26.07,758.89682,711.1307,BARISTAseq,L5,758.89682,711.1307,299.805719,505.1870548,304.805719,510.1870548
2350,5162,110.1,762.73496,740.3508,BARISTAseq,L5,762.73496,740.3508,327.033723,516.4647406,332.033723,521.4647406
2351,5163,70.19,763.87141,754.9252,BARISTAseq,L5,763.87141,754.9252,340.225689,522.7636159,345.225689,527.7636159
2352,5164,106.0,760.5614,785.5476,BARISTAseq,L5,760.5614,785.5476,365.096085,540.9336057,370.096085,545.9336057
2353,5165,73.14,756.82202,847.8783,BARISTAseq,L5,756.82202,847.8783,417.217107,575.3211437,422.217107,580.3211437
2354,5166,86.36,760.16509,880.6246,BARISTAseq,L5,760.16509,880.6246,447.251936,588.7897351,452.251936,593.7897351
2355,5167,41.44,757.93841,893.6823,BARISTAseq,L5,757.93841,893.6823,457.449568,597.2437921,462.449568,602.2437921
2356,5169,32.97,759.52016,915.5039,BARISTAseq,L5,759.52016,915.5039,477.141429,606.7786041,482.141429,611.7786041
2357,5171,30.97,758.75479,947.7386,BARISTAseq,L5,758.75479,947.7386,504.68004,623.5502065,509.68004,628.5502065
2358,5172,91.06,758.53776,982.2835,BARISTAseq,L4,758.53776,982.2835,534.493742,641.001329,539.493742,646.001329
2359,5173,26.87,759.85615,1028.6052,BARISTAseq,L4,759.85615,1028.6052,575.275551,663.0077194,580.275551,668.0077194
2360,5174,55.45,754.53503,1053.6676,BARISTAseq,L4,754.53503,1053.6676,594.324987,680.1412044,599.324987,685.1412044
2361,5175,109.6,760.27859,1063.5901,BARISTAseq,L4,760.27859,1063.5901,605.789945,680.1248338,610.789945,685.1248338
2362,5176,56.65,760.28148,1077.4059,BARISTAseq,L4,760.28148,1077.4059,617.758365,687.026505,622.758365,692.026505
2363,5177,61.78,756.17213,1089.2587,BARISTAseq,L4,756.17213,1089.2587,625.971482,696.5091557,630.971482,701.5091557
2364,5178,70.82,762.72558,1146.8373,BARISTAseq,L4,762.72558,1146.8373,679.119903,719.6064325,684.119903,724.6064325
2365,5179,72.07,761.95312,1202.6209,BARISTAseq,L4,761.95312,1202.6209,727.052628,748.1522919,732.052628,753.1522919
2366,5205,140.3,765.13511,415.444,BARISTAseq,L6,765.13511,415.444,46.804964,352.0199826,51.804964,357.0199826
2367,5206,126.6,767.4291,428.4747,BARISTAseq,L6,767.4291,428.4747,59.238288,356.5448064,64.238288,361.5448064
2368,5207,147.1,773.98095,440.6562,BARISTAseq,L6,773.98095,440.6562,73.063884,356.9572178,78.063884,361.9572178
2369,5208,138.1,770.98659,509.5911,BARISTAseq,L5,770.98659,509.5911,131.277568,393.9997028,136.277568,398.9997028
2370,5209,46.56,764.44439,516.4893,BARISTAseq,L5,764.44439,516.4893,133.98333,403.1136662,138.98333,408.1136662
2371,5210,90.92,766.21163,527.7211,BARISTAseq,L5,766.21163,527.7211,144.595289,407.1958129,149.595289,412.1958129
2372,5212,68.37,767.59755,581.0763,BARISTAseq,L5,767.59755,581.0763,191.503119,432.6585535,196.503119,437.6585535
2373,5213,102.5,767.05327,592.7992,BARISTAseq,L5,767.05327,592.7992,201.385292,438.9882925,206.385292,443.9882925
2374,5214,26.41,769.00226,656.4889,BARISTAseq,L5,769.00226,656.4889,257.526023,469.1277529,262.526023,474.1277529
2375,5215,119.7,766.04717,773.5821,BARISTAseq,L5,766.04717,773.5821,357.473188,530.2024035,362.473188,535.2024035
2376,5216,90.55,763.25638,797.937,BARISTAseq,L5,763.25638,797.937,377.174344,544.7906465,382.174344,549.7906465
2377,5217,163.8,765.25895,810.5312,BARISTAseq,L5,765.25895,810.5312,389.083936,549.3497509,394.083936,554.3497509
2378,5218,92.32,765.75292,864.0564,BARISTAseq,L5,765.75292,864.0564,435.693288,575.6700362,440.693288,580.6700362
2379,5219,47.5,767.663,915.1303,BARISTAseq,L5,767.663,915.1303,480.887099,599.5387567,485.887099,604.5387567
2380,5220,140.4,764.94492,924.4549,BARISTAseq,L5,764.94492,924.4549,487.605579,606.5528929,492.605579,611.5528929
2381,5221,52.46,765.15348,938.0398,BARISTAseq,L5,765.15348,938.0398,499.476781,613.1610137,504.476781,618.1610137
2382,5222,59.83,763.43442,943.9282,BARISTAseq,L5,763.43442,943.9282,503.718104,617.5926249,508.718104,622.5926249
2383,5223,31.64,768.89513,974.784,BARISTAseq,L5,768.89513,974.784,533.173748,628.2822717,538.173748,633.2822717
2384,5224,34.35,764.16493,987.8694,BARISTAseq,L4,764.16493,987.8694,542.144236,638.9186458,547.144236,643.9186458
2385,5225,33.57,767.21463,984.149,BARISTAseq,L5,767.21463,984.149,540.445675,634.4178332,545.445675,639.4178332
2386,5226,62.18,768.62238,1067.8343,BARISTAseq,L4,768.62238,1067.8343,613.635828,675.0185501,618.635828,680.0185501
2387,5227,87.83,769.78893,1076.6455,BARISTAseq,L4,769.78893,1076.6455,621.8509,678.4113496,626.8509,683.4113496
2388,5228,11.34,766.77267,1082.7605,BARISTAseq,L4,766.77267,1082.7605,625.640233,684.0797986,630.640233,689.0797986
2389,5229,175.9,765.43202,1094.2889,BARISTAseq,L4,765.43202,1094.2889,634.955972,691.0021411,639.955972,696.0021411
2390,5230,146.7,769.18645,1120.6857,BARISTAseq,L4,769.18645,1120.6857,659.696609,700.9414179,664.696609,705.9414179
2391,5231,38.59,767.69883,1172.1533,BARISTAseq,L4,767.69883,1172.1533,703.533469,727.9498847,708.533469,732.9498847
2392,5232,90.93,768.34082,1182.172,BARISTAseq,L4,768.34082,1182.172,712.532268,732.4004416,717.532268,737.4004416
2393,5233,119.7,765.43744,1193.1711,BARISTAseq,L4,765.43744,1193.1711,720.608542,740.4118597,725.608542,745.4118597
2394,5234,64.1,763.448,1234.538,BARISTAseq,L4,763.448,1234.538,755.445586,762.8073623,760.445586,767.8073623
2395,5261,83.79,768.13196,560.4689,BARISTAseq,L5,768.13196,560.4689,173.920411,421.897499,178.920411,426.897499
2396,5262,34.08,770.77019,652.336,BARISTAseq,L5,770.77019,652.336,254.812345,465.5210781,259.812345,470.5210781
2397,5263,123.0,768.25765,669.2523,BARISTAseq,L5,768.25765,669.2523,268.209319,476.1509707,273.209319,481.1509707
2398,5264,17.65,773.29748,696.9936,BARISTAseq,L5,773.29748,696.9936,294.75692,485.6487669,299.75692,490.6487669
2399,5265,46.45,773.52953,734.9451,BARISTAseq,L5,773.52953,734.9451,327.745708,504.4132492,332.745708,509.4132492
2400,5267,30.41,773.88321,853.6288,BARISTAseq,L5,773.88321,853.6288,430.724089,563.4167704,435.724089,568.4167704
2401,5268,48.18,774.76525,863.006,BARISTAseq,L5,774.76525,863.006,439.287197,567.3388163,444.287197,572.3388163
2402,5269,80.94,770.48365,891.8896,BARISTAseq,L5,770.48365,891.8896,462.165981,585.4814714,467.165981,590.4814714
2403,5270,125.6,773.23454,902.9148,BARISTAseq,L5,773.23454,902.9148,473.090504,588.6083282,478.090504,593.6083282
2404,5271,24.2,769.69123,921.2827,BARISTAseq,L5,769.69123,921.2827,487.229691,600.8564422,492.229691,605.8564422
2405,5272,47.21,773.14949,935.8286,BARISTAseq,L5,773.14949,935.8286,501.557295,605.1300048,506.557295,610.1300048
2406,5273,84.29,773.01437,942.3888,BARISTAseq,L5,773.01437,942.3888,507.172123,608.5253833,512.172123,613.5253833
2407,5275,112.4,771.13378,1055.4343,BARISTAseq,L4,771.13378,1055.4343,604.15023,666.646584,609.15023,671.646584
2408,5276,159.4,776.90928,1108.0473,BARISTAseq,L4,776.90928,1108.0473,652.608751,687.9362325,657.608751,692.9362325
2409,5277,105.3,773.25895,1145.2895,BARISTAseq,L4,773.25895,1145.2895,683.043039,709.709127,688.043039,714.709127
2410,5278,105.5,771.64659,1157.6816,BARISTAseq,L4,771.64659,1157.6816,692.971126,717.2984464,697.971126,722.2984464
2411,5279,162.4,775.71086,1202.2418,BARISTAseq,L4,775.71086,1202.2418,733.599357,736.0461164,738.599357,741.0461164
2412,5280,180.3,771.19293,1214.2529,BARISTAseq,L4,771.19293,1214.2529,741.745443,745.9618077,746.745443,750.9618077
2413,5281,55.96,771.26335,1225.0328,BARISTAseq,L4,771.26335,1225.0328,751.117982,751.2878514,756.117982,756.2878514
2414,5301,34.69,778.58404,397.5216,BARISTAseq,L6,778.58404,397.5216,38.00181,331.4144457,43.00181,336.4144457
2415,5302,104.1,777.30212,502.5675,BARISTAseq,L5,777.30212,502.5675,128.349925,385.019401,133.349925,390.019401
2416,5303,171.5,776.15195,524.5482,BARISTAseq,L5,776.15195,524.5482,146.814428,397.0000808,151.814428,402.0000808
2417,5304,130.9,772.79305,615.7784,BARISTAseq,L5,772.79305,615.7784,224.157712,445.4999694,229.157712,450.4999694
2418,5305,120.3,776.40511,626.1248,BARISTAseq,L5,776.40511,626.1248,234.924645,447.54169,239.924645,452.54169
2419,5306,99.13,779.02179,678.176,BARISTAseq,L5,779.02179,678.176,281.318069,471.2867385,286.318069,476.2867385
2420,5307,64.99,776.18526,707.7857,BARISTAseq,L5,776.18526,707.7857,305.547899,488.5405378,310.547899,493.5405378
2421,5308,23.92,780.931,751.3352,BARISTAseq,L5,780.931,751.3352,345.641254,506.1928736,350.641254,511.1928736
2422,5309,154.6,776.51173,761.9889,BARISTAseq,L5,776.51173,761.9889,352.660862,515.3447438,357.660862,520.3447438
2423,5310,121.7,775.33323,783.871,BARISTAseq,L5,775.33323,783.871,371.025799,527.3006961,376.025799,532.3006961
2424,5311,105.7,781.833,791.6276,BARISTAseq,L5,781.833,791.6276,380.992586,525.5469439,385.992586,530.5469439
2425,5312,64.94,782.09818,830.4748,BARISTAseq,L5,782.09818,830.4748,414.773805,544.7303643,419.773805,549.7303643
2426,5313,42.27,774.91065,832.2284,BARISTAseq,L5,774.91065,832.2284,412.700882,551.8323761,417.700882,556.8323761
2427,5314,49.34,779.86791,839.8285,BARISTAseq,L5,779.86791,839.8285,421.761231,551.3364815,426.761231,556.3364815
2428,5316,19.29,779.89678,901.7069,BARISTAseq,L5,779.89678,901.7069,475.37354,582.2339748,480.37354,587.2339748
2429,5318,33.85,780.82867,1001.4343,BARISTAseq,L5,780.82867,1001.4343,562.221202,631.2635824,567.221202,636.2635824
2430,5319,64.71,776.827,1069.3916,BARISTAseq,L4,776.827,1069.3916,619.084844,668.6901074,624.084844,673.6901074
2431,5320,141.3,774.36426,1087.3446,BARISTAseq,L4,774.36426,1087.3446,633.404705,679.7949479,638.404705,684.7949479
2432,5321,27.87,774.9836,1127.7624,BARISTAseq,L4,774.9836,1127.7624,668.7233,699.4564657,673.7233,704.4564657
2433,5322,38.34,777.16869,1177.0972,BARISTAseq,L4,777.16869,1177.0972,712.548115,722.2178695,717.548115,727.2178695
2434,5323,220.0,779.62668,1187.2276,BARISTAseq,L4,779.62668,1187.2276,722.551206,725.1512639,727.551206,730.1512639
2435,5325,36.6,778.235,1221.9529,BARISTAseq,L4,778.235,1221.9529,751.934116,743.7099845,756.934116,748.7099845
2436,5349,62.31,788.02354,378.7278,BARISTAseq,L6,788.02354,378.7278,26.440162,313.8462839,31.440162,318.8462839
2437,5350,134.5,785.11122,389.4966,BARISTAseq,L6,785.11122,389.4966,34.312482,321.7503529,39.312482,326.7503529
2438,5351,103.7,786.83126,422.7425,BARISTAseq,L6,786.83126,422.7425,63.969055,336.8744962,68.969055,341.8744962
2439,5353,152.0,787.58603,531.9887,BARISTAseq,L5,787.58603,531.9887,158.973164,390.814322,163.973164,395.814322
2440,5354,119.9,784.83467,544.512,BARISTAseq,L5,784.83467,544.512,168.445727,399.4558053,173.445727,404.4558053
2441,5355,57.4,780.23711,557.8471,BARISTAseq,L5,780.23711,557.8471,177.698795,410.1020672,182.698795,415.1020672
2442,5356,86.98,788.23908,596.2467,BARISTAseq,L5,788.23908,596.2467,214.958598,422.3603347,219.958598,427.3603347
2443,5357,110.7,785.81001,619.8979,BARISTAseq,L5,785.81001,619.8979,234.230933,436.2835668,239.230933,441.2835668
2444,5358,157.0,790.81066,633.5403,BARISTAseq,L5,790.81066,633.5403,248.546736,438.7696401,253.546736,443.7696401
2445,5359,22.46,782.479,639.5646,BARISTAseq,L5,782.479,639.5646,249.601306,448.9969051,254.601306,453.9969051
2446,5360,77.06,781.05174,650.9739,BARISTAseq,L5,781.05174,650.9739,258.770569,455.9347407,263.770569,460.9347407
2447,5361,68.79,783.55635,669.0319,BARISTAseq,L5,783.55635,669.0319,275.663701,462.7894191,280.663701,467.7894191
2448,5362,26.69,787.3747,683.4145,BARISTAseq,L5,787.3747,683.4145,290.029775,466.6694599,295.029775,471.6694599
2449,5363,55.8,786.7162,693.7826,BARISTAseq,L5,786.7162,693.7826,298.681338,472.4210787,303.681338,477.4210787
2450,5364,172.0,780.5867,716.2175,BARISTAseq,L5,780.5867,716.2175,315.050973,488.941754,320.050973,493.941754
2451,5365,46.81,777.72092,726.6644,BARISTAseq,L5,777.72092,726.6644,322.667684,496.6446269,327.667684,501.6446269
2452,5366,104.4,785.58888,727.9524,BARISTAseq,L5,785.58888,727.9524,327.71519,490.4732056,332.71519,495.4732056
2453,5367,44.92,784.49405,739.3466,BARISTAseq,L5,784.49405,739.3466,337.03756,497.1155843,342.03756,502.1155843
2454,5369,94.12,783.4337,775.618,BARISTAseq,L5,783.4337,775.618,367.925282,516.1599654,372.925282,521.1599654
2455,5370,90.68,780.76572,805.4312,BARISTAseq,L5,780.76572,805.4312,392.415579,533.3694348,397.415579,538.3694348
2456,5371,102.5,787.11371,840.1706,BARISTAseq,L5,787.11371,840.1706,425.678502,545.2312767,430.678502,550.2312767
2457,5372,108.7,781.31446,878.0133,BARISTAseq,L5,781.31446,878.0133,455.559088,569.1656236,460.559088,574.1656236
2458,5374,126.9,780.2711,928.8404,BARISTAseq,L5,780.2711,928.8404,499.063123,595.469178,504.063123,600.469178
2459,5375,43.64,785.16766,984.0661,BARISTAseq,L5,785.16766,984.0661,549.345583,618.8258509,554.345583,623.8258509
2460,5376,38.37,786.13008,1101.8925,BARISTAseq,L4,786.13008,1101.8925,651.885517,676.8736212,656.885517,681.8736212
2461,5377,95.61,781.50396,1127.758,BARISTAseq,L4,781.50396,1127.758,671.977913,693.8064502,676.977913,698.8064502
2462,5378,55.43,782.57028,1147.7451,BARISTAseq,L4,782.57028,1147.7451,689.823256,702.8709988,694.823256,707.8709988
2463,5398,180.8,790.74291,475.6909,BARISTAseq,L6,790.74291,475.6909,111.786659,359.9461792,116.786659,364.9461792
2464,5399,129.6,777.25269,475.9955,BARISTAseq,L5,777.25269,475.9955,105.309085,371.7833999,110.309085,376.7833999
2465,5400,140.2,789.7562,495.5897,BARISTAseq,L5,789.7562,495.5897,128.529542,370.7448809,133.529542,375.7448809
2466,5401,164.0,786.99122,566.4618,BARISTAseq,L5,786.99122,566.4618,188.535944,408.5568348,193.535944,413.5568348
2467,5403,32.21,790.11904,604.7855,BARISTAseq,L5,790.11904,604.7855,223.294218,424.9990468,228.294218,429.9990468
2468,5404,65.3,788.44397,650.6385,BARISTAseq,L5,788.44397,650.6385,262.174142,449.3640971,267.174142,454.3640971
2469,5405,84.24,796.05267,697.7395,BARISTAseq,L5,796.05267,697.7395,306.774465,466.3113945,311.774465,471.3113945
2470,5406,19.46,786.97529,734.822,BARISTAseq,L5,786.97529,734.822,334.358405,492.7053167,339.358405,497.7053167
2471,5407,56.21,791.40913,740.0208,BARISTAseq,L5,791.40913,740.0208,341.077194,491.4627755,346.077194,496.4627755
2472,5408,124.6,788.0369,758.1981,BARISTAseq,L5,788.0369,758.1981,355.136788,503.4674726,360.136788,508.4674726
2473,5409,139.9,791.20368,775.2936,BARISTAseq,L5,791.20368,775.2936,371.527181,509.2676394,376.527181,514.2676394
2474,5410,75.67,789.59282,798.8524,BARISTAseq,L5,789.59282,798.8524,391.128372,522.4359745,396.128372,527.4359745
2475,5411,51.7,791.30081,813.0696,BARISTAseq,L5,791.30081,813.0696,404.296526,528.0612838,409.296526,533.0612838
2476,5412,193.2,792.20649,823.9692,BARISTAseq,L5,792.20649,823.9692,414.190209,532.7236917,419.190209,537.7236917
2477,5413,64.28,789.27329,869.027,BARISTAseq,L5,789.27329,869.027,451.752611,557.7811196,456.752611,562.7811196
2478,5414,104.9,790.04254,886.2404,BARISTAseq,L5,790.04254,886.2404,467.046927,565.7168539,472.046927,570.7168539
2479,5415,102.0,784.16217,909.4548,BARISTAseq,L5,784.16217,909.4548,484.21622,582.4112677,489.21622,587.4112677
2480,5416,145.1,788.93817,962.1236,BARISTAseq,L5,788.93817,962.1236,532.223642,604.5945776,537.223642,609.5945776
2481,5417,175.6,792.95408,980.3548,BARISTAseq,L5,792.95408,980.3548,550.022045,610.2267608,555.022045,615.2267608
2482,5418,36.02,789.75213,1019.8652,BARISTAseq,L5,789.75213,1019.8652,582.645033,632.7447318,587.645033,637.7447318
2483,5419,59.37,786.87421,1044.7109,BARISTAseq,L4,786.87421,1044.7109,602.727785,647.6537136,607.727785,652.6537136
2484,5420,139.9,791.14882,1059.3227,BARISTAseq,L4,791.14882,1059.3227,617.520358,651.2530579,622.520358,656.2530579
2485,5421,152.4,788.07495,1072.4877,BARISTAseq,L4,788.07495,1072.4877,627.387532,660.4945392,632.387532,665.4945392
2486,5422,43.1,788.68055,1087.8527,BARISTAseq,L4,788.68055,1087.8527,640.999074,667.6483601,645.999074,672.6483601
2487,5423,84.36,781.78527,1096.6801,BARISTAseq,L4,781.78527,1096.6801,645.199407,678.0322219,650.199407,683.0322219
2488,5424,31.27,791.06117,1095.6509,BARISTAseq,L4,791.06117,1095.6509,648.943338,669.4832682,653.943338,674.4832682
2489,5425,34.16,789.17024,1117.4252,BARISTAseq,L4,789.17024,1117.4252,666.858906,682.0024549,671.858906,687.0024549
2490,5426,68.56,790.45584,1146.8708,BARISTAseq,L4,790.45584,1146.8708,693.006594,695.6037603,698.006594,700.6037603
2491,5450,131.3,792.40368,409.3173,BARISTAseq,L6,792.40368,409.3173,55.125074,325.3387763,60.125074,330.3387763
2492,5451,31.31,792.57242,437.295,BARISTAseq,L6,792.57242,437.295,79.443131,339.1739055,84.443131,344.1739055
2493,5452,108.5,800.33407,437.7733,BARISTAseq,L6,800.33407,437.7733,83.736199,332.6899605,88.736199,337.6899605
2494,5453,73.09,795.0322,453.9194,BARISTAseq,L6,795.0322,453.9194,95.07216,345.3510376,100.07216,350.3510376
2495,5454,68.05,796.18077,464.044,BARISTAseq,L6,796.18077,464.044,104.415866,349.4157336,109.415866,354.4157336
2496,5455,68.37,801.34962,488.2286,BARISTAseq,L6,801.34962,488.2286,127.947086,357.0243206,132.947086,362.0243206
2497,5456,29.25,796.57764,505.1854,BARISTAseq,L6,796.57764,505.1854,140.250035,369.6315413,145.250035,374.6315413
2498,5457,178.1,792.44802,555.9411,BARISTAseq,L5,792.44802,555.9411,182.149984,398.5727057,187.149984,403.5727057
2499,5458,22.65,795.09342,592.8421,BARISTAseq,L5,795.09342,592.8421,215.434956,414.721884,220.434956,419.721884
2500,5459,210.1,798.72183,606.8962,BARISTAseq,L5,798.72183,606.8962,229.42153,418.6022455,234.42153,423.6022455
2501,5460,24.07,795.4028,628.9141,BARISTAseq,L5,795.4028,628.9141,246.834456,432.4801754,251.834456,437.4801754
2502,5461,71.45,799.2645,652.3039,BARISTAseq,L5,799.2645,652.3039,269.024008,440.8238004,274.024008,445.8238004
2503,5462,112.4,789.08482,661.0853,BARISTAseq,L5,789.08482,661.0853,271.543213,454.0295833,276.543213,459.0295833
2504,5463,157.3,800.7065,662.2531,BARISTAseq,L5,800.7065,662.2531,278.36248,444.5467178,283.36248,449.5467178
2505,5464,80.68,793.2308,685.0473,BARISTAseq,L5,793.2308,685.0473,294.370569,462.412981,299.370569,467.412981
2506,5465,62.77,797.73033,724.9374,BARISTAseq,L5,797.73033,724.9374,331.171114,478.4498366,336.171114,483.4498366
2507,5467,141.9,799.89551,773.1447,BARISTAseq,L5,799.89551,773.1447,374.009366,500.6650345,379.009366,505.6650345
2508,5468,90.13,798.87937,858.9885,BARISTAseq,L5,798.87937,858.9885,447.857896,544.4439748,452.857896,549.4439748
2509,5469,119.7,793.69758,877.6639,BARISTAseq,L5,793.69758,877.6639,461.444629,558.2649732,466.444629,563.2649732
2510,5470,17.91,797.30579,885.2736,BARISTAseq,L5,797.30579,885.2736,469.839154,558.9424106,474.839154,563.9424106
2511,5472,64.8,793.35924,909.6336,BARISTAseq,L5,793.35924,909.6336,488.967115,574.5342713,493.967115,579.5342713
2512,5473,97.99,791.6628,917.2227,BARISTAseq,L5,791.6628,917.2227,494.692908,579.7962067,499.692908,584.7962067
2513,5474,176.6,797.38225,953.1431,BARISTAseq,L5,797.38225,953.1431,528.664682,592.7926549,533.664682,597.7926549
2514,5475,34.84,796.25103,995.1501,BARISTAseq,L5,796.25103,995.1501,564.485048,614.7646657,569.485048,619.7646657
2515,5476,181.5,801.66385,1020.2197,BARISTAseq,L5,801.66385,1020.2197,588.904759,622.60419,593.904759,627.60419
2516,5477,39.05,791.78716,1052.4184,BARISTAseq,L4,791.78716,1052.4184,611.858982,647.2498517,616.858982,652.2498517
2517,5478,33.91,799.13803,1080.5397,BARISTAseq,L4,799.13803,1080.5397,639.890601,654.9357522,644.890601,659.9357522
2518,5480,120.6,797.37459,1108.0467,BARISTAseq,L4,797.37459,1108.0467,662.835361,670.2092641,667.835361,675.2092641
2519,5481,32.01,795.0086,1118.9767,BARISTAseq,L4,795.0086,1118.9767,671.120362,677.7206927,676.120362,682.7206927
2520,5482,52.44,794.92364,1165.3398,BARISTAseq,L4,794.92364,1165.3398,711.236749,700.9633328,716.236749,705.9633328
2521,5484,66.92,796.75604,1204.4538,BARISTAseq,L4,796.75604,1204.4538,746.032302,718.922614,751.032302,723.922614
2522,5505,113.3,799.90221,394.4096,BARISTAseq,L6,799.90221,394.4096,45.959561,311.3938715,50.959561,316.3938715
2523,5506,44.64,803.14366,407.681,BARISTAseq,L6,803.14366,407.681,59.074839,315.218304,64.074839,320.218304
2524,5507,93.4,803.38961,450.5162,BARISTAseq,L6,803.38961,450.5162,96.300785,336.4113026,101.300785,341.4113026
2525,5509,100.8,800.39592,523.0432,BARISTAseq,L5,800.39592,523.0432,157.626274,375.248326,162.626274,380.248326
2526,5510,57.27,801.99783,532.9929,BARISTAseq,L5,801.99783,532.9929,167.045009,378.8329263,172.045009,383.8329263
2527,5511,34.54,801.9875,595.9014,BARISTAseq,L5,801.9875,595.9014,221.530044,410.2791831,226.530044,415.2791831
2528,5512,149.7,799.72486,747.7317,BARISTAseq,L5,799.72486,747.7317,351.911834,488.1132133,356.911834,493.1132133
2529,5513,102.0,802.71812,789.5973,BARISTAseq,L5,802.71812,789.5973,389.670876,506.4420233,394.670876,511.4420233
2530,5514,137.2,805.11114,825.0591,BARISTAseq,L5,805.11114,825.0591,421.583108,522.0905853,426.583108,527.0905853
2531,5515,31.12,805.94385,858.1126,BARISTAseq,L5,805.94385,858.1126,450.629539,537.8871315,455.629539,542.8871315
2532,5516,33.53,804.15764,865.6307,BARISTAseq,L5,804.15764,865.6307,456.248901,543.1913067,461.248901,548.1913067
2533,5517,205.7,801.3745,932.2545,BARISTAseq,L5,801.3745,932.2545,512.566407,578.8959695,517.566407,583.8959695
2534,5518,28.25,803.13163,977.9924,BARISTAseq,L5,803.13163,977.9924,553.061818,600.2305984,558.061818,605.2305984
2535,5519,46.96,801.857,996.5267,BARISTAseq,L5,801.857,996.5267,568.478878,610.5967914,573.478878,615.5967914
2536,5521,84.59,801.91581,1038.7878,BARISTAseq,L5,801.91581,1038.7878,605.11403,631.6650018,610.11403,636.6650018
2537,5522,74.85,801.73693,1068.7337,BARISTAseq,L4,801.73693,1068.7337,630.963235,646.7848243,635.963235,651.7848243
2538,5523,52.16,805.32422,1082.6615,BARISTAseq,L4,805.32422,1082.6615,644.819901,650.637723,649.819901,655.637723
2539,5524,66.07,802.02439,1138.9886,BARISTAseq,L4,802.02439,1138.9886,691.960332,681.6443228,696.960332,686.6443228
2540,5525,70.18,798.99429,1159.1431,BARISTAseq,L4,798.99429,1159.1431,707.90356,694.3407559,712.90356,699.3407559
2541,5544,70.64,805.62489,373.3064,BARISTAseq,L6,805.62489,373.3064,30.540151,295.8910743,35.540151,300.8910743
2542,5545,148.6,814.05964,381.4939,BARISTAseq,L6,814.05964,381.4939,41.847108,292.6765964,46.847108,297.6765964
2543,5546,56.71,805.86022,390.9924,BARISTAseq,L6,805.86022,390.9924,45.977012,304.5254502,50.977012,309.5254502
2544,5547,115.2,807.07767,430.0259,BARISTAseq,L6,807.07767,430.0259,80.395487,322.9771425,85.395487,327.9771425
2545,5548,26.74,805.05214,456.7877,BARISTAseq,L6,805.05214,456.7877,102.563851,338.1053119,107.563851,343.1053119
2546,5549,64.55,814.97481,491.302,BARISTAseq,L6,814.97481,491.302,137.418115,346.7583057,142.418115,351.7583057
2547,5550,87.82,808.86602,508.2121,BARISTAseq,L6,808.86602,508.2121,149.012618,360.5001397,154.012618,365.5001397
2548,5552,43.32,808.24818,541.7949,BARISTAseq,L5,808.24818,541.7949,177.792641,377.8176322,182.792641,382.8176322
2549,5553,110.0,807.9231,549.8993,BARISTAseq,L5,807.9231,549.8993,184.650058,382.149212,189.650058,387.149212
2550,5554,171.0,808.74163,579.5089,BARISTAseq,L5,808.74163,579.5089,210.70641,396.2370519,215.70641,401.2370519
2551,5555,94.55,808.58588,645.6945,BARISTAseq,L5,808.58588,645.6945,267.957316,429.4469243,272.957316,434.4469243
2552,5556,160.6,806.64561,707.7867,BARISTAseq,L5,806.64561,707.7867,320.770783,462.1568851,325.770783,467.1568851
2553,5557,243.9,807.56779,724.1293,BARISTAseq,L5,807.56779,724.1293,335.387256,469.5249896,340.387256,474.5249896
2554,5558,37.66,805.07632,780.5453,BARISTAseq,L5,805.07632,780.5453,383.008658,499.8758307,388.008658,504.8758307
2555,5560,69.92,811.41074,792.9544,BARISTAseq,L5,811.41074,792.9544,396.922708,500.590295,401.922708,505.590295
2556,5561,194.7,804.79577,810.8581,BARISTAseq,L5,804.79577,810.8581,409.124822,515.2670575,414.124822,520.2670575
2557,5563,143.5,809.05895,835.1171,BARISTAseq,L5,809.05895,835.1171,432.267992,523.6973503,437.267992,528.6973503
2558,5564,113.1,805.49123,851.4451,BARISTAseq,L5,805.49123,851.4451,444.628093,534.9472373,449.628093,539.9472373
2559,5566,138.9,806.7565,882.0468,BARISTAseq,L5,806.7565,882.0468,471.76699,549.143869,476.76699,554.143869
2560,5567,46.4,807.90909,894.5831,BARISTAseq,L5,807.90909,894.5831,483.201648,554.4102772,488.201648,559.4102772
2561,5568,206.3,808.66214,905.54,BARISTAseq,L5,808.66214,905.54,493.068663,559.233505,498.068663,564.233505
2562,5570,101.8,807.70648,1029.3971,BARISTAseq,L5,807.70648,1029.3971,599.873785,621.9564352,604.873785,626.9564352
2563,5572,32.0,811.37223,1141.2673,BARISTAseq,L4,811.37223,1141.2673,698.605519,674.6861431,703.605519,679.6861431
2564,5573,15.8,807.17852,1145.983,BARISTAseq,L4,807.17852,1145.983,700.594453,680.6752398,705.594453,685.6752398
2565,5574,103.3,810.02111,1181.8687,BARISTAseq,L4,810.02111,1181.8687,733.098487,696.1462053,738.098487,701.1462053
2566,5575,92.19,806.80775,1200.0012,BARISTAseq,L4,806.80775,1200.0012,747.198659,707.9908986,752.198659,712.9908986
2567,5596,133.5,812.0819,441.2895,BARISTAseq,L6,812.0819,441.2895,92.652565,324.2713269,97.652565,329.2713269
2568,5597,65.83,812.29587,452.6678,BARISTAseq,L6,812.29587,452.6678,102.615176,329.7720893,107.615176,334.7720893
2569,5598,94.39,817.91076,473.0801,BARISTAseq,L6,817.91076,473.0801,123.101888,335.1092368,128.101888,340.1092368
2570,5599,74.7,811.60554,484.1839,BARISTAseq,L6,811.60554,484.1839,129.568836,346.1195816,134.568836,351.1195816
2571,5600,177.3,816.92041,532.1573,BARISTAseq,L6,816.92041,532.1573,173.778556,365.4897331,178.778556,370.4897331
2572,5601,60.55,813.5726,598.2536,BARISTAseq,L5,813.5726,598.2536,229.356919,401.4198647,234.356919,406.4198647
2573,5602,121.3,815.57528,648.6838,BARISTAseq,L5,815.57528,648.6838,274.039408,424.8866766,279.039408,429.8866766
2574,5603,77.88,813.60568,680.0093,BARISTAseq,L5,813.60568,680.0093,300.188654,442.2469866,305.188654,447.2469866
2575,5605,233.0,813.46767,773.8887,BARISTAseq,L5,813.46767,773.8887,381.436205,489.2808838,386.436205,494.2808838
2576,5606,26.45,817.48387,784.1757,BARISTAseq,L5,817.48387,784.1757,392.353626,490.9428469,397.353626,495.9428469
2577,5607,96.7,820.95311,832.4509,BARISTAseq,L5,820.95311,832.4509,435.902426,512.0624614,440.902426,517.0624614
2578,5608,65.44,815.73476,849.1826,BARISTAseq,L5,815.73476,849.1826,447.78735,524.9438351,452.78735,529.9438351
2579,5609,190.3,815.35076,866.6133,BARISTAseq,L5,815.35076,866.6133,462.693536,533.9870721,467.693536,538.9870721
2580,5610,38.33,814.54958,879.2625,BARISTAseq,L5,814.54958,879.2625,473.249745,541.0022702,478.249745,546.0022702
2581,5611,119.2,815.14519,930.1167,BARISTAseq,L5,815.14519,930.1167,517.596281,565.8997181,522.596281,570.8997181
2582,5614,231.1,813.46825,985.781,BARISTAseq,L5,813.46825,985.781,564.973605,595.1693697,569.973605,600.1693697
2583,5615,144.6,819.73405,1012.3857,BARISTAseq,L5,819.73405,1012.3857,591.149325,603.0372434,596.149325,608.0372434
2584,5616,44.84,816.01786,1032.9536,BARISTAseq,L5,816.01786,1032.9536,607.107745,616.5345291,612.107745,621.5345291
2585,5617,85.51,813.18009,1069.4685,BARISTAseq,L4,813.18009,1069.4685,637.318151,637.2401552,642.318151,642.2401552
2586,5619,82.32,811.32349,1100.3902,BARISTAseq,L4,811.32349,1100.3902,663.174135,654.3008074,668.174135,659.3008074
2587,5620,104.7,813.9627,1108.3834,BARISTAseq,L4,813.9627,1108.3834,671.416635,656.0092523,676.416635,661.0092523
2588,5621,138.8,814.38672,1133.237,BARISTAseq,L4,814.38672,1133.237,693.156199,668.0620387,698.156199,673.0620387
2589,5622,143.5,810.55719,1171.9315,BARISTAseq,L4,810.55719,1171.9315,724.758933,690.71593,729.758933,695.71593
2590,5623,118.5,816.3421,1196.4095,BARISTAseq,L4,816.3421,1196.4095,748.852229,697.9375599,753.852229,702.9375599
2591,5646,160.3,819.65997,395.4395,BARISTAseq,L6,819.65997,395.4395,56.725154,294.7947245,61.725154,299.7947245
2592,5647,31.53,814.55946,417.2296,BARISTAseq,L6,814.55946,417.2296,73.050499,310.1018895,78.050499,315.1018895
2593,5648,253.5,824.03806,423.7679,BARISTAseq,L6,824.03806,423.7679,83.450533,305.1590567,88.450533,310.1590567
2594,5649,29.69,819.29137,439.2583,BARISTAseq,L6,819.29137,439.2583,94.495969,317.0115784,99.495969,322.0115784
2595,5650,135.2,825.08373,487.8464,BARISTAseq,L6,825.08373,487.8464,139.476743,336.275318,144.476743,341.275318
2596,5651,110.5,822.44371,508.2641,BARISTAseq,L6,822.44371,508.2641,155.842838,348.7653825,160.842838,353.7653825
2597,5652,54.43,820.52766,515.0159,BARISTAseq,L6,820.52766,515.0159,160.733606,353.7991022,165.733606,358.7991022
2598,5653,96.49,823.4336,548.5591,BARISTAseq,L6,823.4336,548.5591,191.240287,368.0445853,196.240287,373.0445853
2599,5656,100.6,817.24961,591.6456,BARISTAseq,L5,817.24961,591.6456,225.470672,394.9326665,230.470672,399.9326665
2600,5657,30.07,817.62032,625.021,BARISTAseq,L5,817.62032,625.021,254.565063,411.2902648,259.565063,416.2902648
2601,5658,31.44,823.46952,629.7918,BARISTAseq,L5,823.46952,629.7918,261.620426,408.6078915,266.620426,413.6078915
2602,5659,27.47,817.94819,687.1404,BARISTAseq,L5,817.94819,687.1404,308.535532,442.0492006,313.535532,447.0492006
2603,5660,104.7,820.38551,718.5076,BARISTAseq,L5,820.38551,718.5076,336.923202,455.6131721,341.923202,460.6131721
2604,5661,66.83,821.7291,752.1924,BARISTAseq,L5,821.7291,752.1924,366.771788,471.2826974,371.771788,476.2826974
2605,5662,65.62,818.66289,764.7129,BARISTAseq,L5,818.66289,764.7129,376.08454,480.1954713,381.08454,485.1954713
2606,5663,37.0,817.58631,826.8048,BARISTAseq,L5,817.58631,826.8048,429.329409,512.1572064,434.329409,517.1572064
2607,5664,70.34,817.03213,858.1036,BARISTAseq,L5,817.03213,858.1036,456.162878,528.2781724,461.162878,533.2781724
2608,5665,107.2,820.6152,893.9357,BARISTAseq,L5,820.6152,893.9357,488.99053,543.0809664,493.99053,548.0809664
2609,5666,36.82,820.14987,922.9493,BARISTAseq,L5,820.14987,922.9493,513.889034,557.9830086,518.889034,562.9830086
2610,5667,110.1,822.66742,939.9523,BARISTAseq,L5,822.66742,939.9523,529.87483,564.2992834,534.87483,569.2992834
2611,5668,130.2,822.22874,964.7702,BARISTAseq,L5,822.22874,964.7702,551.152351,577.0814837,556.152351,582.0814837
2612,5669,63.91,821.53444,1034.7074,BARISTAseq,L5,821.53444,1034.7074,611.383653,612.632596,616.383653,617.632596
2613,5670,102.3,815.83966,1041.2546,BARISTAseq,L5,815.83966,1041.2546,614.208862,620.8371433,619.208862,625.8371433
2614,5671,162.7,822.18458,1100.7007,BARISTAseq,L4,822.18458,1100.7007,668.870709,645.0483107,673.870709,650.0483107
2615,5672,172.4,824.73112,1159.7405,BARISTAseq,L4,824.73112,1159.7405,721.282473,672.3465336,726.282473,677.3465336
2616,5673,104.4,823.9353,1169.1967,BARISTAseq,L4,823.9353,1169.1967,729.075592,677.7614216,734.075592,682.7614216
2617,5703,75.42,825.11792,353.2569,BARISTAseq,L6,825.11792,353.2569,22.914955,268.9872716,27.914955,273.9872716
2618,5704,167.6,827.1733,361.0551,BARISTAseq,L6,827.1733,361.0551,30.696676,271.1038917,35.696676,276.1038917
2619,5706,78.77,825.67941,383.6975,BARISTAseq,L6,825.67941,383.6975,49.562561,283.7129734,54.562561,288.7129734
2620,5707,195.1,831.14947,408.4157,BARISTAseq,L6,831.14947,408.4157,73.706556,291.3273342,78.706556,296.3273342
2621,5708,149.8,828.03401,456.5608,BARISTAseq,L6,828.03401,456.5608,113.852054,318.0854565,118.852054,323.0854565
2622,5709,61.69,826.79752,498.4585,BARISTAseq,L6,826.79752,498.4585,149.525161,340.0940473,154.525161,345.0940473
2623,5710,149.6,828.00777,537.2323,BARISTAseq,L6,828.00777,537.2323,183.715106,358.4221997,188.715106,363.4221997
2624,5712,144.0,826.27843,585.6111,BARISTAseq,L5,826.27843,585.6111,224.755649,384.0964338,229.755649,389.0964338
2625,5713,90.13,833.2284,636.0618,BARISTAseq,L5,833.2284,636.0618,271.928245,403.2882754,276.928245,408.2882754
2626,5714,41.2,828.19143,648.369,BARISTAseq,L5,828.19143,648.369,280.071324,413.8014519,285.071324,418.8014519
2627,5715,115.8,829.79505,673.359,BARISTAseq,L5,829.79505,673.359,302.518585,424.9006896,307.518585,429.9006896
2628,5716,128.5,825.01588,687.8891,BARISTAseq,L5,825.01588,687.8891,312.716049,436.3014826,317.716049,441.3014826
2629,5717,161.5,823.72312,705.271,BARISTAseq,L5,823.72312,705.271,327.125889,446.1075117,332.125889,451.1075117
2630,5718,128.8,827.87051,757.4094,BARISTAseq,L5,827.87051,757.4094,374.359694,468.5702125,379.359694,473.5702125
2631,5719,21.51,828.31061,771.5021,BARISTAseq,L5,828.31061,771.5021,386.78651,475.2315881,391.78651,480.2315881
2632,5720,33.71,826.90203,808.2157,BARISTAseq,L5,826.90203,808.2157,417.883164,494.7985271,422.883164,499.7985271
2633,5721,26.05,827.0395,812.6642,BARISTAseq,L5,827.0395,812.6642,421.805129,496.9025431,426.805129,501.9025431
2634,5722,57.62,827.40984,857.0568,BARISTAseq,L5,827.40984,857.0568,460.442221,518.7660788,465.442221,523.7660788
2635,5723,151.7,825.45002,917.5445,BARISTAseq,L5,825.45002,917.5445,511.856084,550.6911431,516.856084,555.6911431
2636,5724,133.2,827.40844,930.1191,BARISTAseq,L5,827.40844,930.1191,523.726712,555.2787381,528.726712,560.2787381
2637,5725,44.85,823.59934,975.4305,BARISTAseq,L5,823.59934,975.4305,561.071032,581.2215608,566.071032,586.2215608
2638,5726,34.62,827.75713,992.8269,BARISTAseq,L5,827.75713,992.8269,578.217225,586.313668,583.217225,591.313668
2639,5727,55.82,825.7425,986.2088,BARISTAseq,L5,825.7425,986.2088,571.478006,584.7514514,576.478006,589.7514514
2640,5728,121.3,821.55648,998.2627,BARISTAseq,L5,821.55648,998.2627,579.826964,594.4009901,584.826964,599.4009901
2641,5729,82.96,826.77633,1005.7627,BARISTAseq,L5,826.77633,1005.7627,588.931819,593.6276183,593.931819,598.6276183
2642,5730,44.55,823.02902,1069.5751,BARISTAseq,L5,823.02902,1069.5751,642.332288,628.7624702,647.332288,633.7624702
2643,5731,64.48,825.94745,1089.6722,BARISTAseq,L4,825.94745,1089.6722,661.198453,636.2777045,666.198453,641.2777045
2644,5732,175.1,829.00332,1123.9893,BARISTAseq,L4,829.00332,1123.9893,692.450412,650.7800794,697.450412,655.7800794
2645,5733,38.21,824.79483,1130.8756,BARISTAseq,L4,824.79483,1130.8756,696.312037,657.8666552,701.312037,662.8666552
2646,5734,39.38,826.91494,1152.8391,BARISTAseq,L4,826.91494,1152.8391,716.395941,667.0061141,721.395941,672.0061141
2647,5757,36.32,831.89775,398.4256,BARISTAseq,L6,831.89775,398.4256,65.427252,285.6868348,70.427252,290.6868348
2648,5758,89.14,834.76038,498.0432,BARISTAseq,L6,834.76038,498.0432,153.144695,332.9892209,158.144695,337.9892209
2649,5759,112.1,832.26593,523.9298,BARISTAseq,L6,832.26593,523.9298,174.320622,348.0861824,179.320622,353.0861824
2650,5760,68.52,832.06696,547.0029,BARISTAseq,L6,832.06696,547.0029,194.206714,359.7888694,199.206714,364.7888694
2651,5761,35.49,836.45827,571.5096,BARISTAseq,L6,836.45827,571.5096,217.628375,368.2319077,222.628375,373.2319077
2652,5762,97.7,840.15632,579.2544,BARISTAseq,L6,840.15632,579.2544,226.184849,368.8990672,231.184849,373.8990672
2653,5763,154.6,827.60765,623.1504,BARISTAseq,L5,827.60765,623.1504,257.935747,401.7046271,262.935747,406.7046271
2654,5764,33.79,832.36155,645.778,BARISTAseq,L5,832.36155,645.778,279.911021,408.8945931,284.911021,413.8945931
2655,5765,136.8,833.66833,699.2877,BARISTAseq,L5,833.66833,699.2877,326.913164,434.5031054,331.913164,439.5031054
2656,5766,74.54,830.19735,747.543,BARISTAseq,L5,830.19735,747.543,366.976399,461.6242126,371.976399,466.6242126
2657,5767,43.46,833.03923,796.1476,BARISTAseq,L5,833.03923,796.1476,410.496999,483.4518393,415.496999,488.4518393
2658,5768,157.2,837.76536,804.5347,BARISTAseq,L5,837.76536,804.5347,420.12348,483.5494105,425.12348,488.5494105
2659,5769,33.65,833.33127,831.7209,BARISTAseq,L5,833.33127,831.7209,441.455816,500.975906,446.455816,505.975906
2660,5770,39.31,837.108,880.5141,BARISTAseq,L5,837.108,880.5141,485.606939,522.0880321,490.606939,527.0880321
2661,5771,116.5,829.53514,887.2638,BARISTAseq,L5,829.53514,887.2638,487.669021,532.0205301,492.669021,537.0205301
2662,5772,49.53,832.33779,942.0358,BARISTAseq,L5,832.33779,942.0358,536.512022,556.9641339,541.512022,561.9641339
2663,5773,133.8,835.09203,959.4462,BARISTAseq,L5,835.09203,959.4462,552.969026,563.2790034,557.969026,568.2790034
2664,5775,161.2,832.64026,1046.259,BARISTAseq,L5,832.64026,1046.259,626.939386,608.7856496,631.939386,613.7856496
2665,5776,87.13,829.96486,1068.4412,BARISTAseq,L5,829.96486,1068.4412,644.816224,622.1881542,649.816224,627.1881542
2666,5777,46.31,832.04366,1088.5805,BARISTAseq,L5,832.04366,1088.5805,663.299277,630.4517183,668.299277,635.4517183
2667,5778,25.47,830.92479,1115.4483,BARISTAseq,L4,830.92479,1115.4483,686.012594,644.8475517,691.012594,649.8475517
2668,5779,34.68,835.84249,1149.1797,BARISTAseq,L4,835.84249,1149.1797,717.687599,657.4445292,722.687599,662.4445292
2669,5780,19.66,833.11054,1158.085,BARISTAseq,L4,833.11054,1158.085,724.035954,664.2611281,729.035954,669.2611281
2670,5781,23.52,835.73629,1172.6246,BARISTAseq,L4,835.73629,1172.6246,737.942033,669.2526226,742.942033,674.2526226
2671,5782,20.61,835.11062,1184.7133,BARISTAseq,L4,835.11062,1184.7133,748.100415,675.8356772,753.100415,680.8356772
2672,5807,28.04,837.43635,374.2963,BARISTAseq,L6,837.43635,374.2963,47.294744,268.8312848,52.294744,273.8312848
2673,5808,37.11,839.6085,380.0175,BARISTAseq,L6,839.6085,380.0175,53.335846,269.8088721,58.335846,274.8088721
2674,5809,37.5,836.85989,389.351,BARISTAseq,L6,836.85989,389.351,60.046784,276.8539001,65.046784,281.8539001
2675,5810,255.8,837.37458,429.4251,BARISTAseq,L6,837.37458,429.4251,95.01537,296.4342942,100.01537,301.4342942
2676,5811,26.27,835.44116,448.9772,BARISTAseq,L6,835.44116,448.9772,110.984831,307.8797577,115.984831,312.8797577
2677,5812,86.44,839.60539,474.844,BARISTAseq,L6,839.60539,474.844,135.471147,317.199201,140.471147,322.199201
2678,5813,29.22,835.75235,485.5784,BARISTAseq,L6,835.75235,485.5784,142.843663,325.9009628,147.843663,330.9009628
2679,5814,201.2,836.3405,515.2208,BARISTAseq,L6,836.3405,515.2208,168.813221,340.2047015,173.813221,345.2047015
2680,5816,97.66,845.0263,571.7382,BARISTAseq,L6,845.0263,571.7382,222.108087,360.9246782,227.108087,365.9246782
2681,5817,31.83,839.56228,602.615,BARISTAseq,L5,839.56228,602.615,246.122437,381.0875765,251.122437,386.0875765
2682,5818,40.81,838.92661,657.607,BARISTAseq,L5,838.92661,657.607,293.43781,409.1193556,298.43781,414.1193556
2683,5821,61.02,838.90954,744.6042,BARISTAseq,L5,838.90954,744.6042,368.784649,452.6092869,373.784649,457.6092869
2684,5822,49.86,838.93172,752.9949,BARISTAseq,L5,838.93172,752.9949,376.063614,456.7831739,381.063614,461.7831739
2685,5823,99.54,844.91953,819.8555,BARISTAseq,L5,844.91953,819.8555,436.969272,485.0088961,441.969272,490.0088961
2686,5824,61.44,840.70632,828.5345,BARISTAseq,L5,840.70632,828.5345,442.381409,492.9954768,447.381409,497.9954768
2687,5825,29.18,840.23481,842.8575,BARISTAseq,L5,840.23481,842.8575,454.552052,500.5614931,459.552052,505.5614931
2688,5826,138.1,840.88224,943.6816,BARISTAseq,L5,840.88224,943.6816,542.20757,550.3855869,547.20757,555.3855869
2689,5827,165.2,835.80412,976.9195,BARISTAseq,L5,835.80412,976.9195,568.459868,571.3941099,573.459868,576.3941099
2690,5828,109.8,838.89666,997.2848,BARISTAseq,L5,838.89666,997.2848,587.6454,578.8926044,592.6454,583.8926044
2691,5829,123.8,841.47831,1044.3651,BARISTAseq,L5,841.47831,1044.3651,629.715557,600.1838566,634.715557,605.1838566
2692,5830,87.5,839.91713,1066.0101,BARISTAseq,L5,839.91713,1066.0101,647.683896,612.3527853,652.683896,617.3527853
2693,5831,105.1,845.22517,1077.958,BARISTAseq,L5,845.22517,1077.958,660.68555,613.7258047,665.68555,618.7258047
2694,5833,87.85,845.33063,1132.1762,BARISTAseq,L4,845.33063,1132.1762,707.701008,640.7289139,712.701008,645.7289139
2695,5834,15.83,839.52,1135.7907,BARISTAseq,L4,839.52,1135.7907,707.928065,647.5682477,712.928065,652.5682477
2696,5835,104.3,841.16421,1155.7925,BARISTAseq,L4,841.16421,1155.7925,726.074918,656.139574,731.074918,661.139574
2697,5836,81.64,839.32509,1168.8507,BARISTAseq,L4,839.32509,1168.8507,736.466587,664.2581478,741.466587,669.2581478
2698,5858,106.6,847.64137,380.0541,BARISTAseq,L6,847.64137,380.0541,57.381761,262.8692151,62.381761,267.8692151
2699,5859,94.13,849.49829,400.0096,BARISTAseq,L6,849.49829,400.0096,75.594807,271.2331566,80.594807,276.2331566
2700,5860,38.01,848.44603,430.5306,BARISTAseq,L6,848.44603,430.5306,101.505737,287.3969019,106.505737,292.3969019
2701,5861,71.06,845.91585,436.8032,BARISTAseq,L6,845.91585,436.8032,105.674514,292.7230968,110.674514,297.7230968
2702,5863,41.81,843.18719,483.2774,BARISTAseq,L6,843.18719,483.2774,144.565939,318.3111384,149.565939,323.3111384
2703,5864,138.3,842.65714,492.7542,BARISTAseq,L6,842.65714,492.7542,152.509744,323.5061333,157.509744,328.5061333
2704,5866,61.51,844.8984,589.7387,BARISTAseq,L6,844.8984,589.7387,237.635875,370.0308682,242.635875,375.0308682
2705,5867,48.44,842.44578,597.7111,BARISTAseq,L6,842.44578,597.7111,243.315764,376.1393235,248.315764,381.1393235
2706,5868,85.34,847.14303,619.5012,BARISTAseq,L5,847.14303,619.5012,264.537301,382.9598328,269.537301,387.9598328
2707,5869,40.33,843.17924,627.828,BARISTAseq,L5,843.17924,627.828,269.768978,390.5543365,274.768978,395.5543365
2708,5870,41.16,836.22414,675.3213,BARISTAseq,L5,836.22414,675.3213,307.431138,420.3125719,312.431138,425.3125719
2709,5871,31.97,846.29231,747.6301,BARISTAseq,L5,846.29231,747.6301,375.095012,447.7266043,380.095012,452.7266043
2710,5872,52.41,845.35838,755.4301,BARISTAseq,L5,845.35838,755.4301,381.384504,452.4334481,386.384504,457.4334481
2711,5873,21.6,847.94675,827.0779,BARISTAseq,L5,847.94675,827.0779,444.737979,485.9960349,449.737979,490.9960349
2712,5874,92.55,842.92484,863.5929,BARISTAseq,L5,842.92484,863.5929,473.85698,508.5935659,478.85698,513.5935658999999
2713,5875,31.42,844.14967,875.441,BARISTAseq,L5,844.14967,875.441,484.731626,513.4534782,489.731626,518.4534782
2714,5876,51.29,843.11838,953.4154,BARISTAseq,L5,843.11838,953.4154,551.756212,553.3129308,556.756212,558.3129308
2715,5877,27.27,845.39777,1017.111,BARISTAseq,L5,845.39777,1017.111,608.067239,583.1691949,613.067239,588.1691949
2716,5878,26.92,845.3467,1121.1893,BARISTAseq,L4,845.3467,1121.1893,698.192341,635.2244784,703.192341,640.2244784
2717,5879,148.9,845.50108,1140.4947,BARISTAseq,L4,845.50108,1140.4947,714.991452,644.7382482,719.991452,649.7382482
2718,5880,88.76,835.77503,1143.3779,BARISTAseq,L4,835.77503,1143.3779,712.62843,654.6035959,717.62843,659.6035959
2719,5881,78.47,850.53681,1167.7753,BARISTAseq,L4,850.53681,1167.7753,741.137904,654.009334,746.137904,659.009334
2720,5908,154.4,853.50934,349.2439,BARISTAseq,L6,853.50934,349.2439,33.627022,242.3897423,38.627022,247.3897423
2721,5909,58.12,850.2895,421.2296,BARISTAseq,L6,850.2895,421.2296,94.370595,281.1521183,99.370595,286.1521183
2722,5910,109.7,853.08684,486.1362,BARISTAseq,L6,853.08684,486.1362,151.989336,311.164886,156.989336,316.164886
2723,5911,70.3,850.95048,512.5605,BARISTAseq,L6,850.95048,512.5605,173.810031,326.2204191,178.810031,331.2204191
2724,5912,94.68,849.83932,524.1574,BARISTAseq,L6,849.83932,524.1574,183.299764,332.9782033,188.299764,337.9782033
2725,5913,27.25,853.17053,540.486,BARISTAseq,L6,853.17053,540.486,199.107933,338.2526279,204.107933,343.2526279
2726,5914,127.1,850.94848,545.968,BARISTAseq,L6,850.94848,545.968,202.745916,342.9168579,207.745916,347.9168579
2727,5915,158.2,851.06344,602.6079,BARISTAseq,L6,851.06344,602.6079,251.86378,371.1219548,256.86378,376.1219548
2728,5917,177.0,851.00221,652.4035,BARISTAseq,L5,851.00221,652.4035,294.965235,396.0593852,299.965235,401.0593852
2729,5918,110.0,845.62788,676.4946,BARISTAseq,L5,845.62788,676.4946,313.146772,412.7535768,318.146772,417.7535768
2730,5919,45.2,855.03051,680.2599,BARISTAseq,L5,855.03051,680.2599,321.106965,406.490815,326.106965,411.490815
2731,5920,67.84,850.1415,700.0378,BARISTAseq,L5,850.1415,700.0378,335.795004,420.6091896,340.795004,425.6091896
2732,5921,37.79,854.15566,705.178,BARISTAseq,L5,854.15566,705.178,342.253334,419.7009086,347.253334,424.7009086
2733,5922,42.88,854.7809,767.6422,BARISTAseq,L5,854.7809,767.6422,396.671092,450.3745816,401.671092,455.3745816
2734,5923,111.8,852.88076,812.5774,BARISTAseq,L5,852.88076,812.5774,434.643595,474.4759513,439.643595,479.4759513
2735,5925,136.5,847.5995,880.6094,BARISTAseq,L5,847.5995,880.6094,490.932403,513.0481118,495.932403,518.0481118
2736,5926,104.9,851.86141,903.7502,BARISTAseq,L5,851.86141,903.7502,513.106366,520.9207053,518.106366,525.9207053
2737,5927,22.75,851.64482,928.2474,BARISTAseq,L5,851.64482,928.2474,534.217117,533.3502932,539.217117,538.3502932
2738,5928,200.7,848.72302,937.1091,BARISTAseq,L5,848.72302,937.1091,540.432829,540.3095492,545.432829,545.3095492
2739,5929,114.8,847.58733,965.3184,BARISTAseq,L5,847.58733,965.3184,564.29967,555.3903164,569.29967,560.3903164
2740,5930,44.07,852.95002,969.1255,BARISTAseq,L5,852.95002,969.1255,570.277176,552.6477551,575.277176,557.6477551
2741,5931,159.4,846.47367,1023.7118,BARISTAseq,L5,846.47367,1023.7118,614.322356,585.5358724,619.322356,590.5358724
2742,5932,35.38,847.95748,1049.6785,BARISTAseq,L5,847.95748,1049.6785,637.555747,597.2269725,642.555747,602.2269725
2743,5934,123.0,847.12313,1057.684,BARISTAseq,L5,847.12313,1057.684,644.073006,601.9502673,649.073006,606.9502673
2744,5935,19.73,848.61388,1065.2965,BARISTAseq,L5,848.61388,1065.2965,651.411832,604.4632252,656.411832,609.4632252
2745,5936,66.54,855.9687,1071.4181,BARISTAseq,L5,855.9687,1071.4181,660.389632,601.1517516,665.389632,606.1517516
2746,5937,129.6,843.34071,1091.3336,BARISTAseq,L5,843.34071,1091.3336,671.329451,622.0422462,676.329451,627.0422462
2747,5938,100.1,853.87683,1088.0161,BARISTAseq,L5,853.87683,1088.0161,673.721098,611.2581906,678.721098,616.2581906
2748,5939,143.3,854.45879,1102.8276,BARISTAseq,L5,854.45879,1102.8276,686.841377,618.1558665,691.841377,623.1558665
2749,5940,113.2,851.35048,1112.4191,BARISTAseq,L5,851.35048,1112.4191,693.596095,625.6414237,698.596095,630.6414237
2750,5942,139.5,856.17645,1156.6381,BARISTAseq,L4,856.17645,1156.6381,734.309368,643.5587902,739.309368,648.5587902
2751,5943,131.0,849.92358,1179.0126,BARISTAseq,L4,849.92358,1179.0126,750.565049,660.1561553,755.565049,665.1561553
2752,5965,84.16,860.32308,416.6591,BARISTAseq,L6,860.32308,416.6591,95.425813,270.1772138,100.425813,275.1772138
2753,5966,121.9,853.23579,455.3416,BARISTAseq,L6,853.23579,455.3416,125.390073,295.6468677,130.390073,300.6468677
2754,5967,47.67,862.32077,548.8332,BARISTAseq,L6,862.32077,548.8332,210.910799,334.4982296,215.910799,339.4982296
2755,5968,40.11,854.18787,556.3015,BARISTAseq,L6,854.18787,556.3015,213.315441,345.2749333,218.315441,350.2749333
2756,5969,120.7,854.29419,612.5284,BARISTAseq,L6,854.29419,612.5284,262.071283,373.2811367,267.071283,378.2811367
2757,5970,87.96,856.45073,694.8032,BARISTAseq,L5,856.45073,694.8032,334.413827,412.5283771,339.413827,417.5283771
2758,5971,59.89,859.56004,721.3263,BARISTAseq,L5,859.56004,721.3263,358.941471,423.0895553,363.941471,428.0895553
2759,5972,107.3,857.74047,771.7243,BARISTAseq,L5,857.74047,771.7243,401.685905,449.851004,406.685905,454.851004
2760,5973,103.3,856.86666,836.5628,BARISTAseq,L5,856.86666,836.5628,457.411123,483.0096397,462.411123,488.0096397
2761,5974,132.8,854.95915,895.1715,BARISTAseq,L5,854.95915,895.1715,507.223671,513.9504519,512.223671,518.9504519
2762,5976,167.5,858.7879,914.1663,BARISTAseq,L5,858.7879,914.1663,525.589954,520.1263416,530.589954,525.1263416
2763,5977,40.29,859.07161,934.7163,BARISTAseq,L5,859.07161,934.7163,543.531722,530.1500349,548.531722,535.1500349
2764,5978,38.34,857.42174,964.9299,BARISTAseq,L5,857.42174,964.9299,568.877707,546.6777928,573.877707,551.6777928
2765,5979,164.1,861.86076,992.0729,BARISTAseq,L5,861.86076,992.0729,594.606731,556.3969506,599.606731,561.3969506
2766,5980,92.98,856.10908,1014.96,BARISTAseq,L5,856.10908,1014.96,611.556849,572.8163399,616.556849,577.8163399
2767,5981,95.07,853.94961,1038.9632,BARISTAseq,L5,853.94961,1038.9632,631.268781,586.6819306,636.268781,591.6819306
2768,5982,36.62,856.03803,1060.884,BARISTAseq,L5,856.03803,1060.884,651.299842,595.8274962,656.299842,600.8274962
2769,5983,72.49,863.19909,1111.6759,BARISTAseq,L5,863.19909,1111.6759,698.873469,615.0069846,703.873469,620.0069846
2770,5985,63.66,857.02051,1144.5934,BARISTAseq,L4,857.02051,1144.5934,724.298305,636.8085994,729.298305,641.8085994
2771,5986,37.59,861.21258,1152.9619,BARISTAseq,L4,861.21258,1152.9619,733.641878,637.35952,738.641878,642.35952
2772,6014,91.62,862.38805,341.6163,BARISTAseq,L6,862.38805,341.6163,31.457018,230.8873806,36.457018000000005,235.8873806
2773,6015,59.37,868.94763,350.0238,BARISTAseq,L6,868.94763,350.0238,42.017497,229.4071016,47.017497,234.4071016
2774,6016,57.37,864.89883,354.4133,BARISTAseq,L6,864.89883,354.4133,43.796277,235.1076516,48.796277,240.1076516
2775,6017,64.81,866.88794,366.0273,BARISTAseq,L6,866.88794,366.0273,54.85015,239.1886036,59.85015,244.1886036
2776,6019,175.8,861.45096,384.7997,BARISTAseq,L6,861.45096,384.7997,68.393409,253.2791399,73.393409,258.2791399
2777,6020,41.75,863.20102,402.8864,BARISTAseq,L6,863.20102,402.8864,84.93433,260.8017408,89.93433,265.8017408
2778,6021,99.54,860.67445,422.2047,BARISTAseq,L6,860.67445,422.2047,100.404885,272.6441543,105.404885,277.6441543
2779,6022,144.2,863.16544,453.2115,BARISTAseq,L6,863.16544,453.2115,128.507195,285.9815331,133.507195,290.9815331
2780,6023,66.63,863.2036,487.1443,BARISTAseq,L6,863.2036,487.1443,157.918228,302.9057334,162.918228,307.9057334
2781,6024,84.62,866.79116,558.425,BARISTAseq,L6,866.79116,558.425,221.453048,335.4193911,226.453048,340.4193911
2782,6025,173.7,857.89695,568.5399,BARISTAseq,L6,857.89695,568.5399,225.769613,348.1780755,230.769613,353.1780755
2783,6026,73.98,863.39805,607.546,BARISTAseq,L6,863.39805,607.546,262.305088,362.9056852,267.305088,367.9056852
2784,6027,124.8,866.70002,617.4247,BARISTAseq,L6,866.70002,617.4247,272.511876,364.9822343,277.511876,369.9822343
2785,6028,231.7,864.84662,640.2164,BARISTAseq,L6,864.84662,640.2164,291.327457,377.977344,296.327457,382.977344
2786,6029,26.06,859.92187,651.4809,BARISTAseq,L5,859.92187,651.4809,298.623504,387.8722796,303.623504,392.8722796
2787,6030,27.61,862.78512,668.4715,BARISTAseq,L5,862.78512,668.4715,314.771246,393.8828811,319.771246,398.8828811
2788,6031,103.2,862.67635,685.6809,BARISTAseq,L5,862.67635,685.6809,329.623379,402.5771705,334.623379,407.5771705
2789,6032,72.18,866.93348,716.9514,BARISTAseq,L5,866.93348,716.9514,358.83668,414.5165142,363.83668,419.5165142
2790,6033,35.74,864.75587,743.4073,BARISTAseq,L5,864.75587,743.4073,380.66409,429.6235498,385.66409,434.6235498
2791,6034,41.45,861.65275,754.4379,BARISTAseq,L5,861.65275,754.4379,388.667911,437.8237659,393.667911,442.8237659
2792,6035,26.59,867.87703,793.8889,BARISTAseq,L5,867.87703,793.8889,425.95005,452.1472499,430.95005,457.1472499
2793,6036,76.0,860.81644,824.8964,BARISTAseq,L5,860.81644,824.8964,449.279735,473.7583636,454.279735,478.7583636
2794,6038,95.53,865.47856,844.9231,BARISTAseq,L5,865.47856,844.9231,468.956351,479.7281093,473.956351,484.7281093
2795,6039,156.2,862.71099,887.3642,BARISTAseq,L5,862.71099,887.3642,504.33493,503.3343901,509.33493,508.3343901
2796,6040,31.09,870.94258,897.4113,BARISTAseq,L5,870.94258,897.4113,517.151143,501.225207,522.151143,506.225207
2797,6041,64.24,861.30394,903.2432,BARISTAseq,L5,861.30394,903.2432,517.38593,512.4884016,522.38593,517.4884016
2798,6042,80.23,866.5509,935.7266,BARISTAseq,L5,866.5509,935.7266,548.144453,524.1764998,553.144453,529.1764998
2799,6043,78.49,864.93166,944.8307,BARISTAseq,L5,864.93166,944.8307,555.221075,530.128653,560.221075,535.128653
2800,6044,29.16,861.34773,950.9177,BARISTAseq,L5,861.34773,950.9177,558.702563,536.2748582,563.702563,541.2748582
2801,6045,112.8,863.86769,1022.7905,BARISTAseq,L5,863.86769,1022.7905,622.21668,570.0091078,627.21668,575.0091078
2802,6046,43.87,862.59837,1030.8686,BARISTAseq,L5,862.59837,1030.8686,628.579449,575.1454308,633.579449,580.1454308
2803,6047,53.84,859.8285,1050.3659,BARISTAseq,L5,859.8285,1050.3659,644.083452,587.2880306,649.083452,592.2880306
2804,6077,27.41,871.34193,331.2113,BARISTAseq,L6,871.34193,331.2113,26.918933,217.9320109,31.918933,222.9320109
2805,6078,95.25,870.34311,339.3239,BARISTAseq,L6,870.34311,339.3239,33.446812,222.8513005,38.446812,227.8513005
2806,6079,31.38,870.59291,361.6306,BARISTAseq,L6,870.59291,361.6306,52.893326,233.7822809,57.893326,238.7822809
2807,6081,37.02,862.65455,395.7506,BARISTAseq,L6,862.65455,395.7506,78.480374,257.7091342,83.480374,262.7091342
2808,6082,104.1,871.13324,465.6833,BARISTAseq,L6,871.13324,465.6833,143.291809,285.3125335,148.291809,290.3125335
2809,6083,22.1,871.08,474.4957,BARISTAseq,L6,871.08,474.4957,150.898338,289.7624682,155.898338,294.7624682
2810,6084,20.76,870.9321,491.0195,BARISTAseq,L6,870.9321,491.0195,165.137025,298.1480213,170.137025,303.1480213
2811,6085,61.52,870.21783,502.4479,BARISTAseq,L6,870.21783,502.4479,174.679155,304.477821,179.679155,309.477821
2812,6086,85.26,869.58224,525.2596,BARISTAseq,L6,869.58224,525.2596,194.120604,316.4280571,199.120604,321.4280571
2813,6087,84.93,868.23134,533.4391,BARISTAseq,L6,868.23134,533.4391,200.530429,321.6857164,205.530429,326.6857164
2814,6088,28.23,869.30419,565.7276,BARISTAseq,L6,869.30419,565.7276,229.034226,336.8919676,234.034226,341.8919676
2815,6089,89.43,866.06367,627.0381,BARISTAseq,L6,866.06367,627.0381,280.52083,370.3375453,285.52083,375.3375453
2816,6091,23.03,869.39995,682.8234,BARISTAseq,L5,869.39995,682.8234,330.508283,395.3253463,335.508283,400.3253463
2817,6092,91.89,867.04424,695.7969,BARISTAseq,L5,867.04424,695.7969,340.568453,403.8490648,345.568453,408.8490648
2818,6093,189.6,879.47923,719.0004,BARISTAseq,L5,879.47923,719.0004,366.880968,404.6735716,371.880968,409.6735716
2819,6094,23.65,873.67845,725.9182,BARISTAseq,L5,873.67845,725.9182,369.974221,413.1551324,374.974221,418.1551324
2820,6095,52.51,869.16773,728.1828,BARISTAseq,L5,869.16773,728.1828,369.681697,418.1939618,374.681697,423.1939618
2821,6096,35.49,878.07432,730.494,BARISTAseq,L5,878.07432,730.494,376.134451,411.6341816,381.134451,416.6341816
2822,6097,63.44,870.05286,769.1052,BARISTAseq,L5,870.05286,769.1052,405.570173,437.8774089,410.570173,442.8774089
2823,6098,40.61,868.25121,799.9477,BARISTAseq,L5,868.25121,799.9477,431.385057,454.8509114,436.385057,459.8509114
2824,6099,59.5,869.25978,810.452,BARISTAseq,L5,869.25978,810.452,440.987654,459.226594,445.987654,464.226594
2825,6100,57.11,866.456,867.7399,BARISTAseq,L5,866.456,867.7399,489.208242,490.2836898,494.208242,495.2836898
2826,6101,88.02,875.6968,904.0735,BARISTAseq,L5,875.6968,904.0735,525.297662,500.4365062,530.297662,505.4365062
2827,6102,60.79,867.77217,906.1573,BARISTAseq,L5,867.77217,906.1573,523.142408,508.3419948,528.142408,513.3419948000001
2828,6103,34.98,866.94883,950.8806,BARISTAseq,L5,866.94883,950.8806,561.469436,531.4047387,566.469436,536.4047387
2829,6104,48.16,869.95082,997.1175,BARISTAseq,L5,869.95082,997.1175,603.019148,551.9104514,608.019148,556.9104514
2830,6105,61.98,865.32443,1012.1752,BARISTAseq,L5,865.32443,1012.1752,613.749916,563.4425319,618.749916,568.4425319
2831,6106,113.4,873.4194,1026.774,BARISTAseq,L5,873.4194,1026.774,630.440428,563.72629,635.440428,568.72629
2832,6107,86.46,867.59671,1045.8662,BARISTAseq,L5,867.59671,1045.8662,644.06789,578.3107142,649.06789,583.3107142
2833,6108,109.2,870.32366,1122.5273,BARISTAseq,L5,870.32366,1122.5273,711.833075,614.25858,716.833075,619.25858
2834,6109,88.98,868.13056,1133.4232,BARISTAseq,L5,868.13056,1133.4232,720.174899,621.603188,725.174899,626.603188
2835,6110,43.72,873.40812,1151.3924,BARISTAseq,L5,873.40812,1151.3924,738.376891,626.0116441,743.376891,631.0116441
2836,6111,59.86,866.91026,1158.1563,BARISTAseq,L4,866.91026,1158.1563,740.988469,635.0200871,745.988469,640.0200871
2837,6132,98.62,877.92231,369.8758,BARISTAseq,L6,877.92231,369.8758,63.697862,231.5540581,68.697862,236.5540581
2838,6133,69.5,878.94871,392.6638,BARISTAseq,L6,878.94871,392.6638,83.949292,242.0528406,88.949292,247.0528406
2839,6134,153.5,873.3864,398.8629,BARISTAseq,L6,873.3864,398.8629,86.539195,249.9686956,91.539195,254.9686956
2840,6135,21.0,876.38374,412.7315,BARISTAseq,L6,876.38374,412.7315,100.04973,254.3029907,105.04973,259.3029907
2841,6136,68.53,875.35798,417.6694,BARISTAseq,L6,875.35798,417.6694,103.814268,257.6591211,108.814268,262.6591211
2842,6137,104.6,875.0147,445.0838,BARISTAseq,L6,875.0147,445.0838,127.38858,271.6562786,132.38858,276.6562786
2843,6138,56.19,879.75302,500.2368,BARISTAseq,L6,879.75302,500.2368,177.528946,295.1136579,182.528946,300.1136579
2844,6139,44.28,876.53378,507.0415,BARISTAseq,L6,876.53378,507.0415,181.814258,301.3025952,186.814258,306.3025952
2845,6140,47.37,876.09794,522.4544,BARISTAseq,L6,876.09794,522.4544,194.946851,309.3824201,199.946851,314.3824201
2846,6141,84.01,878.77639,573.1051,BARISTAseq,L6,878.77639,573.1051,240.158068,332.374103,245.158068,337.374103
2847,6142,49.51,875.06503,595.342,BARISTAseq,L6,875.06503,595.342,257.564532,346.7012509,262.564532,351.7012509
2848,6143,20.88,880.28557,615.6029,BARISTAseq,L6,880.28557,615.6029,277.722968,352.3042765,282.722968,357.3042765
2849,6146,142.6,875.77109,695.9813,BARISTAseq,L5,875.77109,695.9813,345.089201,396.3821542,350.089201,401.3821542
2850,6147,24.66,881.8058,703.624,BARISTAseq,L5,881.8058,703.624,354.724922,394.9743103,359.724922,399.9743103
2851,6148,123.6,878.80879,738.3027,BARISTAseq,L5,878.80879,738.3027,383.265282,414.9002704,388.265282,419.9002704
2852,6149,105.6,875.67138,794.5781,BARISTAseq,L5,875.67138,794.5781,430.442078,445.740341,435.442078,450.740341
2853,6150,38.32,876.63111,800.6656,BARISTAseq,L5,876.63111,800.6656,436.194592,447.9511662,441.194592,452.9511662
2854,6151,145.9,878.42512,842.5117,BARISTAseq,L5,878.42512,842.5117,473.337396,467.308982,478.337396,472.308982
2855,6152,34.46,876.00087,850.7923,BARISTAseq,L5,876.00087,850.7923,479.298435,473.5468831,484.298435,478.5468831
2856,6153,83.57,878.05822,880.5068,BARISTAseq,L5,878.05822,880.5068,506.064648,486.6140568,511.064648,491.6140568
2857,6155,50.61,879.11344,921.6013,BARISTAseq,L5,879.11344,921.6013,542.187257,506.2362101,547.187257,511.2362101
2858,6156,28.51,874.24086,924.1748,BARISTAseq,L5,874.24086,924.1748,541.981442,511.7428363,546.981442,516.7428363
2859,6157,134.5,879.1517,932.6043,BARISTAseq,L5,879.1517,932.6043,551.737003,511.7016248,556.737003,516.7016248
2860,6158,69.05,875.05285,966.2197,BARISTAseq,L5,875.05285,966.2197,578.805686,532.0505891,583.805686,537.0505891
2861,6159,137.8,877.90246,994.8155,BARISTAseq,L5,877.90246,994.8155,604.998882,543.8725084,609.998882,548.8725084
2862,6160,215.6,877.27009,1041.8476,BARISTAseq,L5,877.27009,1041.8476,645.421164,567.9236146,650.421164,572.9236146
2863,6161,52.31,877.41037,1084.0578,BARISTAseq,L5,877.41037,1084.0578,682.052979,588.8958372,687.052979,593.8958372
2864,6162,49.43,873.15909,1094.0189,BARISTAseq,L5,873.15909,1094.0189,688.556541,597.5560474,693.556541,602.5560474
2865,6163,19.04,878.12457,1138.8839,BARISTAseq,L5,878.12457,1138.8839,729.899204,615.6754682,734.899204,620.6754682
2866,6190,85.27,880.5996,337.1579,BARISTAseq,L6,880.5996,337.1579,36.696155,212.8849132,41.696155,217.8849132
2867,6192,86.34,876.18634,376.2464,BARISTAseq,L6,876.18634,376.2464,68.348403,236.2412777,73.348403,241.2412777
2868,6194,25.39,884.09167,438.3915,BARISTAseq,L6,884.09167,438.3915,126.127846,260.449625,131.127846,265.449625
2869,6195,83.98,880.29232,464.234,BARISTAseq,L6,880.29232,464.234,146.613468,276.6548162,151.613468,281.6548162
2870,6196,56.33,888.97548,463.2709,BARISTAseq,L6,888.97548,463.2709,150.118475,268.6523282,155.118475,273.6523282
2871,6197,149.2,877.75142,478.0354,BARISTAseq,L6,877.75142,478.0354,157.298247,285.7526888,162.298247,290.7526888
2872,6198,118.1,886.4265,478.676,BARISTAseq,L6,886.4265,478.676,162.188351,278.5586413,167.188351,283.5586413
2873,6199,26.54,875.59352,487.7974,BARISTAseq,L6,875.59352,487.7974,164.675564,292.5002016,169.675564,297.5002016
2874,6200,176.7,882.1989,537.782,BARISTAseq,L6,882.1989,537.782,211.272195,311.7575676,216.272195,316.7575676
2875,6201,45.31,881.84549,554.5266,BARISTAseq,L6,881.84549,554.5266,225.599401,320.4314521,230.599401,325.4314521
2876,6202,89.75,883.24331,605.5631,BARISTAseq,L6,883.24331,605.5631,270.504824,344.7251902,275.504824,349.7251902
2877,6203,86.96,883.07413,622.0675,BARISTAseq,L6,883.07413,622.0675,284.716019,353.1194378,289.716019,358.1194378
2878,6204,124.6,888.15805,635.892,BARISTAseq,L6,888.15805,635.892,299.231172,355.6243936,304.231172,360.6243936
2879,6205,112.9,887.0225,648.0744,BARISTAseq,L6,887.0225,648.0744,309.215811,362.6958598,314.215811,367.6958598
2880,6208,121.9,885.68259,1023.1414,BARISTAseq,L5,885.68259,1023.1414,633.422228,551.2888272,638.422228,556.2888272
2881,6210,34.28,879.757,1075.38,BARISTAseq,L5,879.757,1075.38,675.709093,582.5266582,680.709093,587.5266582
2882,6211,23.51,880.54311,1089.4319,BARISTAseq,L5,880.54311,1089.4319,688.273384,588.8678789,693.273384,593.8678789
2883,6212,76.39,878.32866,1125.5088,BARISTAseq,L5,878.32866,1125.5088,718.41593,608.8147425,723.41593,613.8147425
2884,6213,38.91,884.98539,1133.7503,BARISTAseq,L5,884.98539,1133.7503,728.881098,607.1673073,733.881098,612.1673073
2885,6239,65.02,889.2788,325.6312,BARISTAseq,L6,889.2788,325.6312,31.049221,199.6069236,36.049221,204.6069236
2886,6241,101.5,884.95634,387.0113,BARISTAseq,L6,884.95634,387.0113,82.055371,234.0244109,87.055371,239.0244109
2887,6242,169.0,886.96697,407.677,BARISTAseq,L6,886.96697,407.677,100.960444,242.6101486,105.960444,247.6101486
2888,6243,59.32,884.71615,414.1291,BARISTAseq,L6,884.71615,414.1291,105.424285,247.7840487,110.424285,252.7840487
2889,6244,224.8,885.93916,453.4599,BARISTAseq,L6,885.93916,453.4599,140.103062,266.379504,145.103062,271.379504
2890,6245,99.72,886.16265,509.1859,BARISTAseq,L6,886.16265,509.1859,188.483533,294.0338716,193.483533,299.0338716
2891,6246,116.4,888.89714,523.6705,BARISTAseq,L6,888.89714,523.6705,202.396383,298.9037343,207.396383,303.9037343
2892,6247,72.18,886.60062,589.3137,BARISTAseq,L6,886.60062,589.3137,258.107624,333.6968168,263.107624,338.6968168
2893,6248,78.99,887.79946,597.2491,BARISTAseq,L6,887.79946,597.2491,265.580242,336.6239786,270.580242,341.6239786
2894,6249,39.53,892.98509,628.6467,BARISTAseq,L6,892.98509,628.6467,295.367595,347.8225713,300.367595,352.8225713
2895,6250,79.0,888.7198,655.6617,BARISTAseq,L6,888.7198,655.6617,316.636007,365.0173153,321.636007,370.0173153
2896,6251,108.2,887.97515,698.3708,BARISTAseq,L6,887.97515,698.3708,353.257688,387.0053406,358.257688,392.0053406
2897,6252,100.5,886.41839,815.818,BARISTAseq,L5,886.41839,815.818,454.210329,447.0457224,459.210329,452.0457224
2898,6253,94.63,892.91845,837.821,BARISTAseq,L5,892.91845,837.821,476.517124,452.411026,481.517124,457.411026
2899,6254,46.33,889.37293,842.4298,BARISTAseq,L5,889.37293,842.4298,478.737407,457.7852645,483.737407,462.7852645
2900,6255,124.7,888.06849,874.8477,BARISTAseq,L5,888.06849,874.8477,506.165292,475.1153388,511.165292,480.1153388
2901,6256,69.5,886.61436,891.8131,BARISTAseq,L5,886.61436,891.8131,520.133739,484.8530034,525.133739,489.8530034
2902,6257,59.82,886.11061,920.9171,BARISTAseq,L5,886.11061,920.9171,545.091348,499.8335041,550.091348,504.8335041
2903,6258,52.65,886.38617,988.5979,BARISTAseq,L5,886.38617,988.5979,603.852835,533.4169328,608.852835,538.4169328
2904,6259,42.78,887.1225,1000.4152,BARISTAseq,L5,887.1225,1000.4152,614.456745,538.6846129,619.456745,543.6846129
2905,6260,204.5,891.90974,1041.2587,BARISTAseq,L5,891.90974,1041.2587,652.226983,554.9487532,657.226983,559.9487532
2906,6261,32.68,886.07106,1081.8888,BARISTAseq,L5,886.07106,1081.8888,684.502177,580.3101558,689.502177,585.3101558
2907,6262,119.5,894.64236,1099.3911,BARISTAseq,L5,894.64236,1099.3911,703.945718,581.6323108,708.945718,586.6323108
2908,6263,39.77,884.74759,1138.3982,BARISTAseq,L5,884.74759,1138.3982,732.788244,609.696023,737.788244,614.696023
2909,6294,15.61,892.82255,308.6807,BARISTAseq,L6,892.82255,308.6807,18.137927,188.0667162,23.137927,193.0667162
2910,6295,34.87,894.70454,329.0864,BARISTAseq,L6,894.70454,329.0864,36.753436,196.6339102,41.753436,201.6339102
2911,6296,119.2,896.33721,345.3151,BARISTAseq,L6,896.33721,345.3151,51.626273,203.329656,56.626273,208.329656
2912,6297,35.83,895.25865,350.9543,BARISTAseq,L6,895.25865,350.9543,55.971902,207.0820007,60.971902,212.0820007
2913,6298,99.17,890.08648,375.6252,BARISTAseq,L6,890.08648,375.6252,74.756646,223.8908071,79.756646,228.8908071
2914,6299,51.09,894.01388,403.4791,BARISTAseq,L6,894.01388,403.4791,100.845818,234.4084073,105.845818,239.4084073
2915,6300,17.43,899.01528,408.3099,BARISTAseq,L6,899.01528,408.3099,107.529536,232.4903993,112.529536,237.4903993
2916,6301,48.46,897.93006,448.465,BARISTAseq,L6,897.93006,448.465,141.768799,253.4971161,146.768799,258.49711609999997
2917,6302,211.6,896.89695,490.6576,BARISTAseq,L6,896.89695,490.6576,177.798964,275.47689,182.798964,280.47689
2918,6303,100.1,894.24399,512.4329,BARISTAseq,L6,894.24399,512.4329,195.334515,288.6565954,200.334515,293.6565954
2919,6304,114.6,897.63081,526.4319,BARISTAseq,L6,897.63081,526.4319,209.152748,292.7187559,214.152748,297.7187559
2920,6305,39.9,891.41009,533.0327,BARISTAseq,L6,891.41009,533.0327,211.761541,301.405637,216.761541,306.405637
2921,6306,133.9,893.39582,550.959,BARISTAseq,L6,893.39582,550.959,228.28128,308.6439473,233.28128,313.6439473
2922,6307,24.93,892.93529,564.257,BARISTAseq,L6,892.93529,564.257,239.569633,315.6882733,244.569633,320.6882733
2923,6309,48.51,892.93959,619.8981,BARISTAseq,L6,892.93959,619.8981,287.76699,343.4900529,292.76699,348.4900529
2924,6310,59.14,894.26243,671.3836,BARISTAseq,L6,894.26243,671.3836,333.023824,368.0730905,338.023824,373.0730905
2925,6311,25.92,889.69878,672.445,BARISTAseq,L6,889.69878,672.445,331.662586,372.556447,336.662586,377.556447
2926,6313,27.91,892.40576,732.3902,BARISTAseq,L5,892.40576,732.3902,384.938816,400.1681855,389.938816,405.1681855
2927,6314,34.39,897.12612,738.5216,BARISTAseq,L5,897.12612,738.5216,392.608553,399.1435064,397.608553,404.1435064
2928,6315,121.7,893.97181,746.536,BARISTAseq,L5,893.97181,746.536,397.974232,405.8807837,402.974232,410.8807837
2929,6316,32.12,896.14793,753.5847,BARISTAseq,L5,896.14793,753.5847,405.167102,407.5182858,410.167102,412.5182858
2930,6318,117.4,895.64869,814.1329,BARISTAseq,L5,895.64869,814.1329,457.363365,438.2085088,462.363365,443.2085088
2931,6319,58.25,893.20898,890.9151,BARISTAseq,L5,893.20898,890.9151,522.651478,478.6921408,527.651478,483.6921408
2932,6320,199.5,891.67481,911.9468,BARISTAseq,L5,891.67481,911.9468,540.102004,490.5311457,545.102004,495.5311457
2933,6321,48.05,894.24705,926.3024,BARISTAseq,L5,894.24705,926.3024,553.821984,495.4770476,558.821984,500.4770476
2934,6322,28.2,891.84117,941.3471,BARISTAseq,L5,891.84117,941.3471,565.651145,505.0792751,570.651145,510.0792751
2935,6323,108.7,891.5961,974.072,BARISTAseq,L5,891.5961,974.072,593.874376,521.6451796,598.874376,526.6451796
2936,6324,128.4,893.48815,986.4553,BARISTAseq,L5,893.48815,986.4553,605.546037,526.1946161,610.546037,531.1946161
2937,6325,74.27,893.53813,1007.4993,BARISTAseq,L5,893.53813,1007.4993,623.799,536.6676864,628.799,541.6676864
2938,6326,60.84,896.7378,1086.6137,BARISTAseq,L5,896.7378,1086.6137,693.925297,573.432005,698.925297,578.432005
2939,6327,67.29,898.46268,1121.1315,BARISTAseq,L5,898.46268,1121.1315,724.685941,589.1875392,729.685941,594.1875392
2940,6348,20.45,897.897,310.8641,BARISTAseq,L6,897.897,310.8641,22.565013,184.7624352,27.565013,189.7624352
2941,6349,27.14,898.6209,320.6495,BARISTAseq,L6,898.6209,320.6495,31.402665,189.0254488,36.402665,194.0254488
2942,6350,76.3,901.48514,325.7616,BARISTAseq,L6,901.48514,325.7616,37.261976,189.0991423,42.261976,194.0991423
2943,6351,96.76,900.09995,370.4393,BARISTAseq,L6,900.09995,370.4393,75.268748,212.6257798,80.268748,217.6257798
2944,6352,169.1,901.07163,379.6584,BARISTAseq,L6,901.07163,379.6584,83.73977,216.3912052,88.73977,221.3912052
2945,6353,50.47,900.27614,393.6002,BARISTAseq,L6,900.27614,393.6002,95.418332,224.0473655,100.418332,229.0473655
2946,6354,224.8,905.92973,402.607,BARISTAseq,L6,905.92973,402.607,106.045167,223.6513329,111.045167,228.6513329
2947,6356,238.4,892.89857,432.2568,BARISTAseq,L6,892.89857,432.2568,125.215159,249.755556,130.215159,254.755556
2948,6357,37.32,902.05841,477.686,BARISTAseq,L6,902.05841,477.686,169.142521,264.5238147,174.142521,269.5238147
2949,6358,118.2,907.13747,482.4973,BARISTAseq,L6,907.13747,482.4973,175.848171,262.5288085,180.848171,267.5288085
2950,6359,35.87,895.98891,499.6478,BARISTAseq,L6,895.98891,499.6478,185.132325,280.756089,190.132325,285.756089
2951,6360,199.0,899.38733,559.3678,BARISTAseq,L6,899.38733,559.3678,238.558937,307.6563263,243.558937,312.6563263
2952,6361,178.1,900.74512,590.5088,BARISTAseq,L6,900.74512,590.5088,266.211204,322.042333,271.211204,327.042333
2953,6362,149.1,903.48894,621.3193,BARISTAseq,L6,903.48894,621.3193,294.269892,335.0626566,299.269892,340.0626566
2954,6363,28.64,898.51681,628.2244,BARISTAseq,L6,898.51681,628.2244,297.766209,342.8200833,302.766209,347.8200833
2955,6364,116.8,896.54585,647.3918,BARISTAseq,L6,896.54585,647.3918,313.383726,354.1058368,318.383726,359.1058368
2956,6365,242.3,895.71461,684.0719,BARISTAseq,L6,895.71461,684.0719,344.739954,373.1560031,349.739954,378.1560031
2957,6366,19.0,899.57821,747.8652,BARISTAseq,L5,899.57821,747.8652,401.927203,401.6888444,406.927203,406.6888444
2958,6367,162.6,906.15702,753.4474,BARISTAseq,L5,906.15702,753.4474,410.050088,398.7800292,415.050088,403.7800292
2959,6368,67.6,902.58314,780.3035,BARISTAseq,L5,902.58314,780.3035,431.526322,415.2964323,436.526322,420.2964323
2960,6369,29.75,899.19896,785.4901,BARISTAseq,L5,899.19896,785.4901,434.327662,420.8196431,439.327662,425.8196431
2961,6370,256.5,899.37905,798.5529,BARISTAseq,L5,899.37905,798.5529,445.732409,427.1915269,450.732409,432.1915269
2962,6371,65.04,902.63244,857.036,BARISTAseq,L5,902.63244,857.036,498.015219,453.5992917,503.015219,458.5992917
2963,6372,19.23,898.07895,863.6273,BARISTAseq,L5,898.07895,863.6273,501.448929,460.8372942,506.448929,465.8372942
2964,6373,197.3,901.44823,937.1199,BARISTAseq,L5,901.44823,937.1199,566.790539,494.6453544,571.790539,499.6453544
2965,6374,40.08,901.82633,991.8081,BARISTAseq,L5,901.82633,991.8081,614.349435,521.6472297,619.349435,526.6472297
2966,6375,120.3,898.2154,1056.0331,BARISTAseq,L5,898.2154,1056.0331,668.175423,556.8701222,673.175423,561.8701222
2967,6376,51.77,901.59544,1109.653,BARISTAseq,L5,901.59544,1109.653,716.309067,580.737879,721.309067,585.737879
2968,6404,43.56,908.26247,417.654,BARISTAseq,L6,908.26247,417.654,120.244338,229.1501975,125.244338,234.1501975
2969,6405,72.91,907.32312,444.0949,BARISTAseq,L6,907.32312,444.0949,142.677528,243.177163,147.677528,248.177163
2970,6406,101.3,905.72589,453.0151,BARISTAseq,L6,905.72589,453.0151,149.605804,249.0183288,154.605804,254.0183288
2971,6407,66.54,901.89572,471.2712,BARISTAseq,L6,901.89572,471.2712,163.504899,261.4591038,168.504899,266.4591038
2972,6408,51.51,905.30686,506.7248,BARISTAseq,L6,905.30686,506.7248,195.918746,276.2216461,200.918746,281.2216461
2973,6409,109.5,908.43986,536.3949,BARISTAseq,L6,908.43986,536.3949,223.184057,288.3349365,228.184057,293.3349365
2974,6410,105.3,904.27175,574.1901,BARISTAseq,L6,904.27175,574.1901,253.838673,310.8327105,258.838673,315.8327105
2975,6411,49.11,906.59592,603.0496,BARISTAseq,L6,906.59592,603.0496,279.997692,323.2415282,284.997692,328.2415282
2976,6412,120.5,905.89646,612.6297,BARISTAseq,L6,905.89646,612.6297,287.946208,328.6348296,292.946208,333.6348296
2977,6413,92.92,905.74156,630.5006,BARISTAseq,L6,905.74156,630.5006,303.348251,337.6996372,308.348251,342.6996372
2978,6414,139.0,907.50775,650.775,BARISTAseq,L6,907.50775,650.775,321.792199,346.3015467,326.792199,351.3015467
2979,6416,76.45,904.80036,673.7538,BARISTAseq,L6,904.80036,673.7538,340.342975,360.1298045,345.342975,365.1298045
2980,6418,181.1,909.35858,715.9521,BARISTAseq,L6,909.35858,715.9521,379.172232,377.2693313,384.172232,382.2693313
2981,6419,60.2,908.99359,768.9665,BARISTAseq,L5,908.99359,768.9665,424.909934,404.0783959,429.909934,409.0783959
2982,6420,61.4,906.18399,773.628,BARISTAseq,L5,906.18399,773.628,427.54358,408.8415023,432.54358,413.8415023
2983,6421,50.64,908.61109,781.3956,BARISTAseq,L5,908.61109,781.3956,435.484586,410.6208742,440.484586,415.6208742
2984,6422,106.0,907.12259,865.4862,BARISTAseq,L5,907.12259,865.4862,507.578464,453.9328235,512.5784639999999,458.9328235
2985,6423,69.7,904.01737,882.639,BARISTAseq,L5,904.01737,882.639,520.884097,465.194265,525.884097,470.194265
2986,6424,143.1,906.49381,910.608,BARISTAseq,L5,906.49381,910.608,546.347914,477.0261933,551.347914,482.0261933
2987,6425,150.8,904.94588,972.137,BARISTAseq,L5,904.94588,972.137,598.869573,509.1148633,603.869573,514.1148633
2988,6426,41.75,909.22551,965.421,BARISTAseq,L5,909.22551,965.421,595.19096,502.0517369,600.19096,507.0517369
2989,6427,264.1,906.22311,1003.95,BARISTAseq,L5,906.22311,1003.95,627.063702,523.9064841,632.063702,528.9064841
2990,6428,117.3,918.62002,1003.9242,BARISTAseq,L5,918.62002,1003.9242,633.236471,513.1556264,638.236471,518.1556264
2991,6429,173.1,908.88639,1056.4583,BARISTAseq,L5,908.88639,1056.4583,673.876309,547.8395845,678.876309,552.8395845
2992,6430,174.4,904.79581,1078.3215,BARISTAseq,L5,904.79581,1078.3215,690.769598,562.3084639,695.769598,567.3084639
2993,6431,133.0,907.81836,1103.2984,BARISTAseq,L5,907.81836,1103.2984,713.914621,572.1721192,718.914621,577.1721192
2994,6432,20.51,906.20442,1124.9562,BARISTAseq,L5,906.20442,1124.9562,731.867677,584.3931573,736.867677,589.3931573
2995,6452,124.9,914.40055,300.3175,BARISTAseq,L6,914.40055,300.3175,21.67702,165.1968829,26.67702,170.1968829
2996,6453,148.6,907.45718,316.4402,BARISTAseq,L6,907.45718,316.4402,32.172368,179.2680961,37.172368,184.2680961
2997,6454,152.0,913.75532,375.5234,BARISTAseq,L6,913.75532,375.5234,86.496553,203.3384569,91.496553,208.3384569
2998,6455,43.47,909.7955,384.9644,BARISTAseq,L6,909.7955,384.9644,92.695339,211.4863444,97.695339,216.4863444
2999,6456,50.02,914.47621,441.8072,BARISTAseq,L6,914.47621,441.8072,144.270583,235.8380605,149.270583,240.8380605
3000,6457,75.13,910.99056,491.1388,BARISTAseq,L6,910.99056,491.1388,185.258793,263.5097601,190.258793,268.5097601
3001,6458,87.11,913.65848,501.7619,BARISTAseq,L6,913.65848,501.7619,195.793536,266.5075204,200.793536,271.5075204
3002,6459,219.3,914.91783,512.1944,BARISTAseq,L6,914.91783,512.1944,205.459291,270.6301252,210.459291,275.6301252
3003,6460,102.7,910.43113,522.8258,BARISTAseq,L6,910.43113,522.8258,212.42588,279.8292605,217.42588,284.8292605
3004,6461,74.78,914.65026,538.1677,BARISTAseq,L6,914.65026,538.1677,227.823154,283.8415303,232.823154,288.8415303
3005,6462,80.28,911.51633,561.9646,BARISTAseq,L6,911.51633,561.9646,246.869494,298.4481301,251.869494,303.4481301
3006,6463,93.29,912.84627,574.8803,BARISTAseq,L6,912.84627,574.8803,258.721435,303.7505254,263.721435,308.7505254
3007,6464,190.0,914.42128,591.1531,BARISTAseq,L6,914.42128,591.1531,273.603663,310.5182638,278.603663,315.5182638
3008,6465,45.37,912.37725,603.9338,BARISTAseq,L6,912.37725,603.9338,283.652641,318.6756949,288.652641,323.6756949
3009,6466,90.99,912.16783,640.9648,BARISTAseq,L6,912.16783,640.9648,315.623496,337.3625721,320.623496,342.3625721
3010,6467,67.35,913.55922,662.1052,BARISTAseq,L6,913.55922,662.1052,334.630308,346.7219262,339.630308,351.7219262
3011,6468,109.0,910.70744,804.6083,BARISTAseq,L5,910.70744,804.6083,456.638668,420.4051777,461.638668,425.4051777
3012,6469,83.39,912.47269,820.9002,BARISTAseq,L5,912.47269,820.9002,471.632553,427.0177163,476.632553,432.0177163
3013,6470,68.04,915.82057,858.6936,BARISTAseq,L5,915.82057,858.6936,506.041476,443.0043238,511.041476,448.0043238
3014,6471,76.6,914.35714,916.7372,BARISTAseq,L5,914.35714,916.7372,555.586448,473.2780752,560.586448,478.2780752
3015,6472,184.4,916.52314,928.376,BARISTAseq,L5,916.52314,928.376,566.750195,477.218195,571.750195,482.218195
3016,6473,52.59,912.91595,938.5419,BARISTAseq,L5,912.91595,938.5419,573.753053,485.4228661,578.753053,490.4228661
3017,6474,63.9,911.90253,947.5334,BARISTAseq,L5,911.90253,947.5334,581.034851,490.7939759,586.034851,495.7939759
3018,6475,99.7,915.03567,971.0773,BARISTAseq,L5,915.03567,971.0773,602.993863,499.8457104,607.993863,504.8457104
3019,6476,73.71,909.90309,984.5339,BARISTAseq,L5,909.90309,984.5339,612.084812,511.0161257,617.084812,516.0161257
3020,6477,78.36,914.11505,1035.8044,BARISTAseq,L5,914.11505,1035.8044,658.599204,532.9892369,663.599204,537.9892369
3021,6478,65.24,908.94065,1070.0362,BARISTAseq,L5,908.94065,1070.0362,685.664318,554.5778572,690.664318,559.5778572
3022,6479,67.12,908.19605,1092.793,BARISTAseq,L5,908.19605,1092.793,705.003776,566.5951081,710.003776,571.5951081
3023,6480,66.21,910.72319,1131.0365,BARISTAseq,L5,910.72319,1131.0365,739.392405,583.5175475,744.392405,588.5175475
3024,6501,62.15,919.84822,287.6397,BARISTAseq,L6,919.84822,287.6397,13.418154,154.1427667,18.418154,159.1427667
3025,6502,44.81,920.17467,312.9377,BARISTAseq,L6,920.17467,312.9377,35.49389,166.5021474,40.49389,171.5021474
3026,6503,170.1,917.56573,336.6133,BARISTAseq,L6,917.56573,336.6133,54.697527,180.593396,59.697527,185.593396
3027,6504,131.2,919.09927,355.3643,BARISTAseq,L6,919.09927,355.3643,71.705629,188.635506,76.705629,193.635506
3028,6505,75.8,916.54973,387.0164,BARISTAseq,L6,916.54973,387.0164,97.847995,206.6613806,102.847995,211.6613806
3029,6506,147.3,918.65096,409.2195,BARISTAseq,L6,918.65096,409.2195,118.129979,215.9369136,123.129979,220.9369136
3030,6507,43.98,920.22886,461.2794,BARISTAseq,L6,920.22886,461.2794,164.011767,240.5860465,169.011767,245.5860465
3031,6508,69.97,921.22333,501.8032,BARISTAseq,L6,921.22333,501.8032,199.609707,259.9756452,204.609707,264.9756452
3032,6509,48.04,920.88285,558.2415,BARISTAseq,L6,920.88285,558.2415,248.325366,288.4744916,253.325366,293.4744916
3033,6510,34.36,918.39705,568.9244,BARISTAseq,L6,918.39705,568.9244,256.336435,295.9662061,261.336435,300.9662061
3034,6511,190.5,920.72629,603.7383,BARISTAseq,L6,920.72629,603.7383,287.655579,311.3462244,292.655579,316.3462244
3035,6512,118.8,924.32018,671.4887,BARISTAseq,L6,924.32018,671.4887,348.135638,342.0901719,353.135638,347.0901719
3036,6513,36.14,921.51247,703.8462,BARISTAseq,L6,921.51247,703.8462,374.760038,360.6922031,379.760038,365.6922031
3037,6514,100.6,919.96417,726.9192,BARISTAseq,L6,919.96417,726.9192,393.971654,373.5635512,398.971654,378.5635512
3038,6515,21.45,917.92477,741.3653,BARISTAseq,L6,917.92477,741.3653,405.465437,382.5491957,410.465437,387.5491957
3039,6517,27.46,923.13543,746.5917,BARISTAseq,L6,923.13543,746.5917,412.596396,380.6476191,417.596396,385.6476191
3040,6518,86.79,920.78564,760.2327,BARISTAseq,L5,920.78564,760.2327,423.237689,389.4997725,428.237689,394.4997725
3041,6519,47.15,919.49084,773.5653,BARISTAseq,L5,919.49084,773.5653,434.139119,397.2840257,439.139119,402.2840257
3042,6520,112.5,917.05581,794.0101,BARISTAseq,L5,917.05581,794.0101,450.63118,409.6101069,455.63118,414.6101069
3043,6521,150.6,914.25888,834.0916,BARISTAseq,L5,914.25888,834.0916,483.951304,432.0626842,488.951304,437.0626842
3044,6522,148.5,919.02832,842.9645,BARISTAseq,L5,919.02832,842.9645,494.020241,432.365521,499.020241,437.365521
3045,6523,70.86,918.7813,853.1664,BARISTAseq,L5,918.7813,853.1664,502.733453,437.6776662,507.733453,442.6776662
3046,6524,69.15,914.95941,873.8171,BARISTAseq,L5,914.95941,873.8171,518.710794,451.3079015,523.710794,456.3079015
3047,6525,28.29,916.34067,890.2718,BARISTAseq,L5,916.34067,890.2718,533.653798,458.3343909,538.653798,463.3343909
3048,6526,40.51,920.97902,939.0745,BARISTAseq,L5,920.97902,939.0745,578.243779,478.7049638,583.243779,483.7049638
3049,6527,94.1,918.71501,983.7791,BARISTAseq,L5,918.71501,983.7791,615.834642,503.0062362,620.834642,508.0062362
3050,6528,38.47,916.58959,1072.8597,BARISTAseq,L5,916.58959,1072.8597,691.932407,549.3634855,696.932407,554.3634855
3051,6529,52.69,917.91515,1089.9795,BARISTAseq,L5,917.91515,1089.9795,707.423694,556.7706111,712.423694,561.7706111
3052,6530,41.95,914.06094,1117.4428,BARISTAseq,L5,914.06094,1117.4428,729.285794,573.8332722,734.285794,578.8332722
3053,6551,81.64,927.70294,285.0043,BARISTAseq,L6,927.70294,285.0043,15.060619,146.0221377,20.060619000000003,151.0221377
3054,6552,110.3,922.60813,300.917,BARISTAseq,L6,922.60813,300.917,26.297883,158.3872294,31.297883,163.3872294
3055,6553,82.63,929.17815,384.2025,BARISTAseq,L6,929.17815,384.2025,101.721453,194.3166944,106.721453,199.3166944
3056,6554,104.2,922.61604,396.0127,BARISTAseq,L6,922.61604,396.0127,108.67193,205.9025756,113.67193,210.9025756
3057,6555,19.95,926.6077,411.4749,BARISTAseq,L6,926.6077,411.4749,124.059766,210.1720182,129.059766,215.1720182
3058,6556,56.5,923.83146,414.8556,BARISTAseq,L6,923.83146,414.8556,125.600657,214.2661564,130.600657,219.2661564
3059,6557,41.66,924.99402,422.8301,BARISTAseq,L6,924.99402,422.8301,133.089023,217.2442898,138.089023,222.2442898
3060,6558,65.72,920.96384,453.5292,BARISTAseq,L6,920.96384,453.5292,157.665958,236.0764068,162.665958,241.0764068
3061,6559,84.86,927.63632,456.378,BARISTAseq,L6,927.63632,456.378,163.467981,231.7204618,168.467981,236.7204618
3062,6560,67.84,929.25049,506.5338,BARISTAseq,L6,929.25049,506.5338,207.71867,255.3866859,212.71867,260.3866859
3063,6562,88.67,928.53172,558.3666,BARISTAseq,L6,928.53172,558.3666,252.256062,281.9116898,257.256062,286.9116898
3064,6564,89.29,926.50488,619.5086,BARISTAseq,L6,926.50488,619.5086,304.203273,314.2218289,309.203273,319.2218289
3065,6565,31.5,920.84435,664.8139,BARISTAseq,L6,920.84435,664.8139,340.617096,341.7652732,345.617096,346.7652732
3066,6566,53.84,923.30286,679.5879,BARISTAseq,L6,923.30286,679.5879,354.64265,347.0187833,359.64265,352.0187833
3067,6569,48.43,924.52685,765.7544,BARISTAseq,L5,924.52685,765.7544,429.890115,389.0185927,434.890115,394.0185927
3068,6570,83.3,924.81138,779.8344,BARISTAseq,L5,924.81138,779.8344,442.228142,395.8083429,447.228142,400.8083429
3069,6571,120.1,929.99488,772.1349,BARISTAseq,L5,929.99488,772.1349,438.149348,387.4708341,443.149348,392.4708341
3070,6574,135.3,923.86615,889.524,BARISTAseq,L5,923.86615,889.524,536.766852,451.4423061,541.766852,456.4423061
3071,6575,63.48,928.05985,901.4251,BARISTAseq,L5,928.05985,901.4251,549.171037,453.7571164,554.171037,458.7571164
3072,6576,119.3,921.87455,948.9207,BARISTAseq,L5,921.87455,948.9207,587.219866,482.8497095,592.219866,487.8497095
3073,6577,72.31,922.97218,960.0775,BARISTAseq,L5,922.97218,960.0775,597.432181,487.4743385,602.432181,492.4743385
3074,6578,30.41,926.85189,1009.8491,BARISTAseq,L5,926.85189,1009.8491,642.482242,508.9862075,647.482242,513.9862075
3075,6579,140.6,923.89013,1082.5994,BARISTAseq,L5,923.89013,1082.5994,704.017053,547.9071232,709.017053,552.9071232
3076,6580,106.0,925.88079,1115.4983,BARISTAseq,L5,925.88079,1115.4983,733.508239,562.6234164,738.508239,567.6234164
3077,6608,104.0,938.67844,281.0142,BARISTAseq,L6,938.67844,281.0142,17.089279,134.521406,22.089279,139.521406
3078,6609,42.86,933.52266,314.3755,BARISTAseq,L6,933.52266,314.3755,43.409721,155.6589063,48.409721,160.6589063
3079,6610,21.45,929.62727,321.6335,BARISTAseq,L6,929.62727,321.6335,47.749809,162.6600496,52.749809,167.6600496
3080,6612,131.0,926.86877,368.9802,BARISTAseq,L6,926.86877,368.9802,87.382114,188.7099905,92.382114,193.7099905
3081,6613,125.6,930.94789,403.6853,BARISTAseq,L6,930.94789,403.6853,119.481507,202.5199345,124.481507,207.5199345
3082,6614,104.3,933.43765,420.1966,BARISTAseq,L6,933.43765,420.1966,135.027472,208.6145372,140.027472,213.6145372
3083,6615,190.5,938.51546,462.5851,BARISTAseq,L6,938.51546,462.5851,174.281105,225.3990417,179.281105,230.3990417
3084,6616,71.21,929.60615,465.7732,BARISTAseq,L6,929.60615,465.7732,172.59031,234.7092922,177.59031,239.7092922
3085,6617,23.61,929.37967,474.6369,BARISTAseq,L6,929.37967,474.6369,180.15474,239.3349558,185.15474,244.3349558
3086,6618,158.1,925.55309,486.8554,BARISTAseq,L6,925.55309,486.8554,188.825888,248.7553993,193.825888,253.7553993
3087,6619,80.39,933.31408,501.303,BARISTAseq,L6,933.31408,501.303,205.218519,249.2528785,210.218519,254.2528785
3088,6620,45.71,929.48139,524.8823,BARISTAseq,L6,929.48139,524.8823,223.727173,264.3559805,228.727173,269.3559805
3089,6621,61.48,934.27262,521.6672,BARISTAseq,L6,934.27262,521.6672,223.3366,258.5992041,228.3366,263.5992041
3090,6622,62.01,928.71055,531.5016,BARISTAseq,L6,928.71055,531.5016,229.07551,268.3315504,234.07551,273.3315504
3091,6623,140.0,931.00876,539.6601,BARISTAseq,L6,931.00876,539.6601,237.290672,270.4179061,242.290672,275.4179061
3092,6624,97.29,930.5954,552.1937,BARISTAseq,L6,930.5954,552.1937,247.940483,277.0393778,252.940483,282.0393778
3093,6625,72.68,929.76829,572.4418,BARISTAseq,L6,929.76829,572.4418,265.065659,287.8743745,270.065659,292.8743745
3094,6626,22.15,933.96038,613.0199,BARISTAseq,L6,933.96038,613.0199,302.308548,304.5213681,307.308548,309.5213681
3095,6627,48.95,931.74527,677.8101,BARISTAseq,L6,931.74527,677.8101,357.321681,338.8177076,362.321681,343.8177076
3096,6628,138.2,927.70836,688.1357,BARISTAseq,L6,927.70836,688.1357,364.248156,347.4744184,369.248156,352.4744184
3097,6629,33.69,934.33179,694.8807,BARISTAseq,L6,934.33179,694.8807,373.400489,345.1080149,378.400489,350.1080149
3098,6630,53.3,927.79469,699.4408,BARISTAseq,L6,927.79469,699.4408,374.083559,353.0491307,379.083559,358.0491307
3099,6632,52.56,936.72955,755.067,BARISTAseq,L6,936.72955,755.067,426.730934,373.1080203,431.730934,378.1080203
3100,6633,68.75,933.09216,764.1574,BARISTAseq,L6,933.09216,764.1574,432.787127,380.8013865,437.787127,385.8013865
3101,6634,107.2,926.55019,797.4974,BARISTAseq,L5,926.55019,797.4974,458.396372,403.1289191,463.396372,408.1289191
3102,6635,64.09,933.93706,802.3434,BARISTAseq,L5,933.93706,802.3434,466.285328,399.1522432,471.285328,404.1522432
3103,6636,44.31,929.44093,870.1537,BARISTAseq,L5,929.44093,870.1537,522.774526,436.9335914,527.774526,441.9335914
3104,6637,118.8,936.06265,929.8516,BARISTAseq,L5,936.06265,929.8516,577.792742,461.0308043,582.792742,466.0308043
3105,6638,123.4,931.98306,947.7134,BARISTAseq,L5,931.98306,947.7134,591.225664,473.4905882,596.225664,478.4905882
3106,6639,110.2,931.26374,986.4951,BARISTAseq,L5,931.26374,986.4951,624.458119,493.4940095,629.458119,498.4940095
3107,6640,57.3,933.33694,1003.9379,BARISTAseq,L5,933.33694,1003.9379,640.602784,500.41493,645.602784,505.41493
3108,6641,86.59,931.34282,1036.4928,BARISTAseq,L5,931.34282,1036.4928,667.804742,518.4108901,672.804742,523.4108901
3109,6642,150.2,933.19972,1042.9322,BARISTAseq,L5,933.19972,1042.9322,674.310325,520.0204121,679.310325,525.0204121
3110,6643,36.95,927.23674,1073.0377,BARISTAseq,L5,927.23674,1073.0377,697.407336,540.2301062,702.407336,545.2301062
3111,6644,86.23,934.94983,1109.4457,BARISTAseq,L5,934.94983,1109.4457,732.797681,551.7433273,737.797681,556.7433273
3112,6662,68.74,930.94453,325.7917,BARISTAseq,L6,930.94453,325.7917,52.009874,163.5970714,57.009874,168.5970714
3113,6663,36.68,936.77582,338.012,BARISTAseq,L6,936.77582,338.012,65.50894,164.6529692,70.50894,169.6529692
3114,6664,58.91,935.83148,358.4079,BARISTAseq,L6,935.83148,358.4079,82.70349,175.6633443,87.70349,180.6633443
3115,6665,130.7,945.30384,370.1668,BARISTAseq,L6,945.30384,370.1668,97.622462,173.3348426,102.622462,178.3348426
3116,6666,91.91,937.02932,375.824,BARISTAseq,L6,937.02932,375.824,98.387633,183.3291716,103.387633,188.3291716
3117,6667,115.1,937.6288,388.1495,BARISTAseq,L6,937.6288,388.1495,109.363298,188.9693287,114.363298,193.9693287
3118,6668,56.23,932.60481,427.7162,BARISTAseq,L6,932.60481,427.7162,141.124611,213.0937044,146.124611,218.0937044
3119,6669,59.52,935.80293,438.1408,BARISTAseq,L6,935.80293,438.1408,151.752409,215.5330408,156.752409,220.5330408
3120,6670,28.76,939.93648,441.5101,BARISTAseq,L6,939.93648,441.5101,156.736459,213.6363616,161.736459,218.6363616
3121,6671,69.69,938.7079,476.4374,BARISTAseq,L6,938.7079,476.4374,186.375862,232.154757,191.375862,237.154757
3122,6672,39.12,939.43373,485.9068,BARISTAseq,L6,939.43373,485.9068,194.940782,236.2581964,199.940782,241.2581964
3123,6673,34.24,939.4964,538.0925,BARISTAseq,L6,939.4964,538.0925,240.174394,262.2827012,245.174394,267.2827012
3124,6674,142.8,941.16322,557.5234,BARISTAseq,L6,941.16322,557.5234,257.838048,270.5491469,262.838048,275.5491469
3125,6675,50.13,935.08803,568.9205,BARISTAseq,L6,935.08803,568.9205,264.674056,281.5068421,269.674056,286.5068421
3126,6676,178.9,937.97392,597.966,BARISTAseq,L6,937.97392,597.966,291.274829,293.5220249,296.274829,298.5220249
3127,6678,109.4,934.81199,652.1588,BARISTAseq,L6,934.81199,652.1588,336.635568,323.3426556,341.635568,328.3426556
3128,6680,39.99,935.10697,666.2975,BARISTAseq,L6,935.10697,666.2975,349.02964,330.1526798,354.02964,335.1526798
3129,6681,89.34,939.31173,671.5436,BARISTAseq,L6,939.31173,671.5436,355.674962,329.1322335,360.674962,334.1322335
3130,6682,81.65,935.84121,709.6276,BARISTAseq,L6,935.84121,709.6276,386.928285,351.1700561,391.928285,356.1700561
3131,6683,114.3,938.73704,734.845,BARISTAseq,L6,938.73704,734.845,410.218259,361.2636445,415.218259,366.2636445
3132,6684,66.79,937.27836,815.618,BARISTAseq,L5,937.27836,815.618,479.453325,402.8918133,484.453325,407.8918133
3133,6685,105.6,938.65138,856.0672,BARISTAseq,L5,938.65138,856.0672,515.175754,421.9161933,520.175754,426.9161933
3134,6686,46.58,940.18866,917.459,BARISTAseq,L5,940.18866,917.459,569.120407,451.2639849,574.120407,456.2639849
3135,6687,43.53,935.51932,963.1702,BARISTAseq,L5,935.51932,963.1702,606.381167,478.1517415,611.381167,483.1517415
3136,6688,126.2,935.56041,972.7107,BARISTAseq,L5,935.56041,972.7107,614.665564,482.8838617,619.665564,487.8838617
3137,6689,45.48,937.37116,991.3326,BARISTAseq,L5,937.37116,991.3326,631.700347,490.6213228,636.700347,495.6213228
3138,6690,98.95,938.07494,1013.1028,BARISTAseq,L5,938.07494,1013.1028,650.908963,500.8909381,655.908963,505.8909381
3139,6691,138.8,933.05253,1021.4141,BARISTAseq,L5,933.05253,1021.4141,655.598269,509.394708,660.598269,514.394708
3140,6692,125.6,938.39433,1061.1259,BARISTAseq,L5,938.39433,1061.1259,692.665314,524.6129063,697.665314,529.6129063
3141,6693,81.25,940.80048,1097.1794,BARISTAseq,L5,940.80048,1097.1794,725.096595,540.545773,730.096595,545.545773
3142,6715,39.72,943.17777,284.9442,BARISTAseq,L6,943.17777,284.9442,22.741792,132.588097,27.741792,137.588097
3143,6716,53.08,943.85013,298.6161,BARISTAseq,L6,943.85013,298.6161,34.920122,138.8379659,39.920122,143.8379659
3144,6717,23.19,943.79135,304.5989,BARISTAseq,L6,943.79135,304.5989,40.072997,141.8787038,45.072997,146.8787038
3145,6718,29.69,940.1625,322.4595,BARISTAseq,L6,940.1625,322.4595,53.730016,153.9473943,58.730016,158.9473943
3146,6719,35.47,933.62157,329.1672,BARISTAseq,L6,933.62157,329.1672,56.271442,162.9650928,61.271442,167.9650928
3147,6720,97.78,941.59201,359.4783,BARISTAseq,L6,941.59201,359.4783,86.509443,171.2086346,91.509443,176.2086346
3148,6721,196.4,943.02034,401.5002,BARISTAseq,L6,943.02034,401.5002,123.621783,190.9710509,128.621783,195.9710509
3149,6722,126.1,943.63741,429.3711,BARISTAseq,L6,943.63741,429.3711,148.071343,204.3644527,153.071343,209.3644527
3150,6723,109.9,945.31641,451.7777,BARISTAseq,L6,945.31641,451.7777,168.31862,214.1074271,173.31862,219.1074271
3151,6724,116.2,947.69427,483.6873,BARISTAseq,L6,947.69427,483.6873,197.14636,227.9939368,202.14636,232.9939368
3152,6725,106.9,939.68789,493.6053,BARISTAseq,L6,939.68789,493.6053,201.736168,239.8852629,206.736168,244.8852629
3153,6726,22.26,942.21512,529.9502,BARISTAseq,L6,942.21512,529.9502,234.480282,255.8588303,239.480282,260.8588303
3154,6727,63.26,940.15328,544.2616,BARISTAseq,L6,940.15328,544.2616,245.846266,264.796637,250.846266,269.796637
3155,6729,47.34,942.0821,608.2432,BARISTAseq,L6,942.0821,608.2432,302.22974,295.0994361,307.22974,300.0994361
3156,6730,20.5,944.80304,619.2439,BARISTAseq,L6,944.80304,619.2439,313.118114,298.2400078,318.118114,303.2400078
3157,6731,161.4,938.02025,623.6343,BARISTAseq,L6,938.02025,623.6343,313.531386,306.3091266,318.531386,311.3091266
3158,6732,31.59,947.74492,626.0826,BARISTAseq,L6,947.74492,626.0826,320.511781,299.1092945,325.511781,304.1092945
3159,6733,112.8,945.14355,633.4853,BARISTAseq,L6,945.14355,633.4853,325.623863,305.0618955,330.623863,310.0618955
3160,6735,24.41,943.88481,702.6627,BARISTAseq,L6,943.88481,702.6627,384.914979,340.7222339,389.914979,345.7222339
3161,6736,34.82,939.12652,720.6496,BARISTAseq,L6,939.12652,720.6496,398.117088,353.8324064,403.117088,358.8324064
3162,6737,101.1,945.29441,711.7854,BARISTAseq,L6,945.29441,711.7854,393.521336,344.0601711,398.521336,349.0601711
3163,6738,85.61,944.05302,724.9574,BARISTAseq,L6,944.05302,724.9574,404.310346,351.7179068,409.310346,356.7179068
3164,6739,121.9,943.66899,760.9094,BARISTAseq,L6,943.66899,760.9094,435.259344,370.0168218,440.259344,375.0168218
3165,6740,23.55,940.89348,772.268,BARISTAseq,L6,940.89348,772.268,443.710956,378.0971634,448.710956,383.0971634
3166,6741,61.9,944.53383,781.3442,BARISTAseq,L6,944.53383,781.3442,453.391792,379.4796124,458.391792,384.4796124
3167,6742,167.4,941.76348,795.2814,BARISTAseq,L5,941.76348,795.2814,464.079489,388.8440744,469.079489,393.8440744
3168,6745,200.9,949.99357,915.1543,BARISTAseq,L5,949.99357,915.1543,572.023969,441.6194505,577.023969,446.6194505
3169,6746,77.14,945.81559,930.4857,BARISTAseq,L5,945.81559,930.4857,583.215831,452.8998753,588.215831,457.8998753
3170,6747,27.12,944.23771,966.5953,BARISTAseq,L5,944.23771,966.5953,613.704774,472.3116683,618.704774,477.3116683
3171,6748,65.66,946.67069,971.5956,BARISTAseq,L5,946.67069,971.5956,619.251843,472.7031028,624.251843,477.7031028
3172,6749,133.0,946.16598,982.7821,BARISTAseq,L5,946.16598,982.7821,628.68915,478.7305018,633.68915,483.7305018
3173,6750,106.5,944.11089,1003.4916,BARISTAseq,L5,944.11089,1003.4916,645.600321,490.8597348,650.600321,495.8597348
3174,6751,102.6,945.59292,1019.9005,BARISTAseq,L5,945.59292,1019.9005,660.554039,497.7760634,665.554039,502.7760634
3175,6752,69.88,942.37161,1029.4961,BARISTAseq,L5,942.37161,1029.4961,667.255735,505.3614918,672.255735,510.3614918
3176,6753,98.24,943.38216,1036.038,BARISTAseq,L5,943.38216,1036.038,673.427196,507.7553534,678.427196,512.7553534
3177,6781,78.47,946.01668,270.8814,BARISTAseq,L6,946.01668,270.8814,11.979589,123.1014951,16.979589,128.1014951
3178,6782,49.01,950.27824,275.8383,BARISTAseq,L6,950.27824,275.8383,18.402794,121.8873246,23.402794,126.8873246
3179,6783,47.02,945.77739,289.0499,BARISTAseq,L6,945.77739,289.0499,27.597246,132.3881344,32.597246,137.3881344
3180,6784,13.86,948.32752,283.875,BARISTAseq,L6,948.32752,283.875,24.389228,127.5932049,29.389228,132.5932049
3181,6785,39.83,954.00064,302.4154,BARISTAseq,L6,954.00064,302.4154,43.283553,131.9444294,48.283553,136.9444294
3182,6786,50.99,949.45271,317.6346,BARISTAseq,L6,949.45271,317.6346,54.19339,143.4892485,59.19339,148.4892485
3183,6787,155.0,946.1084,333.3671,BARISTAseq,L6,946.1084,333.3671,66.149317,154.248023,71.149317,159.248023
3184,6788,161.0,944.70698,346.3283,BARISTAseq,L6,944.70698,346.3283,76.675753,161.9390271,81.675753,166.9390271
3185,6789,15.47,947.65936,339.3169,BARISTAseq,L6,947.65936,339.3169,72.078013,155.8779259,77.078013,160.8779259
3186,6790,18.78,953.13059,340.6047,BARISTAseq,L6,953.13059,340.6047,75.927647,151.7824158,80.927647,156.7824158
3187,6791,61.17,949.16179,353.9635,BARISTAseq,L6,949.16179,353.9635,85.515394,161.895871,90.515394,166.895871
3188,6792,42.46,948.64536,361.0906,BARISTAseq,L6,948.64536,361.0906,91.430751,165.9048666,96.430751,170.9048666
3189,6793,51.73,955.18602,374.1328,BARISTAseq,L6,955.18602,374.1328,105.996149,166.7570132,110.996149,171.7570132
3190,6794,36.51,947.79582,418.607,BARISTAseq,L6,947.79582,418.607,140.825793,195.3833897,145.825793,200.3833897
3191,6795,83.76,951.90511,426.8404,BARISTAseq,L6,951.90511,426.8404,150.010906,195.9384559,155.010906,200.9384559
3192,6796,86.87,952.36371,460.1027,BARISTAseq,L6,952.36371,460.1027,179.051257,212.1633961,184.051257,217.1633961
3193,6797,68.63,950.40655,495.5049,BARISTAseq,L6,950.40655,495.5049,208.737983,231.5502419,213.737983,236.5502419
3194,6799,40.53,947.23797,531.9611,BARISTAseq,L6,947.23797,531.9611,238.73216,252.513035,243.73216,257.513035
3195,6800,44.78,948.28443,568.0736,BARISTAseq,L6,948.28443,568.0736,270.535123,269.6531489,275.535123,274.6531489
3196,6801,45.38,947.44838,601.6587,BARISTAseq,L6,947.44838,601.6587,299.208081,287.160799,304.208081,292.160799
3197,6802,39.08,946.56777,642.3811,BARISTAseq,L6,946.56777,642.3811,334.040993,308.27379,339.040993,313.27379
3198,6803,58.55,951.84616,656.1311,BARISTAseq,L6,951.84616,656.1311,348.588725,310.5730235,353.588725,315.5730235
3199,6804,74.56,948.15027,679.8252,BARISTAseq,L6,948.15027,679.8252,367.265173,325.6149983,372.265173,330.6149983
3200,6805,23.77,952.96629,715.1573,BARISTAseq,L6,952.96629,715.1573,400.275891,339.0999725,405.275891,344.0999725
3201,6806,44.89,949.33622,745.4314,BARISTAseq,L6,949.33622,745.4314,424.684725,357.3731792,429.684725,362.3731792
3202,6808,63.87,948.52967,802.0856,BARISTAseq,L5,948.52967,802.0856,473.354473,386.3836214,478.354473,391.3836214
3203,6809,183.7,948.92206,835.1285,BARISTAseq,L5,948.92206,835.1285,502.171673,402.5562611,507.171673,407.5562611
3204,6810,51.59,948.0954,963.0974,BARISTAseq,L5,948.0954,963.0974,612.602793,467.2222173,617.602793,472.2222173
3205,6811,113.1,954.71856,1068.7487,BARISTAseq,L5,954.71856,1068.7487,707.425773,514.2825308,712.425773,519.2825308
3206,6830,147.1,959.31881,294.7297,BARISTAseq,L6,959.31881,294.7297,39.284029,123.4971726,44.284029,128.4971726
3207,6831,58.77,955.88146,325.0599,BARISTAseq,L6,955.88146,325.0599,63.837696,141.6314411,68.837696,146.6314411
3208,6832,172.2,951.61315,389.7237,BARISTAseq,L6,951.61315,389.7237,117.715292,177.6430531,122.715292,182.6430531
3209,6833,27.4,958.27033,431.2331,BARISTAseq,L6,958.27033,431.2331,156.996696,192.620196,161.996696,197.620196
3210,6834,102.5,956.19633,437.5983,BARISTAseq,L6,956.19633,437.5983,161.473668,197.5975456,166.473668,202.5975456
3211,6835,103.6,954.18354,473.4491,BARISTAseq,L6,954.18354,473.4491,191.521091,217.2567052,196.521091,222.2567052
3212,6836,81.73,956.33708,487.6515,BARISTAseq,L6,956.33708,487.6515,204.899183,222.488749,209.899183,227.488749
3213,6837,32.81,952.38502,503.3399,BARISTAseq,L6,952.38502,503.3399,216.513216,233.7519107,221.513216,238.7519107
3214,6838,23.51,959.22707,504.572,BARISTAseq,L6,959.22707,504.572,220.999625,228.4411825,225.999625,233.4411825
3215,6839,106.5,954.9218,509.8872,BARISTAseq,L6,954.9218,509.8872,223.452032,234.8264646,228.452032,239.8264646
3216,6840,157.0,951.72287,540.5864,BARISTAseq,L6,951.72287,540.5864,248.444531,252.9386571,253.444531,257.9386571
3217,6841,100.8,956.51689,564.0987,BARISTAseq,L6,956.51689,564.0987,271.206173,260.5359875,276.206173,265.5359875
3218,6842,14.11,956.0793,569.1953,BARISTAseq,L6,956.0793,569.1953,275.402042,263.461921,280.402042,268.461921
3219,6843,23.82,953.04284,591.638,BARISTAseq,L6,953.04284,591.638,293.324069,277.3073422,298.324069,282.3073422
3220,6844,67.76,958.58414,595.5459,BARISTAseq,L6,958.58414,595.5459,299.47814,274.4604516,304.47814,279.4604516
3221,6845,110.5,954.1988,637.1623,BARISTAseq,L6,954.1988,637.1623,333.334007,299.055925,338.334007,304.055925
3222,6846,36.76,959.09511,681.6894,BARISTAseq,L6,959.09511,681.6894,374.349349,317.0663657,379.349349,322.0663657
3223,6847,32.76,953.8821,685.8128,BARISTAseq,L6,953.8821,685.8128,375.315939,323.6424096,380.315939,328.6424096
3224,6848,174.2,953.58012,689.7794,BARISTAseq,L6,953.58012,689.7794,378.600782,325.8861758,383.600782,330.8861758
3225,6849,53.76,953.77305,730.1084,BARISTAseq,L6,953.77305,730.1084,413.629462,345.8727161,418.629462,350.8727161
3226,6850,176.3,952.81352,752.3039,BARISTAseq,L6,952.81352,752.3039,432.375239,357.7955807,437.375239,362.7955807
3227,6852,139.4,958.07332,814.8854,BARISTAseq,L5,958.07332,814.8854,489.21062,384.5135079,494.21062,389.5135079
3228,6853,27.69,960.49667,884.4287,BARISTAseq,L5,960.49667,884.4287,550.658743,417.1673479,555.658743,422.1673479
3229,6854,29.09,954.9187,970.3864,BARISTAseq,L5,954.9187,970.3864,622.326172,464.9545196,627.326172,469.9545196
3230,6855,40.55,958.26884,981.3437,BARISTAseq,L5,958.26884,981.3437,633.491359,467.5283943,638.491359,472.5283943
3231,6856,108.8,956.30561,996.0291,BARISTAseq,L5,956.30561,996.0291,645.230539,476.5676784,650.230539,481.5676784
3232,6857,63.23,951.47175,1012.0332,BARISTAseq,L5,951.47175,1012.0332,656.67735,488.752398,661.67735,493.752398
3233,6858,143.1,957.87714,1020.9811,BARISTAseq,L5,957.87714,1020.9811,667.628824,487.6757148,672.628824,492.6757148
3234,6859,47.72,957.49534,1030.9778,BARISTAseq,L5,957.49534,1030.9778,676.096951,493.0020569,681.096951,498.0020569
3235,6860,252.3,956.5964,1052.2515,BARISTAseq,L5,956.5964,1052.2515,694.074616,504.4118189,699.074616,509.4118189
3236,6861,89.8,953.59828,1079.4643,BARISTAseq,L5,953.59828,1079.4643,716.147559,520.607789,721.147559,525.607789
3237,6878,144.8,963.34601,309.977,BARISTAseq,L6,963.34601,309.977,54.503427,127.6284043,59.503427,132.6284043
3238,6879,142.7,959.81592,353.1228,BARISTAseq,L6,959.81592,353.1228,90.111417,152.2473696,95.111417,157.2473696
3239,6880,200.3,960.80059,365.9827,BARISTAseq,L6,960.80059,365.9827,101.74251,157.8209586,106.74251,162.8209586
3240,6881,68.0,963.29,402.6817,BARISTAseq,L6,963.29,402.6817,134.774546,174.0042887,139.774546,179.0042887
3241,6882,142.1,963.725,428.7275,BARISTAseq,L6,963.725,428.7275,157.552269,186.6433514,162.552269,191.6433514
3242,6883,122.3,957.77363,452.9705,BARISTAseq,L6,957.77363,452.9705,175.576982,203.9132526,180.576982,208.9132526
3243,6884,111.2,964.88965,476.5957,BARISTAseq,L6,964.88965,476.5957,199.596822,209.5557466,204.596822,214.5557466
3244,6885,96.99,964.57061,491.3608,BARISTAseq,L6,964.57061,491.3608,212.22662,217.2106479,217.22662,222.2106479
3245,6886,43.8,963.3498,509.7598,BARISTAseq,L6,963.3498,509.7598,227.553389,227.4626175,232.553389,232.4626175
3246,6887,174.4,960.57958,521.8666,BARISTAseq,L6,960.57958,521.8666,236.655764,235.9122914,241.655764,240.9122914
3247,6888,172.6,958.10797,574.8547,BARISTAseq,L6,958.10797,574.8547,281.317855,264.5328743,286.317855,269.5328743
3248,6889,22.1,960.827,599.9868,BARISTAseq,L6,960.827,599.9868,304.445606,274.7369885,309.445606,279.7369885
3249,6890,52.85,965.29262,600.3916,BARISTAseq,L6,965.29262,600.3916,307.027882,271.0712612,312.027882,276.0712612
3250,6892,53.72,959.22892,702.6074,BARISTAseq,L6,959.22892,702.6074,392.535055,327.4038515,397.535055,332.4038515
3251,6893,90.68,967.19856,748.0386,BARISTAseq,L6,967.19856,748.0386,435.869335,343.2040192,440.869335,348.2040192
3252,6894,154.3,962.70238,757.2406,BARISTAseq,L6,962.70238,757.2406,441.59303,351.6970361,446.59303,356.6970361
3253,6895,38.39,964.81337,779.6578,BARISTAseq,L6,964.81337,779.6578,462.065382,361.0711315,467.065382,366.0711315
3254,6896,13.64,963.72548,785.8843,BARISTAseq,L6,963.72548,785.8843,466.914966,365.1249882,471.914966,370.1249882
3255,6897,155.5,957.76892,789.9236,BARISTAseq,L6,957.76892,789.9236,467.437082,372.3030119,472.437082,377.3030119
3256,6898,61.04,964.27925,809.0973,BARISTAseq,L6,964.27925,809.0973,487.298371,376.2455662,492.298371,381.2455662
3257,6899,115.3,962.00818,835.9911,BARISTAseq,L5,962.00818,835.9911,509.458339,391.6523531,514.458339,396.6523531
3258,6901,181.5,958.04673,900.7923,BARISTAseq,L5,958.04673,900.7923,563.608258,427.466814,568.608258,432.466814
3259,6902,70.41,962.21614,909.2212,BARISTAseq,L5,962.21614,909.2212,572.992767,428.0675111,577.992767,433.0675111
3260,6903,46.53,960.80293,1013.0855,BARISTAseq,L5,960.80293,1013.0855,662.251907,481.1957795,667.251907,486.1957795
3261,6904,23.84,964.03512,1057.2738,BARISTAseq,L5,964.03512,1057.2738,702.142208,500.4783555,707.142208,505.4783555
3262,6905,111.3,965.44299,1068.9269,BARISTAseq,L5,965.44299,1068.9269,712.939447,505.0822816,717.939447,510.0822816
3263,6906,58.68,959.28647,1083.0759,BARISTAseq,L5,959.28647,1083.0759,722.118449,517.4856288,727.118449,522.4856288
3264,6907,28.48,960.08916,1090.8248,BARISTAseq,L5,960.08916,1090.8248,729.231496,520.6626937,734.231496,525.6626937
3265,6929,88.08,967.3356,261.2395,BARISTAseq,L6,967.3356,261.2395,14.281642,99.8170937,19.281641999999998,104.8170937
3266,6930,188.3,970.83466,272.1806,BARISTAseq,L6,970.83466,272.1806,25.507203,102.2538699,30.507203,107.2538699
3267,6931,107.9,969.27005,288.8631,BARISTAseq,L6,969.27005,288.8631,39.175392,111.9458584,44.175392,116.9458584
3268,6932,58.13,975.05877,282.5283,BARISTAseq,L6,975.05877,282.5283,36.581113,103.7660898,41.581113,108.7660898
3269,6933,38.5,968.39682,300.736,BARISTAseq,L6,968.39682,300.736,49.023083,118.6354748,54.023083,123.6354748
3270,6934,41.81,963.61943,340.1063,BARISTAseq,L6,963.61943,340.1063,80.737521,142.4481082,85.737521,147.4481082
3271,6935,51.06,967.8385,345.8895,BARISTAseq,L6,967.8385,345.8895,87.855204,141.6836638,92.855204,146.6836638
3272,6936,161.1,970.27554,393.0596,BARISTAseq,L6,970.27554,393.0596,129.930896,163.1450652,134.930896,168.1450652
3273,6937,132.7,974.15396,419.7046,BARISTAseq,L6,974.15396,419.7046,154.948469,173.1009633,159.948469,178.1009633
3274,6938,23.66,971.57892,438.2353,BARISTAseq,L6,971.57892,438.2353,169.712566,184.5917537,174.712566,189.5917537
3275,6939,138.6,965.67047,447.2971,BARISTAseq,L6,965.67047,447.2971,174.609146,194.2380305,179.609146,199.2380305
3276,6940,31.05,970.82939,454.6914,BARISTAseq,L6,970.82939,454.6914,183.592029,193.4646345,188.592029,198.4646345
3277,6941,118.0,966.82066,463.5275,BARISTAseq,L6,966.82066,463.5275,189.242402,201.3525881,194.242402,206.3525881
3278,6942,57.04,971.21593,472.7235,BARISTAseq,L6,971.21593,472.7235,199.404198,202.1409704,204.404198,207.1409704
3279,6943,127.2,968.9102,537.7202,BARISTAseq,L6,968.9102,537.7202,254.55093,236.6190002,259.55093,241.6190002
3280,6944,175.0,965.54639,558.9932,BARISTAseq,L6,965.54639,558.9932,271.296172,250.1634117,276.296172,255.1634117
3281,6945,24.59,967.63519,568.2983,BARISTAseq,L6,967.63519,568.2983,280.399866,253.0041466,285.399866,258.0041466
3282,6946,130.6,969.17833,589.3341,BARISTAseq,L6,969.17833,589.3341,299.39185,262.1797474,304.39185,267.1797474
3283,6947,36.61,971.95647,609.9207,BARISTAseq,L6,971.95647,609.9207,318.611917,270.0611341,323.611917,275.0611341
3284,6948,180.5,967.09439,617.1091,BARISTAseq,L6,967.09439,617.1091,322.408639,277.864829,327.408639,282.864829
3285,6951,53.07,964.77919,659.0756,BARISTAseq,L6,964.77919,659.0756,357.602224,300.8421305,362.602224,305.8421305
3286,6952,22.57,970.41895,731.8833,BARISTAseq,L6,970.41895,731.8833,423.485253,332.3412929,428.485253,337.3412929
3287,6953,35.83,968.04291,768.6309,BARISTAseq,L6,968.04291,768.6309,454.127921,352.763245,459.127921,357.763245
3288,6954,101.6,969.13536,802.6162,BARISTAseq,L6,969.13536,802.6162,484.111305,368.800487,489.111305,373.800487
3289,6955,73.91,966.79842,828.048,BARISTAseq,L5,966.79842,828.048,504.972037,383.5337589,509.972037,388.5337589
3290,6956,114.5,968.96741,841.3409,BARISTAseq,L5,968.96741,841.3409,517.57002,388.2978936,522.57002,393.2978936
3291,6957,41.45,965.84773,859.3248,BARISTAseq,L5,965.84773,859.3248,531.588319,399.9871896,536.588319,404.9871896
3292,6959,19.28,969.49873,962.9028,BARISTAseq,L5,969.49873,962.9028,623.13014,448.5858215,628.13014,453.5858215
3293,6961,118.1,966.18156,984.9472,BARISTAseq,L5,966.18156,984.9472,640.5669,462.4753499,645.5669,467.4753499
3294,6962,201.5,969.16042,1008.1782,BARISTAseq,L5,969.16042,1008.1782,662.177728,471.504323,667.177728,476.504323
3295,6963,51.79,969.90438,1022.0646,BARISTAseq,L5,969.90438,1022.0646,674.577676,477.7993851,679.577676,482.7993851
3296,6964,29.82,971.176,1033.2108,BARISTAseq,L5,971.176,1033.2108,684.867797,482.268041,689.867797,487.268041
3297,6984,71.24,976.50613,250.3608,BARISTAseq,Lwm,976.50613,250.3608,9.441549,86.4373559,14.441549,91.4373559
3298,6985,107.6,974.87016,303.967,BARISTAseq,L6,974.87016,303.967,55.056677,114.6430418,60.056677,119.6430418
3299,6987,91.32,973.81145,341.3814,BARISTAseq,L6,973.81145,341.3814,86.935278,134.257199,91.935278,139.257199
3300,6988,66.96,979.63443,428.5271,BARISTAseq,L6,979.63443,428.5271,165.329124,172.7627708,170.329124,177.7627708
3301,6989,68.15,977.51803,442.0729,BARISTAseq,L6,977.51803,442.0729,176.004577,181.3651812,181.004577,186.3651812
3302,6990,60.79,976.65526,455.1129,BARISTAseq,L6,976.65526,455.1129,186.868407,188.6289657,191.868407,193.6289657
3303,6991,71.67,975.67822,467.7084,BARISTAseq,L6,975.67822,467.7084,197.290185,195.7696446,202.290185,200.7696446
3304,6993,164.5,976.6046,506.2162,BARISTAseq,L6,976.6046,506.2162,231.107875,214.2107505,236.107875,219.2107505
3305,6994,102.5,971.94403,527.9334,BARISTAseq,L6,971.94403,527.9334,247.589805,229.1003469,252.589805,234.1003469
3306,6995,28.67,973.13661,558.1517,BARISTAseq,L6,973.13661,558.1517,274.360318,243.168378,279.360318,248.168378
3307,6996,64.68,975.08289,564.1217,BARISTAseq,L6,975.08289,564.1217,280.504089,244.4659582,285.504089,249.4659582
3308,6997,61.97,977.69106,585.1722,BARISTAseq,L6,977.69106,585.1722,300.040936,252.726345,305.040936,257.72634500000004
3309,6998,27.02,977.46996,590.6165,BARISTAseq,L6,977.46996,590.6165,304.646271,255.6385806,309.646271,260.6385806
3310,6999,30.89,975.499,599.7586,BARISTAseq,L6,975.499,599.7586,311.580039,261.9143719,316.580039,266.9143719
3311,7000,209.4,980.48842,615.5483,BARISTAseq,L6,980.48842,615.5483,327.750143,265.4832162,332.750143,270.4832162
3312,7001,145.2,980.18889,635.8583,BARISTAseq,L6,980.18889,635.8583,345.192541,275.8921582,350.192541,280.8921582
3313,7002,125.1,975.53605,669.7919,BARISTAseq,L6,975.53605,669.7919,372.260022,296.8800073,377.260022,301.8800073
3314,7003,16.15,976.94381,682.6226,BARISTAseq,L6,976.94381,682.6226,384.077263,302.0725401,389.077263,307.0725401
3315,7004,163.6,970.81217,692.0469,BARISTAseq,L6,970.81217,692.0469,389.176264,312.0932625,394.176264,317.0932625
3316,7005,83.72,974.18755,704.3309,BARISTAseq,L6,974.18755,704.3309,401.503146,315.3082303,406.503146,320.3082303
3317,7006,65.88,977.51805,729.0123,BARISTAseq,L6,977.51805,729.0123,424.546113,324.757478,429.546113,329.757478
3318,7007,45.88,971.5187,760.1679,BARISTAseq,L6,971.5187,760.1679,448.534438,345.5233901,453.534438,350.5233901
3319,7008,137.5,977.73543,766.9368,BARISTAseq,L6,977.73543,766.9368,457.504247,343.5212199,462.504247,348.5212199
3320,7009,45.8,972.57141,775.2335,BARISTAseq,L6,972.57141,775.2335,462.110068,352.1403086,467.110068,357.1403086
3321,7010,118.0,976.87461,812.1311,BARISTAseq,L6,976.87461,812.1311,496.220519,366.8518075,501.220519,371.8518075
3322,7011,48.06,973.03986,819.9882,BARISTAseq,L6,973.03986,819.9882,501.109809,374.0998049,506.109809,379.0998049
3323,7012,37.73,972.97653,905.0677,BARISTAseq,L5,972.97653,905.0677,574.772419,416.671454,579.772419,421.671454
3324,7013,106.7,973.48116,915.3418,BARISTAseq,L5,973.48116,915.3418,583.923801,421.3686142,588.923801,426.3686142
3325,7014,106.3,967.37669,955.5074,BARISTAseq,L5,967.37669,955.5074,615.663915,446.7281665,620.663915,451.7281665
3326,7015,61.89,975.85542,954.2998,BARISTAseq,L5,975.85542,954.2998,618.855012,438.7805973,623.855012,443.7805973
3327,7016,142.9,976.63253,975.2927,BARISTAseq,L5,976.63253,975.2927,637.426955,448.598232,642.426955,453.598232
3328,7017,34.75,975.10767,1022.4049,BARISTAseq,L5,975.10767,1022.4049,677.47265,473.4624399,682.47265,478.4624399
3329,7019,54.28,971.95627,1087.3234,BARISTAseq,L5,971.95627,1087.3234,732.129015,508.6338807,737.129015,513.6338807
3330,7036,32.41,981.42603,242.8802,BARISTAseq,Lwm,981.42603,242.8802,5.420604,78.4375393,10.420604,83.4375393
3331,7037,45.09,983.77315,250.0929,BARISTAseq,Lwm,983.77315,250.0929,12.841048,80.0089245,17.841048,85.0089245
3332,7038,50.59,979.88427,288.2731,BARISTAseq,L6,979.88427,288.2731,43.968634,102.457205,48.968634,107.457205
3333,7039,119.5,980.59306,295.0104,BARISTAseq,L6,980.59306,295.0104,50.158567,105.2101018,55.158567,110.2101018
3334,7040,160.6,980.88998,323.0675,BARISTAseq,L6,980.88998,323.0675,74.609421,118.973871,79.609421,123.973871
3335,7042,49.18,983.69985,456.018,BARISTAseq,L6,983.69985,456.018,191.172862,182.9794247,196.172862,187.9794247
3336,7043,37.68,982.40334,461.2557,BARISTAseq,L6,982.40334,461.2557,195.061681,186.719831,200.061681,191.719831
3337,7044,129.8,984.47162,478.5898,BARISTAseq,L6,984.47162,478.5898,211.109805,193.5907499,216.109805,198.5907499
3338,7045,202.6,977.62019,492.643,BARISTAseq,L6,977.62019,492.643,219.858492,206.5481006,224.858492,211.5481006
3339,7046,131.1,983.41587,534.2186,BARISTAseq,L6,983.41587,534.2186,258.766804,222.3045956,263.766804,227.3045956
3340,7047,23.86,978.55897,539.1437,BARISTAseq,L6,978.55897,539.1437,260.60567,228.9727585,265.60567,233.9727585
3341,7048,73.97,981.89834,559.1937,BARISTAseq,L6,981.89834,559.1937,279.6414,236.0998603,284.6414,241.0998603
3342,7049,31.05,980.13737,626.1931,BARISTAseq,L6,980.13737,626.1931,336.794981,271.106792,341.794981,276.106792
3343,7050,49.65,978.26412,662.9668,BARISTAseq,L6,978.26412,662.9668,367.711569,291.1063057,372.711569,296.1063057
3344,7051,48.54,983.36953,680.3371,BARISTAseq,L6,983.36953,680.3371,385.308749,295.3645809,390.308749,300.3645809
3345,7052,130.1,981.56882,691.2588,BARISTAseq,L6,981.56882,691.2588,393.869018,302.3822004,398.869018,307.3822004
3346,7053,36.93,982.34303,715.9456,BARISTAseq,L6,982.34303,715.9456,415.639194,314.0483628,420.639194,319.0483628
3347,7054,44.96,985.14562,727.5144,BARISTAseq,L6,985.14562,727.5144,427.060349,317.4020507,432.060349,322.4020507
3348,7055,124.7,985.33367,749.3841,BARISTAseq,L6,985.33367,749.3841,446.097453,328.1681306,451.097453,333.1681306
3349,7056,177.1,984.03488,775.622,BARISTAseq,L6,984.03488,775.622,468.175178,342.4049905,473.175178,347.4049905
3350,7057,188.7,983.11,800.0851,BARISTAseq,L6,983.11,800.0851,488.902469,355.4310583,493.902469,360.4310583
3351,7059,57.58,985.64759,832.9402,BARISTAseq,L6,985.64759,832.9402,518.629056,369.6517367,523.629056,374.6517367
3352,7060,106.6,981.11973,847.2024,BARISTAseq,L5,981.11973,847.2024,528.72,380.7009302,533.72,385.7009302
3353,7061,28.48,982.23596,862.5618,BARISTAseq,L5,982.23596,862.5618,542.581786,387.4096013,547.581786,392.4096013
3354,7062,69.16,980.03514,888.5501,BARISTAseq,L5,980.03514,888.5501,563.99262,402.3030978,568.99262,407.3030978
3355,7063,220.6,978.45446,935.5317,BARISTAseq,L5,978.45446,935.5317,603.897241,427.1503557,608.897241,432.1503557
3356,7064,117.9,979.58924,967.6412,BARISTAseq,L5,979.58924,967.6412,632.276963,442.2135221,637.276963,447.2135221
3357,7065,112.6,981.7063,1022.615,BARISTAseq,L5,981.7063,1022.615,680.952197,467.8518336,685.952197,472.8518336
3358,7066,145.3,981.21543,1035.7225,BARISTAseq,L5,981.21543,1035.7225,692.060326,474.8272093,697.060326,479.8272093
3359,7067,210.5,981.13166,1065.0904,BARISTAseq,L5,981.13166,1065.0904,717.456396,489.5758109,722.456396,494.5758109
3360,7091,16.42,988.88061,245.0792,BARISTAseq,Lwm,988.88061,245.0792,11.050631,73.0794407,16.050631,78.0794407
3361,7092,43.96,984.58759,270.6773,BARISTAseq,Lwm,984.58759,270.6773,31.077831,89.5900952,36.077831,94.5900952
3362,7093,58.31,985.00014,284.8408,BARISTAseq,L6,985.00014,284.8408,43.552127,96.3106691,48.552127,101.3106691
3363,7095,48.32,983.51946,311.1184,BARISTAseq,L6,983.51946,311.1184,65.573394,110.724952,70.573394,115.724952
3364,7096,21.4,987.03387,313.2212,BARISTAseq,L6,987.03387,313.2212,69.151045,108.7316626,74.151045,113.7316626
3365,7097,44.98,983.97089,329.9343,BARISTAseq,L6,983.97089,329.9343,82.096929,119.7367862,87.096929,124.7367862
3366,7098,155.6,986.05601,341.3374,BARISTAseq,L6,986.05601,341.3374,93.016077,123.6291673,98.016077,128.6291673
3367,7099,66.79,988.2643,353.8805,BARISTAseq,L6,988.2643,353.8805,104.984218,127.9845535,109.984218,132.9845535
3368,7100,275.4,980.73553,361.3122,BARISTAseq,L6,980.73553,361.3122,107.659084,138.2196815,112.659084,143.2196815
3369,7101,115.7,985.32171,371.3352,BARISTAseq,L6,985.32171,371.3352,118.632719,139.256047,123.632719,144.256047
3370,7102,43.13,989.91692,392.0177,BARISTAseq,L6,989.91692,392.0177,138.843865,145.6114279,143.843865,150.6114279
3371,7103,54.22,986.27464,412.6172,BARISTAseq,L6,986.27464,412.6172,154.866545,159.0604585,159.866545,164.0604585
3372,7104,87.43,986.68183,439.2468,BARISTAseq,L6,986.68183,439.2468,178.136153,172.0154155,183.136153,177.0154155
3373,7105,80.5,983.3118,516.6202,BARISTAseq,L6,983.3118,516.6202,243.471347,213.6002566,248.471347,218.6002566
3374,7106,55.06,985.50023,523.8179,BARISTAseq,L6,985.50023,523.8179,250.799507,215.3016062,255.799507,220.3016062
3375,7107,108.4,991.07802,582.1585,BARISTAseq,L6,991.07802,582.1585,304.120432,239.6247897,309.120432,244.6247897
3376,7109,33.45,984.3768,587.7031,BARISTAseq,L6,984.3768,587.7031,305.574236,248.2000603,310.574236,253.2000603
3377,7110,78.96,983.69153,596.9985,BARISTAseq,L6,983.69153,596.9985,313.283273,253.4388069,318.283273,258.43880690000003
3378,7111,74.68,987.46681,624.0628,BARISTAseq,L6,987.46681,624.0628,338.612506,263.6936008,343.612506,268.6936008
3379,7112,82.88,985.39648,669.1438,BARISTAseq,L6,985.39648,669.1438,376.626179,288.0152028,381.626179,293.0152028
3380,7113,68.43,990.5271,680.6665,BARISTAseq,L6,990.5271,680.6665,389.170884,289.3294166,394.170884,294.3294166
3381,7114,166.6,987.07157,702.3142,BARISTAseq,L6,987.07157,702.3142,406.194881,303.1405361,411.194881,308.1405361
3382,7115,39.91,988.3044,715.7153,BARISTAseq,L6,988.3044,715.7153,418.41872,308.7696082,423.41872,313.7696082
3383,7116,55.29,987.35159,734.6814,BARISTAseq,L6,987.35159,734.6814,434.370669,319.0728569,439.370669,324.0728569
3384,7117,52.13,985.69116,787.9429,BARISTAseq,L6,985.69116,787.9429,479.675015,347.1274837,484.675015,352.1274837
3385,7118,26.89,984.62355,814.9451,BARISTAseq,L6,984.62355,814.9451,502.530283,361.546039,507.530283,366.546039
3386,7119,53.72,986.29922,820.7801,BARISTAseq,L6,986.29922,820.7801,508.42185,363.0105377,513.42185,368.0105377
3387,7120,124.9,988.97505,844.3994,BARISTAseq,L6,988.97505,844.3994,530.21765,372.4960668,535.21765,377.4960668
3388,7121,158.4,989.83376,872.9169,BARISTAseq,L5,989.83376,872.9169,555.348093,386.003334,560.348093,391.003334
3389,7122,80.66,986.925,885.6404,BARISTAseq,L5,986.925,885.6404,564.915304,394.881132,569.915304,399.881132
3390,7123,54.71,989.3211,910.1002,BARISTAseq,L5,989.3211,910.1002,587.299355,405.0289922,592.299355,410.0289922
3391,7124,32.94,988.39233,930.5639,BARISTAseq,L5,988.39233,930.5639,604.560458,416.059785,609.560458,421.059785
3392,7125,128.3,984.63417,947.1148,BARISTAseq,L5,984.63417,947.1148,617.018513,427.5860444,622.018513,432.5860444
3393,7126,52.77,986.93537,965.002,BARISTAseq,L5,986.93537,965.002,633.662051,434.5315704,638.662051,439.5315704
3394,7127,58.76,983.412,989.7332,BARISTAseq,L5,983.412,989.7332,653.323035,449.9423859,658.323035,454.9423859
3395,7128,58.99,985.58824,1013.2298,BARISTAseq,L5,985.58824,1013.2298,674.762837,459.7993106,679.762837,464.7993106
3396,7129,32.21,989.5058,1036.4292,BARISTAseq,L5,989.5058,1036.4292,696.815424,467.9994254,701.815424,472.9994254
3397,7144,60.81,989.87726,240.0395,BARISTAseq,Lwm,989.87726,240.0395,7.18333,69.697635,12.18333,74.697635
3398,7145,63.86,992.40233,309.298,BARISTAseq,L6,992.40233,309.298,68.435604,102.1210422,73.435604,107.1210422
3399,7146,42.24,993.23038,325.3669,BARISTAseq,L6,993.23038,325.3669,82.768031,109.433947,87.768031,114.433947
3400,7147,84.74,991.00668,382.6238,BARISTAseq,L6,991.00668,382.6238,131.251611,139.9730735,136.251611,144.9730735
3401,7148,104.5,989.33507,401.6641,BARISTAseq,L6,989.33507,401.6641,146.908613,150.9360039,151.908613,155.9360039
3402,7149,61.33,989.61174,468.8828,BARISTAseq,L6,989.61174,468.8828,205.270401,184.2875534,210.270401,189.2875534
3403,7150,46.01,996.84014,468.328,BARISTAseq,L6,996.84014,468.328,208.402116,177.7492104,213.402116,182.7492104
3404,7151,112.6,992.8397,518.8222,BARISTAseq,L6,992.8397,518.8222,250.140112,206.4478097,255.140112,211.4478097
3405,7152,150.0,993.3012,534.7638,BARISTAseq,L6,993.3012,534.7638,264.179047,214.0145626,269.179047,219.0145626
3406,7153,59.81,996.38292,630.6421,BARISTAseq,L6,996.38292,630.6421,348.767033,259.2585152,353.767033,264.2585152
3407,7154,28.28,991.13496,634.6739,BARISTAseq,L6,991.13496,634.6739,349.636724,265.8189999,354.636724,270.8189999
3408,7155,38.26,992.45336,673.4495,BARISTAseq,L6,992.45336,673.4495,383.882261,284.054365,388.882261,289.054365
3409,7156,20.3,991.61656,695.0699,BARISTAseq,L6,991.61656,695.0699,402.191297,295.5835738,407.191297,300.5835738
3410,7158,23.11,994.20586,776.8833,BARISTAseq,L6,994.20586,776.8833,474.350438,334.2253866,479.350438,339.2253866
3411,7159,36.46,991.36159,786.4006,BARISTAseq,L6,991.36159,786.4006,481.172786,341.4451205,486.172786,346.4451205
3412,7160,67.37,988.54308,810.8809,BARISTAseq,L6,988.54308,810.8809,500.968673,356.1200149,505.968673,361.1200149
3413,7161,26.11,991.72925,816.3115,BARISTAseq,L6,991.72925,816.3115,507.264743,356.0740288,512.264743,361.0740288
3414,7162,38.45,994.25068,820.049,BARISTAseq,L6,994.25068,820.049,511.76215,355.7577647,516.76215,360.7577647
3415,7164,51.46,997.13058,903.6354,BARISTAseq,L5,997.13058,903.6354,585.602312,395.0339209,590.602312,400.0339209
3416,7165,28.04,994.77795,928.1676,BARISTAseq,L5,994.77795,928.1676,605.675976,409.3312119,610.675976,414.3312119
3417,7166,144.9,994.48939,1007.3688,BARISTAseq,L5,994.48939,1007.3688,674.134336,449.1603909,679.134336,454.1603909
3418,7167,117.1,995.13133,1017.7792,BARISTAseq,L5,995.13133,1017.7792,683.472389,453.8067202,688.472389,458.8067202
3419,7169,52.61,995.30686,1042.0173,BARISTAseq,L5,995.30686,1042.0173,704.554729,465.7672172,709.554729,470.7672172
3420,7185,25.36,997.98541,246.5348,BARISTAseq,Lwm,997.98541,246.5348,16.861379,65.9204419,21.861379,70.9204419
3421,7186,92.78,993.63648,251.4669,BARISTAseq,Lwm,993.63648,251.4669,18.960179,72.1521219,23.960179,77.1521219
3422,7187,101.3,1003.46873,256.3566,BARISTAseq,Lwm,1003.46873,256.3566,28.109028,66.0791434,33.109027999999995,71.0791434
3423,7188,20.13,998.16317,261.3636,BARISTAseq,Lwm,998.16317,261.3636,29.794606,73.1768541,34.794606,78.1768541
3424,7189,88.89,997.90664,266.747,BARISTAseq,Lwm,997.90664,266.747,34.329427,76.0893063,39.329427,81.0893063
3425,7190,27.92,1000.07652,274.4277,BARISTAseq,Lwm,1000.07652,274.4277,42.066628,78.0480624,47.066628,83.0480624
3426,7191,155.0,1003.55272,283.931,BARISTAseq,Lwm,1003.55272,283.931,52.035369,79.7861341,57.035369,84.7861341
3427,7192,54.17,1001.61774,325.393,BARISTAseq,L6,1001.61774,325.393,86.982008,102.1819871,91.982008,107.1819871
3428,7193,176.8,995.46869,333.7521,BARISTAseq,L6,995.46869,333.7521,91.149683,111.6855026,96.149683,116.6855026
3429,7194,75.43,1000.69929,341.5451,BARISTAseq,L6,1000.69929,341.5451,100.513676,111.049224,105.513676,116.049224
3430,7195,66.66,1000.39941,362.0116,BARISTAseq,L6,1000.39941,362.0116,118.091555,121.5367365,123.091555,126.5367365
3431,7196,232.3,997.43693,373.9467,BARISTAseq,L6,997.43693,373.9467,126.949066,130.067108,131.94906600000002,135.067108
3432,7197,135.5,998.64987,394.6485,BARISTAseq,L6,998.64987,394.6485,145.486671,139.361764,150.486671,144.361764
3433,7198,31.95,999.43772,410.9282,BARISTAseq,L6,999.43772,410.9282,159.981598,146.8148327,164.981598,151.8148327
3434,7199,104.4,992.10938,420.3424,BARISTAseq,L6,992.10938,420.3424,164.473786,157.8670492,169.473786,162.8670492
3435,7201,153.1,997.6487,501.2606,BARISTAseq,L6,997.6487,501.2606,237.33176,193.5062621,242.33176,198.5062621
3436,7202,129.3,997.75296,546.0934,BARISTAseq,L6,997.75296,546.0934,276.217165,215.8202498,281.217165,220.8202498
3437,7203,44.04,1000.51513,571.8209,BARISTAseq,L6,1000.51513,571.8209,299.882208,226.2845383,304.882208,231.2845383
3438,7204,90.79,1002.05197,586.0142,BARISTAseq,L6,1002.05197,586.0142,312.944211,232.0461874,317.944211,237.0461874
3439,7205,164.1,997.11276,599.8101,BARISTAseq,L6,997.11276,599.8101,322.425696,243.2186721,327.425696,248.2186721
3440,7206,152.5,1000.2322,641.2999,BARISTAseq,L6,1000.2322,641.2999,359.922228,261.2503665,364.922228,266.2503665
3441,7208,63.7,1001.75409,678.6273,BARISTAseq,L6,1001.75409,678.6273,393.015018,278.585755,398.015018,283.585755
3442,7209,53.57,1000.99613,687.9003,BARISTAseq,L6,1000.99613,687.9003,400.668374,283.8762943,405.668374,288.8762943
3443,7210,76.69,1000.77219,695.1474,BARISTAseq,L6,1000.77219,695.1474,406.833752,287.691863,411.833752,292.691863
3444,7211,54.4,996.32091,707.647,BARISTAseq,L6,996.32091,707.647,415.436257,297.7939209,420.436257,302.7939209
3445,7212,110.0,998.05451,723.1871,BARISTAseq,L6,998.05451,723.1871,429.763072,304.0581347,434.763072,309.0581347
3446,7213,37.6,1001.58464,788.6903,BARISTAseq,L6,1001.58464,788.6903,488.264826,333.7343361,493.264826,338.7343361
3447,7214,114.8,998.86603,809.115,BARISTAseq,L6,998.86603,809.115,504.597751,346.2959851,509.597751,351.2959851
3448,7215,221.2,997.6107,832.0619,BARISTAseq,L6,997.6107,832.0619,523.846591,358.8505894,528.846591,363.8505894
3449,7216,171.6,997.33144,916.3645,BARISTAseq,L5,997.33144,916.3645,596.728366,401.2210432,601.728366,406.2210432
3450,7217,57.61,1000.22202,934.0965,BARISTAseq,L5,1000.22202,934.0965,613.531976,407.5784793,618.531976,412.5784793
3451,7220,35.03,1001.2115,992.7092,BARISTAseq,L5,1001.2115,992.7092,664.795708,436.0119749,669.795708,441.0119749
3452,7243,25.62,1006.15367,341.9436,BARISTAseq,L6,1006.15367,341.9436,103.584559,106.5238887,108.584559,111.5238887
3453,7244,149.8,1006.45943,386.3627,BARISTAseq,L6,1006.45943,386.3627,142.212382,128.4566299,147.212382,133.4566299
3454,7245,47.53,1005.45871,413.3341,BARISTAseq,L6,1005.45871,413.3341,165.074395,142.8018542,170.074395,147.8018542
3455,7246,261.8,1002.1955,443.5713,BARISTAseq,L6,1002.1955,443.5713,189.634547,160.7388244,194.634547,165.7388244
3456,7247,123.9,1001.78562,455.3739,BARISTAseq,L6,1001.78562,455.3739,199.652941,166.9919861,204.652941,171.9919861
3457,7248,104.8,1005.06891,464.8544,BARISTAseq,L6,1005.06891,464.8544,209.505553,168.885764,214.505553,173.885764
3458,7249,119.2,1002.96479,509.174,BARISTAseq,L6,1002.96479,509.174,246.84278,192.8561145,251.84278,197.8561145
3459,7250,41.95,1004.39517,540.1942,BARISTAseq,L6,1004.39517,540.1942,274.426722,207.1188989,279.426722,212.1188989
3460,7251,81.22,1004.44773,579.5481,BARISTAseq,L6,1004.44773,579.5481,308.540618,226.7397168,313.540618,231.7397168
3461,7252,121.3,1009.24777,605.3697,BARISTAseq,L6,1009.24777,605.3697,333.305493,235.4858343,338.305493,240.4858343
3462,7253,53.41,1004.16315,611.1735,BARISTAseq,L6,1004.16315,611.1735,335.791715,242.7903764,340.791715,247.7903764
3463,7254,132.1,1005.07635,620.0542,BARISTAseq,L6,1005.07635,620.0542,343.94038,246.4373443,348.94038,251.4373443
3464,7255,25.59,1007.62889,658.9593,BARISTAseq,L6,1007.62889,658.9593,378.914835,263.668445,383.914835,268.668445
3465,7256,68.41,1010.52721,686.6965,BARISTAseq,L6,1010.52721,686.6965,404.388603,275.0190601,409.388603,280.0190601
3466,7257,39.45,1002.00991,703.1637,BARISTAseq,L6,1002.00991,703.1637,414.395808,290.6257352,419.395808,295.6257352
3467,7258,220.9,1005.19898,713.6329,BARISTAseq,L6,1005.19898,713.6329,425.057706,293.0951997,430.057706,298.0951997
3468,7259,140.8,1004.84804,732.2425,BARISTAseq,L6,1004.84804,732.2425,441.001616,302.6989563,446.001616,307.6989563
3469,7260,76.96,1004.29176,767.6767,BARISTAseq,L6,1004.29176,767.6767,471.416066,320.8883372,476.416066,325.8883372
3470,7261,235.9,1007.54835,793.6191,BARISTAseq,L6,1007.54835,793.6191,495.514333,331.0317651,500.514333,336.0317651
3471,7262,175.5,1010.43819,829.0466,BARISTAseq,L6,1010.43819,829.0466,527.645092,346.2328309,532.645092,351.2328309
3472,7263,65.66,1007.72905,838.5521,BARISTAseq,L6,1007.72905,838.5521,534.524711,353.329606,539.524711,358.329606
3473,7264,110.0,1004.12809,865.1008,BARISTAseq,L6,1004.12809,865.1008,555.721187,369.7158731,560.721187,374.7158731
3474,7266,27.9,1008.07235,871.9868,BARISTAseq,L6,1008.07235,871.9868,563.65678,369.7405748,568.65678,374.7405748
3475,7267,142.6,1005.79934,898.3401,BARISTAseq,L5,1005.79934,898.3401,585.347615,384.878957,590.347615,389.878957
3476,7268,94.07,1003.16795,928.88,BARISTAseq,L5,1003.16795,928.88,610.485779,402.4199613,615.485779,407.4199613
3477,7269,52.24,1007.693,996.4196,BARISTAseq,L5,1007.693,996.4196,671.248561,432.2520058,676.248561,437.2520058
3478,7270,93.61,1004.76471,1033.5095,BARISTAseq,L5,1004.76471,1033.5095,701.9118,453.3233967,706.9118,458.3233967
3479,7271,124.9,1008.84534,1060.2963,BARISTAseq,L5,1008.84534,1060.2963,727.153221,463.1749901,732.153221,468.1749901
3480,7289,100.3,1007.40135,231.6809,BARISTAseq,Lwm,1007.40135,231.6809,8.700585,50.3415543,13.700585,55.3415543
3481,7290,157.5,1015.20915,244.3018,BARISTAseq,Lwm,1015.20915,244.3018,23.534443,49.8856836,28.534443,54.8856836
3482,7291,39.05,1015.077,263.7139,BARISTAseq,Lwm,1015.077,263.7139,40.282731,59.7009191,45.282731,64.7009191
3483,7292,94.87,1009.61424,305.349,BARISTAseq,Lwm,1009.61424,305.349,73.616352,85.238969,78.616352,90.238969
3484,7294,54.42,1008.49136,365.5393,BARISTAseq,L6,1008.49136,365.5393,125.190911,116.2905051,130.190911,121.2905051
3485,7295,32.04,1013.39794,371.4359,BARISTAseq,L6,1013.39794,371.4359,132.750453,114.9872518,137.750453,119.9872518
3486,7296,13.23,1012.04952,400.4157,BARISTAseq,L6,1012.04952,400.4157,157.178324,130.6372854,162.178324,135.6372854
3487,7297,77.93,1014.51723,416.7617,BARISTAseq,L6,1014.51723,416.7617,172.570144,136.6684153,177.570144,141.6684153
3488,7298,44.06,1011.84711,425.8109,BARISTAseq,L6,1011.84711,425.8109,179.074013,143.5033668,184.074013,148.5033668
3489,7299,63.15,1012.67711,452.9635,BARISTAseq,L6,1012.67711,452.9635,203.007879,156.3534171,208.007879,161.3534171
3490,7300,109.5,1006.93384,482.2331,BARISTAseq,L6,1006.93384,482.2331,225.490608,175.9550633,230.490608,180.9550633
3491,7301,64.54,1012.74412,488.8849,BARISTAseq,L6,1012.74412,488.8849,234.155846,174.2464134,239.155846,179.2464134
3492,7302,176.7,1008.97526,529.0619,BARISTAseq,L6,1008.97526,529.0619,267.072927,197.5885519,272.072927,202.5885519
3493,7303,107.6,1013.34693,541.8402,BARISTAseq,L6,1013.34693,541.8402,280.325913,200.1875968,285.325913,205.1875968
3494,7304,80.19,1013.91403,622.7823,BARISTAseq,L6,1013.91403,622.7823,350.719875,240.1456356,355.719875,245.1456356
3495,7305,104.6,1011.22378,635.9748,BARISTAseq,L6,1011.22378,635.9748,360.802501,249.0685334,365.802501,254.0685334
3496,7306,122.3,1014.24765,659.296,BARISTAseq,L6,1014.24765,659.296,382.514002,258.1036208,387.514002,263.1036208
3497,7307,187.5,1011.8579,699.2878,BARISTAseq,L6,1011.8579,699.2878,415.959973,280.1587176,420.959973,285.1587176
3498,7308,81.07,1014.32817,731.3327,BARISTAseq,L6,1014.32817,731.3327,444.95111,294.0328122,449.95111,299.0328122
3499,7309,41.52,1013.48707,748.2818,BARISTAseq,L6,1013.48707,748.2818,459.211804,303.2313491,464.211804,308.2313491
3500,7310,180.7,1012.74229,756.4002,BARISTAseq,L6,1012.74229,756.4002,465.871553,307.9334439,470.871553,312.9334439
3501,7311,74.8,1009.82811,765.0679,BARISTAseq,L6,1009.82811,765.0679,471.923087,314.7891801,476.923087,319.7891801
3502,7312,110.5,1014.07648,780.0559,BARISTAseq,L6,1014.07648,780.0559,487.028469,318.5992886,492.028469,323.5992886
3503,7313,106.5,1005.43674,816.7715,BARISTAseq,L6,1005.43674,816.7715,514.513301,344.4307777,519.513301,349.4307777
3504,7314,36.81,1011.36293,843.5838,BARISTAseq,L6,1011.36293,843.5838,540.699031,352.6964995,545.699031,357.6964995
3505,7315,86.32,1012.04621,861.584,BARISTAseq,L6,1012.04621,861.584,556.63196,361.099917,561.63196,366.099917
3506,7316,181.1,1015.23859,951.5824,BARISTAseq,L5,1015.23859,951.5824,636.182236,403.3096836,641.182236,408.3096836
3507,7317,206.6,1019.41024,962.9258,BARISTAseq,L5,1019.41024,962.9258,648.092339,405.3648936,653.092339,410.3648936
3508,7318,62.12,1010.61808,973.1583,BARISTAseq,L5,1010.61808,973.1583,652.561783,418.0939677,657.561783,423.0939677
3509,7319,118.7,1008.08087,984.0709,BARISTAseq,L5,1008.08087,984.0709,660.746206,425.7450365,665.746206,430.7450365
3510,7320,15.05,1012.19423,989.2677,BARISTAseq,L5,1012.19423,989.2677,667.303096,424.7790893,672.303096,429.7790893
3511,7321,89.56,1015.0705,995.4362,BARISTAseq,L5,1015.0705,995.4362,674.083498,425.3703084,679.083498,430.3703084
3512,7322,42.4,1011.67234,1002.9256,BARISTAseq,L5,1011.67234,1002.9256,678.872524,432.0564169,683.872524,437.0564169
3513,7323,85.18,1006.37669,1026.2493,BARISTAseq,L5,1006.37669,1026.2493,696.428705,448.298981,701.428705,453.298981
3514,7324,51.74,1012.96469,1033.2312,BARISTAseq,L5,1012.96469,1033.2312,705.768533,446.0816546,710.768533,451.0816546
3515,7344,63.64,1015.35683,217.0463,BARISTAseq,Lwm,1015.35683,217.0463,0.0,36.1373382,5.0,41.1373382
3516,7345,29.52,1018.69179,252.531,BARISTAseq,Lwm,1018.69179,252.531,32.402761,50.9814434,37.402761,55.9814434
3517,7346,95.76,1019.19136,271.4225,BARISTAseq,Lwm,1019.19136,271.4225,49.015889,59.9893864,54.015889,64.9893864
3518,7348,55.59,1018.19315,298.3575,BARISTAseq,Lwm,1018.19315,298.3575,71.847593,74.3142233,76.847593,79.3142233
3519,7350,38.43,1017.73921,346.1627,BARISTAseq,L6,1017.73921,346.1627,113.028771,98.5971566,118.028771,103.5971566
3520,7351,204.9,1012.87082,358.2128,BARISTAseq,L6,1012.87082,358.2128,121.033426,108.8358419,126.033426,113.8358419
3521,7352,44.72,1017.32597,366.789,BARISTAseq,L6,1017.32597,366.789,130.68834,109.2626671,135.68834,114.2626671
3522,7353,79.18,1019.9848,405.0184,BARISTAseq,L6,1019.9848,405.0184,165.130654,126.0640472,170.130654,131.0640472
3523,7354,103.7,1013.63225,408.8555,BARISTAseq,L6,1013.63225,408.8555,165.279674,133.4839891,170.279674,138.4839891
3524,7355,43.44,1016.45483,463.5992,BARISTAseq,L6,1016.45483,463.5992,214.108205,158.3962377,219.108205,163.3962377
3525,7356,217.9,1021.38173,475.2437,BARISTAseq,L6,1021.38173,475.2437,226.656508,159.9477208,231.656508,164.9477208
3526,7357,41.43,1016.95844,526.9479,BARISTAseq,L6,1016.95844,526.9479,269.231317,189.6172715,274.231317,194.6172715
3527,7358,59.79,1021.27552,539.1732,BARISTAseq,L6,1021.27552,539.1732,281.977955,191.9872178,286.977955,196.9872178
3528,7359,17.62,1015.56565,555.9,BARISTAseq,L6,1015.56565,555.9,293.613029,205.2919051,298.613029,210.2919051
3529,7360,263.2,1013.35488,566.5616,BARISTAseq,L6,1013.35488,566.5616,301.743155,212.5347846,306.743155,217.5347846
3530,7362,73.45,1021.19892,587.414,BARISTAseq,L6,1021.19892,587.414,323.724951,216.1609613,328.724951,221.1609613
3531,7363,38.2,1017.84139,594.2943,BARISTAseq,L6,1017.84139,594.2943,328.006657,222.5074728,333.006657,227.5074728
3532,7364,145.6,1019.27768,631.5818,BARISTAseq,L6,1019.27768,631.5818,361.022205,239.8971164,366.022205,244.8971164
3533,7365,22.25,1011.25111,679.397,BARISTAseq,L6,1011.25111,679.397,398.427721,270.7442833,403.427721,275.7442833
3534,7366,48.77,1017.23759,682.2749,BARISTAseq,L6,1017.23759,682.2749,403.912076,266.9970565,408.912076,271.9970565
3535,7367,23.61,1019.93,700.4818,BARISTAseq,L6,1019.93,700.4818,421.028085,273.7635094,426.028085,278.7635094
3536,7368,61.04,1015.05407,723.3048,BARISTAseq,L6,1015.05407,723.3048,438.360245,289.3922694,443.360245,294.3922694
3537,7369,55.61,1016.51164,837.7344,BARISTAseq,L6,1016.51164,837.7344,538.205426,345.3137027,543.205426,350.3137027
3538,7370,202.8,1016.44143,917.6042,BARISTAseq,L5,1016.44143,917.6042,607.352027,385.2878553,612.352027,390.2878553
3539,7371,32.52,1014.335,934.7475,BARISTAseq,L5,1014.335,934.7475,621.148537,395.6794031,626.148537,400.6794031
3540,7372,85.14,1016.83467,982.9345,BARISTAseq,L5,1016.83467,982.9345,664.136423,417.5947741,669.136423,422.5947741
3541,7373,108.5,1011.51446,1018.2922,BARISTAseq,L5,1011.51446,1018.2922,692.103879,439.8723236,697.103879,444.8723236
3542,7374,66.85,1016.77759,1054.0616,BARISTAseq,L5,1016.77759,1054.0616,725.716787,453.1885438,730.716787,458.1885438
3543,7388,61.37,1023.67833,226.1265,BARISTAseq,Lwm,1023.67833,226.1265,12.023611,33.4670629,17.023611000000002,38.4670629
3544,7389,116.7,1030.38505,247.6253,BARISTAseq,Lwm,1030.38505,247.6253,33.997026,38.4014384,38.997026,43.4014384
3545,7390,30.44,1021.07769,287.074,BARISTAseq,Lwm,1021.07769,287.074,63.515564,66.176998,68.515564,71.176998
3546,7393,42.81,1018.21,372.994,BARISTAseq,L6,1018.21,372.994,136.504787,111.5977702,141.504787,116.5977702
3547,7395,105.1,1018.08134,395.7924,BARISTAseq,L6,1018.08134,395.7924,156.188022,123.102254,161.188022,128.10225400000002
3548,7396,115.5,1027.42859,399.956,BARISTAseq,L6,1027.42859,399.956,164.465587,117.0865391,169.465587,122.0865391
3549,7397,38.88,1018.53674,423.024,BARISTAseq,L6,1018.53674,423.024,180.003055,136.3162224,185.003055,141.3162224
3550,7398,133.3,1024.8689,425.9735,BARISTAseq,L6,1024.8689,425.9735,185.722278,132.305414,190.722278,137.305414
3551,7399,33.92,1025.71206,465.3218,BARISTAseq,L6,1025.71206,465.3218,220.226366,151.2386107,225.226366,156.2386107
3552,7400,219.8,1019.29223,498.3887,BARISTAseq,L6,1019.29223,498.3887,245.660069,173.3238563,250.660069,178.3238563
3553,7401,18.96,1026.78,502.8839,BARISTAseq,L6,1026.78,502.8839,253.295655,169.0845121,258.295655,174.0845121
3554,7402,56.74,1022.71463,508.7162,BARISTAseq,L6,1022.71463,508.7162,256.315845,175.5204075,261.315845,180.5204075
3555,7403,45.7,1026.1582,559.3752,BARISTAseq,L6,1026.1582,559.3752,301.916566,197.8534878,306.916566,202.8534878
3556,7404,54.31,1026.62171,567.8489,BARISTAseq,L6,1026.62171,567.8489,309.487946,201.6865627,314.487946,206.6865627
3557,7405,185.1,1024.90295,579.6952,BARISTAseq,L6,1024.90295,579.6952,318.890143,209.0953112,323.890143,214.0953112
3558,7406,33.33,1032.34048,587.0863,BARISTAseq,L6,1032.34048,587.0863,329.008929,206.3466236,334.008929,211.3466236
3559,7407,123.5,1027.82262,596.4944,BARISTAseq,L6,1027.82262,596.4944,334.900306,214.9614047,339.900306,219.9614047
3560,7408,64.83,1024.60098,620.861,BARISTAseq,L6,1024.60098,620.861,354.39628,229.9286705,359.39628,234.9286705
3561,7409,82.04,1022.82273,641.8144,BARISTAseq,L6,1022.82273,641.8144,371.657015,241.9399747,376.657015,246.9399747
3562,7411,85.79,1023.42683,695.8299,BARISTAseq,L6,1023.42683,695.8299,418.746154,268.4099184,423.746154,273.4099184
3563,7412,182.1,1024.95355,710.1759,BARISTAseq,L6,1024.95355,710.1759,431.935308,274.2566191,436.935308,279.2566191
3564,7413,91.74,1023.54208,786.7155,BARISTAseq,L6,1023.54208,786.7155,497.527139,313.7283709,502.527139,318.7283709
3565,7414,49.4,1022.77978,865.996,BARISTAseq,L6,1022.77978,865.996,565.817403,354.0074893,570.817403,359.0074893
3566,7415,111.0,1021.00686,902.7812,BARISTAseq,L5,1021.00686,902.7812,596.794084,373.9258529,601.794084,378.9258529
3567,7416,37.04,1024.30458,910.2494,BARISTAseq,L5,1024.30458,910.2494,604.910866,374.8015073,609.910866,379.8015073
3568,7417,108.9,1020.60321,929.4321,BARISTAseq,L5,1020.60321,929.4321,619.676921,387.5937664,624.676921,392.5937664
3569,7418,30.59,1027.27621,927.539,BARISTAseq,L5,1027.27621,927.539,621.371853,380.8677088,626.371853,385.8677088
3570,7419,41.84,1025.77297,944.7769,BARISTAseq,L5,1025.77297,944.7769,635.551747,390.7840603,640.551747,395.7840603
3571,7420,53.42,1028.27233,952.6788,BARISTAseq,L5,1028.27233,952.6788,643.645225,392.5679861,648.645225,397.5679861
3572,7421,37.27,1021.88086,986.8673,BARISTAseq,L5,1021.88086,986.8673,670.064692,415.1892087,675.064692,420.1892087
3573,7422,50.81,1021.61304,1015.8228,BARISTAseq,L5,1021.61304,1015.8228,695.01155,429.8911145,700.01155,434.8911145
3574,7423,52.2,1019.22886,1022.8995,BARISTAseq,L5,1019.22886,1022.8995,699.949823,435.4926967,704.949823,440.4926967
3575,7440,53.0,1024.05806,240.5697,BARISTAseq,Lwm,1024.05806,240.5697,24.723816,40.3558697,29.723816,45.3558697
3576,7442,88.7,1024.45303,277.4193,BARISTAseq,Lwm,1024.45303,277.4193,56.839616,58.4286098,61.839616,63.4286098
3577,7443,151.4,1033.98719,377.4403,BARISTAseq,L6,1033.98719,377.4403,148.240412,100.1538114,153.240412,105.1538114
3578,7444,72.05,1027.57263,410.8965,BARISTAseq,L6,1027.57263,410.8965,174.013998,122.4290643,179.013998,127.4290643
3579,7446,91.17,1028.23484,484.5076,BARISTAseq,L6,1028.23484,484.5076,238.105441,158.6411442,243.105441,163.6411442
3580,7447,30.63,1028.19229,493.587,BARISTAseq,L6,1028.19229,493.587,245.948573,163.215249,250.948573,168.215249
3581,7448,193.3,1033.93373,522.2826,BARISTAseq,L6,1033.93373,522.2826,273.673355,172.5821893,278.673355,177.5821893
3582,7449,98.09,1025.50379,550.5341,BARISTAseq,L6,1025.50379,550.5341,293.931581,194.0021745,298.931581,199.0021745
3583,7450,40.64,1033.4565,554.3015,BARISTAseq,L6,1033.4565,554.3015,301.169058,188.9963847,306.169058,193.9963847
3584,7451,21.2,1028.93045,631.8179,BARISTAseq,L6,1028.93045,631.8179,366.050483,231.6540411,371.050483,236.6540411
3585,7452,37.98,1029.17857,639.676,BARISTAseq,L6,1029.17857,639.676,372.981045,235.3660764,377.981045,240.3660764
3586,7453,147.6,1028.60487,650.3533,BARISTAseq,L6,1028.60487,650.3533,381.942759,241.1987327,386.942759,246.1987327
3587,7455,66.09,1031.59179,671.0962,BARISTAseq,L6,1031.59179,671.0962,401.40254,248.9773944,406.40254,253.9773944
3588,7456,55.4,1029.27784,718.1865,BARISTAseq,L6,1029.27784,718.1865,441.034956,274.5141614,446.034956,279.5141614
3589,7458,203.3,1029.34714,756.375,BARISTAseq,L6,1029.34714,756.375,474.147728,293.5380683,479.147728,298.5380683
3590,7459,83.76,1029.50038,767.5511,BARISTAseq,L6,1029.50038,767.5511,483.904802,298.9903609,488.904802,303.9903609
3591,7460,143.9,1025.31859,776.6429,BARISTAseq,L6,1025.31859,776.6429,489.690185,307.1559899,494.690185,312.1559899
3592,7461,28.06,1034.16276,778.4716,BARISTAseq,L6,1034.16276,778.4716,495.693866,300.4091959,500.693866,305.4091959
3593,7462,34.02,1026.14,821.7971,BARISTAseq,L6,1026.14,821.7971,529.212381,329.0094213,534.212381,334.0094213
3594,7463,23.18,1032.01714,821.1622,BARISTAseq,L6,1032.01714,821.1622,531.599431,323.6014737,536.599431,328.6014737
3595,7464,35.7,1026.31625,832.9518,BARISTAseq,L6,1026.31625,832.9518,538.962443,334.4310944,543.962443,339.4310944
3596,7465,70.32,1028.85014,837.685,BARISTAseq,L6,1028.85014,837.685,544.328528,334.6016203,549.328528,339.6016203
3597,7466,54.63,1035.27636,849.3276,BARISTAseq,L6,1035.27636,849.3276,557.624512,334.8535082,562.624512,339.8535082
3598,7483,29.54,1035.40818,208.5981,BARISTAseq,Lwm,1035.40818,208.5981,2.702595,14.5474138,7.7025950000000005,19.5474138
3599,7485,128.7,1034.75981,305.071,BARISTAseq,Lwm,1034.75981,305.071,85.941558,63.3194357,90.941558,68.3194357
3600,7486,52.92,1038.42936,310.2583,BARISTAseq,Lwm,1038.42936,310.2583,92.268519,62.7332048,97.268519,67.73320480000001
3601,7488,125.3,1034.10848,391.1813,BARISTAseq,L6,1034.10848,391.1813,160.203256,106.9155643,165.203256,111.9155643
3602,7489,170.1,1038.56738,404.6712,BARISTAseq,L6,1038.56738,404.6712,174.11613,109.7946152,179.11613,114.7946152
3603,7490,45.74,1035.75833,425.2593,BARISTAseq,L6,1035.75833,425.2593,190.545448,122.5162944,195.545448,127.5162944
3604,7491,48.93,1034.71739,434.1995,BARISTAseq,L6,1034.71739,434.1995,197.769061,127.8856104,202.769061,132.88561040000002
3605,7492,99.19,1032.41106,441.9524,BARISTAseq,L6,1032.41106,441.9524,203.331942,133.7576765,208.331942,138.7576765
3606,7493,39.18,1038.2527,444.5728,BARISTAseq,L6,1038.2527,444.5728,208.520953,130.0072666,213.520953,135.0072666
3607,7494,29.18,1032.08357,449.8219,BARISTAseq,L6,1032.08357,449.8219,209.984652,137.9739397,214.984652,142.9739397
3608,7495,130.2,1039.09075,478.897,BARISTAseq,L6,1039.09075,478.897,238.670711,146.4341948,243.670711,151.4341948
3609,7496,96.0,1034.84157,508.3365,BARISTAseq,L6,1034.84157,508.3365,262.047148,164.8265275,267.047148,169.8265275
3610,7497,49.3,1034.01902,532.4979,BARISTAseq,L6,1034.01902,532.4979,282.564246,177.6131914,287.564246,182.6131914
3611,7498,94.38,1034.58352,561.3881,BARISTAseq,L6,1034.58352,561.3881,307.870503,191.5615419,312.870503,196.5615419
3612,7499,71.46,1038.89667,593.5957,BARISTAseq,L6,1038.89667,593.5957,337.923551,203.9207061,342.923551,208.9207061
3613,7500,44.76,1032.04553,602.2234,BARISTAseq,L6,1032.04553,602.2234,341.973015,214.1665773,346.973015,219.1665773
3614,7501,54.47,1031.85031,678.9516,BARISTAseq,L6,1031.85031,678.9516,408.335958,252.6790586,413.335958,257.67905859999996
3615,7502,124.5,1034.67655,730.5949,BARISTAseq,L6,1034.67655,730.5949,454.480748,276.03874,459.480748,281.03874
3616,7503,33.26,1031.61222,740.278,BARISTAseq,L6,1031.61222,740.278,461.336691,283.5319137,466.336691,288.5319137
3617,7504,86.78,1040.44757,781.3837,BARISTAseq,L6,1040.44757,781.3837,501.357018,296.4206994,506.357018,301.4206994
3618,7505,121.7,1031.62167,796.9444,BARISTAseq,L6,1031.62167,796.9444,510.424783,311.8416513,515.4247829999999,316.8416513
3619,7506,40.43,1038.17514,908.9822,BARISTAseq,L6,1038.17514,908.9822,610.744765,362.153833,615.744765,367.153833
3620,7507,38.96,1033.59686,947.7643,BARISTAseq,L5,1033.59686,947.7643,642.049228,385.5000651,647.049228,390.5000651
3621,7508,49.33,1038.13937,951.6236,BARISTAseq,L5,1038.13937,951.6236,647.662123,383.4940363,652.662123,388.4940363
3622,7509,75.74,1030.58115,969.8028,BARISTAseq,L5,1030.58115,969.8028,659.631537,399.1255316,664.631537,404.1255316
3623,7510,135.7,1030.54758,1009.7082,BARISTAseq,L5,1030.54758,1009.7082,694.180072,419.0965431,699.180072,424.0965431
3624,7511,29.16,1034.55833,1040.945,BARISTAseq,L5,1034.55833,1040.945,723.241055,431.2324593,728.241055,436.2324593
3625,7528,45.98,1040.88655,215.4783,BARISTAseq,Lwm,1040.88655,215.4783,11.399848,13.2404244,16.399848,18.240424400000002
3626,7529,118.7,1040.59488,255.4419,BARISTAseq,Lwm,1040.59488,255.4419,45.869794,33.4640739,50.869794,38.4640739
3627,7530,44.75,1044.01229,346.712,BARISTAseq,Lwm,1044.01229,346.712,126.633982,76.114399,131.633982,81.114399
3628,7531,36.37,1043.66258,396.5588,BARISTAseq,L6,1043.66258,396.5588,169.635585,101.3272636,174.635585,106.3272636
3629,7532,118.5,1043.02959,416.632,BARISTAseq,L6,1043.02959,416.632,186.706257,111.9067171,191.706257,116.9067171
3630,7533,112.1,1038.59444,452.6203,BARISTAseq,L6,1038.59444,452.6203,215.662257,133.7327918,220.662257,138.7327918
3631,7534,108.1,1043.50451,531.4641,BARISTAseq,L6,1043.50451,531.4641,286.408985,168.8804288,291.408985,173.8804288
3632,7536,78.11,1040.22388,600.8623,BARISTAseq,L6,1040.22388,600.8623,344.881014,206.4024475,349.881014,211.4024475
3633,7537,27.58,1042.73,643.3136,BARISTAseq,L6,1042.73,643.3136,382.903877,225.4458764,387.903877,230.4458764
3634,7538,117.3,1044.7973,666.9662,BARISTAseq,L6,1044.7973,666.9662,404.424443,235.4751586,409.424443,240.4751586
3635,7539,134.1,1039.36408,703.6192,BARISTAseq,L6,1039.36408,703.6192,433.457444,258.4979278,438.457444,263.4979278
3636,7540,71.0,1046.46219,704.8764,BARISTAseq,L6,1046.46219,704.8764,438.093529,252.9779377,443.093529,257.9779377
3637,7541,55.0,1047.25429,712.4803,BARISTAseq,L6,1047.25429,712.4803,445.075727,256.0917408,450.075727,261.0917408
3638,7542,100.6,1042.55506,726.2153,BARISTAseq,L6,1042.55506,726.2153,454.624337,267.0258959,459.624337,272.0258959
3639,7543,66.2,1039.53032,764.2068,BARISTAseq,L6,1039.53032,764.2068,486.020303,288.6313636,491.020303,293.6313636
3640,7544,68.63,1040.33559,771.5139,BARISTAseq,L6,1040.33559,771.5139,492.751984,291.5854325,497.751984,296.5854325
3641,7545,106.4,1037.54148,788.3364,BARISTAseq,L6,1037.54148,788.3364,505.927069,302.412378,510.927069,307.412378
3642,7546,77.85,1040.29923,805.193,BARISTAseq,L6,1040.29923,805.193,521.906052,308.4474111,526.906052,313.4474111
3643,7547,84.53,1036.85383,811.2825,BARISTAseq,L6,1036.85383,811.2825,525.458841,314.4748271,530.458841,319.4748271
3644,7548,264.7,1046.18033,822.0391,BARISTAseq,L6,1046.18033,822.0391,539.436771,311.7718098,544.436771,316.7718098
3645,7549,115.3,1043.99391,846.4334,BARISTAseq,L6,1043.99391,846.4334,559.474012,325.8561997,564.474012,330.8561997
3646,7550,67.37,1041.02885,867.9439,BARISTAseq,L6,1041.02885,867.9439,576.624287,339.1739437,581.624287,344.1739437
3647,7551,117.0,1045.04934,877.3727,BARISTAseq,L6,1045.04934,877.3727,586.80046,340.403303,591.80046,345.403303
3648,7552,77.1,1043.96425,906.2974,BARISTAseq,L6,1043.96425,906.2974,611.312266,355.7977559,616.312266,360.7977559
3649,7553,104.6,1046.01293,917.5223,BARISTAseq,L6,1046.01293,917.5223,622.058814,359.6326292,627.058814,364.6326292
3650,7554,120.6,1044.8143,964.3105,BARISTAseq,L5,1044.8143,964.3105,661.986903,384.0523486,666.986903,389.0523486
3651,7555,64.46,1042.50211,993.3604,BARISTAseq,L5,1042.50211,993.3604,685.99394,400.5722554,690.99394,405.5722554
3652,7556,68.26,1039.77642,1019.5317,BARISTAseq,L5,1039.77642,1019.5317,707.300891,416.011781,712.300891,421.011781
3653,7557,83.79,1042.15352,1035.114,BARISTAseq,L5,1042.15352,1035.114,721.985879,421.7397114,726.985879,426.7397114
3654,7581,102.7,1048.33193,277.5267,BARISTAseq,Lwm,1048.33193,277.5267,68.865657,37.7988278,73.865657,42.7988278
3655,7582,26.44,1046.11633,297.8487,BARISTAseq,Lwm,1046.11633,297.8487,85.360943,49.8734273,90.360943,54.8734273
3656,7583,79.05,1048.75098,302.3311,BARISTAseq,Lwm,1048.75098,302.3311,90.560187,49.831372,95.560187,54.831372
3657,7584,31.92,1048.87893,325.541,BARISTAseq,Lwm,1048.87893,325.541,110.728071,61.319216,115.728071,66.319216
3658,7586,98.13,1051.11679,346.4699,BARISTAseq,Lwm,1051.11679,346.4699,129.974574,69.8396029,134.974574,74.8396029
3659,7587,219.2,1046.68224,428.286,BARISTAseq,L6,1046.68224,428.286,198.626086,114.5667295,203.626086,119.5667295
3660,7588,12.32,1051.20655,434.3975,BARISTAseq,L6,1051.20655,434.3975,206.180712,113.7019666,211.180712,118.7019666
3661,7589,127.2,1046.35389,440.7489,BARISTAseq,L6,1046.35389,440.7489,209.257113,121.0792109,214.257113,126.0792109
3662,7590,149.2,1048.72193,457.6157,BARISTAseq,L6,1048.72193,457.6157,225.05022,127.4569285,230.05022,132.4569285
3663,7591,74.39,1052.15362,465.3311,BARISTAseq,L6,1052.15362,465.3311,233.448056,128.340064,238.448056,133.340064
3664,7592,93.54,1043.828,514.3066,BARISTAseq,L6,1043.828,514.3066,271.709174,160.0261206,276.709174,165.0261206
3665,7593,127.8,1051.62542,516.5704,BARISTAseq,L6,1051.62542,516.5704,277.566628,154.4034283,282.566628,159.4034283
3666,7595,59.77,1046.18175,545.1715,BARISTAseq,L6,1046.18175,545.1715,299.619974,173.4114516,304.619974,178.4114516
3667,7596,87.2,1048.45118,556.695,BARISTAseq,L6,1048.45118,556.695,310.73556,177.204386,315.73556,182.204386
3668,7597,76.12,1047.04947,596.0579,BARISTAseq,L6,1047.04947,596.0579,344.130498,198.0893607,349.130498,203.0893607
3669,7598,102.9,1049.38682,639.9938,BARISTAseq,L6,1049.38682,639.9938,383.354935,218.0208577,388.354935,223.0208577
3670,7599,121.5,1046.72759,675.9853,BARISTAseq,L6,1046.72759,675.9853,413.201241,238.3102982,418.201241,243.3102982
3671,7600,45.89,1045.79674,683.5069,BARISTAseq,L6,1045.79674,683.5069,419.251131,242.875347,424.251131,247.875347
3672,7601,48.31,1048.6583,696.3188,BARISTAseq,L6,1048.6583,696.3188,431.778563,246.7992137,436.778563,251.7992137
3673,7602,131.7,1051.83177,720.2959,BARISTAseq,L6,1051.83177,720.2959,454.132909,256.0324684,459.132909,261.0324684
3674,7603,155.3,1046.96965,736.3592,BARISTAseq,L6,1046.96965,736.3592,465.61692,268.2712825,470.61692,273.2712825
3675,7605,34.56,1046.13057,837.3943,BARISTAseq,L6,1046.13057,837.3943,552.712297,319.4883719,557.712297,324.4883719
3676,7606,133.4,1045.2246,858.8116,BARISTAseq,L6,1045.2246,858.8116,570.810841,330.975998,575.810841,335.975998
3677,7607,56.9,1050.9718,867.4236,BARISTAseq,L6,1050.9718,867.4236,581.142398,330.3015257,586.142398,335.3015257
3678,7609,157.6,1051.46264,985.1541,BARISTAseq,L5,1051.46264,985.1541,683.363658,388.7098889,688.363658,393.7098889
3679,7610,20.82,1049.64156,993.0661,BARISTAseq,L5,1049.64156,993.0661,689.30677,394.2410983,694.30677,399.2410983
3680,7611,131.9,1048.85705,998.5435,BARISTAseq,L5,1048.85705,998.5435,693.659138,397.6578434,698.659138,402.6578434
3681,7631,41.3,1053.58886,313.9511,BARISTAseq,Lwm,1053.58886,313.9511,103.042825,51.4477485,108.042825,56.4477485
3682,7632,98.25,1057.43761,318.5844,BARISTAseq,Lwm,1057.43761,318.5844,108.979398,50.4294033,113.979398,55.4294033
3683,7633,74.58,1052.67053,370.1622,BARISTAseq,Lwm,1052.67053,370.1622,151.272865,80.3335566,156.272865,85.3335566
3684,7635,26.27,1060.13457,430.5705,BARISTAseq,L6,1060.13457,430.5705,207.327386,104.0561871,212.327386,109.0561871
3685,7636,47.62,1056.0625,436.6116,BARISTAseq,L6,1056.0625,436.6116,210.525179,110.6022837,215.525179,115.6022837
3686,7637,66.98,1057.05558,444.3546,BARISTAseq,L6,1057.05558,444.3546,217.728263,113.6114954,222.728263,118.6114954
3687,7639,47.21,1051.81418,478.165,BARISTAseq,L6,1051.81418,478.165,244.394929,135.0475837,249.394929,140.0475837
3688,7640,30.99,1056.76192,507.2177,BARISTAseq,L6,1056.76192,507.2177,272.032391,145.280472,277.032391,150.280472
3689,7641,166.2,1051.94172,566.0401,BARISTAseq,L6,1051.94172,566.0401,320.574427,178.8509678,325.574427,183.8509678
3690,7642,166.2,1054.82614,577.2831,BARISTAseq,L6,1054.82614,577.2831,331.75428,181.970974,336.75428,186.970974
3691,7643,107.8,1053.32322,587.1683,BARISTAseq,L6,1053.32322,587.1683,339.565646,188.2127355,344.565646,193.2127355
3692,7644,87.69,1050.776,621.9385,BARISTAseq,L6,1050.776,621.9385,368.41002,207.7948115,373.41002,212.7948115
3693,7645,73.02,1054.97933,632.8748,BARISTAseq,L6,1054.97933,632.8748,379.98334,209.6191468,384.98334,214.6191468
3694,7646,25.58,1052.4369,700.4031,BARISTAseq,L6,1052.4369,700.4031,437.204558,245.5672901,442.204558,250.5672901
3695,7647,65.16,1055.61393,706.6262,BARISTAseq,L6,1055.61393,706.6262,444.182546,245.925284,449.182546,250.925284
3696,7648,44.69,1059.362,717.1962,BARISTAseq,L6,1059.362,717.1962,455.211132,247.9609401,460.211132,252.9609401
3697,7649,95.41,1057.55448,728.0986,BARISTAseq,L6,1057.55448,728.0986,463.751284,254.9748251,468.751284,259.9748251
3698,7650,186.3,1061.6022,831.405,BARISTAseq,L6,1061.6022,831.405,555.256102,303.094094,560.256102,308.094094
3699,7652,103.6,1052.36902,843.9666,BARISTAseq,L6,1052.36902,843.9666,561.522602,317.3691032,566.522602,322.3691032
3700,7653,161.1,1058.43637,878.2812,BARISTAseq,L6,1058.43637,878.2812,594.277332,329.261734,599.277332,334.261734
3701,7654,81.44,1049.97337,887.9641,BARISTAseq,L6,1049.97337,887.9641,598.435259,341.4310684,603.435259,346.4310684
3702,7655,67.8,1057.92,893.9205,BARISTAseq,L6,1057.92,893.9205,607.565709,337.5244163,612.565709,342.5244163
3703,7656,35.97,1054.81257,921.2368,BARISTAseq,L6,1054.81257,921.2368,629.673706,353.8667991,634.673706,358.8667991
3704,7658,87.11,1053.13172,960.0781,BARISTAseq,L5,1053.13172,960.0781,662.477365,374.7329131,667.477365,379.7329131
3705,7659,72.03,1058.62986,1008.7836,BARISTAseq,L5,1058.62986,1008.7836,707.412738,394.3101384,712.412738,399.3101384
3706,7660,67.93,1052.91333,1022.1443,BARISTAseq,L5,1052.91333,1022.1443,716.128804,405.9384338,721.128804,410.9384338
3707,7676,90.62,1058.93449,263.2134,BARISTAseq,Lwm,1058.93449,263.2134,61.76618,21.4623125,66.76617999999999,26.4623125
3708,7677,120.7,1061.89776,413.7285,BARISTAseq,Lwm,1061.89776,413.7285,193.620306,94.1125067,198.620306,99.1125067
3709,7678,52.22,1059.65109,426.0413,BARISTAseq,L6,1059.65109,426.0413,203.162745,102.2116393,208.162745,107.2116393
3710,7679,55.36,1061.29164,461.5014,BARISTAseq,L6,1061.29164,461.5014,234.697388,118.5110778,239.697388,123.5110778
3711,7680,50.7,1060.80649,478.8569,BARISTAseq,L6,1060.80649,478.8569,249.487982,127.6043922,254.487982,132.6043922
3712,7681,47.35,1061.78872,484.9427,BARISTAseq,L6,1061.78872,484.9427,255.250193,129.7948341,260.25019299999997,134.7948341
3713,7682,130.3,1061.24115,540.4792,BARISTAseq,L6,1061.24115,540.4792,303.081239,158.0224004,308.081239,163.0224004
3714,7683,57.6,1059.19684,553.5516,BARISTAseq,L6,1059.19684,553.5516,313.382681,166.3258075,318.382681,171.3258075
3715,7684,62.72,1062.76851,558.3674,BARISTAseq,L6,1062.76851,558.3674,319.338926,165.6387075,324.338926,170.6387075
3716,7686,90.18,1059.94961,695.9022,BARISTAseq,L6,1059.94961,695.9022,437.060278,236.8106896,442.060278,241.8106896
3717,7687,30.1,1065.63607,703.3176,BARISTAseq,L6,1065.63607,703.3176,446.325107,235.5909091,451.325107,240.5909091
3718,7688,49.1,1063.18344,737.995,BARISTAseq,L6,1063.18344,737.995,475.13635,255.0446739,480.13635,260.0446739
3719,7689,78.74,1065.02589,795.2052,BARISTAseq,L6,1065.02589,795.2052,525.611459,282.0384326,530.611459,287.0384326
3720,7690,165.3,1058.07448,789.9631,BARISTAseq,L6,1058.07448,789.9631,517.59702,285.4399755,522.59702,290.4399755
3721,7691,112.5,1057.02217,810.8761,BARISTAseq,L6,1057.02217,810.8761,535.18555,296.8022985,540.18555,301.8022985
3722,7692,42.53,1059.7065,820.3294,BARISTAseq,L6,1059.7065,820.3294,544.715314,299.201318,549.715314,304.201318
3723,7693,137.7,1056.66899,853.8903,BARISTAseq,L6,1056.66899,853.8903,572.267201,318.6037503,577.267201,323.6037503
3724,7694,155.3,1061.75529,867.2816,BARISTAseq,L6,1061.75529,867.2816,586.408267,320.89013,591.408267,325.89013
3725,7695,36.19,1056.6,887.5584,BARISTAseq,L6,1056.6,887.5584,601.395348,335.488449,606.395348,340.488449
3726,7696,131.8,1054.4126,907.7015,BARISTAseq,L6,1054.4126,907.7015,617.749788,347.4492416,622.749788,352.4492416
3727,7697,169.1,1062.20929,932.7162,BARISTAseq,L6,1062.20929,932.7162,643.313355,353.1965363,648.313355,358.1965363
3728,7698,30.52,1057.52385,974.3364,BARISTAseq,L5,1057.52385,974.3364,677.022526,378.053846,682.022526,383.053846
3729,7699,83.07,1064.64,1016.5055,BARISTAseq,L5,1064.64,1016.5055,717.104726,392.9631231,722.104726,397.9631231
3730,7723,37.73,1062.88788,350.5935,BARISTAseq,Lwm,1062.88788,350.5935,139.428782,61.7044277,144.428782,66.7044277
3731,7724,35.48,1064.17233,420.3618,BARISTAseq,Lwm,1064.17233,420.3618,200.502603,95.4571627,205.502603,100.4571627
3732,7725,104.9,1064.18341,456.5245,BARISTAseq,L6,1064.18341,456.5245,231.831636,113.5191965,236.831636,118.5191965
3733,7727,54.48,1065.88435,494.3159,BARISTAseq,L6,1065.88435,494.3159,265.415851,130.9313825,270.415851,135.9313825
3734,7728,95.07,1068.70461,516.9079,BARISTAseq,L6,1068.70461,516.9079,286.39397,139.7784276,291.39397,144.7784276
3735,7729,147.8,1070.273,527.6258,BARISTAseq,L6,1070.273,527.6258,296.461381,143.7759691,301.461381,148.7759691
3736,7730,58.14,1072.07651,522.4993,BARISTAseq,L6,1072.07651,522.4993,292.922142,139.6519167,297.922142,144.6519167
3737,7731,125.7,1068.44461,549.6848,BARISTAseq,L6,1068.44461,549.6848,314.654747,156.383225,319.654747,161.383225
3738,7732,22.98,1070.81167,555.3538,BARISTAseq,L6,1070.81167,555.3538,320.748026,157.1658993,325.748026,162.1658993
3739,7733,30.48,1067.37667,580.3924,BARISTAseq,L6,1067.37667,580.3924,340.719404,172.6537714,345.719404,177.6537714
3740,7734,73.53,1066.58882,601.5127,BARISTAseq,L6,1066.58882,601.5127,358.619715,183.8906474,363.619715,188.8906474
3741,7735,24.75,1064.50583,669.8929,BARISTAseq,L6,1064.50583,669.8929,416.808391,219.8665326,421.808391,224.8665326
3742,7736,33.06,1069.79667,757.1784,BARISTAseq,L6,1069.79667,757.1784,495.057466,258.9029377,500.057466,263.9029377
3743,7738,101.0,1068.9039,789.2234,BARISTAseq,L6,1068.9039,789.2234,522.368108,275.6900976,527.368108,280.6900976
3744,7739,69.23,1069.67064,862.4278,BARISTAseq,L6,1069.67064,862.4278,586.159501,311.6083946,591.159501,316.6083946
3745,7740,198.2,1066.15041,919.9726,BARISTAseq,L6,1066.15041,919.9726,634.244527,343.4144071,639.244527,348.4144071
3746,7742,59.49,1065.28453,972.6008,BARISTAseq,L5,1065.28453,972.6008,679.39737,370.4643239,684.39737,375.4643239
3747,7743,188.0,1066.86258,992.469,BARISTAseq,L5,1066.86258,992.469,697.395483,379.0262204,702.395483,384.0262204
3748,7744,39.11,1063.83026,1000.1599,BARISTAseq,L5,1063.83026,1000.1599,702.541857,385.4961366,707.541857,390.4961366
3749,7745,23.04,1064.35958,1008.575,BARISTAseq,L5,1064.35958,1008.575,710.095358,389.242912,715.095358,394.242912
3750,7760,61.89,1067.96837,243.9857,BARISTAseq,Lwm,1067.96837,243.9857,49.626012,4.0286726,54.626012,9.0286726
3751,7762,163.5,1072.12545,467.5773,BARISTAseq,L6,1072.12545,467.5773,245.374202,112.1633448,250.374202,117.1633448
3752,7763,80.57,1071.6747,484.1295,BARISTAseq,L6,1071.6747,484.1295,259.486192,120.8254372,264.486192,125.8254372
3753,7764,57.06,1073.23549,492.1257,BARISTAseq,L6,1073.23549,492.1257,267.192329,123.469453,272.192329,128.469453
3754,7765,18.63,1068.49571,499.0593,BARISTAseq,L6,1068.49571,499.0593,270.82943,131.0398621,275.82943,136.0398621
3755,7766,123.2,1077.20256,581.4639,BARISTAseq,L6,1077.20256,581.4639,346.557834,164.6782365,351.557834,169.6782365
3756,7767,136.4,1068.03278,588.9344,BARISTAseq,L6,1068.03278,588.9344,348.44621,176.3541607,353.44621,181.3541607
3757,7768,101.3,1069.99903,612.0555,BARISTAseq,L6,1069.99903,612.0555,369.455902,186.2053668,374.455902,191.2053668
3758,7769,101.5,1070.39356,639.6335,BARISTAseq,L6,1070.39356,639.6335,393.540586,199.6451791,398.540586,204.6451791
3759,7770,130.4,1073.13762,677.6181,BARISTAseq,L6,1073.13762,677.6181,427.813401,216.250367,432.813401,221.250367
3760,7771,157.1,1072.0329,692.9794,BARISTAseq,L6,1072.0329,692.9794,440.566991,224.8837578,445.566991,229.8837578
3761,7772,67.49,1074.94855,698.2816,BARISTAseq,L6,1074.94855,698.2816,446.616738,225.0079754,451.616738,230.0079754
3762,7773,180.3,1069.21234,746.9189,BARISTAseq,L6,1069.21234,746.9189,485.878893,254.2820974,490.878893,259.2820974
3763,7774,64.76,1076.29821,774.2367,BARISTAseq,L6,1076.29821,774.2367,513.082046,261.7959584,518.082046,266.7959584
3764,7775,34.69,1073.46621,807.5859,BARISTAseq,L6,1073.46621,807.5859,540.553282,280.9146107,545.553282,285.9146107
3765,7776,49.63,1075.0494,884.9336,BARISTAseq,L6,1075.0494,884.9336,608.341506,318.1962282,613.341506,323.1962282
3766,7778,23.63,1075.43,900.0551,BARISTAseq,L6,1075.43,900.0551,621.629708,325.4232582,626.629708,330.4232582
3767,7779,72.32,1072.79738,907.5379,BARISTAseq,L6,1072.79738,907.5379,626.79556,331.4429592,631.79556,336.4429592
3768,7780,96.81,1073.36557,932.9321,BARISTAseq,L6,1073.36557,932.9321,649.07543,343.6410276,654.07543,348.6410276
3769,7781,51.51,1070.01111,940.538,BARISTAseq,L6,1070.01111,940.538,653.987254,350.3475301,658.987254,355.3475301
3770,7782,22.86,1071.34667,976.5771,BARISTAseq,L5,1071.34667,976.5771,685.871076,367.2005357,690.871076,372.2005357
3771,7798,43.83,1083.76577,449.3265,BARISTAseq,Lwm,1083.76577,449.3265,235.382707,92.960233,240.382707,97.960233
3772,7799,14.02,1079.51308,481.3327,BARISTAseq,L6,1079.51308,481.3327,260.9807,112.6383161,265.9807,117.6383161
3773,7800,67.45,1080.095,487.35,BARISTAseq,L6,1080.095,487.35,266.483611,115.1413126,271.483611,120.1413126
3774,7801,53.87,1081.80242,494.4028,BARISTAseq,L6,1081.80242,494.4028,273.445797,117.1868381,278.445797,122.1868381
3775,7802,101.8,1077.00156,501.8573,BARISTAseq,L6,1077.00156,501.8573,277.503634,125.0705101,282.503634,130.0705101
3776,7803,114.0,1073.75713,535.1638,BARISTAseq,L6,1073.75713,535.1638,304.731767,144.5250431,309.731767,149.5250431
3777,7804,40.73,1080.90756,570.3117,BARISTAseq,L6,1080.90756,570.3117,338.749506,155.8959451,343.749506,160.8959451
3778,7805,73.89,1072.44048,596.6084,BARISTAseq,L6,1072.44048,596.6084,357.295938,176.3712134,362.295938,181.3712134
3779,7806,62.61,1077.77547,617.2273,BARISTAseq,L6,1077.77547,617.2273,377.821674,182.0540243,382.821674,187.0540243
3780,7808,60.7,1081.38452,644.2492,BARISTAseq,L6,1081.38452,644.2492,403.031108,192.4316053,408.031108,197.4316053
3781,7809,25.44,1080.32929,679.2211,BARISTAseq,L6,1080.32929,679.2211,432.795818,210.8221749,437.795818,215.8221749
3782,7810,62.35,1081.50847,713.6407,BARISTAseq,L6,1081.50847,713.6407,463.198704,227.0013003,468.198704,232.0013003
3783,7811,53.98,1076.78,716.4134,BARISTAseq,L6,1076.78,716.4134,463.237336,232.4825795,468.237336,237.4825795
3784,7812,56.41,1074.43087,728.9745,BARISTAseq,L6,1074.43087,728.9745,472.943656,240.7945504,477.943656,245.7945504
3785,7813,40.17,1077.664,759.8459,BARISTAseq,L6,1077.664,759.8459,501.299534,253.4214244,506.299534,258.4214244
3786,7814,67.57,1080.78806,770.3239,BARISTAseq,L6,1080.78806,770.3239,511.936524,255.9515718,516.936524,260.9515718
3787,7815,39.9,1075.85295,793.6288,BARISTAseq,L6,1075.85295,793.6288,529.656605,271.8724523,534.656605,276.8724523
3788,7816,179.0,1073.48897,838.2558,BARISTAseq,L6,1073.48897,838.2558,567.130357,296.2215823,572.130357,301.2215823
3789,7818,101.1,1081.08971,992.5968,BARISTAseq,L5,1081.08971,992.5968,704.615904,366.7668086,709.615904,371.7668086
3790,7842,25.37,1086.8887,372.8517,BARISTAseq,Lwm,1086.8887,372.8517,170.702293,52.0384381,175.702293,57.0384381
3791,7843,169.5,1091.89491,459.3602,BARISTAseq,Lwm,1091.89491,459.3602,248.136102,90.9330792,253.136102,95.9330792
3792,7845,50.41,1083.08373,477.0182,BARISTAseq,L6,1083.08373,477.0182,259.027919,107.3893959,264.027919,112.3893959
3793,7846,34.72,1087.01192,481.104,BARISTAseq,L6,1087.01192,481.104,264.529994,106.0286633,269.529994,111.0286633
3794,7847,109.6,1083.52,509.8199,BARISTAseq,L6,1083.52,509.8199,287.658175,123.4035226,292.658175,128.4035226
3795,7848,113.3,1088.48011,531.4612,BARISTAseq,L6,1088.48011,531.4612,308.882125,129.9219497,313.882125,134.9219497
3796,7849,46.73,1082.63364,561.7568,BARISTAseq,L6,1082.63364,561.7568,332.201995,150.1257145,337.201995,155.1257145
3797,7850,87.38,1085.34143,593.9175,BARISTAseq,L6,1085.34143,593.9175,361.412094,163.8519176,366.412094,168.8519176
3798,7851,81.62,1082.15583,606.6271,BARISTAseq,L6,1082.15583,606.6271,370.828997,172.9626069,375.828997,177.9626069
3799,7852,125.1,1086.09744,612.9996,BARISTAseq,L6,1086.09744,612.9996,378.318532,172.7330194,383.318532,177.7330194
3800,7853,121.8,1082.53894,636.2554,BARISTAseq,L6,1082.53894,636.2554,396.683918,187.4369278,401.683918,192.4369278
3801,7854,42.4,1085.07829,654.2577,BARISTAseq,L6,1085.07829,654.2577,413.546142,194.2336668,418.546142,199.2336668
3802,7855,108.7,1079.60021,660.0019,BARISTAseq,L6,1079.60021,660.0019,415.7841,201.849228,420.7841,206.849228
3803,7856,59.14,1086.74421,671.9594,BARISTAseq,L6,1086.74421,671.9594,429.711584,201.6367863,434.711584,206.6367863
3804,7858,87.74,1088.47797,713.6672,BARISTAseq,L6,1088.47797,713.6672,466.704457,220.9776632,471.704457,225.9776632
3805,7859,176.6,1085.08433,726.8535,BARISTAseq,L6,1085.08433,726.8535,476.430292,230.5067636,481.430292,235.5067636
3806,7860,77.59,1086.19429,737.2154,BARISTAseq,L6,1086.19429,737.2154,485.960267,234.7235083,490.960267,239.7235083
3807,7861,49.14,1087.78022,771.4346,BARISTAseq,L6,1087.78022,771.4346,516.392868,250.4501901,521.392868,255.4501901
3808,7862,121.6,1083.39848,795.8125,BARISTAseq,L6,1083.39848,795.8125,535.3188,266.4279136,540.3188,271.4279136
3809,7863,155.7,1088.17508,808.2207,BARISTAseq,L6,1088.17508,808.2207,548.453616,268.4912997,553.453616,273.4912997
3810,7864,69.07,1088.79591,834.4934,BARISTAseq,L6,1088.79591,834.4934,571.520734,281.0827855,576.520734,286.0827855
3811,7865,180.0,1088.04041,861.4086,BARISTAseq,L6,1088.04041,861.4086,594.456594,295.1875114,599.456594,300.1875114
3812,7866,177.4,1083.17536,873.5508,BARISTAseq,L6,1083.17536,873.5508,602.542736,305.469354,607.542736,310.469354
3813,7867,73.22,1087.21469,895.4707,BARISTAseq,L6,1087.21469,895.4707,623.547937,312.9246051,628.547937,317.9246051
3814,7868,157.1,1079.98391,915.1143,BARISTAseq,L6,1079.98391,915.1143,636.949439,329.0042907,641.949439,334.0042907
3815,7869,46.88,1085.99,927.8203,BARISTAseq,L6,1085.99,927.8203,650.95655,330.1514954,655.95655,335.1514954
3816,7870,71.7,1085.01486,934.4671,BARISTAseq,L6,1085.01486,934.4671,656.226586,334.3177598,661.226586,339.3177598
3817,7871,44.77,1087.09,955.1853,BARISTAseq,L6,1087.09,955.1853,675.209274,342.8738,680.209274,347.8738
3818,7872,144.4,1079.25215,952.2117,BARISTAseq,L6,1079.25215,952.2117,668.716768,348.1767842,673.716768,353.1767842
3819,7893,39.98,1087.885,352.1478,BARISTAseq,Lwm,1087.885,352.1478,153.266929,40.8291389,158.266929,45.8291389
3820,7894,17.25,1089.5,397.4249,BARISTAseq,Lwm,1089.5,397.4249,193.292132,62.0565753,198.292132,67.05657529999999
3821,7895,37.47,1095.76944,400.7938,BARISTAseq,Lwm,1095.76944,400.7938,199.343261,58.3096544,204.343261,63.3096544
3822,7896,21.31,1094.07,405.0415,BARISTAseq,Lwm,1094.07,405.0415,202.173267,61.9043804,207.173267,66.90438040000001
3823,7897,43.05,1088.00312,419.6717,BARISTAseq,Lwm,1088.00312,419.6717,211.813891,74.4705593,216.813891,79.4705593
3824,7898,36.46,1092.21936,476.861,BARISTAseq,Lwm,1092.21936,476.861,263.457082,99.3977113,268.457082,104.3977113
3825,7899,67.66,1090.48718,485.3378,BARISTAseq,L6,1090.48718,485.3378,269.933943,105.1342277,274.933943,110.1342277
3826,7900,37.39,1091.03375,499.8461,BARISTAseq,L6,1091.03375,499.8461,282.773914,111.9110491,287.773914,116.9110491
3827,7901,29.04,1090.82138,507.2681,BARISTAseq,L6,1090.82138,507.2681,289.096563,115.8039877,294.096563,120.8039877
3828,7902,65.74,1092.41519,514.4781,BARISTAseq,L6,1092.41519,514.4781,296.13824,118.0265406,301.13824,123.0265406
3829,7903,34.66,1088.04767,524.5977,BARISTAseq,L6,1088.04767,524.5977,302.721026,126.8666408,307.721026,131.8666408
3830,7904,31.5,1088.81548,561.6756,BARISTAseq,L6,1088.81548,561.6756,335.220912,144.7305343,340.220912,149.7305343
3831,7905,222.2,1090.40394,574.4673,BARISTAseq,L6,1090.40394,574.4673,347.094667,149.7470588,352.094667,154.7470588
3832,7907,182.2,1091.5234,624.0631,BARISTAseq,L6,1091.5234,624.0631,390.612987,173.5618953,395.612987,178.5618953
3833,7908,23.78,1090.72192,666.4089,BARISTAseq,L6,1090.72192,666.4089,426.891597,195.417596,431.891597,200.417596
3834,7909,38.11,1095.79069,670.2943,BARISTAseq,L6,1095.79069,670.2943,432.790081,192.9687823,437.790081,197.9687823
3835,7910,52.53,1090.09169,676.9003,BARISTAseq,L6,1090.09169,676.9003,435.664153,201.2063847,440.664153,206.2063847
3836,7911,15.62,1091.50688,733.7171,BARISTAseq,L6,1091.50688,733.7171,485.584987,228.3736488,490.584987,233.3736488
3837,7912,51.7,1095.76895,802.5296,BARISTAseq,L6,1095.76895,802.5296,547.318943,259.0695997,552.318943,264.0695997
3838,7913,18.26,1094.06391,827.0249,BARISTAseq,L6,1094.06391,827.0249,567.684258,272.7875143,572.684258,277.7875143
3839,7914,51.57,1089.79386,842.2063,BARISTAseq,L6,1089.79386,842.2063,578.700242,284.0727687,583.700242,289.0727687
3840,7915,60.47,1091.93294,869.683,BARISTAseq,L6,1091.93294,869.683,603.568962,295.9508506,608.568962,300.9508506
3841,7916,116.0,1088.33727,902.9126,BARISTAseq,L6,1088.33727,902.9126,630.554923,315.6711714,635.554923,320.6711714
3842,7918,163.0,1087.22401,944.1988,BARISTAseq,L6,1087.22401,944.1988,665.759973,337.267449,670.759973,342.267449
3843,7919,44.27,1089.33579,979.8787,BARISTAseq,L6,1089.33579,979.8787,697.720518,353.2685777,702.720518,358.2685777
3844,7920,100.1,1095.58716,985.534,BARISTAseq,L6,1095.58716,985.534,705.743077,350.6799134,710.743077,355.6799134
3845,7921,47.63,1089.53024,989.1548,BARISTAseq,L6,1089.53024,989.1548,705.852473,357.7356984,710.852473,362.7356984
3846,7922,63.26,1090.99189,1002.1908,BARISTAseq,L5,1090.99189,1002.1908,717.87443,362.9841233,722.87443,367.9841233
3847,7945,91.43,1095.97686,300.1549,BARISTAseq,Lwm,1095.97686,300.1549,112.275358,7.8376652,117.275358,12.8376652
3848,7947,205.5,1092.36641,389.6871,BARISTAseq,Lwm,1092.36641,389.6871,188.022194,55.706913,193.022194,60.706913
3849,7948,34.66,1097.306,414.0285,BARISTAseq,Lwm,1097.306,414.0285,211.574714,63.5924656,216.574714,68.5924656
3850,7949,80.46,1097.75538,421.5356,BARISTAseq,Lwm,1097.75538,421.5356,218.301846,66.9547728,223.301846,71.9547728
3851,7950,104.1,1091.79353,430.0661,BARISTAseq,Lwm,1091.79353,430.0661,222.711424,76.3817332,227.711424,81.3817332
3852,7951,26.05,1098.00565,442.9512,BARISTAseq,Lwm,1098.00565,442.9512,236.976653,77.4399916,241.976653,82.4399916
3853,7952,87.64,1098.77766,476.7589,BARISTAseq,Lwm,1098.77766,476.7589,266.646079,93.6660503,271.646079,98.6660503
3854,7953,146.1,1096.39453,524.6173,BARISTAseq,L6,1096.39453,524.6173,306.909159,119.6465407,311.909159,124.6465407
3855,7954,140.5,1096.91832,543.9552,BARISTAseq,L6,1096.91832,543.9552,323.921083,128.8566009,328.921083,133.8566009
3856,7955,101.1,1095.78176,588.0034,BARISTAseq,L6,1095.78176,588.0034,361.506828,151.8532782,366.506828,156.8532782
3857,7957,75.78,1090.76338,643.3642,BARISTAseq,L6,1090.76338,643.3642,406.95142,183.8655416,411.95142,188.8655416
3858,7958,105.3,1097.2919,651.7852,BARISTAseq,L6,1097.2919,651.7852,417.508023,182.4188921,422.508023,187.4188921
3859,7959,20.65,1099.96095,657.636,BARISTAseq,L6,1099.96095,657.636,423.909754,183.0308715,428.909754,188.0308715
3860,7960,138.8,1101.97754,673.9666,BARISTAseq,L6,1101.97754,673.9666,439.062747,189.4450334,444.062747,194.4450334
3861,7961,38.01,1098.72558,703.6887,BARISTAseq,L6,1098.72558,703.6887,463.182377,207.1148517,468.182377,212.1148517
3862,7962,104.9,1097.63843,737.1707,BARISTAseq,L6,1097.63843,737.1707,491.640568,224.7884903,496.640568,229.7884903
3863,7963,33.21,1099.593,763.1316,BARISTAseq,L6,1099.593,763.1316,515.10413,236.0689029,520.10413,241.0689029
3864,7964,32.35,1097.56707,830.5797,BARISTAseq,L6,1097.56707,830.5797,572.513967,271.5295692,577.513967,276.5295692
3865,7965,79.53,1095.28848,838.9907,BARISTAseq,L6,1095.28848,838.9907,578.66071,277.7064547,583.66071,282.7064547
3866,7966,77.65,1096.0155,853.9378,BARISTAseq,L6,1096.0155,853.9378,591.970959,284.5462701,596.970959,289.5462701
3867,7967,72.22,1100.70233,918.5477,BARISTAseq,L6,1100.70233,918.5477,650.276985,312.7741447,655.276985,317.7741447
3868,7968,49.38,1097.695,993.4066,BARISTAseq,L6,1097.695,993.4066,713.615533,352.7883191,718.615533,357.7883191
3869,7992,101.7,1104.32078,316.6542,BARISTAseq,Lwm,1104.32078,316.6542,130.736507,8.8555538,135.736507,13.8555538
3870,7993,60.74,1103.93283,383.3364,BARISTAseq,Lwm,1103.93283,383.3364,188.301425,42.514665,193.301425,47.514665
3871,7994,64.97,1104.15273,421.144,BARISTAseq,Lwm,1104.15273,421.144,221.159571,61.2178071,226.159571,66.2178071
3872,7995,34.37,1105.23813,456.4504,BARISTAseq,Lwm,1105.23813,456.4504,252.283745,77.9213506,257.283745,82.9213506
3873,7996,93.09,1103.35973,465.9008,BARISTAseq,Lwm,1103.35973,465.9008,259.530793,84.2710166,264.530793,89.2710166
3874,7997,19.08,1101.7981,500.8484,BARISTAseq,Lwm,1101.7981,500.8484,289.021359,103.0880582,294.021359,108.0880582
3875,7998,37.87,1101.09967,564.7916,BARISTAseq,L6,1101.09967,564.7916,344.058728,135.6473771,349.058728,140.6473771
3876,7999,21.66,1106.39652,613.0292,BARISTAseq,L6,1106.39652,613.0292,388.488172,155.1650992,393.488172,160.1650992
3877,8001,57.44,1107.8327,667.754,BARISTAseq,L6,1107.8327,667.754,436.607461,181.2687435,441.607461,186.2687435
3878,8002,65.91,1102.42136,699.4118,BARISTAseq,L6,1102.42136,699.4118,461.324694,201.7763413,466.324694,206.7763413
3879,8003,50.99,1103.35046,706.9492,BARISTAseq,L6,1103.35046,706.9492,468.317715,204.7382164,473.317715,209.7382164
3880,8004,101.2,1099.19481,723.9242,BARISTAseq,L6,1099.19481,723.9242,480.944449,216.8206986,485.944449,221.8206986
3881,8005,29.0,1101.55487,826.737,BARISTAseq,L6,1101.55487,826.737,571.178309,266.1550958,576.178309,271.1550958
3882,8006,45.35,1100.91862,847.3616,BARISTAseq,L6,1100.91862,847.3616,588.724974,277.0129295,593.724974,282.0129295
3883,8007,66.55,1105.24587,913.5865,BARISTAseq,L6,1105.24587,913.5865,648.250211,306.359347,653.250211,311.359347
3884,8008,60.55,1098.3455,939.7816,BARISTAseq,L6,1098.3455,939.7816,667.491607,325.4268112,672.491607,330.4268112
3885,8009,36.48,1104.80929,993.2931,BARISTAseq,L6,1104.80929,993.2931,717.072442,346.5693385,722.072442,351.5693385
3886,8030,179.8,1107.25926,492.7944,BARISTAseq,Lwm,1107.25926,492.7944,284.774182,94.3328313,289.774182,99.3328313
3887,8031,132.9,1112.5835,503.5616,BARISTAseq,Lwm,1112.5835,503.5616,296.761215,95.1017841,301.761215,100.1017841
3888,8032,29.45,1107.64829,547.7273,BARISTAseq,L6,1107.64829,547.7273,332.550505,121.4475451,337.550505,126.4475451
3889,8033,71.2,1111.85776,552.5241,BARISTAseq,L6,1111.85776,552.5241,338.808973,120.1984625,343.808973,125.1984625
3890,8034,115.1,1112.30326,568.2785,BARISTAseq,L6,1112.30326,568.2785,352.677799,127.685556,357.677799,132.68555600000002
3891,8035,42.43,1107.28571,575.4795,BARISTAseq,L6,1107.28571,575.4795,356.407699,135.6301826,361.407699,140.6301826
3892,8037,52.01,1108.38184,640.2018,BARISTAseq,L6,1108.38184,640.2018,413.016706,167.0244379,418.016706,172.0244379
3893,8038,20.96,1115.9916,644.1165,BARISTAseq,L6,1115.9916,644.1165,420.21036,162.3892909,425.21036,167.3892909
3894,8039,206.3,1109.98901,653.2693,BARISTAseq,L6,1109.98901,653.2693,425.138645,172.162539,430.138645,177.162539
3895,8041,35.95,1106.01588,692.3247,BARISTAseq,L6,1106.01588,692.3247,456.982246,195.1211773,461.982246,200.1211773
3896,8042,60.2,1112.66984,698.2753,BARISTAseq,L6,1112.66984,698.2753,465.461699,192.331325,470.461699,197.331325
3897,8043,85.28,1107.09129,725.0014,BARISTAseq,L6,1107.09129,725.0014,485.823627,210.5192258,490.823627,215.5192258
3898,8044,38.96,1109.93208,717.0963,BARISTAseq,L6,1109.93208,717.0963,480.395969,204.1081486,485.395969,209.1081486
3899,8045,88.36,1107.694,756.8392,BARISTAseq,L6,1107.694,756.8392,513.702044,225.9074423,518.702044,230.9074423
3900,8046,53.9,1108.61488,763.4751,BARISTAseq,L6,1108.61488,763.4751,519.910206,228.4259949,524.910206,233.4259949
3901,8047,49.87,1107.51941,782.7767,BARISTAseq,L6,1107.51941,782.7767,536.081451,239.020468,541.081451,244.020468
3902,8049,127.1,1111.95867,823.8278,BARISTAseq,L6,1111.95867,823.8278,573.857528,255.689715,578.857528,260.689715
3903,8050,110.2,1107.72748,833.1515,BARISTAseq,L6,1107.72748,833.1515,579.8191,264.0140427,584.8191,269.0140427
3904,8051,87.74,1107.45437,865.5346,BARISTAseq,L6,1107.45437,865.5346,607.73222,280.4333936,612.73222,285.4333936
3905,8052,76.96,1110.54094,878.5052,BARISTAseq,L6,1110.54094,878.5052,620.509619,284.2417011,625.509619,289.2417011
3906,8053,25.59,1106.00057,920.9777,BARISTAseq,L6,1106.00057,920.9777,655.029507,309.3992627,660.029507,314.3992627
3907,8054,88.73,1113.70393,922.0278,BARISTAseq,L6,1113.70393,922.0278,659.788663,303.2515083,664.788663,308.2515083
3908,8055,162.6,1106.6832,935.1227,BARISTAseq,L6,1106.6832,935.1227,667.622744,315.8766527,672.622744,320.8766527
3909,8056,96.31,1113.93202,951.9683,BARISTAseq,L6,1113.93202,951.9683,685.836526,318.0161075,690.836526,323.0161075
3910,8057,101.9,1111.02308,985.0327,BARISTAseq,L6,1111.02308,985.0327,713.022627,337.0590795,718.022627,342.0590795
3911,8085,44.1,1110.84613,337.4676,BARISTAseq,Lwm,1110.84613,337.4676,152.025562,13.6044878,157.025562,18.6044878
3912,8086,70.05,1115.53583,348.8173,BARISTAseq,Lwm,1115.53583,348.8173,164.19999,15.2141115,169.19999,20.2141115
3913,8087,28.21,1111.45143,358.0559,BARISTAseq,Lwm,1111.45143,358.0559,170.161237,23.3687809,175.161237,28.3687809
3914,8088,114.1,1116.12247,455.5335,BARISTAseq,Lwm,1116.12247,455.5335,256.928707,68.0352885,261.928707,73.0352885
3915,8089,100.3,1116.65562,523.0841,BARISTAseq,Lwm,1116.65562,523.0841,315.706262,101.3306102,320.706262,106.3306102
3916,8090,24.95,1115.06261,540.5402,BARISTAseq,L6,1115.06261,540.5402,330.030277,111.433753,335.030277,116.433753
3917,8091,42.5,1113.30333,544.6587,BARISTAseq,L6,1113.30333,544.6587,332.718474,115.0157394,337.718474,120.0157394
3918,8092,95.21,1114.9187,625.2432,BARISTAseq,L6,1114.9187,625.2432,403.326496,153.8870585,408.326496,158.8870585
3919,8093,87.09,1116.23215,634.8082,BARISTAseq,L6,1116.23215,634.8082,412.267889,157.5292833,417.267889,162.5292833
3920,8094,40.52,1118.65636,650.0178,BARISTAseq,L6,1118.65636,650.0178,426.653619,163.030182,431.653619,168.030182
3921,8095,25.03,1115.57824,687.4182,BARISTAseq,L6,1115.57824,687.4182,457.510925,184.3865215,462.510925,189.3865215
3922,8096,51.28,1115.22985,692.7338,BARISTAseq,L6,1115.22985,692.7338,461.941095,187.3446522,466.941095,192.3446522
3923,8098,96.05,1115.90894,724.937,BARISTAseq,L6,1115.90894,724.937,490.17422,202.8493295,495.17422,207.8493295
3924,8099,118.3,1112.95378,773.8037,BARISTAseq,L6,1112.95378,773.8037,531.024871,229.8292147,536.024871,234.8292147
3925,8100,86.89,1115.00325,785.5776,BARISTAseq,L6,1115.00325,785.5776,542.247388,233.9377745,547.247388,238.9377745
3926,8101,124.7,1112.30519,806.5621,BARISTAseq,L6,1112.30519,806.5621,559.075481,246.7613883,564.075481,251.7613883
3927,8102,103.7,1115.10179,863.386,BARISTAseq,L6,1115.10179,863.386,609.692832,272.7356465,614.692832,277.7356465
3928,8103,205.0,1116.79719,889.9616,BARISTAseq,L6,1116.79719,889.9616,633.559325,284.5477382,638.559325,289.5477382
3929,8104,125.9,1119.49278,942.6286,BARISTAseq,L6,1119.49278,942.6286,680.525559,308.532165,685.525559,313.532165
3930,8105,91.64,1118.28395,987.5572,BARISTAseq,L6,1118.28395,987.5572,718.837805,332.0314317,723.837805,337.0314317
3931,8121,65.32,1127.26913,424.225,BARISTAseq,Lwm,1127.26913,424.225,235.380278,42.7345063,240.380278,47.7345063
3932,8122,77.1,1120.7214,487.921,BARISTAseq,Lwm,1120.7214,487.921,287.280429,80.2368281,292.280429,85.2368281
3933,8123,41.97,1119.29882,514.7285,BARISTAseq,Lwm,1119.29882,514.7285,309.789683,94.8655644,314.789683,99.8655644
3934,8124,31.51,1122.05261,534.7494,BARISTAseq,Lwm,1122.05261,534.7494,328.507562,102.4853397,333.507562,107.4853397
3935,8125,82.84,1118.33612,562.0687,BARISTAseq,L6,1118.33612,562.0687,350.313714,119.3567338,355.313714,124.3567338
3936,8126,53.01,1115.01676,578.0997,BARISTAseq,L6,1115.01676,578.0997,362.540749,130.2431109,367.540749,135.2431109
3937,8127,155.4,1124.05535,574.4154,BARISTAseq,L6,1124.05535,574.4154,363.866333,120.5728982,368.866333,125.5728982
3938,8128,179.3,1116.60962,594.0414,BARISTAseq,L6,1116.60962,594.0414,377.145123,136.8299488,382.145123,141.8299488
3939,8129,43.02,1122.42477,600.5248,BARISTAseq,L6,1122.42477,600.5248,385.666957,135.0329379,390.666957,140.0329379
3940,8130,112.0,1120.72757,606.8929,BARISTAseq,L6,1120.72757,606.8929,390.334663,139.6853123,395.334663,144.6853123
3941,8131,206.9,1126.74069,639.0964,BARISTAseq,L6,1126.74069,639.0964,421.233693,150.5699367,426.233693,155.5699367
3942,8132,55.6,1124.38881,651.5992,BARISTAseq,L6,1124.38881,651.5992,430.88811,158.8551349,435.88811,163.8551349
3943,8133,68.48,1117.27667,668.1666,BARISTAseq,L6,1117.27667,668.1666,441.684274,173.2947443,446.684274,178.2947443
3944,8134,135.7,1119.885,674.6832,BARISTAseq,L6,1119.885,674.6832,448.632321,174.292014,453.632321,179.292014
3945,8135,74.03,1123.40247,687.7117,BARISTAseq,L6,1123.40247,687.7117,461.675126,177.75597,466.675126,182.75597
3946,8136,101.7,1118.76025,713.9487,BARISTAseq,L6,1118.76025,713.9487,482.081285,194.8884062,487.081285,199.8884062
3947,8138,79.02,1120.65633,759.3578,BARISTAseq,L6,1120.65633,759.3578,522.36136,215.9383875,527.36136,220.9383875
3948,8139,35.6,1122.6141,788.8577,BARISTAseq,L6,1122.6141,788.8577,548.891904,228.9845527,553.891904,233.9845527
3949,8140,83.6,1119.86466,795.7738,BARISTAseq,L6,1119.86466,795.7738,553.508554,234.8222751,558.508554,239.8222751
3950,8141,44.63,1122.88089,803.7469,BARISTAseq,L6,1122.88089,803.7469,561.922026,236.1940842,566.922026,241.1940842
3951,8142,104.0,1121.13691,813.409,BARISTAseq,L6,1121.13691,813.409,569.419598,242.5331034,574.419598,247.5331034
3952,8143,177.3,1117.88858,847.7686,BARISTAseq,L6,1117.88858,847.7686,597.557926,262.5172697,602.557926,267.5172697
3953,8144,161.0,1119.8493,874.5409,BARISTAseq,L6,1119.8493,874.5409,621.727405,274.1978513,626.727405,279.1978513
3954,8145,200.0,1118.40231,910.1171,BARISTAseq,L6,1118.40231,910.1171,651.819766,293.2297331,656.819766,298.2297331
3955,8146,24.27,1123.89513,951.5444,BARISTAseq,L6,1123.89513,951.5444,690.448274,309.1744511,695.448274,314.1744511
3956,8147,68.93,1117.19247,961.0146,BARISTAseq,L6,1117.19247,961.0146,695.301661,319.7127146,700.301661,324.7127146
3957,8148,72.05,1125.43973,957.9764,BARISTAseq,L6,1125.43973,957.9764,696.791362,311.0507692,701.791362,316.0507692
3958,8149,102.4,1117.01969,969.5435,BARISTAseq,L6,1117.01969,969.5435,702.602867,324.1245097,707.602867,329.1245097
3959,8150,103.5,1122.24676,976.7725,BARISTAseq,L6,1122.24676,976.7725,711.47665,323.2094872,716.47665,328.2094872
3960,8173,168.6,1130.55426,432.2672,BARISTAseq,Lwm,1130.55426,432.2672,243.987947,43.9079108,248.987947,48.9079108
3961,8175,157.7,1128.20886,513.0334,BARISTAseq,Lwm,1128.20886,513.0334,312.77404,86.3007734,317.77404,91.3007734
3962,8176,185.2,1134.78274,581.6945,BARISTAseq,L6,1134.78274,581.6945,375.532145,114.9186287,380.532145,119.9186287
3963,8177,36.03,1126.15,587.0092,BARISTAseq,L6,1126.15,587.0092,375.82156,125.0520346,380.82156,130.0520346
3964,8178,166.5,1124.40965,616.923,BARISTAseq,L6,1124.40965,616.923,400.86261,141.5083169,405.86261,146.5083169
3965,8179,92.52,1127.4269,683.4632,BARISTAseq,L6,1127.4269,683.4632,460.006334,172.1470141,465.006334,177.1470141
3966,8180,110.5,1125.13663,698.2237,BARISTAseq,L6,1125.13663,698.2237,471.647089,181.507076,476.647089,186.507076
3967,8181,146.7,1124.3345,708.7003,BARISTAseq,L6,1124.3345,708.7003,480.320832,187.4373104,485.320832,192.4373104
3968,8183,51.99,1125.44298,726.8669,BARISTAseq,L6,1125.44298,726.8669,496.610306,195.5555483,501.610306,200.5555483
3969,8184,20.96,1131.21926,731.5944,BARISTAseq,L6,1131.21926,731.5944,503.59184,192.9147647,508.59184,197.9147647
3970,8185,68.27,1129.62263,753.8484,BARISTAseq,L6,1129.62263,753.8484,522.069942,205.4187251,527.069942,210.4187251
3971,8186,186.7,1130.4736,763.7828,BARISTAseq,L6,1130.4736,763.7828,531.100114,209.6461157,536.100114,214.6461157
3972,8187,136.1,1129.66603,794.7605,BARISTAseq,L6,1129.66603,794.7605,557.528905,225.8261355,562.528905,230.8261355
3973,8188,177.8,1132.44571,812.2673,BARISTAseq,L6,1132.44571,812.2673,574.082014,232.167094,579.082014,237.167094
3974,8189,123.4,1127.19707,847.5839,BARISTAseq,L6,1127.19707,847.5839,602.049726,254.362164,607.049726,259.362164
3975,8190,188.2,1131.10289,884.0667,BARISTAseq,L6,1131.10289,884.0667,635.602261,269.2105468,640.602261,274.2105468
3976,8191,61.42,1126.06554,920.8802,BARISTAseq,L6,1126.06554,920.8802,664.972073,291.9706137,669.972073,296.9706137
3977,8192,32.23,1132.63032,927.3456,BARISTAseq,L6,1132.63032,927.3456,673.85298,289.5153234,678.85298,294.5153234
3978,8193,69.28,1126.08246,929.2692,BARISTAseq,L6,1126.08246,929.2692,672.246954,296.1482165,677.246954,301.1482165
3979,8194,58.43,1129.416,949.0382,BARISTAseq,L6,1129.416,949.0382,691.03638,303.1399422,696.03638,308.1399422
3980,8222,43.93,1131.8155,478.4531,BARISTAseq,Lwm,1131.8155,478.4531,284.62351,65.8959018,289.62351,70.8959018
3981,8223,42.98,1130.29625,526.3091,BARISTAseq,Lwm,1130.29625,526.3091,325.316323,91.1269754,330.316323,96.1269754
3982,8225,101.8,1134.40917,625.2731,BARISTAseq,L6,1134.40917,625.2731,413.092408,137.0197433,418.092408,142.0197433
3983,8226,44.68,1135.7459,637.7468,BARISTAseq,L6,1135.7459,637.7468,424.564901,142.0953804,429.564901,147.0953804
3984,8227,154.0,1136.62204,693.4181,BARISTAseq,L6,1136.62204,693.4181,473.22413,169.1570986,478.22413,174.1570986
3985,8228,27.42,1138.16,724.6514,BARISTAseq,L6,1138.16,724.6514,501.046439,183.433197,506.046439,188.433197
3986,8230,59.18,1134.55571,740.3553,BARISTAseq,L6,1134.55571,740.3553,512.84768,194.4028692,517.84768,199.4028692
3987,8231,86.12,1134.8894,848.5393,BARISTAseq,L6,1134.8894,848.5393,606.721357,248.1766434,611.721357,253.1766434
3988,8232,94.77,1129.73406,864.5034,BARISTAseq,L6,1129.73406,864.5034,617.972888,260.6198542,622.972888,265.6198542
3989,8233,148.7,1138.96494,864.4177,BARISTAseq,L6,1138.96494,864.4177,622.511609,252.5814149,627.511609,257.5814149
3990,8234,95.36,1135.48409,872.6037,BARISTAseq,L6,1135.48409,872.6037,627.86269,259.687257,632.86269,264.687257
3991,8235,94.44,1133.19558,912.1629,BARISTAseq,L6,1133.19558,912.1629,660.984436,281.4384218,665.984436,286.4384218
3992,8237,111.2,1128.43533,968.1855,BARISTAseq,L6,1128.43533,968.1855,707.131286,313.5578388,712.131286,318.5578388
3993,8260,98.12,1142.18585,372.1886,BARISTAseq,Lwm,1142.18585,372.1886,197.761669,3.8097677,202.761669,8.8097677
3994,8262,76.37,1145.51183,507.4125,BARISTAseq,Lwm,1145.51183,507.4125,316.552067,68.5042848,321.552067,73.5042848
3995,8263,42.73,1140.57721,515.5432,BARISTAseq,Lwm,1140.57721,515.5432,321.128796,76.8417492,326.128796,81.8417492
3996,8264,166.8,1144.45773,538.5549,BARISTAseq,Lwm,1144.45773,538.5549,343.000327,84.9801716,348.000327,89.9801716
3997,8265,62.94,1140.33154,550.8957,BARISTAseq,Lwm,1140.33154,550.8957,351.627706,94.7212649,356.627706,99.7212649
3998,8266,145.9,1140.38549,559.9602,BARISTAseq,Lwm,1140.38549,559.9602,359.506151,99.2043291,364.506151,104.2043291
3999,8267,120.7,1139.27869,607.9685,BARISTAseq,L6,1139.27869,607.9685,400.536911,124.1542101,405.536911,129.1542101
4000,8268,111.1,1142.17549,619.8433,BARISTAseq,L6,1142.17549,619.8433,412.270275,127.5792626,417.270275,132.5792626
4001,8269,90.78,1143.62897,634.2141,BARISTAseq,L6,1143.62897,634.2141,425.444291,133.5017845,430.444291,138.5017845
4002,8270,57.13,1142.13622,645.1006,BARISTAseq,L6,1142.13622,645.1006,434.128013,140.2350969,439.128013,145.2350969
4003,8271,41.03,1140.58028,660.6611,BARISTAseq,L6,1140.58028,660.6611,446.828736,149.3589095,451.828736,154.3589095
4004,8272,55.38,1138.9756,733.5258,BARISTAseq,L6,1138.9756,733.5258,509.140839,187.1615358,514.140839,192.1615358
4005,8273,59.63,1139.38493,752.383,BARISTAseq,L6,1139.38493,752.383,525.679094,196.2304621,530.679094,201.2304621
4006,8274,141.6,1143.78111,818.3128,BARISTAseq,L6,1143.78111,818.3128,584.983167,225.3697049,589.983167,230.3697049
4007,8275,25.29,1142.44714,843.1105,BARISTAseq,L6,1142.44714,843.1105,605.795832,238.9173178,610.795832,243.9173178
4008,8276,81.41,1135.73703,921.0842,BARISTAseq,L6,1135.73703,921.0842,669.981981,283.6953347,674.981981,288.6953347
4009,8277,68.17,1141.26862,931.9769,BARISTAseq,L6,1141.26862,931.9769,682.181301,284.3473692,687.181301,289.3473692
4010,8278,34.56,1135.47226,948.7171,BARISTAseq,L6,1135.47226,948.7171,693.784757,297.7336694,698.784757,302.7336694
4011,8279,93.82,1138.05017,970.7644,BARISTAseq,L6,1138.05017,970.7644,714.169959,306.5184301,719.169959,311.5184301
4012,8299,57.16,1148.40303,442.1293,BARISTAseq,Lwm,1148.40303,442.1293,261.449832,33.3760067,266.449832,38.3760067
4013,8300,59.27,1139.27318,440.6935,BARISTAseq,Lwm,1139.27318,440.6935,255.643731,40.5666097,260.643731,45.5666097
4014,8301,45.94,1147.62711,490.8957,BARISTAseq,Lwm,1147.62711,490.8957,303.302599,58.4181358,308.302599,63.4181358
4015,8302,82.37,1144.41361,499.9494,BARISTAseq,Lwm,1144.41361,499.9494,309.538863,65.7260167,314.538863,70.7260167
4016,8303,87.79,1146.61059,520.7281,BARISTAseq,Lwm,1146.61059,520.7281,328.634915,74.2067986,333.634915,79.2067986
4017,8304,30.86,1146.83882,555.0591,BARISTAseq,Lwm,1146.83882,555.0591,358.485796,91.1653224,363.485796,96.1653224
4018,8305,65.41,1148.94515,582.8206,BARISTAseq,Lwm,1148.94515,582.8206,383.584945,103.2141608,388.584945,108.2141608
4019,8306,60.36,1149.84532,606.0138,BARISTAseq,L6,1149.84532,606.0138,404.124273,114.0247822,409.124273,119.0247822
4020,8307,39.13,1153.17476,613.7865,BARISTAseq,L6,1153.17476,613.7865,412.520696,115.0251546,417.520696,120.0251546
4021,8308,81.68,1146.52803,656.4064,BARISTAseq,L6,1146.52803,656.4064,446.115601,142.0808352,451.115601,147.0808352
4022,8309,22.91,1143.72609,666.3661,BARISTAseq,L6,1143.72609,666.3661,453.342348,149.4850259,458.342348,154.4850259
4023,8311,95.87,1148.99444,733.5995,BARISTAseq,L6,1148.99444,733.5995,514.2114,178.5202342,519.2114,183.5202342
4024,8312,31.35,1141.67429,740.3391,BARISTAseq,L6,1141.67429,740.3391,516.391026,188.2288087,521.391026,193.2288087
4025,8313,122.7,1145.39248,750.55,BARISTAseq,L6,1145.39248,750.55,527.093578,190.1108595,532.093578,195.1108595
4026,8314,35.65,1144.635,786.2239,BARISTAseq,L6,1144.635,786.2239,557.615126,208.5943136,562.615126,213.5943136
4027,8315,117.8,1143.86573,806.561,BARISTAseq,L6,1143.86573,806.561,574.846316,219.423708,579.846316,224.423708
4028,8316,49.84,1144.5413,882.7556,BARISTAseq,L6,1144.5413,882.7556,641.182162,256.9152468,646.182162,261.9152468
4029,8317,70.66,1145.23831,887.371,BARISTAseq,L6,1145.23831,887.371,645.528279,258.617977,650.528279,263.617977
4030,8318,35.46,1143.96,904.0006,BARISTAseq,L6,1143.96,904.0006,659.293755,268.0355626,664.293755,273.0355626
4031,8319,166.0,1147.78835,895.8874,BARISTAseq,L6,1147.78835,895.8874,654.179385,260.6651034,659.179385,265.6651034
4032,8320,35.92,1149.64733,953.0812,BARISTAseq,L6,1149.64733,953.0812,704.648546,287.6363455,709.648546,292.6363455
4033,8355,117.9,1150.65611,466.1617,BARISTAseq,Lwm,1150.65611,466.1617,283.392237,43.4341836,288.392237,48.4341836
4034,8356,95.35,1148.60741,480.6421,BARISTAseq,Lwm,1148.60741,480.6421,294.911054,52.4449998,299.911054,57.4449998
4035,8358,45.65,1152.14209,619.5317,BARISTAseq,L6,1152.14209,619.5317,416.981001,118.7906697,421.981001,123.7906697
4036,8359,86.64,1150.59676,641.7696,BARISTAseq,L6,1150.59676,641.7696,435.470787,131.242146,440.470787,136.242146
4037,8360,75.3,1152.43753,664.4373,BARISTAseq,L6,1152.43753,664.4373,456.025007,140.9754407,461.025007,145.9754407
4038,8361,64.65,1153.73679,683.2232,BARISTAseq,L6,1153.73679,683.2232,472.9463,149.2379514,477.9463,154.2379514
4039,8362,37.13,1152.27333,690.3651,BARISTAseq,L6,1152.27333,690.3651,478.401129,154.0745791,483.401129,159.0745791
4040,8363,49.39,1150.60706,713.2948,BARISTAseq,L6,1150.60706,713.2948,497.429742,166.9765551,502.429742,171.9765551
4041,8364,73.61,1152.14439,722.4441,BARISTAseq,L6,1152.14439,722.4441,506.1229,170.2171003,511.1229,175.2171003
4042,8365,72.35,1154.18093,729.808,BARISTAseq,L6,1154.18093,729.808,513.519059,172.133032,518.519059,177.133032
4043,8366,34.75,1155.69375,745.6342,BARISTAseq,L6,1155.69375,745.6342,527.983498,178.731539,532.983498,183.731539
4044,8367,33.88,1153.224,784.4565,BARISTAseq,L6,1153.224,784.4565,560.376371,200.2714322,565.376371,205.2714322
4045,8369,31.76,1150.30094,866.958,BARISTAseq,L6,1150.30094,866.958,630.376857,244.0318226,635.376857,249.0318226
4046,8370,36.51,1150.67909,907.5272,BARISTAseq,L6,1150.67909,907.5272,665.706157,263.9779587,670.706157,268.9779587
4047,8394,92.74,1162.8125,409.6914,BARISTAseq,Lwm,1162.8125,409.6914,240.55358,4.6845947,245.55358,9.6845947
4048,8395,191.1,1159.64088,454.7892,BARISTAseq,Lwm,1159.64088,454.7892,278.031473,29.9685183,283.031473,34.9685183
4049,8396,20.59,1159.36905,465.0056,BARISTAseq,Lwm,1159.36905,465.0056,286.744941,35.3094519,291.744941,40.3094519
4050,8397,34.26,1161.57,592.4048,BARISTAseq,Lwm,1161.57,592.4048,398.195595,97.0682576,403.195595,102.0682576
4051,8398,27.82,1158.433,610.8776,BARISTAseq,L6,1158.433,610.8776,412.628721,109.0168791,417.628721,114.0168791
4052,8399,103.6,1157.95523,642.6241,BARISTAseq,L6,1157.95523,642.6241,439.888176,125.295397,444.888176,130.29539699999998
4053,8400,76.19,1162.35391,657.5098,BARISTAseq,L6,1162.35391,657.5098,454.980016,128.9241594,459.980016,133.9241594
4054,8402,86.63,1156.65719,704.9992,BARISTAseq,L6,1156.65719,704.9992,493.267679,157.5904841,498.267679,162.5904841
4055,8403,42.94,1157.57295,715.3938,BARISTAseq,L6,1157.57295,715.3938,502.728903,161.9917492,507.728903,166.9917492
4056,8405,67.06,1164.93931,764.882,BARISTAseq,L6,1164.93931,764.882,549.275806,180.3418836,554.275806,185.3418836
4057,8406,58.18,1158.2232,769.9881,BARISTAseq,L6,1158.2232,769.9881,550.342402,188.7109426,555.342402,193.7109426
4058,8407,217.9,1156.44309,808.681,BARISTAseq,L6,1156.44309,808.681,582.967844,209.5888265,587.967844,214.5888265
4059,8408,169.4,1158.69935,833.9576,BARISTAseq,L6,1158.69935,833.9576,605.989508,220.2659942,610.989508,225.2659942
4060,8409,191.4,1159.08925,848.1469,BARISTAseq,L6,1159.08925,848.1469,618.47485,227.0190906,623.47485,232.0190906
4061,8410,195.2,1154.55801,857.5531,BARISTAseq,L6,1154.55801,857.5531,624.357914,235.644521,629.357914,240.644521
4062,8411,127.9,1165.39128,876.7897,BARISTAseq,L6,1165.39128,876.7897,646.434027,235.8740761,651.434027,240.8740761
4063,8413,35.44,1156.9572,925.7899,BARISTAseq,L6,1156.9572,925.7899,684.662317,267.6663992,689.662317,272.6663992
4064,8414,87.05,1155.53783,947.3723,BARISTAseq,L6,1155.53783,947.3723,702.647254,279.681197,707.647254,284.681197
4065,8415,48.8,1156.94857,956.3035,BARISTAseq,L6,1156.94857,956.3035,711.08827,282.9224199,716.08827,287.9224199
4066,8430,28.07,1163.98043,437.4374,BARISTAseq,Lwm,1163.98043,437.4374,265.170313,17.5384784,270.170313,22.5384784
4067,8431,28.09,1161.56926,473.8345,BARISTAseq,Lwm,1161.56926,473.8345,295.491879,37.8157383,300.491879,42.8157383
4068,8433,190.2,1163.90007,567.8953,BARISTAseq,Lwm,1163.90007,567.8953,378.130344,82.8018569,383.130344,87.8018569
4069,8434,29.69,1165.27545,624.075,BARISTAseq,L6,1165.27545,624.075,427.479415,109.6851991,432.479415,114.6851991
4070,8435,173.6,1164.07667,633.3473,BARISTAseq,L6,1164.07667,633.3473,434.911842,115.3572188,439.911842,120.3572188
4071,8436,89.44,1163.72286,685.9905,BARISTAseq,L6,1163.72286,685.9905,480.333564,141.9710734,485.333564,146.9710734
4072,8437,28.56,1162.8,696.2334,BARISTAseq,L6,1162.8,696.2334,488.744656,147.8891596,493.744656,152.8891596
4073,8438,60.39,1162.72036,706.0815,BARISTAseq,L6,1162.72036,706.0815,497.235088,152.8795274,502.235088,157.8795274
4074,8439,148.4,1163.50871,724.9976,BARISTAseq,L6,1163.50871,724.9976,514.013767,161.6495926,519.013767,166.6495926
4075,8440,56.19,1164.10463,733.8881,BARISTAseq,L6,1164.10463,733.8881,522.012369,165.576284,527.012369,170.576284
4076,8441,66.1,1164.91294,770.825,BARISTAseq,L6,1164.91294,770.825,554.410341,183.3346197,559.410341,188.3346197
4077,8442,47.86,1161.20361,780.2683,BARISTAseq,L6,1161.20361,780.2683,560.736306,191.2666865,565.736306,196.2666865
4078,8443,110.0,1169.63932,911.7464,BARISTAseq,L6,1169.63932,911.7464,678.835708,249.6634004,683.835708,254.6634004
4079,8445,267.6,1165.28523,942.1221,BARISTAseq,L6,1165.28523,942.1221,702.970687,268.6144827,707.970687,273.6144827
4080,8468,135.5,1170.7125,420.7825,BARISTAseq,Lwm,1170.7125,420.7825,254.108386,3.3843426,259.108386,8.3843426
4081,8469,41.12,1166.47586,444.2954,BARISTAseq,Lwm,1166.47586,444.2954,272.357613,18.8041305,277.357613,23.8041305
4082,8470,64.36,1175.12304,448.7701,BARISTAseq,Lwm,1175.12304,448.7701,280.554816,13.5502739,285.554816,18.5502739
4083,8471,63.25,1171.45098,461.1618,BARISTAseq,Lwm,1171.45098,461.1618,289.453185,22.9234319,294.453185,27.9234319
4084,8472,119.9,1166.93817,506.5796,BARISTAseq,Lwm,1166.93817,506.5796,326.538063,49.528997,331.538063,54.528997
4085,8473,22.55,1171.64583,521.0687,BARISTAseq,Lwm,1171.64583,521.0687,341.440774,52.6919326,346.440774,57.6919326
4086,8474,29.79,1172.41333,547.0257,BARISTAseq,Lwm,1172.41333,547.0257,364.307779,64.9986365,369.307779,69.9986365
4087,8475,157.0,1170.07908,555.0039,BARISTAseq,Lwm,1170.07908,555.0039,370.051912,71.0075051,375.051912,76.0075051
4088,8476,49.77,1170.81364,576.3854,BARISTAseq,Lwm,1170.81364,576.3854,388.939197,81.0562037,393.939197,86.0562037
4089,8478,77.48,1168.14649,598.2242,BARISTAseq,Lwm,1168.14649,598.2242,406.522674,94.2799289,411.522674,99.2799289
4090,8479,55.7,1173.52694,617.4305,BARISTAseq,Lwm,1173.52694,617.4305,425.847591,99.2174617,430.847591,104.2174617
4091,8480,43.15,1167.93968,642.6898,BARISTAseq,L6,1167.93968,642.6898,444.934655,116.6799126,449.934655,121.6799126
4092,8482,33.24,1170.58839,654.0113,BARISTAseq,L6,1170.58839,654.0113,456.064751,120.0433382,461.064751,125.0433382
4093,8483,79.54,1175.62484,656.2016,BARISTAseq,L6,1175.62484,656.2016,460.478792,116.7753995,465.478792,121.7753995
4094,8484,92.41,1170.76961,690.7961,BARISTAseq,L6,1170.76961,690.7961,488.017573,138.2688208,493.017573,143.2688208
4095,8485,95.01,1173.63238,719.6703,BARISTAseq,L6,1173.63238,719.6703,514.458479,150.2184579,519.458479,155.2184579
4096,8486,30.18,1172.27654,726.7264,BARISTAseq,L6,1172.27654,726.7264,519.892783,154.919009,524.892783,159.919009
4097,8487,28.3,1171.00618,742.6882,BARISTAseq,L6,1171.00618,742.6882,533.083798,163.9959921,538.083798,168.9959921
4098,8488,57.89,1169.48452,824.8071,BARISTAseq,L6,1169.48452,824.8071,603.453211,206.3513202,608.453211,211.3513202
4099,8489,44.87,1171.34921,830.1184,BARISTAseq,L6,1171.34921,830.1184,608.985596,207.3903704,613.985596,212.3903704
4100,8490,39.69,1168.94366,884.5764,BARISTAseq,L6,1168.94366,884.5764,654.953954,236.6883204,659.953954,241.6883204
4101,8492,57.6,1165.81877,903.1801,BARISTAseq,L6,1165.81877,903.1801,669.506484,248.6918507,674.506484,253.6918507
4102,8493,140.1,1171.614,925.8107,BARISTAseq,L6,1171.614,925.8107,692.00478,254.9813505,697.00478,259.98135049999996
4103,8494,66.3,1173.51398,936.8373,BARISTAseq,L6,1173.51398,936.8373,702.505313,258.8459675,707.505313,263.8459675
4104,8521,140.5,1176.72289,432.7446,BARISTAseq,Lwm,1176.72289,432.7446,267.473257,4.1560471,272.473257,9.1560471
4105,8522,17.16,1176.0532,551.412,BARISTAseq,Lwm,1176.0532,551.412,369.926125,64.0378563,374.926125,69.0378563
4106,8523,95.0,1181.40746,562.6402,BARISTAseq,Lwm,1181.40746,562.6402,382.327439,65.0111508,387.327439,70.0111508
4107,8525,64.09,1178.55694,599.4395,BARISTAseq,Lwm,1178.55694,599.4395,412.777837,85.8699664,417.777837,90.8699664
4108,8526,109.4,1177.24866,647.0172,BARISTAseq,L6,1177.24866,647.0172,453.334941,110.7791783,458.334941,115.7791783
4109,8527,132.4,1176.59256,795.178,BARISTAseq,L6,1176.59256,795.178,581.341103,185.3878851,586.341103,190.3878851
4110,8529,99.81,1176.18303,837.9135,BARISTAseq,L6,1176.18303,837.9135,618.153122,207.0988261,623.153122,212.0988261
4111,8530,29.62,1173.05921,844.4827,BARISTAseq,L6,1173.05921,844.4827,622.282234,213.0874838,627.282234,218.0874838
4112,8531,46.4,1171.94255,850.5462,BARISTAseq,L6,1171.94255,850.5462,626.976224,217.0847892,631.976224,222.0847892
4113,8532,70.65,1176.08881,855.5786,BARISTAseq,L6,1176.08881,855.5786,633.407251,216.0082498,638.407251,221.0082498
4114,8533,177.0,1178.94794,880.7792,BARISTAseq,L6,1178.94794,880.7792,656.664312,226.1252143,661.664312,231.1252143
4115,8534,78.06,1179.23344,891.1923,BARISTAseq,L6,1179.23344,891.1923,665.826592,231.0816492,670.826592,236.0816492
4116,8535,157.4,1174.89488,902.2517,BARISTAseq,L6,1174.89488,902.2517,673.237933,240.3663514,678.237933,245.3663514
4117,8567,72.3,1182.53259,444.8378,BARISTAseq,Lwm,1182.53259,444.8378,280.851472,5.1671602,285.851472,10.1671602
4118,8568,87.81,1182.14574,456.3618,BARISTAseq,Lwm,1182.14574,456.3618,290.640048,11.2611497,295.640048,16.2611497
4119,8569,86.09,1182.61062,467.7693,BARISTAseq,Lwm,1182.61062,467.7693,300.75327,16.5591211,305.75327,21.5591211
4120,8570,78.89,1185.92035,478.6243,BARISTAseq,Lwm,1185.92035,478.6243,311.809642,19.1168634,316.809642,24.1168634
4121,8571,93.96,1182.6068,505.3987,BARISTAseq,Lwm,1182.6068,505.3987,333.345254,35.3669843,338.345254,40.3669843
4122,8572,121.5,1184.22804,533.2282,BARISTAseq,Lwm,1184.22804,533.2282,358.260836,47.8699516,363.260836,52.8699516
4123,8574,64.95,1181.70592,656.5796,BARISTAseq,L6,1181.70592,656.5796,463.845121,111.6969949,468.845121,116.6969949
4124,8575,92.1,1183.43747,676.978,BARISTAseq,L6,1183.43747,676.978,482.379158,120.3908631,487.379158,125.3908631
4125,8576,114.0,1183.25302,701.5211,BARISTAseq,L6,1183.25302,701.5211,503.545735,132.8155518,508.545735,137.8155518
4126,8577,89.92,1186.29787,709.8266,BARISTAseq,L6,1186.29787,709.8266,512.261384,134.3286527,517.261384,139.3286527
4127,8578,138.1,1177.39566,749.8683,BARISTAseq,L6,1177.39566,749.8683,542.496094,162.0496631,547.496094,167.0496631
4128,8579,135.5,1185.37824,776.6538,BARISTAseq,L6,1185.37824,776.6538,569.686296,168.5208091,574.686296,173.5208091
4129,8581,48.85,1176.56583,805.1651,BARISTAseq,L6,1176.56583,805.1651,589.978367,190.401879,594.978367,195.401879
4130,8582,122.7,1184.58,846.0471,BARISTAseq,L6,1184.58,846.0471,629.394512,203.8901357,634.394512,208.8901357
4131,8583,27.26,1179.82577,913.0314,BARISTAseq,L6,1179.82577,913.0314,685.039264,241.4822701,690.039264,246.4822701
4132,8584,109.4,1186.59242,917.9776,BARISTAseq,L6,1186.59242,917.9776,692.70508,238.0929001,697.70508,243.0929001
4133,8585,64.04,1180.0413,946.7624,BARISTAseq,L6,1180.0413,946.7624,714.364094,258.1519684,719.364094,263.1519684
4134,8617,77.64,1193.27233,467.3631,BARISTAseq,Lwm,1193.27233,467.3631,305.729414,7.121163,310.729414,12.121163
4135,8619,214.9,1189.10618,582.7067,BARISTAseq,Lwm,1189.10618,582.7067,403.555973,68.3705155,408.555973,73.3705155
4136,8620,45.36,1184.034,599.1138,BARISTAseq,Lwm,1184.034,599.1138,415.232715,80.9630392,420.232715,85.9630392
4137,8621,34.22,1182.75541,607.9092,BARISTAseq,Lwm,1182.75541,607.9092,422.212158,86.4658532,427.212158,91.4658532
4138,8622,69.19,1187.14816,625.9149,BARISTAseq,Lwm,1187.14816,625.9149,440.003615,91.6589605,445.003615,96.6589605
4139,8623,67.0,1185.87228,669.5703,BARISTAseq,L6,1185.87228,669.5703,477.179465,114.5800093,482.179465,119.5800093
4140,8626,171.9,1189.36634,689.8868,BARISTAseq,L6,1189.36634,689.8868,496.523324,121.7062946,501.523324,126.7062946
4141,8627,34.54,1190.64814,700.3993,BARISTAseq,L6,1190.64814,700.3993,506.269607,125.8494411,511.269607,130.8494411
4142,8628,116.4,1188.0433,723.6003,BARISTAseq,L6,1188.0433,723.6003,525.064118,139.6999191,530.064118,144.6999191
4143,8629,62.68,1195.81,718.1983,BARISTAseq,L6,1195.81,718.1983,524.266319,130.2730388,529.266319,135.2730388
4144,8630,79.5,1189.27781,735.3656,BARISTAseq,L6,1189.27781,735.3656,535.871971,144.510116,540.871971,149.510116
4145,8631,128.8,1182.70069,760.5923,BARISTAseq,L6,1182.70069,760.5923,554.436079,162.813638,559.436079,167.813638
4146,8632,230.0,1188.31492,811.7998,BARISTAseq,L6,1188.31492,811.7998,601.59666,183.5406469,606.59666,188.5406469
4147,8633,132.1,1188.65248,838.6747,BARISTAseq,L6,1188.65248,838.6747,625.043882,196.6784546,630.043882,201.6784546
4148,8634,72.61,1192.83131,855.3607,BARISTAseq,L6,1192.83131,855.3607,641.585238,201.3973138,646.585238,206.3973138
4149,8636,79.27,1193.24186,871.7123,BARISTAseq,L6,1193.24186,871.7123,655.953868,209.2130978,660.953868,214.2130978
4150,8637,101.9,1192.79904,889.6094,BARISTAseq,L6,1192.79904,889.6094,671.23466,218.540359,676.23466,223.540359
4151,8638,141.3,1187.99824,903.5571,BARISTAseq,L6,1187.99824,903.5571,680.916836,229.6688321,685.916836,234.6688321
4152,8667,60.42,1195.73714,479.4178,BARISTAseq,Lwm,1195.73714,479.4178,317.402704,11.0102791,322.402704,16.010279099999998
4153,8668,90.8,1188.49456,522.53,BARISTAseq,Lwm,1188.49456,522.53,351.126403,38.8281729,356.126403,43.8281729
4154,8669,170.9,1195.81942,541.2091,BARISTAseq,Lwm,1195.81942,541.2091,370.9663,41.8180113,375.9663,46.8180113
4155,8670,66.65,1193.50652,548.8912,BARISTAseq,Lwm,1193.50652,548.8912,376.464554,47.6603756,381.464554,52.6603756
4156,8671,79.31,1195.14925,557.7136,BARISTAseq,Lwm,1195.14925,557.7136,384.927308,50.6463143,389.927308,55.6463143
4157,8672,91.4,1194.87512,565.3638,BARISTAseq,Lwm,1194.87512,565.3638,391.416774,54.7067883,396.416774,59.7067883
4158,8673,25.16,1197.46467,574.2556,BARISTAseq,Lwm,1197.46467,574.2556,400.412771,56.9072831,405.412771,61.9072831
4159,8674,48.68,1197.26622,592.0518,BARISTAseq,Lwm,1197.26622,592.0518,415.728288,65.9724517,420.728288,70.9724517
4160,8675,202.0,1193.88619,606.908,BARISTAseq,Lwm,1193.88619,606.908,426.907364,76.3242717,431.907364,81.3242717
4161,8676,32.49,1194.53143,631.7699,BARISTAseq,Lwm,1194.53143,631.7699,448.764707,88.1896134,453.764707,93.1896134
4162,8677,60.06,1195.00593,705.1209,BARISTAseq,L6,1195.00593,705.1209,512.537063,124.4343176,517.537063,129.43431759999999
4163,8678,23.28,1193.72763,714.4998,BARISTAseq,L6,1193.72763,714.4998,520.022098,130.2284784,525.022098,135.2284784
4164,8679,45.69,1194.96707,740.8652,BARISTAseq,L6,1194.96707,740.8652,543.478742,142.3305125,548.478742,147.3305125
4165,8680,151.1,1193.20197,756.3014,BARISTAseq,L6,1193.20197,756.3014,555.967206,151.5733438,560.967206,156.5733438
4166,8681,139.4,1191.01023,792.3564,BARISTAseq,L6,1191.01023,792.3564,586.102011,171.4895196,591.102011,176.4895196
4167,8683,65.52,1197.66392,850.7577,BARISTAseq,L6,1197.66392,850.7577,640.013246,194.9111597,645.013246,199.9111597
4168,8684,133.0,1199.1118,862.3298,BARISTAseq,L6,1199.1118,862.3298,650.760292,199.4399456,655.760292,204.4399456
4169,8685,63.41,1201.18526,889.7098,BARISTAseq,L6,1201.18526,889.7098,675.512503,211.3265697,680.512503,216.3265697
4170,8686,45.9,1197.7022,907.7189,BARISTAseq,L6,1197.7022,907.7189,689.371028,223.3432086,694.371028,228.3432086
4171,8687,37.64,1194.55415,904.1154,BARISTAseq,L6,1194.55415,904.1154,684.676559,224.2692049,689.676559,229.2692049
4172,8716,69.9,1200.80333,487.81,BARISTAseq,Lwm,1200.80333,487.81,327.203592,10.8158737,332.203592,15.8158737
4173,8717,89.01,1203.24508,502.4267,BARISTAseq,Lwm,1203.24508,502.4267,341.084586,16.00533,346.084586,21.00533
4174,8718,31.01,1201.99261,552.6161,BARISTAseq,Lwm,1201.99261,552.6161,383.931754,42.1713296,388.931754,47.1713296
4175,8719,22.64,1201.65615,565.6315,BARISTAseq,Lwm,1201.65615,565.6315,395.037322,48.9669559,400.037322,53.9669559
4176,8720,56.01,1204.05923,623.5826,BARISTAseq,Lwm,1204.05923,623.5826,446.434395,75.8453939,451.434395,80.8453939
4177,8721,69.59,1199.02962,697.611,BARISTAseq,L6,1199.02962,697.611,508.042887,117.1961486,513.0428870000001,122.1961486
4178,8722,95.77,1199.27687,729.1638,BARISTAseq,L6,1199.27687,729.1638,535.496924,132.7498968,540.496924,137.7498968
4179,8723,78.04,1202.49067,778.7738,BARISTAseq,L6,1202.49067,778.7738,580.074161,154.7577567,585.074161,159.7577567
4180,8724,22.21,1200.39667,773.1832,BARISTAseq,L6,1200.39667,773.1832,574.185248,153.7777446,579.185248,158.7777446
4181,8725,123.8,1205.60515,786.6046,BARISTAseq,L6,1205.60515,786.6046,588.413501,155.9733703,593.413501,160.9733703
4182,8726,118.2,1204.75658,820.015,BARISTAseq,L6,1204.75658,820.015,616.928867,173.4045453,621.928867,178.4045453
4183,8727,44.12,1206.18093,828.953,BARISTAseq,L6,1206.18093,828.953,625.382592,176.637401,630.382592,181.637401
4184,8728,159.6,1200.7059,832.8633,BARISTAseq,L6,1200.7059,832.8633,626.033599,183.3338679,631.033599,188.3338679
4185,8729,74.77,1201.19344,879.5285,BARISTAseq,L6,1201.19344,879.5285,666.697745,206.2315757,671.697745,211.2315757
4186,8730,40.96,1206.11043,896.772,BARISTAseq,L6,1206.11043,896.772,684.090878,210.5896618,689.090878,215.5896618
4187,8731,20.87,1198.70292,895.5797,BARISTAseq,L6,1198.70292,895.5797,679.356364,216.4100715,684.356364,221.4100715
4188,8732,40.13,1197.33323,935.912,BARISTAseq,L6,1197.33323,935.912,713.60702,237.7517747,718.60702,242.7517747
4189,8761,43.36,1205.52889,521.8183,BARISTAseq,Lwm,1205.52889,521.8183,359.022509,23.7177017,364.022509,28.7177017
4190,8762,108.1,1205.31349,571.7368,BARISTAseq,Lwm,1205.31349,571.7368,402.15328,48.8500345,407.15328,53.8500345
4191,8764,21.66,1210.89538,590.9576,BARISTAseq,Lwm,1210.89538,590.9576,421.591414,53.6203155,426.591414,58.6203155
4192,8765,101.2,1204.51165,616.3339,BARISTAseq,Lwm,1204.51165,616.3339,440.381735,71.8310924,445.381735,76.8310924
4193,8766,25.74,1206.09926,672.8789,BARISTAseq,Lwm,1206.09926,672.8789,490.153369,98.7132042,495.153369,103.7132042
4194,8767,42.51,1207.18861,703.4021,BARISTAseq,L6,1207.18861,703.4021,517.136381,113.0230008,522.136381,118.0230008
4195,8768,73.11,1211.41368,714.9978,BARISTAseq,L6,1211.41368,714.9978,529.291726,115.1580285,534.291726,120.1580285
4196,8769,49.1,1210.50324,730.7416,BARISTAseq,L6,1210.50324,730.7416,542.473739,123.8143004,547.473739,128.81430039999998
4197,8770,131.8,1204.93912,750.3833,BARISTAseq,L6,1204.93912,750.3833,556.706405,138.4493537,561.706405,143.4493537
4198,8771,98.9,1202.06351,807.2301,BARISTAseq,L6,1202.06351,807.2301,604.508988,169.3482161,609.508988,174.3482161
4199,8772,23.41,1210.79036,808.3853,BARISTAseq,L6,1210.79036,808.3853,609.870699,162.36649,614.870699,167.36649
4200,8773,32.61,1210.27,863.8586,BARISTAseq,L6,1210.27,863.8586,657.660591,190.5389026,662.660591,195.5389026
4201,8774,38.23,1207.94028,873.4061,BARISTAseq,L6,1207.94028,873.4061,664.766238,197.3280477,669.766238,202.3280477
4202,8775,40.61,1210.34977,879.4653,BARISTAseq,L6,1210.34977,879.4653,671.218669,198.2689427,676.218669,203.2689427
4203,8776,107.3,1211.39256,888.3003,BARISTAseq,L6,1211.39256,888.3003,679.392481,201.7808099,684.392481,206.7808099
4204,8777,27.02,1208.53775,893.8558,BARISTAseq,L6,1208.53775,893.8558,682.777947,207.0298565,687.777947,212.0298565
4205,8778,18.58,1205.79045,916.1634,BARISTAseq,L6,1205.79045,916.1634,700.72743,220.5572761,705.72743,225.5572761
4206,8810,127.0,1213.86379,503.8265,BARISTAseq,Lwm,1213.86379,503.8265,347.603538,7.507113,352.603538,12.507113
4207,8811,165.5,1216.06539,550.3249,BARISTAseq,Lwm,1216.06539,550.3249,388.979799,28.8367953,393.979799,33.8367953
4208,8812,43.48,1209.71929,596.6583,BARISTAseq,Lwm,1209.71929,596.6583,425.941497,57.4878289,430.941497,62.4878289
4209,8813,158.8,1213.81428,608.8291,BARISTAseq,Lwm,1213.81428,608.8291,438.530061,60.0229761,443.530061,65.0229761
4210,8814,109.2,1214.89163,627.9213,BARISTAseq,Lwm,1214.89163,627.9213,455.60575,68.6307408,460.60575,73.6307408
4211,8815,27.41,1211.50833,643.3618,BARISTAseq,Lwm,1211.50833,643.3618,467.289263,79.2773619,472.289263,84.2773619
4212,8816,188.6,1213.04137,697.6243,BARISTAseq,L6,1213.04137,697.6243,515.056546,105.0660988,520.056546,110.0660988
4213,8817,64.01,1216.68789,770.053,BARISTAseq,L6,1216.68789,770.053,579.615187,138.1023585,584.615187,143.1023585
4214,8818,56.54,1211.22088,774.4586,BARISTAseq,L6,1211.22088,774.4586,580.699156,145.0393715,585.699156,150.0393715
4215,8819,23.65,1218.63114,774.7509,BARISTAseq,L6,1218.63114,774.7509,584.65552,138.766837,589.65552,143.766837
4216,8820,139.9,1209.60839,798.612,BARISTAseq,L6,1209.60839,798.612,600.814558,158.5062553,605.814558,163.5062553
4217,8821,115.2,1218.0844,846.7947,BARISTAseq,L6,1218.0844,846.7947,646.785291,175.2428958,651.785291,180.2428958
4218,8823,123.4,1219.64637,860.2891,BARISTAseq,L6,1219.64637,860.2891,659.254392,180.6334646,664.254392,185.6334646
4219,8824,170.7,1218.79255,898.4754,BARISTAseq,L6,1218.79255,898.4754,691.903975,200.4558821,696.903975,205.4558821
4220,8825,161.7,1215.79463,911.0707,BARISTAseq,L6,1215.79463,911.0707,701.315651,209.346889,706.315651,214.346889
4221,8850,55.34,1219.20667,528.6087,BARISTAseq,Lwm,1219.20667,528.6087,371.739428,15.2636398,376.739428,20.2636398
4222,8851,59.71,1217.44426,589.7299,BARISTAseq,Lwm,1217.44426,589.7299,423.80065,47.3342758,428.80065,52.3342758
4223,8852,36.57,1222.96786,595.306,BARISTAseq,Lwm,1222.96786,595.306,431.390916,45.3364066,436.390916,50.3364066
4224,8853,150.6,1218.59781,619.3986,BARISTAseq,Lwm,1218.59781,619.3986,450.075655,61.1614739,455.075655,66.1614739
4225,8854,47.98,1220.25698,641.7421,BARISTAseq,Lwm,1220.25698,641.7421,470.258273,70.89004,475.258273,75.89004
4226,8855,58.2,1216.31073,670.6242,BARISTAseq,Lwm,1216.31073,670.6242,493.303345,88.7414627,498.303345,93.7414627
4227,8856,86.8,1222.86479,670.9876,BARISTAseq,Lwm,1222.86479,670.9876,496.893397,83.24607,501.893397,88.24607
4228,8857,53.33,1223.02048,678.3193,BARISTAseq,Lwm,1223.02048,678.3193,503.321791,86.7751022,508.321791,91.7751022
4229,8858,32.46,1220.67481,693.4718,BARISTAseq,Lwm,1220.67481,693.4718,515.274354,96.3790044,520.274354,101.3790044
4230,8859,12.39,1217.0808,725.2156,BARISTAseq,L6,1217.0808,725.2156,540.97418,115.3554001,545.97418,120.3554001
4231,8860,23.41,1218.64459,730.3805,BARISTAseq,L6,1218.64459,730.3805,546.22944,116.5819543,551.22944,121.5819543
4232,8861,150.9,1225.20278,732.2091,BARISTAseq,L6,1225.20278,732.2091,551.090622,111.8151639,556.090622,116.8151639
4233,8862,48.25,1216.8405,765.4434,BARISTAseq,L6,1216.8405,765.4434,575.698689,135.6666116,580.698689,140.6666116
4234,8863,63.58,1216.48829,805.7907,BARISTAseq,L6,1216.48829,805.7907,610.470782,156.1344804,615.470782,161.1344804
4235,8864,71.33,1220.97672,814.696,BARISTAseq,L6,1220.97672,814.696,620.42734,156.6969031,625.42734,161.6969031
4236,8865,147.4,1216.11789,827.584,BARISTAseq,L6,1216.11789,827.584,629.1626,167.3460645,634.1626,172.3460645
4237,8866,66.6,1219.98,837.0108,BARISTAseq,L6,1219.98,837.0108,639.257894,168.7116149,644.257894,173.7116149
4238,8867,34.75,1216.21452,875.424,BARISTAseq,L6,1216.21452,875.424,670.648986,191.1694523,675.648986,196.1694523
4239,8868,95.32,1221.41978,877.6857,BARISTAseq,L6,1221.41978,877.6857,675.209217,187.7909833,680.209217,192.7909833
4240,8869,157.3,1217.81627,922.1902,BARISTAseq,L6,1217.81627,922.1902,711.957469,213.1525548,716.957469,218.1525548
4241,8893,100.9,1227.02594,568.3749,BARISTAseq,Lwm,1227.02594,568.3749,410.091644,28.3630843,415.091644,33.3630843
4242,8894,58.56,1229.55679,639.9717,BARISTAseq,Lwm,1229.55679,639.9717,473.372189,61.9499955,478.372189,66.9499955
4243,8895,53.88,1223.19846,647.8032,BARISTAseq,Lwm,1223.19846,647.8032,476.978248,71.3711057,481.978248,76.3711057
4244,8896,32.4,1226.93963,652.9022,BARISTAseq,Lwm,1226.93963,652.9022,483.264489,70.6787064,488.264489,75.6787064
4245,8899,91.89,1224.51338,722.4354,BARISTAseq,L6,1224.51338,722.4354,542.280352,107.5281137,547.280352,112.5281137
4246,8900,60.46,1222.69521,800.987,BARISTAseq,L6,1222.69521,800.987,609.41164,148.3575754,614.41164,153.3575754
4247,8901,79.77,1229.28026,809.6119,BARISTAseq,L6,1229.28026,809.6119,620.173107,146.9638473,625.173107,151.9638473
4248,8902,90.79,1230.17412,843.0048,BARISTAseq,L6,1230.17412,843.0048,649.544126,162.8770582,654.544126,167.8770582
4249,8903,110.5,1229.01466,891.383,BARISTAseq,L6,1229.01466,891.383,690.868985,188.0574111,695.868985,193.0574111
4250,8904,26.73,1223.65028,914.9645,BARISTAseq,L6,1223.65028,914.9645,708.614067,204.4883126,713.614067,209.4883126
4251,8941,25.53,1231.55238,586.3294,BARISTAseq,Lwm,1231.55238,586.3294,427.905484,33.4147664,432.905484,38.4147664
4252,8942,88.46,1230.00393,604.889,BARISTAseq,Lwm,1230.00393,604.889,443.207641,44.030788,448.207641,49.030788
4253,8943,92.24,1231.11258,617.7014,BARISTAseq,Lwm,1231.11258,617.7014,454.859584,49.4732837,459.859584,54.4732837
4254,8944,39.33,1229.24,633.6495,BARISTAseq,Lwm,1229.24,633.6495,467.737668,59.0649774,472.737668,64.0649774
4255,8945,106.2,1237.96109,638.0396,BARISTAseq,Lwm,1237.96109,638.0396,475.898534,53.7048255,480.898534,58.7048255
4256,8946,37.22,1233.25074,735.3296,BARISTAseq,L6,1233.25074,735.3296,557.81534,106.4035726,562.81534,111.4035726
4257,8947,35.08,1229.56261,754.9921,BARISTAseq,L6,1229.56261,754.9921,573.003619,119.4241462,578.003619,124.4241462
4258,8948,127.9,1234.21497,766.1165,BARISTAseq,L6,1234.21497,766.1165,584.964252,120.9535417,589.964252,125.9535417
4259,8950,76.46,1231.69643,794.5474,BARISTAseq,L6,1231.69643,794.5474,608.331943,137.3428148,613.331943,142.3428148
4260,8951,92.34,1230.94232,833.6242,BARISTAseq,L6,1230.94232,833.6242,641.802704,157.5238847,646.802704,162.5238847
4261,8952,19.42,1234.70405,844.6055,BARISTAseq,L6,1234.70405,844.6055,653.1944,159.7532637,658.1944,164.7532637
4262,8953,129.2,1233.15525,852.3912,BARISTAseq,L6,1233.15525,852.3912,659.164186,164.9855142,664.164186,169.9855142
4263,8954,18.82,1228.57136,909.1314,BARISTAseq,L6,1228.57136,909.1314,706.020793,197.310803,711.020793,202.310803
4264,8981,48.75,1238.59773,537.5302,BARISTAseq,Lwm,1238.59773,537.5302,389.157313,2.925785,394.157313,7.925784999999999
4265,8982,28.35,1238.25692,554.7378,BARISTAseq,Lwm,1238.25692,554.7378,403.89189,11.8201349,408.89189,16.8201349
4266,8983,50.1,1245.37132,634.2198,BARISTAseq,Lwm,1245.37132,634.2198,476.293044,45.3773772,481.293044,50.3773772
4267,8984,19.61,1235.5332,644.2956,BARISTAseq,Lwm,1235.5332,644.2956,480.104097,58.9341489,485.104097,63.9341489
4268,8985,58.13,1233.79256,716.2231,BARISTAseq,Lwm,1233.79256,716.2231,541.536426,96.3861718,546.536426,101.3861718
4269,8986,152.9,1237.28459,756.7042,BARISTAseq,L6,1237.28459,756.7042,578.345524,113.5911094,583.345524,118.5911094
4270,8987,73.44,1240.12641,770.6772,BARISTAseq,L6,1240.12641,770.6772,591.868755,118.112274,596.868755,123.112274
4271,8988,31.65,1237.24643,787.6016,BARISTAseq,L6,1237.24643,787.6016,605.0892,129.0645262,610.0892,134.0645262
4272,8989,112.0,1237.40906,815.0661,BARISTAseq,L6,1237.40906,815.0661,628.959649,142.64847,633.959649,147.64847
4273,8990,54.06,1241.06545,837.8442,BARISTAseq,L6,1241.06545,837.8442,650.516839,150.8642857,655.516839,155.8642857
4274,9023,99.28,1249.68659,585.1856,BARISTAseq,Lwm,1249.68659,585.1856,435.976992,17.1356904,440.976992,22.1356904
4275,9024,62.76,1241.4984,622.4355,BARISTAseq,Lwm,1241.4984,622.4355,464.150283,42.8430523,469.150283,47.8430523
4276,9025,69.11,1244.96055,628.2938,BARISTAseq,Lwm,1244.96055,628.2938,470.954697,42.7717317,475.954697,47.7717317
4277,9026,69.82,1249.48702,731.1561,BARISTAseq,Lwm,1249.48702,731.1561,562.314089,90.254391,567.314089,95.254391
4278,9027,27.13,1246.45962,736.9202,BARISTAseq,Lwm,1246.45962,736.9202,565.793994,95.7571844,570.793994,100.7571844
4279,9028,112.3,1247.02138,751.2742,BARISTAseq,L6,1247.02138,751.2742,578.50789,102.4437246,583.50789,107.4437246
4280,9029,51.13,1245.24667,757.6889,BARISTAseq,L6,1245.24667,757.6889,583.177267,107.1865449,588.177267,112.1865449
4281,9030,38.63,1242.64382,792.0863,BARISTAseq,L6,1242.64382,792.0863,611.670961,126.6305206,616.670961,131.6305206
4282,9031,71.03,1244.78984,801.6645,BARISTAseq,L6,1244.78984,801.6645,621.03984,129.5581898,626.03984,134.5581898
4283,9032,50.66,1242.90511,821.3863,BARISTAseq,L6,1242.90511,821.3863,637.180636,141.0462918,642.180636,146.0462918
4284,9033,54.08,1242.07852,844.3574,BARISTAseq,L6,1242.07852,844.3574,656.664711,153.2416333,661.664711,158.2416333
4285,9034,18.51,1241.74333,851.5138,BARISTAseq,L6,1241.74333,851.5138,662.695898,157.1082052,667.695898,162.1082052
4286,9035,26.41,1242.79043,858.7419,BARISTAseq,L6,1242.79043,858.7419,669.480064,159.8133573,674.480064,164.8133573
4287,9036,169.9,1237.55919,900.7635,BARISTAseq,L6,1237.55919,900.7635,703.26418,185.3440373,708.26418,190.3440373
4288,9037,29.42,1246.02026,905.8693,BARISTAseq,L6,1246.02026,905.8693,711.914984,180.5667441,716.914984,185.5667441
4289,9038,39.2,1240.1075,906.1961,BARISTAseq,L6,1240.1075,906.1961,709.243232,185.8515525,714.243232,190.8515525
4290,9072,147.5,1255.73806,647.903,BARISTAseq,Lwm,1255.73806,647.903,493.325706,43.2357841,498.325706,48.2357841
4291,9073,26.35,1247.37708,715.4566,BARISTAseq,Lwm,1247.37708,715.4566,547.661108,84.2364765,552.661108,89.2364765
4292,9074,199.5,1253.79113,775.1869,BARISTAseq,L6,1253.79113,775.1869,602.603668,108.52979,607.603668,113.52979
4293,9075,114.1,1251.32382,787.768,BARISTAseq,L6,1251.32382,787.768,612.268203,116.9540999,617.268203,121.9540999
4294,9076,122.6,1250.22707,810.6706,BARISTAseq,L6,1250.22707,810.6706,631.557933,129.3492051,636.557933,134.3492051
4295,9077,53.37,1247.62671,818.1583,BARISTAseq,L6,1247.62671,818.1583,636.744118,135.3433934,641.744118,140.3433934
4296,9078,41.29,1252.11185,826.0225,BARISTAseq,L6,1252.11185,826.0225,645.797305,135.3884327,650.797305,140.3884327
4297,9079,16.1,1248.19591,863.5355,BARISTAseq,L6,1248.19591,863.5355,676.333418,157.5267154,681.333418,162.5267154
4298,9080,58.53,1247.68733,894.354,BARISTAseq,L6,1247.68733,894.354,702.77369,173.3681822,707.77369,178.3681822
4299,9111,51.7,1255.30705,597.6537,BARISTAseq,Lwm,1255.30705,597.6537,449.585323,18.4980321,454.585323,23.4980321
4300,9112,155.3,1253.40934,662.2063,BARISTAseq,Lwm,1253.40934,662.2063,504.551189,52.4006553,509.551189,57.4006553
4301,9113,33.13,1257.23774,701.0441,BARISTAseq,Lwm,1257.23774,701.0441,540.104926,68.492989,545.104926,73.492989
4302,9114,108.0,1255.44755,798.2157,BARISTAseq,L6,1255.44755,798.2157,623.378577,118.6032386,628.378577,123.6032386
4303,9115,38.66,1256.43023,810.1057,BARISTAseq,L6,1256.43023,810.1057,634.168534,123.6938463,639.168534,128.69384630000002
4304,9116,175.3,1261.14824,818.3089,BARISTAseq,L6,1261.14824,818.3089,643.63171,123.7065789,648.63171,128.7065789
4305,9118,27.26,1254.27,870.4448,BARISTAseq,L6,1254.27,870.4448,685.353592,155.7182746,690.353592,160.7182746
4306,9119,119.1,1254.7502,880.1946,BARISTAseq,L6,1254.7502,880.1946,694.038663,160.1746041,699.038663,165.1746041
4307,9156,128.1,1259.21325,610.4821,BARISTAseq,Lwm,1259.21325,610.4821,462.649099,21.5253,467.649099,26.5253
4308,9157,45.67,1265.45946,680.8233,BARISTAseq,Lwm,1265.45946,680.8233,526.698744,51.2665773,531.698744,56.2665773
4309,9158,138.7,1259.49122,674.7876,BARISTAseq,Lwm,1259.49122,674.7876,518.488163,53.4198963,523.488163,58.4198963
4310,9159,123.5,1260.26746,713.1297,BARISTAseq,Lwm,1260.26746,713.1297,552.087293,71.9082455,557.087293,76.9082455
4311,9160,67.09,1261.37945,738.1131,BARISTAseq,Lwm,1261.37945,738.1131,574.283123,83.4300112,579.283123,88.4300112
4312,9161,28.53,1264.15379,827.7516,BARISTAseq,L6,1264.15379,827.7516,653.312745,125.8220168,658.312745,130.8220168
4313,9162,72.33,1260.96333,834.6767,BARISTAseq,L6,1260.96333,834.6767,657.716791,132.0462286,662.716791,137.0462286
4314,9163,76.92,1264.10016,865.9794,BARISTAseq,L6,1264.10016,865.9794,686.398116,144.9720503,691.398116,149.9720503
4315,9164,54.34,1263.9398,872.932,BARISTAseq,L6,1263.9398,872.932,692.340209,148.5853827,697.340209,153.5853827
4316,9197,25.7,1265.82913,585.9312,BARISTAseq,Lwm,1265.82913,585.9312,444.689693,3.5258979,449.689693,8.5258979
4317,9199,54.75,1273.8535,608.0743,BARISTAseq,Lwm,1273.8535,608.0743,467.87967,7.6409305,472.87967,12.6409305
4318,9200,101.2,1271.49897,636.5813,BARISTAseq,Lwm,1271.49897,636.5813,491.395252,23.9261772,496.395252,28.9261772
4319,9202,24.07,1270.906,672.4982,BARISTAseq,Lwm,1270.906,672.4982,522.209445,42.3885505,527.209445,47.3885505
4320,9203,53.86,1269.62976,698.3308,BARISTAseq,Lwm,1269.62976,698.3308,543.947416,56.4033627,548.947416,61.4033627
4321,9204,137.1,1270.65769,782.0952,BARISTAseq,L6,1270.65769,782.0952,617.016234,97.3725873,622.016234,102.3725873
4322,9206,97.15,1268.44408,802.5564,BARISTAseq,L6,1268.44408,802.5564,633.63311,109.51504,638.63311,114.51504
4323,9207,174.6,1273.22856,821.9489,BARISTAseq,L6,1273.22856,821.9489,652.821506,115.0618432,657.821506,120.0618432
4324,9208,195.7,1273.59817,834.2876,BARISTAseq,L6,1273.59817,834.2876,663.693758,120.9077159,668.693758,125.9077159
4325,9209,74.12,1270.60836,887.1196,BARISTAseq,L6,1270.60836,887.1196,707.961756,149.8991908,712.961756,154.8991908
4326,9252,61.54,1272.76174,595.1938,BARISTAseq,Lwm,1272.76174,595.1938,456.177243,2.1498199,461.177243,7.1498199
4327,9253,107.3,1272.28831,622.2105,BARISTAseq,Lwm,1272.28831,622.2105,479.341968,16.060931,484.341968,21.060931
4328,9254,88.0,1274.73418,680.6044,BARISTAseq,Lwm,1274.73418,680.6044,531.144015,43.1236113,536.144015,48.1236113
4329,9255,34.01,1277.38792,705.1268,BARISTAseq,Lwm,1277.38792,705.1268,553.710995,53.0795717,558.710995,58.0795717
4330,9256,37.1,1276.71467,714.672,BARISTAseq,Lwm,1276.71467,714.672,561.642365,58.4327199,566.642365,63.4327199
4331,9258,84.37,1276.12547,759.5711,BARISTAseq,Lwm,1276.12547,759.5711,600.238719,81.3805308,605.238719,86.3805308
4332,9259,65.25,1273.998,873.9419,BARISTAseq,L6,1273.998,873.9419,698.24137,140.3778476,703.24137,145.3778476
4333,9294,39.14,1281.31138,624.4719,BARISTAseq,Lwm,1281.31138,624.4719,485.809857,9.3754141,490.809857,14.3754141
4334,9295,79.78,1283.17468,651.5056,BARISTAseq,Lwm,1283.17468,651.5056,510.157085,21.2710192,515.157085,26.2710192
4335,9296,117.8,1283.64144,680.1645,BARISTAseq,Lwm,1283.64144,680.1645,535.214194,35.1884675,540.214194,40.1884675
4336,9297,20.01,1283.94409,759.7289,BARISTAseq,Lwm,1283.94409,759.7289,604.282559,74.6870233,609.282559,79.6870233
4337,9298,104.5,1280.34848,792.6012,BARISTAseq,Lwm,1280.34848,792.6012,630.959146,94.2287836,635.959146,99.2287836
4338,9300,23.23,1271.855,812.9563,BARISTAseq,L6,1271.855,812.9563,644.345914,111.7577481,649.345914,116.7577481
4339,9302,100.3,1277.7814,866.338,BARISTAseq,L6,1277.7814,866.338,693.545675,133.3008304,698.545675,138.3008304
4340,9336,48.64,1284.24103,719.616,BARISTAseq,Lwm,1284.24103,719.616,569.685943,54.384213,574.685943,59.384213
4341,9337,139.3,1285.7782,813.7102,BARISTAseq,L6,1285.7782,813.7102,651.956761,100.0744777,656.956761,105.0744777
4342,9338,28.4,1287.59583,819.8027,BARISTAseq,L6,1287.59583,819.8027,658.142238,101.5446492,663.142238,106.5446492
4343,9339,35.63,1284.09115,833.0014,BARISTAseq,L6,1284.09115,833.0014,667.823357,111.1761541,672.823357,116.1761541
4344,9340,53.46,1285.42314,841.5756,BARISTAseq,L6,1285.42314,841.5756,675.915757,114.3071716,680.915757,119.3071716
4345,9341,130.3,1288.97542,855.5754,BARISTAseq,L6,1288.97542,855.5754,689.817287,118.2263761,694.817287,123.2263761
4346,9342,171.1,1285.9218,873.6404,BARISTAseq,L6,1285.9218,873.6404,703.938929,129.8990218,708.938929,134.8990218
4347,9375,58.43,1294.80485,665.3746,BARISTAseq,Lwm,1294.80485,665.3746,527.982108,18.1279493,532.982108,23.1279493
4348,9377,63.12,1291.44804,704.5647,BARISTAseq,Lwm,1291.44804,704.5647,560.25039,40.6200602,565.25039,45.6200602
4349,9378,35.91,1289.29448,739.8718,BARISTAseq,Lwm,1289.29448,739.8718,589.756493,60.1294364,594.756493,65.1294364
4350,9379,75.64,1295.4364,765.8282,BARISTAseq,Lwm,1295.4364,765.8282,615.308778,67.7806453,620.308778,72.7806453
4351,9380,139.5,1292.37831,792.031,BARISTAseq,Lwm,1292.37831,792.031,636.476927,83.5238319,641.476927,88.5238319
4352,9381,40.74,1295.05667,847.369,BARISTAseq,L6,1295.05667,847.369,685.748079,108.8579469,690.748079,113.8579469
4353,9382,141.1,1297.41157,861.2425,BARISTAseq,L6,1297.41157,861.2425,698.941841,113.7511731,703.941841,118.7511731
4354,9421,88.26,1300.39383,640.3654,BARISTAseq,Lwm,1300.39383,640.3654,509.112618,0.7890348,514.112618,5.7890348
4355,9422,81.71,1299.59677,677.1615,BARISTAseq,Lwm,1299.59677,677.1615,540.586407,19.8675722,545.586407,24.8675722
4356,9423,23.43,1299.67565,713.638,BARISTAseq,Lwm,1299.67565,713.638,572.221062,38.0276439,577.221062,43.0276439
4357,9424,128.4,1299.1044,744.0219,BARISTAseq,Lwm,1299.1044,744.0219,598.253548,53.7062099,603.253548,58.7062099
4358,9425,71.97,1294.5626,752.598,BARISTAseq,Lwm,1294.5626,752.598,603.412296,61.9259433,608.412296,66.9259433
4359,9460,32.77,1303.81071,664.711,BARISTAseq,Lwm,1303.81071,664.711,531.907804,9.9956119,536.907804,14.9956119
4360,9461,39.51,1304.11545,716.7862,BARISTAseq,Lwm,1304.11545,716.7862,577.166641,35.7552014,582.166641,40.7552014
4361,9462,79.82,1308.38821,722.7032,BARISTAseq,Lwm,1308.38821,722.7032,584.427079,35.0111313,589.427079,40.0111313
4362,9463,33.44,1310.01083,772.6823,BARISTAseq,Lwm,1310.01083,772.6823,628.528913,58.5817236,633.528913,63.5817236
4363,9464,206.0,1300.67112,809.7245,BARISTAseq,Lwm,1300.67112,809.7245,655.946803,85.1827002,660.946803,90.1827002
4364,9465,83.79,1310.29389,822.595,BARISTAseq,Lwm,1310.29389,822.595,671.903833,83.27945,676.903833,88.27945
4365,9509,60.42,1308.62721,685.2831,BARISTAseq,Lwm,1308.62721,685.2831,552.133921,16.1041583,557.133921,21.1041583
4366,9510,120.0,1314.72062,695.3239,BARISTAseq,Lwm,1314.72062,695.3239,563.876138,15.8438583,568.876138,20.8438583
4367,9511,69.31,1308.16231,735.402,BARISTAseq,Lwm,1308.16231,735.402,595.313682,41.552802,600.313682,46.552802
4368,9512,38.12,1314.87185,776.9186,BARISTAseq,Lwm,1314.87185,776.9186,634.627547,56.4882275,639.627547,61.4882275
4369,9513,91.04,1313.1,781.6959,BARISTAseq,Lwm,1313.1,781.6959,637.880046,60.4102984,642.880046,65.4102984
4370,9514,178.8,1309.14692,794.1777,BARISTAseq,Lwm,1309.14692,794.1777,646.716137,70.0719554,651.716137,75.0719554
4371,9515,96.06,1314.73987,802.5568,BARISTAseq,Lwm,1314.73987,802.5568,656.768876,69.4147063,661.768876,74.4147063
4372,9516,33.0,1313.16233,817.1486,BARISTAseq,Lwm,1313.16233,817.1486,668.619689,78.073113,673.619689,83.073113
4373,9552,38.64,1320.04034,682.3689,BARISTAseq,Lwm,1320.04034,682.3689,555.313208,4.7620156,560.313208,9.7620156
4374,9553,44.86,1316.66629,707.7915,BARISTAseq,Lwm,1316.66629,707.7915,575.647705,20.389027,580.647705,25.389027
4375,9554,69.38,1314.46983,731.8681,BARISTAseq,Lwm,1314.46983,731.8681,595.404759,34.3233602,600.404759,39.3233602
4376,9555,38.04,1317.17148,740.6041,BARISTAseq,Lwm,1317.17148,740.6041,604.321792,36.3488687,609.321792,41.3488687
4377,9556,61.67,1318.27275,764.3465,BARISTAseq,Lwm,1318.27275,764.3465,625.437316,47.259748,630.437316,52.259748
4378,9557,37.9,1318.47837,846.737,BARISTAseq,Lwm,1318.47837,846.737,696.905187,88.254679,701.905187,93.254679
4379,9558,19.95,1313.45864,842.1017,BARISTAseq,Lwm,1313.45864,842.1017,690.381687,90.2862932,695.381687,95.2862932
4380,9559,42.28,1315.86806,855.5731,BARISTAseq,L6,1315.86806,855.5731,703.254425,94.931359,708.254425,99.931359
4381,9599,33.68,1321.00214,747.0695,BARISTAseq,Lwm,1321.00214,747.0695,611.836318,36.2617904,616.836318,41.2617904
4382,9600,134.2,1323.20105,770.8064,BARISTAseq,Lwm,1323.20105,770.8064,633.495584,46.2191601,638.495584,51.2191601
4383,9602,89.96,1327.04937,828.122,BARISTAseq,Lwm,1327.04937,828.122,685.064388,71.5281443,690.064388,76.5281443
4384,9603,114.5,1324.93641,845.6134,BARISTAseq,Lwm,1324.93641,845.6134,699.159245,82.0993611,704.159245,87.0993611
4385,9632,128.1,1335.20462,733.465,BARISTAseq,Lwm,1335.20462,733.465,607.149736,17.1612721,612.149736,22.1612721
4386,9633,41.49,1324.92031,754.7882,BARISTAseq,Lwm,1324.92031,754.7882,620.480123,36.7252053,625.480123,41.7252053
4387,9635,101.8,1325.90263,781.9447,BARISTAseq,Lwm,1325.90263,781.9447,644.493444,49.4452514,649.493444,54.4452514
4388,9678,96.13,1332.47032,815.3978,BARISTAseq,Lwm,1332.47032,815.3978,676.751943,60.4739634,681.751943,65.4739634
4389,9679,41.93,1334.00185,825.972,BARISTAseq,Lwm,1334.00185,825.972,686.676521,64.4316544,691.676521,69.4316544
4390,9730,43.91,1342.50444,712.6511,BARISTAseq,Lwm,1342.50444,712.6511,592.76908,0.4369757,597.76908,5.4369757
4391,9731,246.5,1341.95198,746.0773,BARISTAseq,Lwm,1341.95198,746.0773,621.446146,17.6196019,626.446146,22.6196019
4392,9772,185.6,1350.9555,761.8807,BARISTAseq,Lwm,1350.9555,761.8807,639.634077,17.7183548,644.634077,22.7183548
4393,9774,63.21,1347.09228,808.4746,BARISTAseq,Lwm,1347.09228,808.4746,678.062282,44.3489898,683.062282,49.3489898
4394,9775,88.37,1342.96271,819.0728,BARISTAseq,Lwm,1342.96271,819.0728,685.178586,53.2221932,690.178586,58.2221932
4395,9776,39.16,1350.088,833.4443,BARISTAseq,Lwm,1350.088,833.4443,701.187588,54.2322528,706.187588,59.2322528
4396,9777,41.55,1351.67321,838.9598,BARISTAseq,Lwm,1351.67321,838.9598,706.757208,55.615443,711.757208,60.615443
4397,9816,42.94,1356.028,738.2737,BARISTAseq,Lwm,1356.028,738.2737,621.721049,1.5275315,626.721049,6.5275315
4398,9851,33.34,1363.50607,817.7141,BARISTAseq,Lwm,1363.50607,817.7141,694.267809,34.7489199,699.267809,39.7489199
4399,9892,38.75,1370.86889,760.9407,BARISTAseq,Lwm,1370.86889,760.9407,648.771183,0.0,653.771183,5.0
4400,9893,160.7,1362.06901,797.5895,BARISTAseq,Lwm,1362.06901,797.5895,676.118075,25.9367769,681.118075,30.9367769
4401,9894,27.39,1366.76667,804.9044,BARISTAseq,Lwm,1366.76667,804.9044,684.801726,25.5232702,689.801726,30.5232702
4402,9895,49.74,1368.58375,814.7393,BARISTAseq,Lwm,1368.58375,814.7393,694.228578,28.8641422,699.228578,33.8641422
4403,9937,79.47,1371.94698,824.7563,BARISTAseq,Lwm,1371.94698,824.7563,704.585803,30.9567612,709.585803,35.9567612
4404,9976,149.5,1379.51222,783.2032,BARISTAseq,Lwm,1379.51222,783.2032,672.373899,3.6385665,677.373899,8.6385665
4405,9977,102.7,1380.3353,794.2455,BARISTAseq,Lwm,1380.3353,794.2455,682.349847,8.4438001,687.349847,13.4438001
4406,10439,35.08,1037.94833,1011.6281,BARISTAseq,L5,1037.94833,1011.6281,699.541357,413.6455416,704.541357,418.6455416
4407,10441,30.44,987.517,555.5566,BARISTAseq,L6,987.517,555.5566,279.298855,229.4155281,284.298855,234.4155281
4408,10442,160.7,889.36802,1060.6876,BARISTAseq,L5,889.36802,1060.6876,667.785758,566.8595538,672.785758,571.8595538
4409,10443,38.52,232.791,1309.1882,BARISTAseq,L1,232.791,1309.1882,554.920889,1259.7574209,559.920889,1264.7574209
4410,10446,49.16,729.281,931.2327,BARISTAseq,L4,729.281,931.2327,475.65398,640.8313366,480.65398,645.8313366
4411,10448,76.8,865.49097,481.7285,BARISTAseq,L6,865.49097,481.7285,154.370222,298.218015,159.370222,303.218015
4412,10473,36.17,812.02959,711.8067,BARISTAseq,L5,812.02959,711.8067,326.943376,459.5023049,331.943376,464.5023049
4413,10475,27.53,1074.60481,510.8497,BARISTAseq,L6,1074.60481,510.8497,284.09497,131.6403032,289.09497,136.6403032
4414,10479,21.84,365.43508,867.8901,BARISTAseq,L2/3,365.43508,867.8901,238.963025,924.3335937,243.963025,929.3335937
4415,10485,73.24,710.46476,881.7941,BARISTAseq,L5,710.46476,881.7941,423.42817,632.4236508,428.42817,637.4236508
4416,10490,30.53,958.97677,344.2179,BARISTAseq,L6,958.97677,344.2179,81.978809,148.5241693,86.978809,153.5241693
4417,10500,23.5,843.37968,388.1314,BARISTAseq,L6,843.37968,388.1314,62.248511,270.5970984,67.24851100000001,275.5970984
4418,10503,25.58,760.85768,1084.2414,BARISTAseq,L4,760.85768,1084.2414,623.967108,689.9433261,628.967108,694.9433261
4419,10509,20.81,501.73496,872.3176,BARISTAseq,L4,501.73496,872.3176,310.91125,808.4857857,315.91125,813.4857857
4420,10519,23.85,455.73577,1071.8291,BARISTAseq,L2/3,455.73577,1071.8291,460.737132,948.0313313,465.737132,953.0313313
4421,10532,25.63,727.21642,851.2839,BARISTAseq,L5,727.21642,851.2839,405.372168,602.6668348,410.372168,607.6668348
4422,10550,28.31,609.03157,515.3263,BARISTAseq,L5,609.03157,515.3263,55.311471,537.1481271,60.311471,542.1481271
4423,10582,39.76,538.79352,755.8081,BARISTAseq,L4,538.79352,755.8081,228.512234,718.16306,233.512234,723.16306
4424,10584,35.67,1122.8829,625.3977,BARISTAseq,L6,1122.8829,625.3977,407.440279,147.0658225,412.440279,152.0658225
4425,10587,71.27,1097.94526,898.3258,BARISTAseq,L6,1097.94526,898.3258,631.38338,305.0567796,636.38338,310.0567796
4426,10605,31.02,990.70233,447.228,BARISTAseq,L6,990.70233,447.228,187.058404,172.521333,192.058404,177.521333
4427,10620,46.71,784.9437,765.8098,BARISTAseq,L5,784.9437,765.8098,360.184182,509.9505686,365.184182,514.9505686
4428,10641,62.75,976.97863,755.2789,BARISTAseq,L6,976.97863,755.2789,447.028123,338.3509,452.028123,343.3509
4429,10651,36.4,807.36664,1076.5705,BARISTAseq,L4,807.36664,1076.5705,640.564588,645.8247286,645.564588,650.8247286
4430,10666,25.72,392.54167,817.2478,BARISTAseq,L2/3,392.54167,817.2478,208.643654,875.5469175,213.643654,880.5469175
4431,10667,21.48,940.1521,806.1395,BARISTAseq,L5,940.1521,806.1395,472.679338,395.6659601,477.679338,400.6659601
